District,Bedrooms,Price (Per Annum),Property Category,Property Type,Location,Scraped_At,Source
Kubwa,1,600000.0,Apartment,Self Contain,"Studio Apartment in Arab Road, Kubwa for rent",2026-05-30 13:25:47,Jiji
Kubwa,1,1500000.0,Apartment,Apartment,"1bdrm Block of Flats in Arab Road, Kubwa for rent",2026-05-30 13:25:47,Jiji
Life Camp,1,1200000.0,Apartment,Self Contain,"Studio Apartment in Efab City Estate, Life Camp for rent",2026-05-30 13:25:47,Jiji
Kubwa,1,1200000.0,Apartment,Apartment,"1bdrm Apartment in Arab Road, Kubwa for rent",2026-05-30 13:25:47,Jiji
Life Camp,2,1140000.0,Apartment,Apartment,Furnished 2bdrm Apartment in Life Camp for rent,2026-05-30 13:25:47,Jiji
Wuye,5,30000000.0,Duplex,Detached Duplex,5bdrm Duplex in Wuye for rent,2026-05-30 13:25:47,Jiji
Galadimawa,4,8000000.0,Duplex,Terraced Duplex,4bdrm Townhouse / Terrace in Galadimawa for rent,2026-05-30 13:25:47,Jiji
Durumi,2,4000000.0,Apartment,Apartment,2bdrm Apartment in Durumi for rent,2026-05-30 13:25:47,Jiji
Life Camp,4,7000000.0,Duplex,Detached Duplex,4bdrm Duplex in Life Camp for rent,2026-05-30 13:25:47,Jiji
Jahi,1,5500000.0,Apartment,Apartment,Furnished 1bdrm Apartment in Jahi for rent,2026-05-30 13:25:47,Jiji
Jahi,3,8000000.0,Apartment,Apartment,"3bdrm Apartment in Nugget, Jahi for rent",2026-05-30 13:25:47,Jiji
Jabi,3,5000000.0,House,House,"3bdrm Bungalow in Efab City Estate, Jabi for rent",2026-05-30 13:25:47,Jiji
Maitama,3,20000000.0,Duplex,Terraced Duplex,3bdrm Townhouse / Terrace in Maitama for rent,2026-05-30 13:25:47,Jiji
Asokoro,5,45000000.0,Duplex,Detached Duplex,5bdrm Duplex in Asokoro for rent,2026-05-30 13:25:47,Jiji
Lokogoma,4,5000000.0,Duplex,Detached Duplex,"4bdrm Duplex in Efab, Lokogoma for rent",2026-05-30 13:25:47,Jiji
Jabi,4,12000000.0,Duplex,Detached Duplex,4bdrm Duplex in Jabi for rent,2026-05-30 13:25:47,Jiji
Jahi,1,5500000.0,Apartment,Apartment,Furnished 1bdrm Apartment in Jahi for rent,2026-05-30 13:25:56,Jiji
Jahi,3,8000000.0,Apartment,Apartment,"3bdrm Apartment in Nugget, Jahi for rent",2026-05-30 13:25:56,Jiji
Jabi,3,5000000.0,House,House,"3bdrm Bungalow in Efab City Estate, Jabi for rent",2026-05-30 13:25:56,Jiji
Maitama,3,20000000.0,Duplex,Terraced Duplex,3bdrm Townhouse / Terrace in Maitama for rent,2026-05-30 13:25:56,Jiji
Asokoro,5,45000000.0,Duplex,Detached Duplex,5bdrm Duplex in Asokoro for rent,2026-05-30 13:25:56,Jiji
Lokogoma,4,5000000.0,Duplex,Detached Duplex,"4bdrm Duplex in Efab, Lokogoma for rent",2026-05-30 13:25:56,Jiji
Jabi,4,12000000.0,Duplex,Detached Duplex,4bdrm Duplex in Jabi for rent,2026-05-30 13:25:56,Jiji
Galadimawa,5,13000000.0,Duplex,Detached Duplex,5bdrm Duplex in Galadimawa for rent,2026-05-30 13:25:56,Jiji
Asokoro,4,25000000.0,Apartment,Apartment,Furnished 4bdrm Apartment in Asokoro for rent,2026-05-30 13:25:56,Jiji
Utako,4,18000000.0,Duplex,Detached Duplex,4bdrm Duplex in Utako District for rent,2026-05-30 13:25:56,Jiji
Asokoro,2,15000000.0,Apartment,Apartment,"Furnished 2bdrm Apartment in Villa, Asokoro for rent",2026-05-30 13:25:56,Jiji
Asokoro,2,15000000.0,House,House,2bdrm Bungalow in Asokoro for rent,2026-05-30 13:25:56,Jiji
Asokoro,5,25000000.0,Duplex,Detached Duplex,5bdrm Duplex in Asokoro for rent,2026-05-30 13:25:56,Jiji
Mabushi,4,12000000.0,House,House,4bdrm Penthouse in Mabushi for rent,2026-05-30 13:25:56,Jiji
Maitama,5,50000000.0,Duplex,Detached Duplex,5bdrm Duplex in Maitama for rent,2026-05-30 13:25:56,Jiji
Jabi,4,30000000.0,Duplex,Detached Duplex,4bdrm Duplex in Jabi for rent,2026-05-30 13:25:56,Jiji
Durumi,2,60000000.0,Apartment,Apartment,Furnished 2bdrm Block of Flats in Durumi for rent,2026-05-30 13:26:04,Jiji
Asokoro,4,25000000.0,Apartment,Apartment,Furnished 4bdrm Apartment in Asokoro for rent,2026-05-30 13:26:04,Jiji
Jabi,3,15000000.0,Duplex,Detached Duplex,3bdrm Duplex in Jabi for rent,2026-05-30 13:26:04,Jiji
Gwarinpa,1,1054000.0,Apartment,Self Contain,Furnished Studio Apartment in Gwarinpa for rent,2026-05-30 13:26:04,Jiji
Asokoro,2,15000000.0,Apartment,Apartment,"Furnished 2bdrm Apartment in Villa, Asokoro for rent",2026-05-30 13:26:04,Jiji
Asokoro,2,15000000.0,House,House,2bdrm Bungalow in Asokoro for rent,2026-05-30 13:26:04,Jiji
Mabushi,4,12000000.0,House,House,4bdrm Penthouse in Mabushi for rent,2026-05-30 13:26:04,Jiji
Maitama,5,50000000.0,Duplex,Detached Duplex,5bdrm Duplex in Maitama for rent,2026-05-30 13:26:04,Jiji
Jabi,4,30000000.0,Duplex,Detached Duplex,4bdrm Duplex in Jabi for rent,2026-05-30 13:26:04,Jiji
Lokogoma,2,3999999.0,Apartment,Apartment,2bdrm Apartment in Lokogoma for rent,2026-05-30 13:26:04,Jiji
Gwarinpa,1,450000.0,Apartment,Self Contain,Furnished Studio Apartment in Gwarinpa for rent,2026-05-30 13:26:04,Jiji
Galadimawa,1,1100000.0,Apartment,Apartment,"1bdrm Apartment in Queen Street, Galadimawa for rent",2026-05-30 13:26:04,Jiji
Karmo,4,6000000.0,Duplex,Terraced Duplex,"4bdrm Townhouse / Terrace in Estate, Karmo for rent",2026-05-30 13:26:04,Jiji
Katampe,2,8000000.0,Apartment,Apartment,2bdrm Block of Flats in Katampe for rent,2026-05-30 13:26:04,Jiji
Gwarinpa,4,20000000.0,Duplex,Detached Duplex,"4bdrm Duplex in 3Rd Avenue Gwarimpa, Gwarinpa for rent",2026-05-30 13:26:04,Jiji
Maitama,4,50000000.0,Apartment,Apartment,4bdrm Block of Flats in Maitama for rent,2026-05-30 13:26:04,Jiji
Wuye,2,4000000.0,Apartment,Apartment,"Furnished 2bdrm Apartment in Auta Ibrahim Street, Wuye for rent",2026-05-30 13:26:04,Jiji
Lokogoma,1,3000000.0,Apartment,Apartment,1bdrm Block of Flats in Lokogoma for rent,2026-05-30 13:26:12,Jiji
Wuye,2,7000000.0,Apartment,Apartment,2bdrm Apartment in Wuye for rent,2026-05-30 13:26:12,Jiji
Jabi,5,25000000.0,Duplex,Detached Duplex,5bdrm Duplex in Jabi for rent,2026-05-30 13:26:12,Jiji
Asokoro,2,18000000.0,Apartment,Apartment,Furnished 2bdrm Block of Flats in Asokoro for rent,2026-05-30 13:26:12,Jiji
Gwarinpa,1,658750.0,Apartment,Self Contain,Furnished Studio Apartment in Gwarinpa for rent,2026-05-30 13:26:12,Jiji
Asokoro,4,40000000.0,Duplex,Detached Duplex,4bdrm Duplex in Asokoro for rent,2026-05-30 13:26:12,Jiji
Jabi,3,7000000.0,House,House,"3bdrm Bungalow in Efab City Estate, Jabi for rent",2026-05-30 13:26:12,Jiji
Gwarinpa,5,20000000.0,Duplex,Detached Duplex,"5bdrm Duplex in Efab Metropolis, Gwarinpa for rent",2026-05-30 13:26:12,Jiji
Utako,5,60000000.0,Duplex,Detached Duplex,Furnished 5bdrm Duplex in Utako for rent,2026-05-30 13:26:12,Jiji
Maitama,6,79999999.0,Duplex,Detached Duplex,6bdrm Duplex in Maitama for rent,2026-05-30 13:26:12,Jiji
Idu,4,6500000.0,Duplex,Detached Duplex,4bdrm Duplex in Idu for rent,2026-05-30 13:26:12,Jiji
Life Camp,4,16000000.0,Duplex,Detached Duplex,Furnished 4bdrm Duplex in Life Camp for rent,2026-05-30 13:26:12,Jiji
Maitama,9,75000000.0,House,House,9bdrm Mansion in Maitama for rent,2026-05-30 13:26:12,Jiji
Kubwa,1,600000.0,Apartment,Self Contain,"Furnished Studio Apartment in Freedom Avenue, Kubwa for rent",2026-05-30 13:26:19,Jiji
Kubwa,1,45000000.0,Apartment,Apartment,1bdrm Apartment in Kubwa Estate for rent,2026-05-30 13:26:19,Jiji
Maitama,3,49999999.0,Duplex,Detached Duplex,3bdrm Duplex in Maitama for rent,2026-05-30 13:26:19,Jiji
Gwarinpa,4,8500000.0,House,House,"4bdrm Bungalow in Mab Global, Gwarinpa for rent",2026-05-30 13:26:19,Jiji
Galadimawa,5,13000000.0,Duplex,Detached Duplex,5bdrm Duplex in Galadimawa for rent,2026-05-30 13:26:19,Jiji
Jabi,4,20000000.0,Duplex,Terraced Duplex,4bdrm Townhouse / Terrace in Jabi for rent,2026-05-30 13:26:19,Jiji
Wuye,2,6500000.0,Apartment,Apartment,2bdrm Block of Flats in Wuye for rent,2026-05-30 13:26:19,Jiji
Maitama,5,25000000.0,Duplex,Detached Duplex,5bdrm Duplex in Maitama for rent,2026-05-30 13:26:19,Jiji
Jahi,3,75000000.0,Apartment,Apartment,3bdrm Block of Flats in Jahi for rent,2026-05-30 13:26:19,Jiji
Life Camp,2,5000000.0,Apartment,Apartment,2bdrm Apartment in Lifecamp for rent,2026-05-30 13:26:19,Jiji
Gwarinpa,4,15000000.0,Duplex,Detached Duplex,"4bdrm Duplex in Qwarimpa, Gwarinpa for rent",2026-05-30 13:26:19,Jiji
Durumi,3,4000000.0,Apartment,Apartment,"3bdrm Apartment in Gowan Street, Durumi for rent",2026-05-30 13:26:19,Jiji
Lokogoma,2,3000000.0,Apartment,Apartment,"Furnished 2bdrm Apartment in City Homes, Lokogoma for rent",2026-05-30 13:26:19,Jiji
Jahi,3,10000000.0,Duplex,Terraced Duplex,3bdrm Townhouse / Terrace in Jahi for rent,2026-05-30 13:26:19,Jiji
Galadimawa,5,13000000.0,Duplex,Detached Duplex,5bdrm Duplex in Galadimawa for rent,2026-05-30 13:26:28,Jiji
Galadimawa,4,8000000.0,Duplex,Detached Duplex,"Furnished 4bdrm Duplex in Levi Estate, Galadimawa for rent",2026-05-30 13:26:28,Jiji
Mabushi,5,200000000.0,Duplex,Detached Duplex,5bdrm Duplex in Mabushi Close To for rent,2026-05-30 13:26:28,Jiji
Maitama,5,25000000.0,Duplex,Detached Duplex,5bdrm Duplex in Maitama for rent,2026-05-30 13:26:28,Jiji
Gwarinpa,4,15000000.0,Duplex,Detached Duplex,"4bdrm Duplex in Qwarimpa, Gwarinpa for rent",2026-05-30 13:26:28,Jiji
Life Camp,2,5000000.0,Apartment,Apartment,2bdrm Apartment in Lifecamp for rent,2026-05-30 13:26:28,Jiji
Durumi,3,4000000.0,Apartment,Apartment,"3bdrm Apartment in Gowan Street, Durumi for rent",2026-05-30 13:26:28,Jiji
Lokogoma,2,3000000.0,Apartment,Apartment,"Furnished 2bdrm Apartment in City Homes, Lokogoma for rent",2026-05-30 13:26:28,Jiji
Gwarinpa,2,5000000.0,Apartment,Apartment,"2bdrm Block of Flats in Gwarimpa, Gwarinpa for rent",2026-05-30 13:26:28,Jiji
Mabushi,5,30000000.0,Duplex,Detached Duplex,5bdrm Duplex in Mabushi for rent,2026-05-30 13:26:28,Jiji
Mabushi,2,8000000.0,Apartment,Apartment,2bdrm Apartment in Mabushi for rent,2026-05-30 13:26:28,Jiji
Life Camp,2,9000000.0,Apartment,Apartment,"Furnished 2bdrm Apartment in Bristol Apartments, Life Camp for rent",2026-05-30 13:26:28,Jiji
Jahi,2,8000000000.0,Apartment,Apartment,2bdrm Apartment in Jahi for rent,2026-05-30 13:26:28,Jiji
Galadimawa,1,1100000.0,Apartment,Apartment,"1bdrm Apartment in Queen Street, Galadimawa for rent",2026-05-30 13:26:28,Jiji
Gwarinpa,2,4200000.0,House,House,"2bdrm Bungalow in Dantata Estate, Gwarinpa for rent",2026-05-30 13:26:28,Jiji
Asokoro,7,180000000.0,Duplex,Detached Duplex,7bdrm Duplex in Asokoro for rent,2026-05-30 13:26:28,Jiji
Karmo,4,6000000.0,Duplex,Terraced Duplex,"4bdrm Townhouse / Terrace in Estate, Karmo for rent",2026-05-30 13:26:28,Jiji
Gwarinpa,4,20000000.0,Duplex,Detached Duplex,"4bdrm Duplex in 3Rd Avenue Gwarimpa, Gwarinpa for rent",2026-05-30 13:26:35,Jiji
Gaduwa,3,6000000.0,Apartment,Apartment,3bdrm Block of Flats in Gaduwa for rent,2026-05-30 13:26:35,Jiji
Jahi,5,30000000.0,Duplex,Detached Duplex,Furnished 5bdrm Duplex in Jahi for rent,2026-05-30 13:26:35,Jiji
Maitama,3,20500000.0,Duplex,Detached Duplex,"3bdrm Duplex in Hamptons, Maitama for rent",2026-05-30 13:26:35,Jiji
Lokogoma,2,8000000.0,House,House,Furnished 2bdrm House in Pentville Estate for rent,2026-05-30 13:26:35,Jiji
Jahi,4,10000000.0,Duplex,Detached Duplex,4bdrm Duplex in Jahi for rent,2026-05-30 13:26:35,Jiji
Durumi,1,5000000.0,Apartment,Apartment,"Furnished 1bdrm Apartment in Iyoba Apartment, Durumi for rent",2026-05-30 13:26:35,Jiji
Jahi,3,11500000.0,Apartment,Apartment,3bdrm Apartment in Jahi for rent,2026-05-30 13:26:35,Jiji
Utako,2,4000000.0,Apartment,Apartment,Furnished 2bdrm Apartment in Utako for rent,2026-05-30 13:26:35,Jiji
Gwarinpa,5,10000000.0,Duplex,Detached Duplex,"5bdrm Duplex in Orange Estate Off, Gwarinpa for rent",2026-05-30 13:26:35,Jiji
Jabi,3,14000000.0,Apartment,Apartment,"Furnished 3bdrm Block of Flats in Vintage Villas, Jabi for rent",2026-05-30 13:26:43,Jiji
Asokoro,6,30000000.0,Duplex,Detached Duplex,"6bdrm Duplex in Naf Valley Estate, Asokoro for rent",2026-05-30 13:26:43,Jiji
Gwarinpa,1,1500000.0,Apartment,Apartment,"Mini Flat in Gwarimpa Estate, Gwarinpa for rent",2026-05-30 13:26:43,Jiji
Mabushi,3,10000000.0,Apartment,Apartment,"3bdrm Apartment in Victoria Garden, Mabushi for rent",2026-05-30 13:26:43,Jiji
Life Camp,4,9000000.0,Duplex,Detached Duplex,4bdrm Duplex in Life Camp for rent,2026-05-30 13:26:43,Jiji
Asokoro,4,17000000.0,Duplex,Detached Duplex,4bdrm Duplex in Asokoro for rent,2026-05-30 13:26:43,Jiji
Durumi,1,5500000.0,Apartment,Apartment,"Furnished 1bdrm Apartment in Iyoba Apartment, Durumi for rent",2026-05-30 13:26:43,Jiji
Gudu,4,13000000.0,Duplex,Detached Duplex,"Furnished 4bdrm Duplex in Rockvale Manor, Gudu for rent",2026-05-30 13:26:43,Jiji
Utako,3,15000000.0,Duplex,Detached Duplex,3bdrm Duplex in Utako for rent,2026-05-30 13:26:43,Jiji
Maitama,4,30000000.0,Duplex,Terraced Duplex,4bdrm Townhouse / Terrace in Maitama for rent,2026-05-30 13:26:43,Jiji
Kado,3,18000000.0,House,House,Furnished 3bdrm Bungalow in Kado Estate Phase 1 for rent,2026-05-30 13:26:43,Jiji
Maitama,4,40000000.0,Duplex,Terraced Duplex,Furnished 4bdrm Townhouse / Terrace in Maitama for rent,2026-05-30 13:26:43,Jiji
Life Camp,4,25000000.0,Duplex,Detached Duplex,4bdrm Duplex in Life Camp for rent,2026-05-30 13:26:43,Jiji
Maitama,5,28000000.0,Duplex,Detached Duplex,5bdrm Duplex in Maitama for rent,2026-05-30 13:26:51,Jiji
Kubwa,4,9000000.0,Duplex,Detached Duplex,Furnished 4bdrm Duplex in Hill View Community for rent,2026-05-30 13:26:51,Jiji
Galadimawa,4,8000000.0,Duplex,Detached Duplex,"Furnished 4bdrm Duplex in Levi Estate, Galadimawa for rent",2026-05-30 13:26:51,Jiji
Jabi,3,200000000.0,Apartment,Apartment,3bdrm Apartment in Jabi for rent,2026-05-30 13:26:51,Jiji
Asokoro,4,28000000.0,Duplex,Detached Duplex,4bdrm Duplex in Asokoro Fct for rent,2026-05-30 13:26:51,Jiji
Wuye,4,18000000.0,Duplex,Detached Duplex,4bdrm Duplex in Wuye for rent,2026-05-30 13:26:51,Jiji
Asokoro,2,10000000.0,House,House,"2bdrm Bungalow in Abuja, Asokoro for rent",2026-05-30 13:26:51,Jiji
Mabushi,3,12000000.0,Apartment,Apartment,3bdrm Apartment in Mabushi for rent,2026-05-30 13:26:51,Jiji
Jahi,2,19000000.0,Apartment,Apartment,Furnished 2bdrm Apartment in Jahi for rent,2026-05-30 13:26:51,Jiji
Galadimawa,5,10000000.0,House,House,"5bdrm Bungalow in Suncity Estate, Galadimawa for rent",2026-05-30 13:26:51,Jiji
Gudu,3,13000000.0,Duplex,Detached Duplex,"Furnished 3bdrm Duplex in Rockvale Manors, Gudu for rent",2026-05-30 13:26:51,Jiji
Jabi,2,42000000.0,Apartment,Apartment,Furnished 2bdrm Block of Flats in Jabi for rent,2026-05-30 13:26:51,Jiji
Life Camp,4,16000000.0,Duplex,Detached Duplex,"4bdrm Duplex in Tangerine Exquisite, Life Camp for rent",2026-05-30 13:26:51,Jiji
Maitama,3,25000000.0,Apartment,Apartment,3bdrm Block of Flats in Maitama Property for rent,2026-05-30 13:26:51,Jiji
Kubwa,1,1200000.0,Apartment,Self Contain,"Studio Apartment in Arab Road, Kubwa for rent",2026-05-30 13:26:57,Jiji
Kubwa,1,2000000.0,Apartment,Apartment,"1bdrm Block of Flats in Hillview Estate, Kubwa for rent",2026-05-30 13:26:57,Jiji
Utako,1,2000000.0,Apartment,Self Contain,Studio Apartment in Utako for rent,2026-05-30 13:26:57,Jiji
Kubwa,3,4000000.0,Duplex,Detached Duplex,"3bdrm Duplex in Hillview Estate, Kubwa for rent",2026-05-30 13:26:57,Jiji
Maitama,7,50000000.0,Duplex,Detached Duplex,7bdrm Duplex in Maitama for rent,2026-05-30 13:26:57,Jiji
Mabushi,4,12000000.0,Duplex,Detached Duplex,4bdrm Duplex in Mabushi for rent,2026-05-30 13:26:57,Jiji
Kado,1,2000000.0,Apartment,Apartment,1bdrm Apartment in Kado for rent,2026-05-30 13:26:57,Jiji
Jabi,2,7000000.0,Apartment,Apartment,2bdrm Apartment in Jabi for rent,2026-05-30 13:26:57,Jiji
Durumi,3,5000000.0,Apartment,Apartment,3bdrm Block of Flats in Durumi for rent,2026-05-30 13:26:57,Jiji
Maitama,6,65000000.0,Duplex,Detached Duplex,6bdrm Duplex in Maitama for rent,2026-05-30 13:26:57,Jiji
Wuye,4,15000000.0,Duplex,Detached Duplex,4bdrm Duplex in Wuye District for rent,2026-05-30 13:26:57,Jiji
Wuye,5,30000000.0,Duplex,Detached Duplex,5bdrm Duplex in Wuye for rent,2026-05-30 13:26:57,Jiji
Wuye,4,15000000.0,Duplex,Terraced Duplex,4bdrm Townhouse / Terrace in Main Wuye for rent,2026-05-30 13:26:57,Jiji
Mabushi,5,18000000.0,Duplex,Detached Duplex,"5bdrm Duplex in Nugget, Mabushi for rent",2026-05-30 13:26:57,Jiji
Jahi,2,5000000.0,Apartment,Apartment,"2bdrm Block of Flats in Nugget, Jahi for rent",2026-05-30 13:26:57,Jiji
Asokoro,4,25000000.0,Duplex,Terraced Duplex,"Furnished 4bdrm Townhouse / Terrace in Jimmy Carter, Asokoro for rent",2026-05-30 13:27:09,Jiji
Maitama,5,80000000.0,Duplex,Detached Duplex,5bdrm Duplex in Maitama for rent,2026-05-30 13:27:09,Jiji
Mabushi,4,12000000.0,Duplex,Detached Duplex,4bdrm Duplex in Mabushi for rent,2026-05-30 13:27:09,Jiji
Jabi,2,5500000.0,House,House,"2bdrm Bungalow in Efab City, Jabi for rent",2026-05-30 13:27:09,Jiji
Wuye,4,20000000.0,Duplex,Terraced Duplex,4bdrm Townhouse / Terrace in Wuye for rent,2026-05-30 13:27:09,Jiji
Gwarinpa,1,658750.0,Apartment,Self Contain,Furnished Studio Apartment in Gwarinpa for rent,2026-05-30 13:27:09,Jiji
Galadimawa,3,6500000.0,Duplex,Terraced Duplex,3bdrm Townhouse / Terrace in Main Galadimawa for rent,2026-05-30 13:27:09,Jiji
Gwarinpa,1,922250.0,Apartment,Self Contain,Furnished Studio Apartment in Gwarinpa for rent,2026-05-30 13:27:09,Jiji
Kubwa,3,6000000.0,Duplex,Terraced Duplex,"3bdrm Townhouse / Terrace in Dantata Estate, Kubwa for rent",2026-05-30 13:27:09,Jiji
Kubwa,1,2300000.0,Apartment,Apartment,"1bdrm Block of Flats in Fo1, Kubwa for rent",2026-05-30 13:27:09,Jiji
Jahi,1,6000000.0,Apartment,Apartment,1bdrm Apartment in Jahi for rent,2026-05-30 13:27:09,Jiji
Mabushi,4,12000000.0,Duplex,Detached Duplex,4bdrm Duplex in Mabushi for rent,2026-05-30 13:27:09,Jiji
Wuse,4,19999999.0,Duplex,Terraced Duplex,4bdrm Townhouse / Terrace in Wuse for rent,2026-05-30 13:27:09,Jiji
Gwarinpa,3,3500000.0,Apartment,Apartment,"3bdrm Block of Flats in Justice Estate, Gwarinpa for rent",2026-05-30 13:27:09,Jiji
Gwarinpa,3,8000000.0,House,House,"3bdrm Bungalow in Efab Queens, Gwarinpa for rent",2026-05-30 13:27:09,Jiji
Jahi,4,18000000.0,Duplex,Detached Duplex,4bdrm Duplex in Jahi Gilmore Fct for rent,2026-05-30 13:27:09,Jiji
Galadimawa,3,3800000.0,Apartment,Apartment,"3bdrm Block of Flats in Pries Estate, Galadimawa for rent",2026-05-30 13:27:17,Jiji
Wuye,3,8000000.0,Apartment,Apartment,"3bdrm Block of Flats in E, Wuye for rent",2026-05-30 13:27:17,Jiji
Galadimawa,4,8000000.0,Duplex,Detached Duplex,"Furnished 4bdrm Duplex in Levi Estate, Galadimawa for rent",2026-05-30 13:27:17,Jiji
Wuye,4,25000000.0,Duplex,Terraced Duplex,Furnished 4bdrm Townhouse / Terrace in Wuye for rent,2026-05-30 13:27:17,Jiji
Asokoro,5,25000000.0,Duplex,Terraced Duplex,5bdrm Townhouse / Terrace in Asokoro Main for rent,2026-05-30 13:27:17,Jiji
Gwarinpa,1,658750.0,Apartment,Apartment,Furnished 1bdrm Apartment in Gwarinpa for rent,2026-05-30 13:27:17,Jiji
Jahi,4,15000000.0,Duplex,Detached Duplex,"4bdrm Duplex in Jahi Gilmore,Fct for rent",2026-05-30 13:27:17,Jiji
Maitama,5,90000000.0,House,House,Furnished 5bdrm Mansion in Maitama for rent,2026-05-30 13:27:17,Jiji
Kado,4,8000000.0,House,House,4bdrm Bungalow in Kado for rent,2026-05-30 13:27:17,Jiji
Asokoro,4,40000000.0,Duplex,Detached Duplex,4bdrm Duplex in Asokoro for rent,2026-05-30 13:27:17,Jiji
Gwarinpa,3,7000000.0,Apartment,Apartment,"3bdrm Block of Flats in Gwarimpa, Gwarinpa for rent",2026-05-30 13:27:17,Jiji
Gwarinpa,1,922250.0,Apartment,Self Contain,Furnished Studio Apartment in Gwarinpa for rent,2026-05-30 13:27:17,Jiji
Gwarinpa,5,15000000.0,Duplex,Detached Duplex,"5bdrm Duplex in Gwarimpa Estate, Gwarinpa for rent",2026-05-30 13:27:17,Jiji
Gwarinpa,3,7000000.0,House,House,"3bdrm Bungalow in Efab Version,By, Gwarinpa for rent",2026-05-30 13:27:17,Jiji
Kubwa,3,6000000.0,Duplex,Terraced Duplex,"3bdrm Townhouse / Terrace in Dantata Estate, Kubwa for rent",2026-05-30 13:27:17,Jiji
Jahi,3,25000000.0,Apartment,Apartment,Furnished 3bdrm Apartment in Jahi for rent,2026-05-30 13:27:17,Jiji
Jahi,1,6000000.0,Apartment,Apartment,1bdrm Apartment in Jahi for rent,2026-05-30 13:27:17,Jiji
Maitama,4,35000000.0,Duplex,Terraced Duplex,4bdrm Townhouse / Terrace in Maitama for rent,2026-05-30 13:27:17,Jiji
Kubwa,1,2300000.0,Apartment,Apartment,"1bdrm Block of Flats in Fo1, Kubwa for rent",2026-05-30 13:27:17,Jiji
Jahi,3,10000000.0,Duplex,Terraced Duplex,3bdrm Townhouse / Terrace in Jahi for rent,2026-05-30 13:27:26,Jiji
Maitama,5,50000000.0,Duplex,Detached Duplex,5bdrm Duplex in Maitama for rent,2026-05-30 13:27:26,Jiji
Maitama,3,10000000.0,Apartment,Apartment,3bdrm Block of Flats in Maitama for rent,2026-05-30 13:27:26,Jiji
Wuye,4,16000000.0,Duplex,Detached Duplex,4bdrm Duplex in Wuye for rent,2026-05-30 13:27:26,Jiji
Gwarinpa,3,9000000.0,House,House,"3bdrm Bungalow in Gwarimpa Estate,Fct, Gwarinpa for rent",2026-05-30 13:27:26,Jiji
Gwarinpa,4,10000000.0,House,House,"4bdrm Bungalow in Gwarimpa Extension, Gwarinpa for rent",2026-05-30 13:27:26,Jiji
Lokogoma,2,3999999.0,Apartment,Apartment,2bdrm Apartment in Lokogoma for rent,2026-05-30 13:27:26,Jiji
Maitama,3,17000000.0,Apartment,Apartment,3bdrm Apartment in Maitama for rent,2026-05-30 13:27:26,Jiji
Gudu,4,12000000.0,Duplex,Terraced Duplex,4bdrm Townhouse / Terrace in Gudu for rent,2026-05-30 13:27:26,Jiji
Katampe,3,10000000.0,Apartment,Apartment,3bdrm Block of Flats in Katampe for rent,2026-05-30 13:27:26,Jiji
Wuye,2,4000000.0,Apartment,Apartment,"Furnished 2bdrm Apartment in Auta Ibrahim Street, Wuye for rent",2026-05-30 13:27:26,Jiji
Gwarinpa,2,200000.0,Apartment,Apartment,"Furnished 2bdrm Block of Flats in Gwarimpa Estate,Fct, Gwarinpa",2026-05-30 13:27:26,Jiji
Jabi,2,5500000.0,House,House,"2bdrm Bungalow in Efab City, Jabi for rent",2026-05-30 13:27:26,Jiji
Kaura,3,6000000.0,House,House,"Furnished 3bdrm Bungalow in Valley City Estate, Kaura for rent",2026-05-30 13:27:26,Jiji
Galadimawa,3,3800000.0,Apartment,Apartment,"3bdrm Block of Flats in Pries Estate, Galadimawa for rent",2026-05-30 13:27:26,Jiji
Gaduwa,4,7999999.0,Duplex,Detached Duplex,4bdrm Duplex in Gaduwa for rent,2026-05-30 13:27:26,Jiji
Kubwa,3,3800000.0,Apartment,Apartment,"Furnished 3bdrm Block of Flats in F01, Kubwa for rent",2026-05-30 13:27:26,Jiji
Jahi,4,18000000.0,Duplex,Terraced Duplex,4bdrm Townhouse / Terrace in Jahi for rent,2026-05-30 13:27:26,Jiji
Katampe,3,10000000.0,Apartment,Apartment,3bdrm Block of Flats in Katampe for rent,2026-05-30 13:27:33,Jiji
Wuye,2,4000000.0,Apartment,Apartment,"Furnished 2bdrm Apartment in Auta Ibrahim Street, Wuye for rent",2026-05-30 13:27:33,Jiji
Jahi,4,10000000.0,Duplex,Detached Duplex,4bdrm Duplex in Jahi for rent,2026-05-30 13:27:33,Jiji
Jahi,4,18000000.0,Duplex,Terraced Duplex,4bdrm Townhouse / Terrace in Jahi for rent,2026-05-30 13:27:33,Jiji
Asokoro,4,40000000.0,Duplex,Detached Duplex,4bdrm Duplex in Asokoro for rent,2026-05-30 13:27:33,Jiji
Mabushi,4,15000000.0,Duplex,Detached Duplex,4bdrm Duplex in Mabushi for rent,2026-05-30 13:27:33,Jiji
Jahi,3,25000000.0,Apartment,Apartment,Furnished 3bdrm Apartment in Jahi for rent,2026-05-30 13:27:33,Jiji
Jahi,2,22000000.0,Apartment,Apartment,Furnished 2bdrm Apartment in Jahi for rent,2026-05-30 13:27:33,Jiji
Wuye,3,12000000.0,Apartment,Apartment,3bdrm Block of Flats in Wuye for rent,2026-05-30 13:27:33,Jiji
Mabushi,4,12000000.0,Duplex,Terraced Duplex,4bdrm Townhouse / Terrace in Mabushi for rent,2026-05-30 13:27:33,Jiji
Maitama,4,50000000.0,Duplex,Terraced Duplex,Furnished 4bdrm Townhouse / Terrace in Maitama for rent,2026-05-30 13:27:33,Jiji
Jahi,2,15000000.0,Apartment,Apartment,Furnished 2bdrm Apartment in Jahi for rent,2026-05-30 13:27:33,Jiji
Maitama,4,40000000.0,Duplex,Terraced Duplex,4bdrm Townhouse / Terrace in Maitama for rent,2026-05-30 13:27:39,Jiji
Jabi,6,55000000.0,Duplex,Detached Duplex,6bdrm Duplex in Jabi for rent,2026-05-30 13:27:39,Jiji
Jahi,2,19000000.0,Apartment,Apartment,Furnished 2bdrm Apartment in Jahi for rent,2026-05-30 13:27:39,Jiji
Kubwa,3,4000000.0,Apartment,Apartment,3bdrm Block of Flats in Apdc Estate Kubwa for rent,2026-05-30 13:27:39,Jiji
Jabi,3,7000000.0,Apartment,Apartment,3bdrm Apartment in Jabi for rent,2026-05-30 13:27:39,Jiji
Wuye,3,5500000.0,Apartment,Apartment,3bdrm Block of Flats in Wuye for rent,2026-05-30 13:27:39,Jiji
Wuye,3,8000000.0,Apartment,Apartment,3bdrm Apartment in Wuye for rent,2026-05-30 13:27:39,Jiji
Asokoro,3,50000000.0,Duplex,Detached Duplex,"Furnished 3bdrm Duplex in Aso Villa, Asokoro for rent",2026-05-30 13:27:39,Jiji
Maitama,5,65000000.0,Duplex,Detached Duplex,5bdrm Duplex in Maitama for rent,2026-05-30 13:27:39,Jiji
Mabushi,4,12000000.0,House,House,4bdrm Penthouse in Mabushi for rent,2026-05-30 13:27:39,Jiji
Durumi,3,5000000.0,Apartment,Apartment,3bdrm Block of Flats in Durumi for rent,2026-05-30 13:27:39,Jiji
Maitama,6,80000000.0,Duplex,Detached Duplex,6bdrm Duplex in Maitama for rent,2026-05-30 13:27:39,Jiji
Jahi,3,20000000.0,House,House,Furnished 3bdrm House in Jahi for rent,2026-05-30 13:27:39,Jiji
Jahi,3,6500000.0,House,House,"3bdrm Bungalow in Nuggy, Jahi for rent",2026-05-30 13:27:39,Jiji
Galadimawa,4,8000000.0,Duplex,Terraced Duplex,4bdrm Townhouse / Terrace in Galadimawa for rent,2026-05-30 13:27:45,Jiji
Utako,1,2000000.0,Apartment,Self Contain,Studio Apartment in Utako for rent,2026-05-30 13:27:45,Jiji
Jabi,3,8000000.0,Apartment,Apartment,3bdrm Apartment in Jabi for rent,2026-05-30 13:27:45,Jiji
Jahi,4,15000000.0,Duplex,Detached Duplex,4bdrm Duplex in Jahi for rent,2026-05-30 13:27:45,Jiji
Wuye,4,20000000.0,Duplex,Terraced Duplex,4bdrm Townhouse / Terrace in Wuye for rent,2026-05-30 13:27:45,Jiji
Mabushi,4,17000000.0,Duplex,Detached Duplex,4bdrm Duplex in Mabushi for rent,2026-05-30 13:27:45,Jiji
Maitama,4,30000000.0,Duplex,Detached Duplex,4bdrm Duplex in Maitama Main for rent,2026-05-30 13:27:45,Jiji
Maitama,4,50000000.0,Duplex,Terraced Duplex,4bdrm Townhouse / Terrace in Maitama for rent,2026-05-30 13:27:45,Jiji
Asokoro,4,25000000.0,Duplex,Terraced Duplex,"Furnished 4bdrm Townhouse / Terrace in Jimmy Carter, Asokoro for rent",2026-05-30 13:27:45,Jiji
Gwarinpa,1,450000.0,Apartment,Self Contain,Furnished Studio Apartment in Gwarinpa for rent,2026-05-30 13:27:45,Jiji
Asokoro,2,35000000.0,Apartment,Apartment,"Furnished 2bdrm Block of Flats in Villa, Asokoro for rent",2026-05-30 13:27:45,Jiji
Jahi,2,8000000.0,Apartment,Apartment,"2bdrm Block of Flats in Fortune Estate, Jahi for rent",2026-05-30 13:27:45,Jiji
Kubwa,2,2500000.0,Apartment,Apartment,"2bdrm Apartment in F14, Kubwa for rent",2026-05-30 13:27:45,Jiji
Mabushi,3,9000000.0,Apartment,Apartment,3bdrm Block of Flats in Mabushi Main for rent,2026-05-30 13:27:45,Jiji
Maitama,4,50000000.0,Apartment,Apartment,4bdrm Block of Flats in Maitama for rent,2026-05-30 13:27:50,Jiji
Mabushi,4,12000000.0,Duplex,Detached Duplex,4bdrm Duplex in Mabushi for rent,2026-05-30 13:27:50,Jiji
Utako,1,2000000.0,Apartment,Self Contain,Studio Apartment in Utako for rent,2026-05-30 13:27:50,Jiji
Gwarinpa,1,1054000.0,Apartment,Self Contain,Furnished Studio Apartment in Gwarinpa for rent,2026-05-30 13:27:50,Jiji
Asokoro,2,15000000.0,Apartment,Apartment,Furnished 2bdrm Block of Flats in Asokoro for rent,2026-05-30 13:27:50,Jiji
Utako,4,30000000.0,Duplex,Detached Duplex,Furnished 4bdrm Duplex in Utako for rent,2026-05-30 13:27:50,Jiji
Gwarinpa,4,12000000.0,Duplex,Detached Duplex,"4bdrm Duplex in Gwarimpa Estate, Gwarinpa for rent",2026-05-30 13:27:50,Jiji
Wuye,3,8000000.0,Apartment,Apartment,"3bdrm Block of Flats in E, Wuye for rent",2026-05-30 13:27:50,Jiji
Asokoro,5,25000000.0,Duplex,Terraced Duplex,5bdrm Townhouse / Terrace in Asokoro Main for rent,2026-05-30 13:27:50,Jiji
Maitama,4,20000000.0,Duplex,Terraced Duplex,4bdrm Townhouse / Terrace in Maitama for rent,2026-05-30 13:27:50,Jiji
Maitama,5,90000000.0,House,House,Furnished 5bdrm Mansion in Maitama for rent,2026-05-30 13:27:50,Jiji
Jahi,4,15000000.0,Duplex,Detached Duplex,"4bdrm Duplex in Jahi Gilmore,Fct for rent",2026-05-30 13:27:50,Jiji
Gwarinpa,1,658750.0,Apartment,Apartment,Furnished 1bdrm Apartment in Gwarinpa for rent,2026-05-30 13:27:50,Jiji
Kado,4,8000000.0,House,House,4bdrm Bungalow in Kado for rent,2026-05-30 13:27:50,Jiji
Asokoro,6,140000000.0,Duplex,Detached Duplex,Furnished 6bdrm Duplex in Asokoro for rent,2026-05-30 13:27:50,Jiji
Maitama,1,5000000.0,House,House,1bdrm Room & Parlour in Maitama for rent,2026-05-30 13:27:50,Jiji
Mabushi,4,15000000.0,Duplex,Terraced Duplex,4bdrm Townhouse / Terrace in Mabushi for rent,2026-05-30 13:27:59,Jiji
Maitama,7,70000000.0,Duplex,Detached Duplex,7bdrm Duplex in Maitama for rent,2026-05-30 13:27:59,Jiji
Asokoro,4,30000000.0,Duplex,Detached Duplex,4bdrm Duplex in Asokoro for rent,2026-05-30 13:27:59,Jiji
Galadimawa,4,5500000.0,Duplex,Detached Duplex,"Furnished 4bdrm Duplex in City Estate, Galadimawa for rent",2026-05-30 13:27:59,Jiji
Galadimawa,4,8000000.0,Duplex,Detached Duplex,"Furnished 4bdrm Duplex in Spring Boulevard, Galadimawa for rent",2026-05-30 13:27:59,Jiji
Galadimawa,3,6000000.0,House,House,"Furnished 3bdrm Bungalow in Suncity Estate, Galadimawa for rent",2026-05-30 13:27:59,Jiji
Kubwa,4,7500000.0,Duplex,Detached Duplex,"Furnished 4bdrm Duplex in F01, Kubwa for rent",2026-05-30 13:27:59,Jiji
Galadimawa,4,10000000.0,Duplex,Detached Duplex,4bdrm Duplex in Galadimawa for rent,2026-05-30 13:27:59,Jiji
Kubwa,1,2500000.0,House,House,1bdrm Bungalow in Kubwa for rent,2026-05-30 13:27:59,Jiji
Kubwa,4,5000000.0,Duplex,Detached Duplex,"Furnished 4bdrm Duplex in F01, Kubwa for rent",2026-05-30 13:27:59,Jiji
Gaduwa,3,6000000.0,Apartment,Apartment,3bdrm Block of Flats in Gaduwa for rent,2026-05-30 13:27:59,Jiji
Wuye,1,7000000.0,Apartment,Apartment,1bdrm Apartment in Wuye for rent,2026-05-30 13:28:04,Jiji
Jabi,3,12000000.0,Apartment,Apartment,3bdrm Apartment in Jabi for rent,2026-05-30 13:28:04,Jiji
Utako,1,4500000.0,House,House,1bdrm Bungalow in Utako District for rent,2026-05-30 13:28:04,Jiji
Wuye,3,12000000.0,Apartment,Apartment,3bdrm Apartment in Main Wuye for rent,2026-05-30 13:28:04,Jiji
Asokoro,2,25000000.0,Apartment,Apartment,Furnished 2bdrm Apartment in Aso Villa Asokoro for rent,2026-05-30 13:28:04,Jiji
Utako,3,10000000.0,Apartment,Apartment,3bdrm Block of Flats in Utako for rent,2026-05-30 13:28:04,Jiji
Wuye,2,6500000.0,Apartment,Apartment,2bdrm Apartment in Wuye for rent,2026-05-30 13:28:04,Jiji
Maitama,4,60000000.0,Duplex,Detached Duplex,4bdrm Duplex in Maitama for rent,2026-05-30 13:28:04,Jiji
Mabushi,3,10000000.0,Apartment,Apartment,3bdrm Apartment in Mabushi for rent,2026-05-30 13:28:04,Jiji
Jabi,4,35000000.0,Duplex,Detached Duplex,"Furnished 4bdrm Duplex in Nugget, Jabi for rent",2026-05-30 13:28:04,Jiji
Jahi,2,6500000.0,Apartment,Apartment,2bdrm Block of Flats in Jahi Glimo for rent,2026-05-30 13:28:04,Jiji
Jahi,4,16000000.0,Duplex,Terraced Duplex,4bdrm Townhouse / Terrace in Jahi for rent,2026-05-30 13:28:04,Jiji
Jabi,2,7000000.0,Apartment,Apartment,2bdrm Apartment in Jabi for rent,2026-05-30 13:28:04,Jiji
Jahi,1,7000000.0,Apartment,Apartment,1bdrm Apartment in Jahi for rent,2026-05-30 13:28:04,Jiji
Jahi,3,8000000.0,Apartment,Apartment,3bdrm Apartment in Jahi for rent,2026-05-30 13:28:15,Jiji
Jahi,4,12000000.0,Duplex,Detached Duplex,4bdrm Duplex in Jahi for rent,2026-05-30 13:28:15,Jiji
Mabushi,4,12000000.0,Duplex,Terraced Duplex,4bdrm Townhouse / Terrace in Mabushi for rent,2026-05-30 13:28:15,Jiji
Jabi,3,8000000.0,Apartment,Apartment,3bdrm Apartment in Jabi for rent,2026-05-30 13:28:15,Jiji
Mabushi,4,20000000.0,Duplex,Terraced Duplex,4bdrm Townhouse / Terrace in Mabushi for rent,2026-05-30 13:28:15,Jiji
Jabi,3,5500000.0,Apartment,Apartment,3bdrm Block of Flats in Main Jabi By Fcmb for rent,2026-05-30 13:28:15,Jiji
Mabushi,4,17000000.0,Duplex,Detached Duplex,4bdrm Duplex in Mabushi for rent,2026-05-30 13:28:15,Jiji
Gwarinpa,3,7500000.0,Duplex,Terraced Duplex,"3bdrm Townhouse / Terrace in Main Gwarimpa, Gwarinpa for rent",2026-05-30 13:28:15,Jiji
Kubwa,2,2500000.0,House,House,2bdrm Bungalow in Kubwa for rent,2026-05-30 13:28:15,Jiji
Jahi,3,75000000.0,Apartment,Apartment,3bdrm Block of Flats in Jahi for rent,2026-05-30 13:28:15,Jiji
Life Camp,4,13000000.0,Duplex,Detached Duplex,4bdrm Duplex in Life Camp for rent,2026-05-30 13:28:15,Jiji
Jabi,4,30000000.0,Duplex,Detached Duplex,4bdrm Duplex in Jabi for rent,2026-05-30 13:28:22,Jiji
Jahi,1,4500000.0,Apartment,Self Contain,Furnished Studio Apartment in Jahi for rent,2026-05-30 13:28:22,Jiji
Maitama,3,17000000.0,Apartment,Apartment,3bdrm Apartment in Maitama for rent,2026-05-30 13:28:22,Jiji
Gwarinpa,2,200000.0,Apartment,Apartment,"Furnished 2bdrm Block of Flats in Gwarimpa Estate,Fct, Gwarinpa",2026-05-30 13:28:22,Jiji
Durumi,2,4000000.0,Apartment,Apartment,2bdrm Block of Flats in Durumi for rent,2026-05-30 13:28:22,Jiji
Gwarinpa,3,9000000.0,House,House,"3bdrm Bungalow in Efab Queen Estate By, Gwarinpa for rent",2026-05-30 13:28:22,Jiji
Gwarinpa,1,1054000.0,Apartment,Self Contain,Furnished Studio Apartment in Gwarinpa for rent,2026-05-30 13:28:22,Jiji
Jahi,4,15000000.0,Duplex,Terraced Duplex,4bdrm Townhouse / Terrace in Jahi for rent,2026-05-30 13:28:22,Jiji
Asokoro,5,25000000.0,Duplex,Terraced Duplex,5bdrm Townhouse / Terrace in Asokoro Main for rent,2026-05-30 13:28:22,Jiji
Wuye,3,8000000.0,Apartment,Apartment,"3bdrm Block of Flats in E, Wuye for rent",2026-05-30 13:28:22,Jiji
Maitama,1,5000000.0,House,House,1bdrm Room & Parlour in Maitama for rent,2026-05-30 13:28:22,Jiji
Gwarinpa,1,922250.0,Apartment,Self Contain,Furnished Studio Apartment in Gwarinpa for rent,2026-05-30 13:28:22,Jiji
Jahi,1,6000000.0,Apartment,Apartment,1bdrm Apartment in Jahi for rent,2026-05-30 13:28:22,Jiji
Maitama,4,35000000.0,Duplex,Terraced Duplex,4bdrm Townhouse / Terrace in Maitama for rent,2026-05-30 13:28:22,Jiji
Maitama,5,44999999.0,Duplex,Detached Duplex,5bdrm Duplex in Maitama for rent,2026-05-30 13:28:31,Jiji
Wuye,6,25000000.0,Duplex,Detached Duplex,"Furnished 6bdrm Duplex in Jessy Street, Wuye for rent",2026-05-30 13:28:31,Jiji
Durumi,3,4000000.0,Apartment,Apartment,"3bdrm Apartment in Gowan Street, Durumi for rent",2026-05-30 13:28:31,Jiji
Kubwa,4,5000000.0,Duplex,Detached Duplex,"Furnished 4bdrm Duplex in F01, Kubwa for rent",2026-05-30 13:28:31,Jiji
Kubwa,3,5500000.0,Duplex,Detached Duplex,"Furnished 3bdrm Duplex in Fcda, Kubwa for rent",2026-05-30 13:28:31,Jiji
Durumi,2,4000000.0,Apartment,Apartment,2bdrm Apartment in Durumi for rent,2026-05-30 13:28:31,Jiji
Wuye,1,10000000.0,Apartment,Apartment,Furnished 1bdrm Apartment in Wuye for rent,2026-05-30 13:28:31,Jiji
Asokoro,6,35000000.0,Duplex,Detached Duplex,6bdrm Duplex in Asokoro for rent,2026-05-30 13:28:31,Jiji
Durumi,2,6500000.0,Apartment,Apartment,2bdrm Block of Flats in Durumi for rent,2026-05-30 13:28:31,Jiji
Mabushi,5,15000000.0,Duplex,Terraced Duplex,5bdrm Townhouse / Terrace in Mabushi for rent,2026-05-30 13:28:31,Jiji
Asokoro,5,100000000.0,Duplex,Detached Duplex,5bdrm Duplex in Asokoro for rent,2026-05-30 13:28:31,Jiji
Jahi,4,18000000.0,Duplex,Terraced Duplex,4bdrm Townhouse / Terrace in Jahi Glimo for rent,2026-05-30 13:28:31,Jiji
Wuye,4,20000000.0,Duplex,Terraced Duplex,4bdrm Townhouse / Terrace in Wuye for rent,2026-05-30 13:28:31,Jiji
Asokoro,5,45000000.0,Duplex,Detached Duplex,5bdrm Duplex in Asokoro for rent,2026-05-30 13:28:36,Jiji
Jahi,3,8500000.0,Apartment,Apartment,3bdrm Block of Flats in Jahi for rent,2026-05-30 13:28:36,Jiji
Jabi,4,35000000.0,Duplex,Detached Duplex,"Furnished 4bdrm Duplex in Nugget, Jabi for rent",2026-05-30 13:28:36,Jiji
Mabushi,4,15000000.0,Duplex,Detached Duplex,"4bdrm Duplex in Nugget, Mabushi for rent",2026-05-30 13:28:36,Jiji
Jahi,4,16000000.0,Duplex,Terraced Duplex,4bdrm Townhouse / Terrace in Jahi for rent,2026-05-30 13:28:36,Jiji
Jabi,2,7000000.0,Apartment,Apartment,2bdrm Apartment in Jabi for rent,2026-05-30 13:28:36,Jiji
Jahi,5,18000000.0,Duplex,Terraced Duplex,5bdrm Townhouse / Terrace in Jahi Gilmore for rent,2026-05-30 13:28:36,Jiji
Gwarinpa,1,1500000.0,Apartment,Self Contain,"Studio Apartment in Efab Verizon, Gwarinpa for rent",2026-05-30 13:28:36,Jiji
Jahi,1,7000000.0,Apartment,Apartment,1bdrm Apartment in Jahi for rent,2026-05-30 13:28:36,Jiji
Jahi,4,25000000.0,Duplex,Terraced Duplex,4bdrm Townhouse / Terrace in Jahi for rent,2026-05-30 13:28:36,Jiji
Jahi,3,10000000.0,Apartment,Apartment,"3bdrm Block of Flats in Fortune Estate, Jahi for rent",2026-05-30 13:28:36,Jiji
Kubwa,3,6000000.0,Duplex,Terraced Duplex,"3bdrm Townhouse / Terrace in Dantata Estate, Kubwa for rent",2026-05-30 13:28:36,Jiji
Kubwa,1,2300000.0,Apartment,Apartment,"1bdrm Block of Flats in Fo1, Kubwa for rent",2026-05-30 13:28:36,Jiji
Gwarinpa,5,15000000.0,Duplex,Detached Duplex,"5bdrm Duplex in Jahi Gilmore,Fct, Gwarinpa for rent",2026-05-30 13:28:36,Jiji
Jahi,4,20000000.0,Duplex,Detached Duplex,"4bdrm Duplex in Jahi Gilmore,Fct for rent",2026-05-30 13:28:36,Jiji
Gwarinpa,5,18000000.0,House,House,"5bdrm Mansion in Efab Metropolitan, Gwarinpa for rent",2026-05-30 13:28:36,Jiji
Jabi,6,60000000.0,Duplex,Detached Duplex,6bdrm Duplex in Jabi for rent,2026-05-30 13:28:36,Jiji
Maitama,6,100000000.0,Duplex,Detached Duplex,6bdrm Duplex in Maitama for rent,2026-05-30 13:28:36,Jiji
Gwarinpa,4,15000000.0,Duplex,Detached Duplex,"4bdrm Duplex in Gwarimpa Estate By, Gwarinpa for rent",2026-05-30 13:28:42,Jiji
Mabushi,4,20000000.0,Duplex,Detached Duplex,4bdrm Duplex in Mabushi for rent,2026-05-30 13:28:42,Jiji
Utako,4,30000000.0,Duplex,Detached Duplex,Furnished 4bdrm Duplex in Utako for rent,2026-05-30 13:28:42,Jiji
Jabi,3,12000000.0,Apartment,Apartment,3bdrm Apartment in Jabi for rent,2026-05-30 13:28:42,Jiji
Jahi,4,15000000.0,Duplex,Terraced Duplex,4bdrm Townhouse / Terrace in Jahi for rent,2026-05-30 13:28:42,Jiji
Asokoro,5,25000000.0,Duplex,Terraced Duplex,5bdrm Townhouse / Terrace in Asokoro Main for rent,2026-05-30 13:28:42,Jiji
Wuye,3,8000000.0,Apartment,Apartment,"3bdrm Block of Flats in E, Wuye for rent",2026-05-30 13:28:42,Jiji
Maitama,1,5000000.0,House,House,1bdrm Room & Parlour in Maitama for rent,2026-05-30 13:28:42,Jiji
Gwarinpa,1,658750.0,Apartment,Self Contain,Furnished Studio Apartment in Gwarinpa for rent,2026-05-30 13:28:42,Jiji
Wuye,5,30000000.0,Duplex,Terraced Duplex,5bdrm Townhouse / Terrace in Wuye for rent,2026-05-30 13:28:42,Jiji
Gwarinpa,1,790500.0,Apartment,Self Contain,Furnished Studio Apartment in Gwarinpa for rent,2026-05-30 13:28:42,Jiji
Jabi,3,7000000.0,Apartment,Apartment,3bdrm Apartment in Jabi for rent,2026-05-30 13:28:42,Jiji
Asokoro,3,50000000.0,Duplex,Detached Duplex,"Furnished 3bdrm Duplex in Aso Villa, Asokoro for rent",2026-05-30 13:28:42,Jiji
Mabushi,4,12000000.0,House,House,4bdrm Penthouse in Mabushi for rent,2026-05-30 13:28:42,Jiji
Maitama,5,65000000.0,Duplex,Detached Duplex,5bdrm Duplex in Maitama for rent,2026-05-30 13:28:42,Jiji
Mabushi,4,15000000.0,Duplex,Terraced Duplex,4bdrm Townhouse / Terrace in Mabushi for rent,2026-05-30 13:28:42,Jiji
Jahi,2,7000000.0,Apartment,Apartment,2bdrm Apartment in Jahi for rent,2026-05-30 13:28:42,Jiji
Mabushi,3,10000000.0,Apartment,Apartment,3bdrm Apartment in Mabushi for rent,2026-05-30 13:28:49,Jiji
Wuye,1,7000000.0,Apartment,Apartment,1bdrm Apartment in Wuye for rent,2026-05-30 13:28:49,Jiji
Karmo,4,6000000.0,Duplex,Terraced Duplex,4bdrm Townhouse / Terrace in Karmo for rent,2026-05-30 13:28:49,Jiji
Wuye,2,15000000.0,Apartment,Apartment,Furnished 2bdrm Apartment in Wuye for rent,2026-05-30 13:28:49,Jiji
Maitama,4,20000000.0,House,House,4bdrm Bungalow in Maitama for rent,2026-05-30 13:28:49,Jiji
Jahi,3,144000000.0,Apartment,Apartment,3bdrm Block of Flats in Jahi Gilmore for rent,2026-05-30 13:28:49,Jiji
Gaduwa,2,3500000.0,Apartment,Apartment,2bdrm Block of Flats in Gaduwa for rent,2026-05-30 13:28:49,Jiji
Jahi,4,15000000.0,Duplex,Detached Duplex,4bdrm Duplex in Jahi for rent,2026-05-30 13:28:49,Jiji
Jahi,20,72000000.0,Apartment,Apartment,20bdrm Block of Flats in Jahi for rent,2026-05-30 13:28:49,Jiji
Mabushi,4,15000000.0,Duplex,Detached Duplex,"4bdrm Duplex in Nugget, Mabushi for rent",2026-05-30 13:28:49,Jiji
Wuye,4,25000000.0,Duplex,Terraced Duplex,4bdrm Townhouse / Terrace in Wuye for rent,2026-05-30 13:28:49,Jiji
Life Camp,2,5000000.0,Apartment,Apartment,"2bdrm Block of Flats in Paradise, Life Camp for rent",2026-05-30 13:28:49,Jiji
Jahi,4,15000000.0,Duplex,Terraced Duplex,4bdrm Townhouse / Terrace in Jahi Gilmore for rent,2026-05-30 13:28:49,Jiji
Life Camp,2,6000000.0,Apartment,Apartment,2bdrm Apartment in Life Camp for rent,2026-05-30 13:28:49,Jiji
Jahi,2,8000000.0,Apartment,Apartment,"2bdrm Block of Flats in Fortune Estate, Jahi for rent",2026-05-30 13:28:49,Jiji
Jahi,5,20000000.0,Duplex,Detached Duplex,Furnished 5bdrm Duplex in Jahi for rent,2026-05-30 13:28:56,Jiji
Asokoro,2,15000000.0,Apartment,Apartment,Furnished 2bdrm Block of Flats in Asokoro for rent,2026-05-30 13:28:56,Jiji
Gwarinpa,4,13000000.0,Duplex,Detached Duplex,"4bdrm Duplex in Mabeglober Estate, Gwarinpa for rent",2026-05-30 13:28:56,Jiji
Galadimawa,4,8000000.0,Duplex,Detached Duplex,"Furnished 4bdrm Duplex in Levi Estate, Galadimawa for rent",2026-05-30 13:28:56,Jiji
Gwarinpa,4,12000000.0,Duplex,Detached Duplex,"4bdrm Duplex in Gwarimpa Estate, Gwarinpa for rent",2026-05-30 13:28:56,Jiji
Maitama,4,75000000.0,Duplex,Terraced Duplex,4bdrm Townhouse / Terrace in Maitama for rent,2026-05-30 13:28:56,Jiji
Kado,6,18000000.0,House,House,6bdrm Bungalow in Kado for rent,2026-05-30 13:28:56,Jiji
Wuye,2,6500000.0,Apartment,Apartment,2bdrm Block of Flats in Wuye for rent,2026-05-30 13:28:56,Jiji
Mabushi,4,12000000.0,Duplex,Detached Duplex,4bdrm Duplex in Mabushi for rent,2026-05-30 13:28:56,Jiji
Mabushi,4,25000000.0,Duplex,Detached Duplex,4bdrm Duplex in Mabushi for rent,2026-05-30 13:28:56,Jiji
Jahi,3,72000000.0,Apartment,Apartment,3bdrm Block of Flats in Jahi for rent,2026-05-30 13:28:56,Jiji
Wuye,4,15000000.0,Duplex,Detached Duplex,4bdrm Duplex in Wuye for rent,2026-05-30 13:28:56,Jiji
Maitama,7,100000000.0,Duplex,Detached Duplex,7bdrm Duplex in Maitama for rent,2026-05-30 13:28:56,Jiji
Maitama,10,250000000.0,Duplex,Detached Duplex,10bdrm Duplex in Maitama District for rent,2026-05-30 13:28:56,Jiji
Mabushi,1,3500000.0,Apartment,Self Contain,Studio Apartment in Mabushi for rent,2026-05-30 13:28:56,Jiji
Jahi,3,10000000.0,Duplex,Terraced Duplex,3bdrm Townhouse / Terrace in Jahi for rent,2026-05-30 13:28:56,Jiji
Jahi,3,7500000.0,Apartment,Apartment,3bdrm Apartment in Jahi for rent,2026-05-30 13:29:04,Jiji
Life Camp,2,6500000.0,Apartment,Apartment,"2bdrm Block of Flats in Bilaad Estate, Life Camp for rent",2026-05-30 13:29:04,Jiji
Gwarinpa,2,4200000.0,Apartment,Apartment,"2bdrm Block of Flats in Justice Estate, Gwarinpa for rent",2026-05-30 13:29:04,Jiji
Asokoro,3,23000000.0,Apartment,Apartment,3bdrm Apartment in Asokoro for rent,2026-05-30 13:29:04,Jiji
Maitama,6,80000000.0,Duplex,Detached Duplex,6bdrm Duplex in Maitama for rent,2026-05-30 13:29:04,Jiji
Jahi,2,9000000.0,Apartment,Apartment,"2bdrm Block of Flats in Jahi Gilmore,Fct for rent",2026-05-30 13:29:04,Jiji
Kubwa,1,2500000.0,Apartment,Apartment,"1bdrm Block of Flats in Fo1, Kubwa for rent",2026-05-30 13:29:04,Jiji
Gwarinpa,4,16000000.0,Duplex,Detached Duplex,"4bdrm Duplex in Gwarimpa Estate By, Gwarinpa for rent",2026-05-30 13:29:04,Jiji
Gwarinpa,3,15000000.0,Duplex,Detached Duplex,"Furnished 3bdrm Duplex in Gwarimpa Extension, Gwarinpa for rent",2026-05-30 13:29:04,Jiji
Life Camp,3,10000000.0,Duplex,Detached Duplex,3bdrm Duplex in Life Camp for rent,2026-05-30 13:29:04,Jiji
Jahi,3,20000000.0,Apartment,Apartment,Furnished 3bdrm Block of Flats in Jahi for rent,2026-05-30 13:29:04,Jiji
Mabushi,4,15000000.0,Duplex,Detached Duplex,"4bdrm Duplex in Nugget, Mabushi for rent",2026-05-30 13:29:04,Jiji
Mabushi,4,15000000.0,Duplex,Detached Duplex,"4bdrm Duplex in Nugget, Mabushi for rent",2026-05-30 13:29:09,Jiji
Jahi,5,16000000.0,Duplex,Detached Duplex,5bdrm Duplex in Jahi Gilmore Fct for rent,2026-05-30 13:29:09,Jiji
Gwarinpa,4,10000000.0,House,House,"4bdrm Bungalow in Gwarimpa Extension, Gwarinpa for rent",2026-05-30 13:29:09,Jiji
Life Camp,2,6000000.0,Apartment,Apartment,2bdrm Apartment in Life Camp for rent,2026-05-30 13:29:09,Jiji
Katampe,5,25000000.0,Duplex,Detached Duplex,"5bdrm Duplex in Nuggy, Katampe for rent",2026-05-30 13:29:09,Jiji
Jahi,4,15000000.0,Duplex,Terraced Duplex,4bdrm Townhouse / Terrace in Jahi for rent,2026-05-30 13:29:09,Jiji
Wuye,2,6500000.0,Apartment,Apartment,2bdrm Block of Flats in Wuye for rent,2026-05-30 13:29:09,Jiji
Mabushi,4,12000000.0,Duplex,Detached Duplex,4bdrm Duplex in Mabushi for rent,2026-05-30 13:29:09,Jiji
Kado,1,2000000.0,Apartment,Apartment,1bdrm Apartment in Kado for rent,2026-05-30 13:29:09,Jiji
Jabi,3,7000000.0,Apartment,Apartment,3bdrm Apartment in Jabi for rent,2026-05-30 13:29:09,Jiji
Wuye,4,15000000.0,Duplex,Detached Duplex,4bdrm Duplex in Wuye District for rent,2026-05-30 13:29:09,Jiji
Durumi,3,15000000.0,Duplex,Detached Duplex,3bdrm Duplex in Durumi District for rent,2026-05-30 13:29:09,Jiji
Maitama,6,80000000.0,Duplex,Detached Duplex,6bdrm Duplex in Maitama for rent,2026-05-30 13:29:09,Jiji
Durumi,2,6000000.0,Apartment,Apartment,2bdrm Block of Flats in Durumi for rent,2026-05-30 13:29:09,Jiji
Gwarinpa,4,11000000.0,Duplex,Detached Duplex,"4bdrm Duplex in Gwarimpa Estate,Fct, Gwarinpa for rent",2026-05-30 13:29:17,Jiji
Jahi,4,15000000.0,Duplex,Detached Duplex,"4bdrm Duplex in Jahi Gilmore,Very for rent",2026-05-30 13:29:17,Jiji
Jabi,2,20000000.0,Apartment,Apartment,Furnished 2bdrm Block of Flats in Jabi for rent,2026-05-30 13:29:17,Jiji
Kado,5,30000000.0,Duplex,Terraced Duplex,5bdrm Townhouse / Terrace in Kado District for rent,2026-05-30 13:29:17,Jiji
Asokoro,5,25000000.0,Duplex,Detached Duplex,5bdrm Duplex in Asokoro for rent,2026-05-30 13:29:17,Jiji
Maitama,3,20000000.0,Duplex,Terraced Duplex,"3bdrm Townhouse / Terrace in Main Maita, Maitama for rent",2026-05-30 13:29:17,Jiji
Wuye,1,7300000.0,Apartment,Apartment,Furnished 1bdrm Apartment in Wuye for rent,2026-05-30 13:29:17,Jiji
Maitama,7,50000000.0,Duplex,Detached Duplex,7bdrm Duplex in Maitama for rent,2026-05-30 13:29:17,Jiji
Mabushi,4,12000000.0,Duplex,Detached Duplex,4bdrm Duplex in Mabushi for rent,2026-05-30 13:29:17,Jiji
Durumi,3,5000000.0,Apartment,Apartment,3bdrm Block of Flats in Durumi for rent,2026-05-30 13:29:17,Jiji
Jahi,3,12500000.0,Apartment,Apartment,3bdrm Block of Flats in Jahi for rent,2026-05-30 13:29:17,Jiji
Jahi,3,8500000.0,Apartment,Apartment,3bdrm Block of Flats in Jahi for rent,2026-05-30 13:29:17,Jiji
Mabushi,4,13000000.0,Duplex,Terraced Duplex,4bdrm Townhouse / Terrace in Mabushi for rent,2026-05-30 13:29:25,Jiji
Jahi,2,7000000.0,Apartment,Apartment,2bdrm Apartment in Jahi for rent,2026-05-30 13:29:25,Jiji
Life Camp,2,8800000.0,Apartment,Apartment,Furnished 2bdrm Block of Flats in Brains & Hammers for rent,2026-05-30 13:29:25,Jiji
Kubwa,2,3500000.0,Apartment,Apartment,"2bdrm Block of Flats in Fo1, Kubwa for rent",2026-05-30 13:29:25,Jiji
Gwarinpa,3,5500000.0,Duplex,Terraced Duplex,"3bdrm Townhouse / Terrace in Belham, Gwarinpa for rent",2026-05-30 13:29:25,Jiji
Kubwa,2,3000000.0,Apartment,Apartment,"2bdrm Block of Flats in Fo1, Kubwa for rent",2026-05-30 13:29:25,Jiji
Jabi,3,5500000.0,Apartment,Apartment,3bdrm Block of Flats in Main Jabi By Fcmb for rent,2026-05-30 13:29:25,Jiji
Kado,4,20000000.0,Duplex,Detached Duplex,4bdrm Duplex in Kado Before Life for rent,2026-05-30 13:29:25,Jiji
Gwarinpa,4,15000000.0,Duplex,Detached Duplex,"4bdrm Duplex in Gwarimpa Estate By, Gwarinpa for rent",2026-05-30 13:29:25,Jiji
Gwarinpa,4,11000000.0,Duplex,Detached Duplex,"4bdrm Duplex in Gwarimpa, Gwarinpa for rent",2026-05-30 13:29:25,Jiji
Jahi,3,15000000.0,Apartment,Apartment,3bdrm Apartment in Jahi Gilmore for rent,2026-05-30 13:29:25,Jiji
Wuye,4,15000000.0,Duplex,Terraced Duplex,4bdrm Townhouse / Terrace in Main Wuye for rent,2026-05-30 13:29:25,Jiji
Jabi,3,7000000.0,Apartment,Apartment,3bdrm Apartment in Jabi for rent,2026-05-30 13:29:25,Jiji
Asokoro,6,45000000.0,Duplex,Detached Duplex,6bdrm Duplex in Asokoro District for rent,2026-05-30 13:29:32,Jiji
Wuye,4,25000000.0,Duplex,Terraced Duplex,4bdrm Townhouse / Terrace in Wuye Main for rent,2026-05-30 13:29:32,Jiji
Jahi,4,20000000.0,Duplex,Detached Duplex,4bdrm Duplex in Jahi for rent,2026-05-30 13:29:32,Jiji
Life Camp,4,16000000.0,Duplex,Detached Duplex,4bdrm Duplex in Life Camp for rent,2026-05-30 13:29:32,Jiji
Mabushi,3,7000000.0,Apartment,Apartment,3bdrm Block of Flats in Mabushi for rent,2026-05-30 13:29:32,Jiji
Jahi,3,10000000.0,Apartment,Apartment,"Furnished 3bdrm Block of Flats in Gilmo, Jahi for rent",2026-05-30 13:29:32,Jiji
Wuye,4,20000000.0,Apartment,Apartment,4bdrm Apartment in Wuye for rent,2026-05-30 13:29:32,Jiji
Idu,2,6000000.0,Apartment,Apartment,Furnished 2bdrm Apartment in Main Idu for rent,2026-05-30 13:29:32,Jiji
Jahi,5,18000000.0,Duplex,Terraced Duplex,5bdrm Townhouse / Terrace in Jahi Gilmore for rent,2026-05-30 13:29:32,Jiji
Jahi,3,12500000.0,Apartment,Apartment,3bdrm Block of Flats in Jahi for rent,2026-05-30 13:29:32,Jiji
Durumi,3,9000000.0,Apartment,Apartment,"3bdrm Block of Flats in Durunmi, Durumi for rent",2026-05-30 13:29:32,Jiji
Kubwa,3,6000000.0,Duplex,Terraced Duplex,"3bdrm Townhouse / Terrace in Dantata Estate, Kubwa for rent",2026-05-30 13:29:32,Jiji
Jahi,4,15000000.0,Duplex,Detached Duplex,"4bdrm Duplex in Jahi Gilmore,Very for rent",2026-05-30 13:29:37,Jiji
Jahi,3,15000000.0,Apartment,Apartment,3bdrm Apartment in Jahi Gilmore for rent,2026-05-30 13:29:37,Jiji
Lokogoma,1,550000.0,House,House,1bdrm Bungalow in Lokogoma for rent,2026-05-30 13:29:37,Jiji
Maitama,2,15000000.0,Apartment,Apartment,2bdrm Apartment in Maitama District for rent,2026-05-30 13:29:37,Jiji
Utako,4,18000000.0,Duplex,Detached Duplex,4bdrm Duplex in Utako District for rent,2026-05-30 13:29:37,Jiji
Mabushi,3,7000000.0,Apartment,Apartment,3bdrm Apartment in Mabushi for rent,2026-05-30 13:29:37,Jiji
Life Camp,6,35000000.0,Duplex,Detached Duplex,6bdrm Duplex in Life Camp for rent,2026-05-30 13:29:37,Jiji
Wuye,1,7300000.0,Apartment,Apartment,Furnished 1bdrm Apartment in Wuye for rent,2026-05-30 13:29:37,Jiji
Durumi,4,12000000.0,Duplex,Detached Duplex,4bdrm Duplex in Durumi for rent,2026-05-30 13:29:37,Jiji
Mabushi,4,13000000.0,Duplex,Terraced Duplex,4bdrm Townhouse / Terrace in Mabushi for rent,2026-05-30 13:29:37,Jiji
Jahi,4,15000000.0,Duplex,Terraced Duplex,4bdrm Townhouse / Terrace in Jahi for rent,2026-05-30 13:29:37,Jiji
Gwarinpa,3,11000000.0,Duplex,Terraced Duplex,"Furnished 3bdrm Townhouse / Terrace in Belham Estate, Gwarinpa for rent",2026-05-30 13:29:37,Jiji
Wuye,3,170000000.0,Apartment,Apartment,3bdrm Apartment in Wuye for rent,2026-05-30 13:29:37,Jiji
Gwarinpa,4,15000000.0,Duplex,Detached Duplex,"4bdrm Duplex in Gwarimpa Estate Fct, Gwarinpa for rent",2026-05-30 13:29:37,Jiji
Wuye,4,20000000.0,Apartment,Apartment,4bdrm Apartment in Wuye for rent,2026-05-30 13:29:45,Jiji
Jabi,1,16500000.0,Apartment,Apartment,1bdrm Apartment in Jabi Main for rent,2026-05-30 13:29:45,Jiji
Mabushi,4,17000000.0,Duplex,Detached Duplex,4bdrm Duplex in Mabushi District for rent,2026-05-30 13:29:45,Jiji
Maitama,4,90000000.0,Duplex,Terraced Duplex,Furnished 4bdrm Townhouse / Terrace in Maitama District for rent,2026-05-30 13:29:45,Jiji
Jahi,3,10000000.0,Duplex,Terraced Duplex,3bdrm Townhouse / Terrace in Jahi for rent,2026-05-30 13:29:45,Jiji
Gudu,3,8000000.0,Apartment,Apartment,3bdrm Block of Flats in Gudu for rent,2026-05-30 13:29:45,Jiji
Durumi,5,10000000.0,Duplex,Detached Duplex,5bdrm Duplex in Durumi for rent,2026-05-30 13:29:45,Jiji
Jahi,3,10000000.0,Apartment,Apartment,3bdrm Block of Flats in Jahi for rent,2026-05-30 13:29:45,Jiji
Jahi,3,10000000.0,Apartment,Apartment,Furnished 3bdrm Block of Flats in Jahi for rent,2026-05-30 13:29:45,Jiji
Mabushi,4,15000000.0,Duplex,Terraced Duplex,4bdrm Townhouse / Terrace in Mabushi for rent,2026-05-30 13:29:45,Jiji
Kubwa,2,3500000.0,Apartment,Apartment,2bdrm Block of Flats in Kubwa for rent,2026-05-30 13:29:45,Jiji
Jahi,5,17000000.0,Duplex,Detached Duplex,"5bdrm Duplex in Jahi Gilmore,Fct for rent",2026-05-30 13:29:45,Jiji
Idu,2,4000000.0,Apartment,Apartment,2bdrm Block of Flats in Idu Main for rent,2026-05-30 13:29:45,Jiji
Gwarinpa,3,10000000.0,Duplex,Detached Duplex,"3bdrm Duplex in Gwarimpa Estate,Fct, Gwarinpa for rent",2026-05-30 13:29:45,Jiji
Jahi,5,16000000.0,Duplex,Detached Duplex,5bdrm Duplex in Jahi Gilmore Fct for rent,2026-05-30 13:29:45,Jiji
Mabushi,4,12000000.0,Duplex,Detached Duplex,4bdrm Duplex in Mabushi for rent,2026-05-30 13:29:45,Jiji
Jahi,3,10000000.0,Apartment,Apartment,"Furnished 3bdrm Block of Flats in Gilmo, Jahi for rent",2026-05-30 13:29:56,Jiji
Kubwa,2,5000000.0,Apartment,Apartment,"2bdrm Block of Flats in Fo1, Kubwa for rent",2026-05-30 13:29:56,Jiji
Kubwa,4,8000000.0,Duplex,Detached Duplex,4bdrm Duplex in Kubwa for rent,2026-05-30 13:29:56,Jiji
Jahi,1,2000000.0,Apartment,Apartment,"1bdrm Apartment in Banana Island, Jahi for rent",2026-05-30 13:29:56,Jiji
Gwarinpa,4,9000000.0,Duplex,Terraced Duplex,"4bdrm Townhouse / Terrace in Off 3Rd Avenue, Gwarinpa for rent",2026-05-30 13:29:56,Jiji
Jahi,2,6500000.0,Apartment,Apartment,2bdrm Block of Flats in Jahi Glimo for rent,2026-05-30 13:29:56,Jiji
Life Camp,5,15000000.0,Duplex,Detached Duplex,"Furnished 5bdrm Duplex in Trem Church, Life Camp for rent",2026-05-30 13:29:56,Jiji
Gwarinpa,5,14000000.0,Duplex,Detached Duplex,"5bdrm Duplex in Gwarimpa Estate By, Gwarinpa for rent",2026-05-30 13:29:56,Jiji
Gwarinpa,4,10000000.0,House,House,"4bdrm Bungalow in Gwarimpa, Gwarinpa for rent",2026-05-30 13:29:56,Jiji
Jahi,4,20000000.0,Duplex,Detached Duplex,"4bdrm Duplex in Jahi Gilmore,Fct for rent",2026-05-30 13:29:56,Jiji
Life Camp,2,5000000.0,Apartment,Apartment,2bdrm Apartment in Lifecamp for rent,2026-05-30 13:29:56,Jiji
Katampe,4,14000000.0,Duplex,Terraced Duplex,4bdrm Townhouse / Terrace in Katampe Main for rent,2026-05-30 13:29:56,Jiji
Asokoro,3,75000000.0,Apartment,Apartment,Furnished 3bdrm Apartment in Main Asokoro for rent,2026-05-30 13:29:56,Jiji
Life Camp,6,25000000.0,House,House,6bdrm House in Life Camp for rent,2026-05-30 13:29:56,Jiji
Maitama,4,20000000.0,House,House,4bdrm Bungalow in Maitama for rent,2026-05-30 13:29:56,Jiji
Kaura,2,7500000.0,Apartment,Apartment,2bdrm Block of Flats in Kaura for rent,2026-05-30 13:29:56,Jiji
Gaduwa,4,10000000.0,Duplex,Detached Duplex,4bdrm Duplex in Gaduwa for rent,2026-05-30 13:29:56,Jiji
Life Camp,3,6000000.0,House,House,3bdrm Bungalow in Life Camp for rent,2026-05-30 13:29:56,Jiji
Gwarinpa,5,12000000.0,Duplex,Detached Duplex,"5bdrm Duplex in Harmony Estate, Gwarinpa for rent",2026-05-30 13:29:56,Jiji
Gwarinpa,4,11000000.0,Duplex,Detached Duplex,"4bdrm Duplex in Gwarimpa, Gwarinpa for rent",2026-05-30 13:30:04,Jiji
Jabi,3,68250000.0,Apartment,Apartment,Furnished 3bdrm Apartment in Jabi By Lakeview for rent,2026-05-30 13:30:04,Jiji
Wuye,4,25000000.0,Duplex,Detached Duplex,4bdrm Duplex in Main Wuye for rent,2026-05-30 13:30:04,Jiji
Galadimawa,4,8000000.0,Duplex,Detached Duplex,"Furnished 4bdrm Duplex in Levi Estate, Galadimawa for rent",2026-05-30 13:30:04,Jiji
Maitama,2,48000000.0,Apartment,Apartment,Furnished 2bdrm Apartment in Maitama for rent,2026-05-30 13:30:04,Jiji
Wuye,5,30000000.0,Duplex,Detached Duplex,5bdrm Duplex in Wuye for rent,2026-05-30 13:30:04,Jiji
Maitama,3,20000000.0,Apartment,Apartment,3bdrm Apartment in Maitama for rent,2026-05-30 13:30:04,Jiji
Jahi,3,9000000.0,Apartment,Apartment,3bdrm Apartment in Jahi for rent,2026-05-30 13:30:04,Jiji
Durumi,3,5000000.0,Apartment,Apartment,3bdrm Block of Flats in Durumi for rent,2026-05-30 13:30:04,Jiji
Kubwa,2,3000000.0,Apartment,Apartment,"2bdrm Block of Flats in Fo1, Kubwa for rent",2026-05-30 13:30:04,Jiji
Mabushi,4,15000000.0,Duplex,Terraced Duplex,4bdrm Townhouse / Terrace in Mabushi for rent,2026-05-30 13:30:04,Jiji
Jabi,3,5500000.0,Apartment,Apartment,3bdrm Block of Flats in Main Jabi By Fcmb for rent,2026-05-30 13:30:04,Jiji
Jahi,3,8500000.0,Apartment,Apartment,3bdrm Apartment in Jahi Gilmore for rent,2026-05-30 13:30:04,Jiji
Kubwa,3,4000000.0,Apartment,Apartment,"3bdrm Block of Flats in Extension 3, Kubwa for rent",2026-05-30 13:30:04,Jiji
Jahi,4,15000000.0,Duplex,Detached Duplex,4bdrm Duplex in Jahi Gilmore Fct for rent,2026-05-30 13:30:04,Jiji
Gwarinpa,5,18000000.0,Duplex,Detached Duplex,"5bdrm Duplex in Gwarimpa Estate, Gwarinpa for rent",2026-05-30 13:30:04,Jiji
Jahi,3,8500000.0,Apartment,Apartment,3bdrm Block of Flats in Jahi for rent,2026-05-30 13:30:04,Jiji
Asokoro,3,35000000.0,Apartment,Apartment,3bdrm Block of Flats in Asokoro for rent,2026-05-30 13:30:04,Jiji
Maitama,5,60000000.0,Duplex,Detached Duplex,5bdrm Duplex in Maitama for rent,2026-05-30 13:30:12,Jiji
Maitama,4,77500000.0,Duplex,Detached Duplex,4bdrm Duplex in Maitama for rent,2026-05-30 13:30:12,Jiji
Galadimawa,4,8000000.0,Duplex,Detached Duplex,"Furnished 4bdrm Duplex in Levi Estate, Galadimawa for rent",2026-05-30 13:30:12,Jiji
Durumi,3,8000000.0,Apartment,Apartment,3bdrm Block of Flats in Durumi for rent,2026-05-30 13:30:12,Jiji
Kubwa,3,5000000.0,Apartment,Apartment,"3bdrm Block of Flats in Fo1, Kubwa for rent",2026-05-30 13:30:12,Jiji
Life Camp,5,15000000.0,Duplex,Detached Duplex,"Furnished 5bdrm Duplex in Trem Church, Life Camp for rent",2026-05-30 13:30:12,Jiji
Kubwa,2,2500000.0,Apartment,Apartment,"2bdrm Apartment in F14, Kubwa for rent",2026-05-30 13:30:12,Jiji
Gwarinpa,3,9000000.0,House,House,"3bdrm Bungalow in Efab Queen Estate By, Gwarinpa for rent",2026-05-30 13:30:12,Jiji
Gwarinpa,4,13000000.0,Duplex,Detached Duplex,"4bdrm Duplex in Mabeglober Estate, Gwarinpa for rent",2026-05-30 13:30:12,Jiji
Asokoro,3,20000000.0,House,House,Furnished 3bdrm Farm House in Naf Valley Asokoro for rent,2026-05-30 13:30:12,Jiji
Maitama,10,250000000.0,Duplex,Detached Duplex,10bdrm Duplex in Maitama District for rent,2026-05-30 13:30:12,Jiji
Asokoro,3,50000000.0,Duplex,Detached Duplex,"Furnished 3bdrm Duplex in Aso Villa, Asokoro for rent",2026-05-30 13:30:12,Jiji
Jahi,4,20000000.0,Duplex,Detached Duplex,4bdrm Duplex in Jahi for rent,2026-05-30 13:30:12,Jiji
Mabushi,4,15000000.0,Duplex,Terraced Duplex,4bdrm Townhouse / Terrace in Mabushi for rent,2026-05-30 13:30:12,Jiji
Kaura,2,7500000.0,Apartment,Apartment,2bdrm Block of Flats in Kaura for rent,2026-05-30 13:30:12,Jiji
Life Camp,3,6000000.0,House,House,3bdrm Bungalow in Life Camp for rent,2026-05-30 13:30:12,Jiji
Gaduwa,4,10000000.0,Duplex,Detached Duplex,4bdrm Duplex in Gaduwa for rent,2026-05-30 13:30:12,Jiji
Durumi,4,12000000.0,Duplex,Detached Duplex,4bdrm Duplex in Durumi for rent,2026-05-30 13:30:20,Jiji
Maitama,3,200000000.0,Apartment,Apartment,3bdrm Block of Flats in Maitama for rent,2026-05-30 13:30:20,Jiji
Life Camp,6,25000000.0,House,House,6bdrm House in Life Camp for rent,2026-05-30 13:30:20,Jiji
Jabi,3,12000000.0,Apartment,Apartment,3bdrm Apartment in Jabi for rent,2026-05-30 13:30:20,Jiji
Jabi,4,60000000.0,House,House,Furnished 4bdrm House in Jabi for rent,2026-05-30 13:30:20,Jiji
Kubwa,2,3500000.0,Apartment,Apartment,2bdrm Block of Flats in Kubwa for rent,2026-05-30 13:30:20,Jiji
Life Camp,2,6000000.0,Apartment,Apartment,"2bdrm Block of Flats in Paradise Estate, Life Camp for rent",2026-05-30 13:30:20,Jiji
Jahi,5,17000000.0,Duplex,Detached Duplex,"5bdrm Duplex in Jahi Gilmore,Fct for rent",2026-05-30 13:30:20,Jiji
Wuye,10,65000000.0,Duplex,Detached Duplex,10bdrm Duplex in Wuye for rent,2026-05-30 13:30:20,Jiji
Wuye,6,60000000.0,Duplex,Detached Duplex,"6bdrm Duplex in Asokoro District, Wuye for rent",2026-05-30 13:30:20,Jiji
Utako,2,18000000.0,House,House,Furnished 2bdrm Bedsitter in Main Utako for rent,2026-05-30 13:30:20,Jiji
Durumi,4,12000000.0,Duplex,Detached Duplex,4bdrm Duplex in Durumi for rent,2026-05-30 13:30:20,Jiji
Maitama,5,60000000.0,Duplex,Detached Duplex,5bdrm Duplex in Maitama for rent,2026-05-30 13:30:20,Jiji
Jahi,4,20000000.0,Duplex,Detached Duplex,4bdrm Duplex in Jahi for rent,2026-05-30 13:30:20,Jiji
Kubwa,2,3500000.0,Apartment,Apartment,"2bdrm Block of Flats in Fo1, Kubwa for rent",2026-05-30 13:30:20,Jiji
Kubwa,2,3500000.0,Apartment,Apartment,"2bdrm Block of Flats in Fo1, Kubwa for rent",2026-05-30 13:30:29,Jiji
Jahi,1,1200000.0,Apartment,Apartment,Furnished 1bdrm Apartment in Jahi for rent,2026-05-30 13:30:29,Jiji
Kado,4,20000000.0,Duplex,Detached Duplex,4bdrm Duplex in Kado Before Life for rent,2026-05-30 13:30:29,Jiji
Asokoro,5,25000000.0,Duplex,Detached Duplex,5bdrm Duplex in Asokoro for rent,2026-05-30 13:30:29,Jiji
Maitama,3,20000000.0,Duplex,Terraced Duplex,"3bdrm Townhouse / Terrace in Main Maita, Maitama for rent",2026-05-30 13:30:29,Jiji
Jabi,4,25000000.0,Duplex,Detached Duplex,4bdrm Duplex in Jabi Main for rent,2026-05-30 13:30:29,Jiji
Durumi,2,6000000.0,Apartment,Apartment,2bdrm Block of Flats in Durumi for rent,2026-05-30 13:30:29,Jiji
Durumi,4,12000000.0,Duplex,Detached Duplex,4bdrm Duplex in Durumi for rent,2026-05-30 13:30:29,Jiji
Kubwa,2,3000000.0,Apartment,Apartment,"2bdrm Block of Flats in Fo1, Kubwa for rent",2026-05-30 13:30:29,Jiji
Jabi,3,68250000.0,Apartment,Apartment,Furnished 3bdrm Apartment in Jabi By Lakeview for rent,2026-05-30 13:30:29,Jiji
Durumi,4,12000000.0,Duplex,Detached Duplex,4bdrm Duplex in Durumi for rent,2026-05-30 13:30:29,Jiji
Maitama,3,200000000.0,Apartment,Apartment,3bdrm Block of Flats in Maitama for rent,2026-05-30 13:30:29,Jiji
Life Camp,6,25000000.0,House,House,6bdrm House in Life Camp for rent,2026-05-30 13:30:29,Jiji
Gwarinpa,5,12000000.0,Duplex,Detached Duplex,"5bdrm Duplex in Harmony Estate, Gwarinpa for rent",2026-05-30 13:30:38,Jiji
Mabushi,1,3500000.0,Apartment,Self Contain,Studio Apartment in Mabushi for rent,2026-05-30 13:30:38,Jiji
Jabi,3,18000000.0,Duplex,Detached Duplex,Furnished 3bdrm Duplex in Jabi District for rent,2026-05-30 13:30:38,Jiji
Utako,1,2000000.0,Apartment,Self Contain,Studio Apartment in Utako for rent,2026-05-30 13:30:38,Jiji
Life Camp,2,5000000.0,Apartment,Apartment,2bdrm Apartment in Lifecamp for rent,2026-05-30 13:30:38,Jiji
Jabi,2,60000000.0,Apartment,Apartment,2bdrm Block of Flats in Jabi for rent,2026-05-30 13:30:38,Jiji
Durumi,3,8000000.0,Apartment,Apartment,3bdrm Block of Flats in Durumi for rent,2026-05-30 13:30:38,Jiji
Maitama,3,45500000.0,Apartment,Apartment,Furnished 3bdrm Apartment in Maitama for rent,2026-05-30 13:30:38,Jiji
Asokoro,6,75000000.0,Duplex,Detached Duplex,6bdrm Duplex in Asokoro for rent,2026-05-30 13:30:38,Jiji
Katampe,4,14000000.0,Duplex,Terraced Duplex,4bdrm Townhouse / Terrace in Katampe Main for rent,2026-05-30 13:30:38,Jiji
Kado,5,20000000.0,Duplex,Detached Duplex,5bdrm Duplex in Kado By Lake View for rent,2026-05-30 13:30:38,Jiji
Jabi,4,22000000.0,Duplex,Detached Duplex,"4bdrm Duplex in Life Camp Closed To, Jabi for rent",2026-05-30 13:30:38,Jiji
Life Camp,3,10000000.0,House,House,3bdrm Farm House in Life Camp After for rent,2026-05-30 13:30:38,Jiji
Life Camp,1,10500000.0,Apartment,Apartment,1bdrm Apartment in Life Camp for rent,2026-05-30 13:30:38,Jiji
Utako,5,30000000.0,Duplex,Terraced Duplex,"5bdrm Townhouse / Terrace in Main Wuye, Utako for rent",2026-05-30 13:30:38,Jiji
Mabushi,2,120000000.0,Apartment,Apartment,2bdrm Apartment in Mabushi Close To for rent,2026-05-30 13:30:38,Jiji
Asokoro,12,60000000.0,Duplex,Detached Duplex,12bdrm Duplex in Main Asokoro for rent,2026-05-30 13:30:38,Jiji
Wuye,4,120000000.0,Duplex,Terraced Duplex,4bdrm Townhouse / Terrace in Main Wuye for rent,2026-05-30 13:30:38,Jiji
Maitama,1,15000000.0,Apartment,Apartment,Furnished 1bdrm Apartment in Maitama Main for rent,2026-05-30 13:30:45,Jiji
Wuye,3,20000000.0,Apartment,Apartment,3bdrm Apartment in Wuye District for rent,2026-05-30 13:30:45,Jiji
Life Camp,3,5000000.0,Apartment,Apartment,3bdrm Apartment in Luxiar Apartments for rent,2026-05-30 13:30:45,Jiji
Maitama,3,30000000.0,Apartment,Apartment,3bdrm Apartment in Maitama District for rent,2026-05-30 13:30:45,Jiji
Maitama,2,22000000.0,House,House,Furnished 2bdrm Bungalow in Main Maitama for rent,2026-05-30 13:30:45,Jiji
Wuye,4,25000000.0,Duplex,Terraced Duplex,4bdrm Townhouse / Terrace in Wuye Main for rent,2026-05-30 13:30:45,Jiji
Utako,6,40000000.0,Duplex,Detached Duplex,6bdrm Duplex in Utako for rent,2026-05-30 13:30:45,Jiji
Maitama,3,112000000.0,Duplex,Detached Duplex,Furnished 3bdrm Duplex in Maitama District for rent,2026-05-30 13:30:45,Jiji
Wuye,4,15000000.0,Duplex,Terraced Duplex,4bdrm Townhouse / Terrace in Wuye for rent,2026-05-30 13:30:45,Jiji
Life Camp,3,8000000.0,Apartment,Apartment,3bdrm Apartment in Life Camp By Air for rent,2026-05-30 13:30:45,Jiji
Maitama,3,180000000.0,Apartment,Apartment,3bdrm Apartment in Maitama District for rent,2026-05-30 13:30:45,Jiji
Utako,3,8500000.0,Apartment,Apartment,3bdrm Apartment in Utako District for rent,2026-05-30 13:30:45,Jiji
Wuye,3,10000000.0,Apartment,Apartment,3bdrm Apartment in Wuye District for rent,2026-05-30 13:30:45,Jiji
Jabi,3,22000000.0,Duplex,Terraced Duplex,3bdrm Townhouse / Terrace in Main Jabi for rent,2026-05-30 13:30:45,Jiji
Life Camp,4,15000000.0,Duplex,Detached Duplex,4bdrm Duplex in Jabi Life Camp for rent,2026-05-30 13:30:45,Jiji
Maitama,2,15000000.0,House,House,2bdrm Bungalow in Maitama for rent,2026-05-30 13:30:45,Jiji
Jabi,2,22000000.0,Apartment,Apartment,Furnished 2bdrm Apartment in Main Jabi for rent,2026-05-30 13:30:45,Jiji
Utako,3,8500000.0,Apartment,Apartment,3bdrm Apartment in Utako District for rent,2026-05-30 13:30:54,Jiji
Wuye,3,10000000.0,Apartment,Apartment,3bdrm Apartment in Wuye District for rent,2026-05-30 13:30:54,Jiji
Jabi,3,22000000.0,Duplex,Terraced Duplex,3bdrm Townhouse / Terrace in Main Jabi for rent,2026-05-30 13:30:54,Jiji
Jabi,3,15000000.0,Duplex,Detached Duplex,3bdrm Duplex in Jabi for rent,2026-05-30 13:30:54,Jiji
Life Camp,4,15000000.0,Duplex,Detached Duplex,4bdrm Duplex in Jabi Life Camp for rent,2026-05-30 13:30:54,Jiji
Jabi,2,22000000.0,Apartment,Apartment,Furnished 2bdrm Apartment in Main Jabi for rent,2026-05-30 13:30:54,Jiji
Maitama,2,15000000.0,House,House,2bdrm Bungalow in Maitama for rent,2026-05-30 13:30:54,Jiji
Maitama,2,25000000.0,Apartment,Apartment,2bdrm Apartment in Main Maitama for rent,2026-05-30 13:30:54,Jiji
Maitama,5,140000000.0,Duplex,Detached Duplex,5bdrm Duplex in Maitama District for rent,2026-05-30 13:30:54,Jiji
Jabi,4,22000000.0,Duplex,Terraced Duplex,4bdrm Townhouse / Terrace in Main Jabi for rent,2026-05-30 13:30:54,Jiji
Jahi,2,8000000.0,Apartment,Apartment,2bdrm Apartment in Jahi Gimoh for rent,2026-05-30 13:30:54,Jiji
Jabi,2,160000000.0,Apartment,Apartment,Furnished 2bdrm Apartment in Jabi for rent,2026-05-30 13:30:54,Jiji
Wuye,3,13000000.0,Apartment,Apartment,3bdrm Apartment in Main Wuye for rent,2026-05-30 13:30:54,Jiji
Wuye,4,25000000.0,Duplex,Terraced Duplex,4bdrm Townhouse / Terrace in Wuye District for rent,2026-05-30 13:30:54,Jiji
Wuye,3,15000000.0,Duplex,Terraced Duplex,3bdrm Townhouse / Terrace in Wuye District for rent,2026-05-30 13:30:54,Jiji
Wuye,3,10000000.0,Apartment,Apartment,3bdrm Apartment in Wuye District for rent,2026-05-30 13:30:54,Jiji
Wuye,3,10000000.0,Apartment,Apartment,3bdrm Apartment in Main  Wuye for rent,2026-05-30 13:30:54,Jiji
Life Camp,4,15000000.0,Duplex,Detached Duplex,4bdrm Duplex in Life Camp for rent,2026-05-30 13:30:54,Jiji
Jahi,3,72000000.0,Apartment,Apartment,3bdrm Apartment in Main Jahi for rent,2026-05-30 13:30:54,Jiji
Jabi,4,180000000.0,House,House,4bdrm Bedsitter in Jabi District for rent,2026-05-30 13:30:54,Jiji
Maitama,3,180000000.0,Apartment,Apartment,3bdrm Apartment in Maitama District for rent,2026-05-30 13:30:54,Jiji
Gudu,3,65000000.0,House,House,3bdrm House in Gudu for rent,2026-05-30 13:31:02,Jiji
Gwarinpa,4,17000000.0,Duplex,Detached Duplex,"4bdrm Duplex in Gwarimpa Estate Fct, Gwarinpa for rent",2026-05-30 13:31:02,Jiji
Kubwa,1,1200000.0,Apartment,Self Contain,"Furnished Studio Apartment in F01, Kubwa for rent",2026-05-30 13:31:02,Jiji
Kubwa,4,7500000.0,Duplex,Detached Duplex,"Furnished 4bdrm Duplex in F01, Kubwa for rent",2026-05-30 13:31:02,Jiji
Jabi,4,180000000.0,House,House,4bdrm Bedsitter in Jabi District for rent,2026-05-30 13:31:02,Jiji
Mabushi,5,200000000.0,Duplex,Detached Duplex,5bdrm Duplex in Mabushi Close To for rent,2026-05-30 13:31:02,Jiji
Asokoro,3,35000000.0,Apartment,Apartment,3bdrm Block of Flats in Asokoro for rent,2026-05-30 13:31:02,Jiji
Maitama,3,180000000.0,Apartment,Apartment,3bdrm Apartment in Maitama District for rent,2026-05-30 13:31:02,Jiji
Asokoro,2,26000000.0,Apartment,Apartment,Furnished 2bdrm Apartment in Asokoro for rent,2026-05-30 13:31:02,Jiji
Wuye,5,30000000.0,Duplex,Detached Duplex,5bdrm Duplex in Wuye for rent,2026-05-30 13:31:02,Jiji
Life Camp,2,6000000.0,Apartment,Apartment,"2bdrm Block of Flats in Paradise Estate, Life Camp for rent",2026-05-30 13:31:02,Jiji
Life Camp,3,10000000.0,Duplex,Detached Duplex,3bdrm Duplex in Life Camp for rent,2026-05-30 13:31:09,Jiji
Mabushi,4,15000000.0,Duplex,Terraced Duplex,4bdrm Townhouse / Terrace in Mabushi for rent,2026-05-30 13:31:09,Jiji
Jahi,3,20000000.0,Apartment,Apartment,Furnished 3bdrm Block of Flats in Jahi for rent,2026-05-30 13:31:09,Jiji
Galadimawa,4,10000000.0,Duplex,Detached Duplex,4bdrm Duplex in Galadimawa for rent,2026-05-30 13:31:09,Jiji
Wuye,6,25000000.0,Duplex,Detached Duplex,"Furnished 6bdrm Duplex in Jessy Street, Wuye for rent",2026-05-30 13:31:09,Jiji
Jahi,3,15000000.0,Apartment,Apartment,3bdrm Apartment in Jahi Gilmore for rent,2026-05-30 13:31:09,Jiji
Maitama,5,44999999.0,Duplex,Detached Duplex,5bdrm Duplex in Maitama for rent,2026-05-30 13:31:09,Jiji
Jahi,3,10000000.0,Apartment,Apartment,"Furnished 3bdrm Block of Flats in Gilmo, Jahi for rent",2026-05-30 13:31:09,Jiji
Katampe,4,25000000.0,Duplex,Terraced Duplex,4bdrm Townhouse / Terrace in Katampe for rent,2026-05-30 13:31:09,Jiji
Gwarinpa,1,3450000.0,Apartment,Self Contain,Furnished Studio Apartment in Gwarinpa for rent,2026-05-30 13:31:09,Jiji
Wuye,4,25000000.0,Duplex,Terraced Duplex,4bdrm Townhouse / Terrace in Wuye for rent,2026-05-30 13:31:09,Jiji
Kaura,3,5000000.0,Apartment,Apartment,3bdrm Block of Flats in Kaura for rent,2026-05-30 13:31:09,Jiji
Maitama,3,25000000.0,Apartment,Apartment,Furnished 3bdrm Apartment in Maitama for rent,2026-05-30 13:31:09,Jiji
Mabushi,4,20000000.0,Duplex,Detached Duplex,4bdrm Duplex in Mabushi for rent,2026-05-30 13:31:15,Jiji
Maitama,3,25000000.0,Duplex,Detached Duplex,"Furnished 3bdrm Duplex in Wikki Estate, Maitama for rent",2026-05-30 13:31:15,Jiji
Katampe,5,25000000.0,Duplex,Detached Duplex,"5bdrm Duplex in Nuggy, Katampe for rent",2026-05-30 13:31:15,Jiji
Wuye,3,150000000.0,Apartment,Apartment,3bdrm Apartment in Wuye for rent,2026-05-30 13:31:15,Jiji
Maitama,5,50000000.0,Duplex,Detached Duplex,Furnished 5bdrm Duplex in Maitama for rent,2026-05-30 13:31:15,Jiji
Asokoro,4,18000000.0,Duplex,Detached Duplex,"4bdrm Duplex in Naf Valley Estate, Asokoro for rent",2026-05-30 13:31:15,Jiji
Kado,4,19999999.0,Duplex,Terraced Duplex,4bdrm Townhouse / Terrace in Kado for rent,2026-05-30 13:31:15,Jiji
Life Camp,1,3000000.0,House,House,1bdrm Room & Parlour in After Berger Clinic for rent,2026-05-30 13:31:15,Jiji
Durumi,4,12000000.0,Duplex,Detached Duplex,4bdrm Duplex in Durumi for rent,2026-05-30 13:31:15,Jiji
Maitama,1,5000000.0,House,House,1bdrm Room & Parlour in Maitama for rent,2026-05-30 13:31:15,Jiji
Wuye,2,6500000.0,Apartment,Apartment,2bdrm Block of Flats in Wuye for rent,2026-05-30 13:31:15,Jiji
Jahi,2,22000000.0,Apartment,Apartment,Furnished 2bdrm Apartment in Jahi for rent,2026-05-30 13:31:15,Jiji
Gwarinpa,5,10000000.0,Duplex,Detached Duplex,"5bdrm Duplex in Orange Estate Off, Gwarinpa for rent",2026-05-30 13:31:15,Jiji
Mabushi,4,15000000.0,Duplex,Detached Duplex,4bdrm Duplex in Mabushi for rent,2026-05-30 13:31:15,Jiji
Jahi,4,13000000.0,Duplex,Detached Duplex,"4bdrm Duplex in Grace Bovlevard, Jahi for rent",2026-05-30 13:31:22,Jiji
Durumi,4,12000000.0,Duplex,Detached Duplex,4bdrm Duplex in Durumi for rent,2026-05-30 13:31:22,Jiji
Mabushi,2,8000000.0,Apartment,Apartment,2bdrm Apartment in Mabushi Abuja for rent,2026-05-30 13:31:22,Jiji
Maitama,6,100000000.0,Duplex,Detached Duplex,6bdrm Duplex in Maitama for rent,2026-05-30 13:31:22,Jiji
Gwarinpa,1,790500.0,Apartment,Self Contain,Furnished Studio Apartment in Gwarinpa for rent,2026-05-30 13:31:22,Jiji
Maitama,3,200000000.0,Apartment,Apartment,3bdrm Block of Flats in Maitama for rent,2026-05-30 13:31:22,Jiji
Utako,3,15000000.0,Duplex,Detached Duplex,3bdrm Duplex in Utako for rent,2026-05-30 13:31:22,Jiji
Maitama,4,40000000.0,Duplex,Terraced Duplex,Furnished 4bdrm Townhouse / Terrace in Maitama for rent,2026-05-30 13:31:22,Jiji
Wuye,2,15000000.0,Apartment,Apartment,Furnished 2bdrm Block of Flats in Wuye for rent,2026-05-30 13:31:22,Jiji
Kubwa,4,9000000.0,Duplex,Detached Duplex,Furnished 4bdrm Duplex in Hill View Community for rent,2026-05-30 13:31:22,Jiji
Jabi,3,200000000.0,Apartment,Apartment,3bdrm Apartment in Jabi for rent,2026-05-30 13:31:22,Jiji
Maitama,5,28000000.0,Duplex,Detached Duplex,5bdrm Duplex in Maitama for rent,2026-05-30 13:31:22,Jiji
Life Camp,1,3500000.0,House,House,"1bdrm Room & Parlour in Gwarimpa 6Th Avenue, Life Camp for rent",2026-05-30 13:31:22,Jiji
Life Camp,1,2000000.0,Apartment,Apartment,"Mini Flat in Gwarimpa Extension, Life Camp for rent",2026-05-30 13:31:22,Jiji
Asokoro,4,28000000.0,Duplex,Detached Duplex,4bdrm Duplex in Asokoro Fct for rent,2026-05-30 13:31:22,Jiji
Wuye,4,18000000.0,Duplex,Detached Duplex,4bdrm Duplex in Wuye for rent,2026-05-30 13:31:22,Jiji
Asokoro,2,5000000.0,Apartment,Apartment,2bdrm Block of Flats in Asokoro for rent,2026-05-30 13:31:27,Jiji
Life Camp,1,3500000.0,House,House,"1bdrm Room & Parlour in Gwarimpa 6Th Avenue, Life Camp for rent",2026-05-30 13:31:27,Jiji
Life Camp,1,2000000.0,Apartment,Apartment,"Mini Flat in Gwarimpa Extension, Life Camp for rent",2026-05-30 13:31:27,Jiji
Asokoro,7,150000000.0,Duplex,Detached Duplex,Furnished 7bdrm Duplex in Asokoro for rent,2026-05-30 13:31:27,Jiji
Jabi,2,42000000.0,Apartment,Apartment,Furnished 2bdrm Block of Flats in Jabi for rent,2026-05-30 13:31:27,Jiji
Jabi,3,48000000.0,Apartment,Apartment,Furnished 3bdrm Block of Flats in Jabi for rent,2026-05-30 13:31:27,Jiji
Jabi,5,60000000.0,Duplex,Detached Duplex,5bdrm Duplex in Jabi for rent,2026-05-30 13:31:27,Jiji
Maitama,3,45000000.0,Duplex,Terraced Duplex,3bdrm Townhouse / Terrace in Maitama for rent,2026-05-30 13:31:27,Jiji
Mabushi,4,15000000.0,Apartment,Apartment,4bdrm Block of Flats in Mabushi for rent,2026-05-30 13:31:27,Jiji
Wuye,4,20000000.0,Duplex,Detached Duplex,Furnished 4bdrm Duplex in Wuye for rent,2026-05-30 13:31:27,Jiji
Idu,3,6000000.0,Apartment,Apartment,3bdrm Apartment in Idu for rent,2026-05-30 13:31:27,Jiji
Kubwa,2,2500000.0,House,House,2bdrm Bungalow in Kubwa for rent,2026-05-30 13:31:27,Jiji
Jahi,5,17000000.0,Duplex,Detached Duplex,"5bdrm Duplex in Jahi Gilmore,Fct for rent",2026-05-30 13:31:27,Jiji
Gwarinpa,3,10000000.0,Duplex,Detached Duplex,"3bdrm Duplex in Gwarimpa Estate,Fct, Gwarinpa for rent",2026-05-30 13:31:27,Jiji
Idu,2,4000000.0,Apartment,Apartment,2bdrm Block of Flats in Idu Main for rent,2026-05-30 13:31:27,Jiji
Mabushi,1,7000000.0,Apartment,Apartment,Furnished 1bdrm Block of Flats in Mabushi for rent,2026-05-30 13:31:27,Jiji
Kubwa,4,5000000.0,Duplex,Detached Duplex,"Furnished 4bdrm Duplex in F01, Kubwa for rent",2026-05-30 13:31:27,Jiji
Jahi,4,15000000.0,Duplex,Detached Duplex,4bdrm Duplex in Jahi Gilmore Very for rent,2026-05-30 13:31:33,Jiji
Life Camp,4,15000000.0,Duplex,Detached Duplex,4bdrm Duplex in Jabi Life Camp for rent,2026-05-30 13:31:33,Jiji
Jabi,2,22000000.0,Apartment,Apartment,Furnished 2bdrm Apartment in Main Jabi for rent,2026-05-30 13:31:33,Jiji
Jahi,2,12000000.0,Apartment,Apartment,Furnished 2bdrm Apartment in Jahi Gilmore for rent,2026-05-30 13:31:33,Jiji
Jahi,2,7000000.0,Apartment,Apartment,2bdrm Apartment in Main Jahi for rent,2026-05-30 13:31:33,Jiji
Asokoro,4,25000000.0,Duplex,Terraced Duplex,4bdrm Townhouse / Terrace in Asokoro for rent,2026-05-30 13:31:33,Jiji
Maitama,4,25000000.0,Duplex,Terraced Duplex,4bdrm Townhouse / Terrace in Maitama for rent,2026-05-30 13:31:33,Jiji
Life Camp,2,6000000.0,Apartment,Apartment,2bdrm Block of Flats in Life  Camp  Estate for rent,2026-05-30 13:31:33,Jiji
Jabi,2,160000000.0,Apartment,Apartment,Furnished 2bdrm Apartment in Jabi for rent,2026-05-30 13:31:33,Jiji
Wuye,3,10500000.0,Apartment,Apartment,3bdrm Block of Flats in Main Wuye for rent,2026-05-30 13:31:33,Jiji
Kubwa,2,4000000.0,Apartment,Apartment,"Furnished 2bdrm Block of Flats in F01, Kubwa for rent",2026-05-30 13:31:33,Jiji
Galadimawa,4,8000000.0,Duplex,Detached Duplex,"Furnished 4bdrm Duplex in Spring Boulevard, Galadimawa for rent",2026-05-30 13:31:33,Jiji
Kubwa,2,3500000.0,Apartment,Apartment,"Furnished 2bdrm Block of Flats in F01, Kubwa for rent",2026-05-30 13:31:33,Jiji
Life Camp,2,9000000.0,Apartment,Apartment,Furnished 2bdrm Apartment in Lifecamp for rent,2026-05-30 13:31:33,Jiji
Asokoro,4,25000000.0,Duplex,Detached Duplex,4bdrm Duplex in Asokoro for rent,2026-05-30 13:31:39,Jiji
Maitama,4,50000000.0,Duplex,Terraced Duplex,Furnished 4bdrm Townhouse / Terrace in Maitama for rent,2026-05-30 13:31:39,Jiji
Maitama,1,27000000.0,Apartment,Apartment,Furnished 1bdrm Apartment in Maitama for rent,2026-05-30 13:31:39,Jiji
Maitama,4,30000000.0,Duplex,Terraced Duplex,4bdrm Townhouse / Terrace in Maitama for rent,2026-05-30 13:31:39,Jiji
Kado,3,18000000.0,House,House,Furnished 3bdrm Bungalow in Kado Estate Phase 1 for rent,2026-05-30 13:31:39,Jiji
Maitama,7,100000000.0,Duplex,Detached Duplex,7bdrm Duplex in Maitama for rent,2026-05-30 13:31:39,Jiji
Wuye,2,15000000.0,Apartment,Apartment,Furnished 2bdrm Block of Flats in Wuye for rent,2026-05-30 13:31:39,Jiji
Wuye,4,18000000.0,Duplex,Detached Duplex,4bdrm Duplex in Wuye for rent,2026-05-30 13:31:39,Jiji
Asokoro,2,10000000.0,House,House,"2bdrm Bungalow in Abuja, Asokoro for rent",2026-05-30 13:31:39,Jiji
Asokoro,7,150000000.0,Duplex,Detached Duplex,Furnished 7bdrm Duplex in Asokoro for rent,2026-05-30 13:31:39,Jiji
Asokoro,1,3500000.0,House,House,1bdrm Bungalow in Asokoro for rent,2026-05-30 13:31:39,Jiji
Karu,1,800000.0,Apartment,Apartment,1bdrm Apartment in Karu for rent,2026-05-30 13:31:39,Jiji
Karu,1,400000.0,Apartment,Self Contain,Studio Apartment in Karu for rent,2026-05-30 13:31:39,Jiji
Karu,1,350000.0,Apartment,Self Contain,Studio Apartment in Karu for rent,2026-05-30 13:31:39,Jiji
Utako,1,5000000.0,Apartment,Apartment,1bdrm Block of Flats in Utako for rent,2026-05-30 13:31:44,Jiji
Kubwa,2,3500000.0,Apartment,Apartment,"2bdrm Block of Flats in Fo1, Kubwa for rent",2026-05-30 13:31:44,Jiji
Kubwa,2,5000000.0,Apartment,Apartment,"2bdrm Block of Flats in Fo1, Kubwa for rent",2026-05-30 13:31:44,Jiji
Kaura,3,6000000.0,House,House,"Furnished 3bdrm Bungalow in Valley City Estate, Kaura for rent",2026-05-30 13:31:44,Jiji
Durumi,1,3000000.0,Apartment,Apartment,"1bdrm Apartment in Swan Street, Durumi for rent",2026-05-30 13:31:44,Jiji
Kado,4,20000000.0,Duplex,Terraced Duplex,4bdrm Townhouse / Terrace in Kado for rent,2026-05-30 13:31:44,Jiji
Kado,6,18000000.0,House,House,6bdrm Bungalow in Kado for rent,2026-05-30 13:31:44,Jiji
Jahi,2,9000000.0,Apartment,Apartment,2bdrm Apartment in Jahi Gilmore for rent,2026-05-30 13:31:44,Jiji
Wuye,2,6500000.0,Apartment,Apartment,2bdrm Block of Flats in Wuye for rent,2026-05-30 13:31:44,Jiji
Gaduwa,3,4500000.0,Apartment,Apartment,"Furnished 3bdrm Apartment in Mustapha Crescent, Gaduwa for rent",2026-05-30 13:31:44,Jiji
Maitama,4,45000000.0,Apartment,Apartment,4bdrm Block of Flats in Maitama Property for rent,2026-05-30 13:31:44,Jiji
Gwarinpa,5,14000000.0,Duplex,Detached Duplex,"5bdrm Duplex in Gwarimpa Estate By, Gwarinpa for rent",2026-05-30 13:31:44,Jiji
Maitama,4,25000000.0,Duplex,Detached Duplex,4bdrm Duplex in Maitama Property for rent,2026-05-30 13:31:44,Jiji
Jahi,4,20000000.0,Duplex,Detached Duplex,"4bdrm Duplex in Jahi Gilmore,Fct for rent",2026-05-30 13:31:44,Jiji
Asokoro,4,27000000.0,Duplex,Terraced Duplex,4bdrm Townhouse / Terrace in Asokoro for rent,2026-05-30 13:31:44,Jiji
Gwarinpa,5,18000000.0,House,House,"5bdrm Mansion in Efab Metropolitan, Gwarinpa for rent",2026-05-30 13:31:44,Jiji
Kubwa,3,6500000.0,Apartment,Apartment,"Furnished 3bdrm Block of Flats in Fo1, Kubwa for rent",2026-05-30 13:31:44,Jiji
Asokoro,4,17000000.0,Duplex,Detached Duplex,4bdrm Duplex in Asokoro for rent,2026-05-30 13:31:44,Jiji
Maitama,3,180000000.0,Apartment,Apartment,3bdrm Apartment in Maitama District for rent,2026-05-30 13:31:50,Jiji
Kaura,3,6500000.0,Apartment,Apartment,"Furnished 3bdrm Apartment in Mustapha Street, Kaura for rent",2026-05-30 13:31:50,Jiji
Galadimawa,4,10000000.0,Duplex,Detached Duplex,4bdrm Duplex in Galadimawa for rent,2026-05-30 13:31:50,Jiji
Asokoro,1,4500000.0,House,House,"1bdrm Bungalow in Naf Valley Estate, Asokoro for rent",2026-05-30 13:31:50,Jiji
Maitama,4,30000000.0,Duplex,Detached Duplex,4bdrm Duplex in Maitama for rent,2026-05-30 13:31:50,Jiji
Asokoro,2,6000000.0,Apartment,Apartment,2bdrm Block of Flats in Asokoro for rent,2026-05-30 13:31:50,Jiji
Karu,1,800000.0,Apartment,Apartment,1bdrm Apartment in Karu for rent,2026-05-30 13:31:50,Jiji
Karu,1,1200000.0,Apartment,Apartment,1bdrm Apartment in Karu for rent,2026-05-30 13:31:50,Jiji
Karu,3,2000000.0,House,House,3bdrm Bungalow in Karu for rent,2026-05-30 13:31:50,Jiji
Maitama,3,45000000.0,Duplex,Terraced Duplex,3bdrm Townhouse / Terrace in Maitama for rent,2026-05-30 13:31:50,Jiji
Gwarinpa,3,8000000.0,House,House,"3bdrm Bungalow in Efab Verizon, Gwarinpa for rent",2026-05-30 13:31:50,Jiji
Jahi,4,15000000.0,Duplex,Detached Duplex,"4bdrm Duplex in Jahi Gilmore,Very for rent",2026-05-30 13:31:50,Jiji
Gwarinpa,4,15000000.0,Duplex,Detached Duplex,"4bdrm Duplex in Gwarimpa Estate Fct, Gwarinpa for rent",2026-05-30 13:31:50,Jiji
Idu,5,350000000.0,Duplex,Detached Duplex,"5bdrm Duplex in In A Private Estate, Idu for rent",2026-05-30 13:31:50,Jiji
Kubwa,2,4000000.0,Apartment,Apartment,"2bdrm Block of Flats in Main Fo1, Kubwa for rent",2026-05-30 13:31:57,Jiji
Gwarinpa,3,12000000.0,House,House,"3bdrm Bungalow in Efab Queen, Gwarinpa for rent",2026-05-30 13:31:57,Jiji
Kubwa,2,4500000.0,Duplex,Terraced Duplex,"2bdrm Townhouse / Terrace in Fo1, Kubwa for rent",2026-05-30 13:31:57,Jiji
Maitama,4,40000000.0,Duplex,Terraced Duplex,4bdrm Townhouse / Terrace in Maitama for rent,2026-05-30 13:31:57,Jiji
Life Camp,2,6000000.0,Apartment,Apartment,2bdrm Block of Flats in Life  Camp  Estate for rent,2026-05-30 13:31:57,Jiji
Kaura,3,6500000.0,Apartment,Apartment,"Furnished 3bdrm Apartment in Mustapha Street, Kaura for rent",2026-05-30 13:31:57,Jiji
Wuye,6,25000000.0,Duplex,Detached Duplex,"Furnished 6bdrm Duplex in Jessy Street, Wuye for rent",2026-05-30 13:31:57,Jiji
Maitama,1,5500000.0,Apartment,Apartment,1bdrm Block of Flats in Maitama for rent,2026-05-30 13:31:57,Jiji
Life Camp,3,7500000.0,Duplex,Detached Duplex,3bdrm Duplex in Life Camp for rent,2026-05-30 13:31:57,Jiji
Asokoro,2,10000000.0,Apartment,Apartment,2bdrm Apartment in Asokoro for rent,2026-05-30 13:31:57,Jiji
Karu,1,1350000.0,Apartment,Apartment,1bdrm Apartment in Nurses Estate City for rent,2026-05-30 13:31:57,Jiji
Karu,1,700000.0,House,House,1bdrm Room & Parlour in Karu for rent,2026-05-30 13:31:57,Jiji
Karu,1,1200000.0,Apartment,Apartment,"1bdrm Apartment in Nurses Estate, Karu for rent",2026-05-30 13:31:57,Jiji
Maitama,5,60000000.0,Duplex,Detached Duplex,5bdrm Duplex in Maitama for rent,2026-05-30 13:31:57,Jiji
Jahi,3,75000000.0,Apartment,Apartment,3bdrm Block of Flats in Jahi for rent,2026-05-30 13:31:57,Jiji
Karu,2,5000000.0,Apartment,Apartment,2bdrm Block of Flats in Karu for rent,2026-05-30 13:32:05,Jiji
Jahi,3,8500000.0,Apartment,Apartment,3bdrm Block of Flats in Jahi for rent,2026-05-30 13:32:05,Jiji
Kubwa,2,3500000.0,Apartment,Apartment,"2bdrm Block of Flats in Fo1, Kubwa for rent",2026-05-30 13:32:05,Jiji
Gwarinpa,3,12000000.0,House,House,"3bdrm Bungalow in Efab Queen Estate, Gwarinpa for rent",2026-05-30 13:32:05,Jiji
Katampe,4,15000000.0,Duplex,Detached Duplex,4bdrm Duplex in Katampe for rent,2026-05-30 13:32:05,Jiji
Gwarinpa,4,11000000.0,Duplex,Detached Duplex,"4bdrm Duplex in Gwarimpa Estate Fct, Gwarinpa for rent",2026-05-30 13:32:05,Jiji
Asokoro,6,65000000.0,Duplex,Detached Duplex,6bdrm Duplex in Asokoro Property for rent,2026-05-30 13:32:05,Jiji
Kubwa,2,4000000.0,Apartment,Apartment,"2bdrm Block of Flats in Main Fo1, Kubwa for rent",2026-05-30 13:32:05,Jiji
Lokogoma,2,4000000.0,Apartment,Apartment,"Furnished 2bdrm Block of Flats in Pries Estate, Lokogoma for rent",2026-05-30 13:32:05,Jiji
Idu,3,9000000.0,Apartment,Apartment,Furnished 3bdrm Apartment in Idu for rent,2026-05-30 13:32:05,Jiji
Jahi,3,10000000.0,Apartment,Apartment,3bdrm Block of Flats in Jahi Gilmore for rent,2026-05-30 13:32:05,Jiji
Wuye,3,10000000.0,Apartment,Apartment,3bdrm Apartment in Wuye for rent,2026-05-30 13:32:05,Jiji
Jahi,3,14000000.0,Apartment,Apartment,Furnished 3bdrm Apartment in Jahi Furnished for rent,2026-05-30 13:32:05,Jiji
Wuye,4,25000000.0,Duplex,Terraced Duplex,4bdrm Townhouse / Terrace in Wuye for rent,2026-05-30 13:32:05,Jiji
Maitama,2,30000000.0,Apartment,Apartment,Furnished 2bdrm Block of Flats in Maitama Estate for rent,2026-05-30 13:32:05,Jiji
Wuye,3,9000000.0,Apartment,Apartment,"3bdrm Apartment in Kings Street, Wuye for rent",2026-05-30 13:32:05,Jiji
Kaura,4,18000000.0,Duplex,Detached Duplex,"4bdrm Duplex in Games Village, Kaura for rent",2026-05-30 13:32:05,Jiji
Asokoro,1,3000000.0,Apartment,Self Contain,Studio Apartment in Asokoro for rent,2026-05-30 13:32:05,Jiji
Maitama,5,65000000.0,Duplex,Detached Duplex,5bdrm Duplex in Maitama for rent,2026-05-30 13:32:05,Jiji
Karu,1,1500000.0,Apartment,Apartment,"1bdrm Apartment in Nurses Estate Phase, Karu for rent",2026-05-30 13:32:11,Jiji
Jahi,3,10000000.0,Apartment,Apartment,3bdrm Block of Flats in Jahi for rent,2026-05-30 13:32:11,Jiji
Jahi,3,18000000.0,Duplex,Terraced Duplex,3bdrm Townhouse / Terrace in Jahi for rent,2026-05-30 13:32:11,Jiji
Gwarinpa,3,15000000.0,Duplex,Detached Duplex,"Furnished 3bdrm Duplex in Gwarimpa Extension, Gwarinpa for rent",2026-05-30 13:32:11,Jiji
Kubwa,2,3000000.0,Apartment,Apartment,"2bdrm Block of Flats in Non, Kubwa for rent",2026-05-30 13:32:11,Jiji
Gwarinpa,4,11000000.0,Duplex,Detached Duplex,"4bdrm Duplex in Gwarimpa Estate,Fct, Gwarinpa for rent",2026-05-30 13:32:11,Jiji
Jahi,4,15000000.0,Duplex,Detached Duplex,"4bdrm Duplex in Jahi Gilmore,Very for rent",2026-05-30 13:32:11,Jiji
Utako,4,17000000.0,Duplex,Terraced Duplex,Furnished 4bdrm Townhouse / Terrace in Utako for rent,2026-05-30 13:32:11,Jiji
Maitama,3,13500000.0,Apartment,Apartment,Furnished 3bdrm Block of Flats in Maitama Apartment for rent,2026-05-30 13:32:11,Jiji
Galadimawa,3,7000000.0,Duplex,Detached Duplex,"3bdrm Duplex in Grace Valley Estate, Galadimawa for rent",2026-05-30 13:32:11,Jiji
Gaduwa,3,4500000.0,Apartment,Apartment,"Furnished 3bdrm Apartment in Mustapha Crescent, Gaduwa for rent",2026-05-30 13:32:11,Jiji
Asokoro,4,25000000.0,Duplex,Detached Duplex,"4bdrm Duplex in Naf Valley Estate, Asokoro for rent",2026-05-30 13:32:11,Jiji
Asokoro,2,6000000.0,Apartment,Apartment,2bdrm Block of Flats in Asokoro for rent,2026-05-30 13:32:11,Jiji
Karu,1,500000.0,Apartment,Apartment,1bdrm Apartment in Karu for rent,2026-05-30 13:32:11,Jiji
Jabi,2,6000000.0,Apartment,Apartment,2bdrm Block of Flats in Jabi for rent,2026-05-30 13:32:16,Jiji
Karu,1,650000.0,House,House,1bdrm Room & Parlour in Karu for rent,2026-05-30 13:32:16,Jiji
Asokoro,4,15000000.0,Duplex,Detached Duplex,4bdrm Duplex in Asokoro for rent,2026-05-30 13:32:16,Jiji
Karu,1,700000.0,House,House,1bdrm Room & Parlour in Karu for rent,2026-05-30 13:32:16,Jiji
Karu,1,800000.0,Apartment,Apartment,1bdrm Apartment in Karu for rent,2026-05-30 13:32:16,Jiji
Kaura,3,6500000.0,Apartment,Apartment,"Furnished 3bdrm Apartment in Mustapha Street, Kaura for rent",2026-05-30 13:32:16,Jiji
Jahi,3,8500000.0,Apartment,Apartment,3bdrm Block of Flats in Jahi for rent,2026-05-30 13:32:16,Jiji
Asokoro,8,70000000.0,Duplex,Detached Duplex,8bdrm Duplex in Asokoro for rent,2026-05-30 13:32:16,Jiji
Kubwa,2,3500000.0,Apartment,Apartment,2bdrm Block of Flats in Kubwa for rent,2026-05-30 13:32:16,Jiji
Kubwa,2,5000000.0,Apartment,Apartment,"2bdrm Block of Flats in Fo1, Kubwa for rent",2026-05-30 13:32:16,Jiji
Life Camp,3,68000000.0,Apartment,Apartment,3bdrm Block of Flats in Life Camp Abuja for rent,2026-05-30 13:32:16,Jiji
Life Camp,3,7500000.0,Apartment,Apartment,3bdrm Apartment in Life Camp for rent,2026-05-30 13:32:16,Jiji
Jabi,3,35000000.0,Apartment,Apartment,Furnished 3bdrm Apartment in Jabi for rent,2026-05-30 13:32:16,Jiji
Idu,3,9000000.0,Apartment,Apartment,Furnished 3bdrm Apartment in Idu for rent,2026-05-30 13:32:16,Jiji
Life Camp,5,14000000.0,Duplex,Detached Duplex,5bdrm Duplex in Life Camp Tarred for rent,2026-05-30 13:32:16,Jiji
Jahi,3,14000000.0,Apartment,Apartment,Furnished 3bdrm Apartment in Jahi Furnished for rent,2026-05-30 13:32:16,Jiji
Maitama,6,90000000.0,Duplex,Detached Duplex,6bdrm Duplex in Maitama Property for rent,2026-05-30 13:32:16,Jiji
Maitama,2,30000000.0,Apartment,Apartment,Furnished 2bdrm Block of Flats in Maitama Estate for rent,2026-05-30 13:32:16,Jiji
Maitama,3,10000000.0,Apartment,Apartment,3bdrm Apartment in Maitama for rent,2026-05-30 13:32:16,Jiji
Asokoro,2,7000000.0,Apartment,Apartment,"2bdrm Apartment in Naf Valley Estate, Asokoro for rent",2026-05-30 13:32:16,Jiji
Wuye,4,20000000.0,Duplex,Terraced Duplex,Furnished 4bdrm Townhouse / Terrace in Main Wuye for rent,2026-05-30 13:32:16,Jiji
Kaura,3,6500000.0,Apartment,Apartment,"Furnished 3bdrm Apartment in Mustapha Street, Kaura for rent",2026-05-30 13:32:24,Jiji
Karu,1,1350000.0,Apartment,Apartment,1bdrm Apartment in Nurses Estate City for rent,2026-05-30 13:32:24,Jiji
Karu,1,700000.0,House,House,1bdrm Room & Parlour in Karu for rent,2026-05-30 13:32:24,Jiji
Karu,1,1200000.0,Apartment,Apartment,"1bdrm Apartment in Nurses Estate, Karu for rent",2026-05-30 13:32:24,Jiji
Mabushi,4,13000000.0,Duplex,Terraced Duplex,4bdrm Townhouse / Terrace in Mabushi for rent,2026-05-30 13:32:24,Jiji
Jahi,3,12000000.0,Apartment,Apartment,3bdrm Block of Flats in Jahi for rent,2026-05-30 13:32:24,Jiji
Kubwa,2,3000000.0,Apartment,Apartment,"2bdrm Block of Flats in Fo1, Kubwa for rent",2026-05-30 13:32:24,Jiji
Life Camp,5,14000000.0,Duplex,Detached Duplex,5bdrm Duplex in Life Camp Tarred for rent,2026-05-30 13:32:24,Jiji
Kado,4,15000000.0,Duplex,Detached Duplex,"4bdrm Duplex in Kado Phase 2,Fct for rent",2026-05-30 13:32:24,Jiji
Jahi,3,9000000.0,Apartment,Apartment,"3bdrm Block of Flats in Jahi Gilmore,Fct for rent",2026-05-30 13:32:24,Jiji
Life Camp,4,15000000.0,Duplex,Terraced Duplex,4bdrm Townhouse / Terrace in Life Camp for rent,2026-05-30 13:32:24,Jiji
Jabi,7,60000000.0,Duplex,Detached Duplex,7bdrm Duplex in Jabi Detached Duplex for rent,2026-05-30 13:32:24,Jiji
Maitama,4,40000000.0,Duplex,Terraced Duplex,4bdrm Townhouse / Terrace in Maitama for rent,2026-05-30 13:32:24,Jiji
Jabi,3,15000000.0,Apartment,Apartment,Furnished 3bdrm Block of Flats in Jabi Apartment for rent,2026-05-30 13:32:24,Jiji
Maitama,6,80000000.0,Duplex,Detached Duplex,6bdrm Duplex in Maitama Property for rent,2026-05-30 13:32:24,Jiji
Asokoro,4,35000000.0,Duplex,Detached Duplex,4bdrm Duplex in Asokoro for rent,2026-05-30 13:32:24,Jiji
Asokoro,2,10000000.0,Duplex,Detached Duplex,2bdrm Duplex in Naf Valley Estate for rent,2026-05-30 13:32:24,Jiji
Asokoro,3,12000000.0,Apartment,Apartment,3bdrm Apartment in Asokoro for rent,2026-05-30 13:32:24,Jiji
Karu,1,1200000.0,Apartment,Apartment,1bdrm Apartment in Karu for rent,2026-05-30 13:32:24,Jiji
Kubwa,2,3500000.0,Apartment,Apartment,2bdrm Block of Flats in Kubwa for rent,2026-05-30 13:32:33,Jiji
Katampe,3,15000000.0,Apartment,Apartment,3bdrm Block of Flats in Katampe for rent,2026-05-30 13:32:33,Jiji
Jahi,5,17000000.0,Duplex,Detached Duplex,"5bdrm Duplex in Jahi Gilmore,Fct for rent",2026-05-30 13:32:33,Jiji
Gwarinpa,3,10000000.0,Duplex,Detached Duplex,"3bdrm Duplex in Gwarimpa Estate,Fct, Gwarinpa for rent",2026-05-30 13:32:33,Jiji
Kado,4,18000000.0,House,House,4bdrm House in Kado Face 2 Abuja for rent,2026-05-30 13:32:33,Jiji
Jahi,4,15000000.0,Duplex,Detached Duplex,4bdrm Duplex in Jahi Property for rent,2026-05-30 13:32:33,Jiji
Maitama,5,50000000.0,Duplex,Detached Duplex,Furnished 5bdrm Duplex in Maitama for rent,2026-05-30 13:32:33,Jiji
Maitama,2,20000000.0,Apartment,Apartment,2bdrm Apartment in Maitama for rent,2026-05-30 13:32:33,Jiji
Asokoro,4,12000000.0,Duplex,Terraced Duplex,4bdrm Townhouse / Terrace in Asokoro for rent,2026-05-30 13:32:33,Jiji
Maitama,8,50000000.0,Duplex,Detached Duplex,8bdrm Duplex in Maitama for rent,2026-05-30 13:32:33,Jiji
Karu,1,650000.0,House,House,1bdrm Room & Parlour in Karu for rent,2026-05-30 13:32:33,Jiji
Karu,2,2000000.0,House,House,2bdrm Bungalow in Karu for rent,2026-05-30 13:32:33,Jiji
Karu,1,700000.0,House,House,1bdrm Room & Parlour in Karu for rent,2026-05-30 13:32:33,Jiji
Asokoro,3,35000000.0,Apartment,Apartment,3bdrm Block of Flats in Asokoro for rent,2026-05-30 13:32:33,Jiji
Maitama,5,60000000.0,Duplex,Detached Duplex,5bdrm Duplex in Maitama for rent,2026-05-30 13:32:33,Jiji
Jahi,3,75000000.0,Apartment,Apartment,3bdrm Block of Flats in Jahi for rent,2026-05-30 13:32:33,Jiji
Kubwa,2,3500000.0,Apartment,Apartment,"2bdrm Block of Flats in Fo1, Kubwa for rent",2026-05-30 13:32:33,Jiji
Asokoro,6,70000000.0,Duplex,Detached Duplex,Furnished 6bdrm Duplex in Asokoro for rent,2026-05-30 13:32:39,Jiji
Karu,1,370000.0,Apartment,Apartment,1bdrm Apartment in Karu for rent,2026-05-30 13:32:39,Jiji
Karu,1,1000000.0,Apartment,Apartment,1bdrm Apartment in Karu for rent,2026-05-30 13:32:39,Jiji
Karu,2,1300000.0,House,House,"2bdrm Bungalow in Lape Estate, Karu for rent",2026-05-30 13:32:39,Jiji
Jahi,3,18000000.0,Duplex,Terraced Duplex,3bdrm Townhouse / Terrace in Jahi for rent,2026-05-30 13:32:39,Jiji
Maitama,3,25000000.0,Apartment,Apartment,3bdrm Block of Flats in Maitama for rent,2026-05-30 13:32:39,Jiji
Life Camp,3,7500000.0,Apartment,Apartment,3bdrm Block of Flats in Life Camp for rent,2026-05-30 13:32:39,Jiji
Jahi,2,12000000.0,Apartment,Apartment,Furnished 2bdrm Block of Flats in Jahi Furnished for rent,2026-05-30 13:32:39,Jiji
Jahi,2,250000000.0,Apartment,Apartment,Furnished 2bdrm Block of Flats in Jahi Apartment for rent,2026-05-30 13:32:39,Jiji
Katampe,3,15000000.0,Apartment,Apartment,3bdrm Block of Flats in Katampe for rent,2026-05-30 13:32:39,Jiji
Maitama,4,75000000.0,Duplex,Detached Duplex,4bdrm Duplex in Maitama Property for rent,2026-05-30 13:32:39,Jiji
Life Camp,4,15000000.0,Duplex,Detached Duplex,"4bdrm Duplex in Non, Life Camp for rent",2026-05-30 13:32:39,Jiji
Gwarinpa,1,20000000.0,Duplex,Detached Duplex,"1bdrm Duplex in Gwarimpa Abuja By, Gwarinpa for rent",2026-05-30 13:32:39,Jiji
Kubwa,2,3500000.0,Apartment,Apartment,2bdrm Block of Flats in Kubwa for rent,2026-05-30 13:32:39,Jiji
Maitama,8,150000000.0,House,House,8bdrm Mansion in Maitama for rent,2026-05-30 13:32:39,Jiji
Asokoro,6,25000000.0,Duplex,Detached Duplex,"6bdrm Duplex in Naf Valley Estate, Asokoro for rent",2026-05-30 13:32:39,Jiji
Karu,3,3500000.0,House,House,"3bdrm Bungalow in Nurses Estate, Karu for rent",2026-05-30 13:32:39,Jiji
Karu,1,400000.0,Apartment,Self Contain,Studio Apartment in Karu for rent,2026-05-30 13:32:39,Jiji
Karu,1,400000.0,Apartment,Self Contain,Studio Apartment in Karu for rent,2026-05-30 13:32:39,Jiji
Wuye,3,15000000.0,Apartment,Apartment,3bdrm Apartment in Wuye for rent,2026-05-30 13:32:39,Jiji
Maitama,5,35000000.0,Duplex,Detached Duplex,5bdrm Duplex in Maitama for rent,2026-05-30 13:32:46,Jiji
Asokoro,2,5000000.0,Apartment,Apartment,2bdrm Block of Flats in Asokoro for rent,2026-05-30 13:32:46,Jiji
Asokoro,6,48000000.0,Duplex,Detached Duplex,6bdrm Duplex in Asokoro for rent,2026-05-30 13:32:46,Jiji
Karu,1,1500000.0,Apartment,Apartment,1bdrm Apartment in Nurses Estate Phase for rent,2026-05-30 13:32:46,Jiji
Kubwa,2,3500000.0,Apartment,Apartment,2bdrm Block of Flats in Kubwa for rent,2026-05-30 13:32:46,Jiji
Kubwa,2,5000000.0,Apartment,Apartment,"2bdrm Block of Flats in Fo1, Kubwa for rent",2026-05-30 13:32:46,Jiji
Maitama,5,50000000.0,Duplex,Detached Duplex,5bdrm Duplex in Maitama Estate for rent,2026-05-30 13:32:46,Jiji
Maitama,4,25000000.0,Duplex,Detached Duplex,4bdrm Duplex in Maitama Property for rent,2026-05-30 13:32:46,Jiji
Jahi,2,13000000.0,Apartment,Apartment,Furnished 2bdrm Block of Flats in Jahi Property for rent,2026-05-30 13:32:46,Jiji
Wuye,2,25000000.0,Apartment,Apartment,Furnished 2bdrm Apartment in Wuye for rent,2026-05-30 13:32:46,Jiji
Life Camp,3,7500000.0,Apartment,Apartment,3bdrm Apartment in Life Camp for rent,2026-05-30 13:32:46,Jiji
Asokoro,5,20000000.0,Duplex,Detached Duplex,"5bdrm Duplex in Naf Valley Estate, Asokoro for rent",2026-05-30 13:32:46,Jiji
Maitama,3,30000000.0,Apartment,Apartment,3bdrm Block of Flats in Maitama for rent,2026-05-30 13:32:46,Jiji
Maitama,2,6000000.0,House,House,2bdrm Bungalow in Maitama for rent,2026-05-30 13:32:46,Jiji
Gwarinpa,3,12000000.0,House,House,"3bdrm Bungalow in Efab Queen Estate, Gwarinpa for rent",2026-05-30 13:32:46,Jiji
Kubwa,2,3500000.0,Apartment,Apartment,"2bdrm Block of Flats in Fo1, Kubwa for rent",2026-05-30 13:32:46,Jiji
Idu,3,9000000.0,Apartment,Apartment,Furnished 3bdrm Apartment in Idu for rent,2026-05-30 13:32:46,Jiji
Gwarinpa,3,12000000.0,House,House,"3bdrm Bungalow in Efab Queen Estate, Gwarinpa for rent",2026-05-30 13:32:51,Jiji
Kubwa,2,3500000.0,Apartment,Apartment,"2bdrm Block of Flats in Fo1, Kubwa for rent",2026-05-30 13:32:51,Jiji
Kubwa,2,3500000.0,Apartment,Apartment,"2bdrm Block of Flats in Fo1, Kubwa for rent",2026-05-30 13:32:51,Jiji
Asokoro,4,40000000.0,Duplex,Detached Duplex,Furnished 4bdrm Duplex in Asokoro for rent,2026-05-30 13:32:51,Jiji
Kado,4,20000000.0,Duplex,Detached Duplex,4bdrm Duplex in Kado for rent,2026-05-30 13:32:51,Jiji
Life Camp,4,250000000.0,Duplex,Detached Duplex,4bdrm Duplex in Life Camp Property for rent,2026-05-30 13:32:51,Jiji
Asokoro,6,20000000.0,Duplex,Detached Duplex,"6bdrm Duplex in Naf Valley Estate, Asokoro for rent",2026-05-30 13:32:51,Jiji
Asokoro,4,15000000.0,Duplex,Detached Duplex,4bdrm Duplex in Asokoro for rent,2026-05-30 13:32:51,Jiji
Kubwa,2,3000000.0,Apartment,Apartment,"2bdrm Block of Flats in Fo1, Kubwa for rent",2026-05-30 13:32:51,Jiji
Jabi,2,6000000.0,Apartment,Apartment,2bdrm Block of Flats in Jabi for rent,2026-05-30 13:32:51,Jiji
Asokoro,1,3000000.0,Apartment,Self Contain,Studio Apartment in Asokoro for rent,2026-05-30 13:32:51,Jiji
Maitama,3,10000000.0,Apartment,Apartment,3bdrm Apartment in Maitama for rent,2026-05-30 13:32:51,Jiji
Life Camp,3,7500000.0,Apartment,Apartment,3bdrm Block of Flats in Life Camp for rent,2026-05-30 13:32:51,Jiji
Jahi,2,12000000.0,Apartment,Apartment,Furnished 2bdrm Block of Flats in Jahi Furnished for rent,2026-05-30 13:32:51,Jiji
Wuye,3,15000000.0,Apartment,Apartment,3bdrm Apartment in Wuye for rent,2026-05-30 13:32:51,Jiji
Jahi,2,250000000.0,Apartment,Apartment,Furnished 2bdrm Block of Flats in Jahi Apartment for rent,2026-05-30 13:32:51,Jiji
Maitama,4,75000000.0,Duplex,Detached Duplex,4bdrm Duplex in Maitama Property for rent,2026-05-30 13:32:51,Jiji
Jabi,2,49000000.0,Apartment,Apartment,Furnished 2bdrm Block of Flats in Jabi Property for rent,2026-05-30 13:32:58,Jiji
Jahi,3,8000000.0,Apartment,Apartment,3bdrm Block of Flats in Jahi Property for rent,2026-05-30 13:32:58,Jiji
Jahi,4,15000000.0,Duplex,Detached Duplex,4bdrm Duplex in Jahi Property for rent,2026-05-30 13:32:58,Jiji
Wuse,4,70000000.0,Duplex,Detached Duplex,4bdrm Duplex in Wuse for rent,2026-05-30 13:32:58,Jiji
Maitama,8,150000000.0,House,House,8bdrm Mansion in Maitama for rent,2026-05-30 13:32:58,Jiji
Asokoro,6,25000000.0,Duplex,Detached Duplex,"6bdrm Duplex in Naf Valley Estate, Asokoro for rent",2026-05-30 13:32:58,Jiji
Maitama,4,15000000.0,Duplex,Detached Duplex,4bdrm Duplex in Maitama for rent,2026-05-30 13:32:58,Jiji
Asokoro,1,4500000.0,House,House,"1bdrm Bungalow in Naf Valley Estate, Asokoro for rent",2026-05-30 13:32:58,Jiji
Maitama,4,30000000.0,Duplex,Detached Duplex,4bdrm Duplex in Maitama for rent,2026-05-30 13:32:58,Jiji
Maitama,5,50000000.0,Duplex,Detached Duplex,5bdrm Duplex in Maitama Estate for rent,2026-05-30 13:32:58,Jiji
Jahi,2,13000000.0,Apartment,Apartment,Furnished 2bdrm Block of Flats in Jahi Property for rent,2026-05-30 13:32:58,Jiji
Life Camp,4,250000000.0,Duplex,Detached Duplex,4bdrm Duplex in Life Camp Property for rent,2026-05-30 13:32:58,Jiji
Asokoro,4,25000000.0,Duplex,Detached Duplex,"4bdrm Duplex in Naf Valley Estate, Asokoro for rent",2026-05-30 13:32:58,Jiji
Asokoro,2,6000000.0,Apartment,Apartment,2bdrm Block of Flats in Asokoro for rent,2026-05-30 13:32:58,Jiji
Asokoro,3,15000000.0,Duplex,Detached Duplex,Furnished 3bdrm Duplex in Asokoro for rent,2026-05-30 13:32:58,Jiji
Asokoro,4,20000000.0,Duplex,Detached Duplex,4bdrm Duplex in Asokoro for rent,2026-05-30 13:32:58,Jiji
Maitama,3,12000000.0,Apartment,Apartment,Furnished 3bdrm Apartment in Maitama for rent,2026-05-30 13:32:58,Jiji
Asokoro,3,10000000.0,Apartment,Apartment,"3bdrm Block of Flats in Naf Valley Estate, Asokoro for rent",2026-05-30 13:32:58,Jiji
Asokoro,4,12000000.0,Duplex,Terraced Duplex,4bdrm Townhouse / Terrace in Asokoro for rent,2026-05-30 13:32:58,Jiji
Maitama,8,50000000.0,Duplex,Detached Duplex,8bdrm Duplex in Maitama for rent,2026-05-30 13:32:58,Jiji
Jabi,4,12000000.0,Duplex,Detached Duplex,4bdrm Duplex in Jabi for rent,2026-05-30 13:33:04,Jiji
Asokoro,1,6500000.0,Apartment,Self Contain,Furnished Studio Apartment in Asokoro for rent,2026-05-30 13:33:04,Jiji
Maitama,4,35000000.0,Duplex,Detached Duplex,Furnished 4bdrm Duplex in Maitama for rent,2026-05-30 13:33:04,Jiji
Asokoro,1,2000000.0,Apartment,Self Contain,Studio Apartment in Asokoro for rent,2026-05-30 13:33:04,Jiji
Maitama,1,5500000.0,Apartment,Apartment,1bdrm Block of Flats in Maitama for rent,2026-05-30 13:33:04,Jiji
Maitama,2,20000000.0,Apartment,Apartment,Furnished 2bdrm Block of Flats in Maitama for rent,2026-05-30 13:33:04,Jiji
Asokoro,2,10599000.0,Apartment,Apartment,Mini Flat in Asokoro for rent,2026-05-30 13:33:04,Jiji
Maitama,3,12000000.0,Apartment,Apartment,3bdrm Block of Flats in Maitama for rent,2026-05-30 13:33:04,Jiji
Life Camp,3,7500000.0,Duplex,Detached Duplex,3bdrm Duplex in Life Camp for rent,2026-05-30 13:33:04,Jiji
Asokoro,5,700000000.0,Duplex,Detached Duplex,"5bdrm Duplex in Naf Valley Estate, Asokoro for rent",2026-05-30 13:33:04,Jiji
Jabi,2,6000000.0,Apartment,Apartment,"Jabi, Abuja",2026-06-01 11:07:00,NPC
Kado,3,12000000.0,Bungalow,Detached Bungalow,"Lifecamp Main By Kado Round About, Life Camp, Abuja",2026-06-01 11:07:00,NPC
Idu,3,6000000.0,Apartment,Apartment,"Idu Industrial, Abuja",2026-06-01 11:07:00,NPC
Jabi,5,15000000.0,Duplex,Terraced Duplex,"Citec, Jabi, Abuja",2026-06-01 11:07:00,NPC
Lugbe,4,5000000.0,Duplex,Terraced Duplex,"Von Axis, Lugbe District, Abuja",2026-06-01 11:07:00,NPC
Jabi,3,15000000.0,Duplex,Terraced Duplex,"Jabi, Abuja",2026-06-01 11:07:00,NPC
Idu,2,4000000.0,Apartment,Apartment,"Before The Turkish Hospital, Idu Industrial, Abuja",2026-06-01 11:07:00,NPC
Gwarinpa,1,2500000.0,Apartment,Apartment,"News Engineering, Dawaki, Gwarinpa, Abuja",2026-06-01 11:07:00,NPC
Life Camp,1,4000000.0,Apartment,Mini Flat,"Brains And Hammer City, Life Camp, Abuja",2026-06-01 11:07:00,NPC
Jahi,3,15000000.0,Apartment,Apartment,"Jahi, Jahi, Abuja",2026-06-01 11:07:00,NPC
Wuse,1,5500000.0,Apartment,Apartment,"Wuse Zone 5, Wuse, Abuja",2026-06-01 11:07:00,NPC
Lugbe,2,2800000.0,Bungalow,Detached Bungalow,"Light Gold Estate Lugbe Abuja, Sabon Lugbe, Lugbe District, Abuja",2026-06-01 11:07:00,NPC
Maitama,4,10000000.0,Duplex,Terraced Duplex,"Mpape, Maitama 2, Maitama District, Abuja",2026-06-01 11:07:00,NPC
Lugbe,2,5700000.0,Apartment,Apartment,"Estate Scheme 1)* Opposite The Abuja Intl Airport Flyover Bridge, Lugbe District, Abuja",2026-06-01 11:07:00,NPC
Katampe,4,20000000.0,Duplex,Detached Duplex,"Katampe Extension, Katampe Extension, Katampe, Abuja",2026-06-01 11:07:00,NPC
Katampe,6,25000000.0,Duplex,Terraced Duplex,"Katampe Extension, Katampe, Abuja",2026-06-01 11:07:00,NPC
Apo,4,13500000.0,Duplex,Terraced Duplex,"Apo Dutse Opposite Cedarcrest Hospital, Apo, Abuja",2026-06-01 11:07:00,NPC
Katampe,2,5500000.0,Apartment,Apartment,"Katampe Main Behind Aso Radio, Katampe, Abuja",2026-06-01 11:07:00,NPC
Apo,4,10000000.0,Duplex,Terraced Duplex,"Legistlative Quatres, Apo, Abuja",2026-06-01 11:07:08,NPC
Asokoro,4,25000000.0,Duplex,Terraced Duplex,"Asokoro District, Abuja",2026-06-01 11:07:08,NPC
Durumi,3,5000000.0,Apartment,Apartment,"By American International School, Durumi, Abuja",2026-06-01 11:07:08,NPC
Mabushi,4,15000000.0,Duplex,Terraced Duplex,"Mabushi, Abuja",2026-06-01 11:07:08,NPC
Apo,3,10000000.0,Duplex,Terraced Duplex,"By Cedacrest, Apo, Abuja",2026-06-01 11:07:08,NPC
Mabushi,4,12000000.0,Duplex,Terraced Duplex,"Mabushi, Abuja",2026-06-01 11:07:08,NPC
Mabushi,4,12000000.0,Duplex,Terraced Duplex,"Mabushi, Abuja",2026-06-01 11:07:08,NPC
Jahi,3,12000000.0,Duplex,Terraced Duplex,"Gilmore Area, Jahi, Abuja",2026-06-01 11:07:08,NPC
Mabushi,3,5000000.0,Apartment,Apartment,"Mabushi, Abuja",2026-06-01 11:07:08,NPC
Jabi,3,13000000.0,Apartment,Apartment,"Jabi, Abuja",2026-06-01 11:07:08,NPC
Jabi,3,10000000.0,Apartment,Apartment,"Jabi, Abuja",2026-06-01 11:07:08,NPC
Wuye,2,6000000.0,Apartment,Apartment,"Wuye, Abuja",2026-06-01 11:07:08,NPC
Life Camp,2,4500000.0,Apartment,Apartment,"Life Camp, Abuja",2026-06-01 11:07:08,NPC
Guzape,5,15000000.0,Duplex,Terraced Duplex,"Guzape District, Abuja",2026-06-01 11:07:08,NPC
Apo,3,10000000.0,Duplex,Semi-Detached Duplex,"Apo, Apo, Abuja",2026-06-01 11:07:08,NPC
Galadimawa,1,3000000.0,Apartment,Mini Flat,"Bitmore Estate Behind Suncity, Galadimawa, Abuja",2026-06-01 11:07:08,NPC
Kubwa,1,1500000.0,Apartment,Mini Flat,"Kubwa, Abuja",2026-06-01 11:07:08,NPC
Jahi,2,7500000.0,Apartment,Apartment,"Jahi, Abuja",2026-06-01 11:07:08,NPC
Apo,4,11000000.0,Duplex,Terraced Duplex,"Close To Apo Legislative Quarters, Gudu, Abuja",2026-06-01 11:07:08,NPC
Wuse,1,1500000.0,Apartment,Self Contain,"Zone 2, Wuse, Abuja",2026-06-01 11:07:08,NPC
Katampe,3,8000000.0,Apartment,Apartment,"Katampe Main, Katampe, Abuja",2026-06-01 11:07:15,NPC
Apo,2,4500000.0,Apartment,Apartment,"Apo-dutse By Cedacrest Hospital, Apo, Abuja",2026-06-01 11:07:15,NPC
Jabi,2,6000000.0,Apartment,Apartment,"Jabi, Abuja",2026-06-01 11:07:15,NPC
Maitama,1,4000000.0,Apartment,Apartment,"By El Amin School, Maitama District, Abuja",2026-06-01 11:07:15,NPC
Katampe,5,20000000.0,Apartment,Apartment,"Diplomatic Zones, Katampe Extension, Katampe, Abuja",2026-06-01 11:07:15,NPC
Maitama,5,100000000.0,Duplex,Detached Duplex,"Maitama District, Abuja",2026-06-01 11:07:15,NPC
Apo,3,10000000.0,Duplex,Semi-Detached Duplex,"Apo, Apo, Abuja",2026-06-01 11:07:15,NPC
Jahi,4,18000000.0,Duplex,Terraced Duplex,"Jahi, Abuja",2026-06-01 11:07:15,NPC
Gwarinpa,1,2000000.0,Apartment,Self Contain,"Sahara Estate, Gwarinpa, Abuja",2026-06-01 11:07:15,NPC
Kubwa,1,1500000.0,Apartment,Apartment,"FO1 Layout, Kubwa, Abuja",2026-06-01 11:07:15,NPC
Karu,1,2300000.0,Apartment,Apartment,"Karu, Abuja",2026-06-01 11:07:15,NPC
Katampe,3,13000000.0,Apartment,Apartment,"By Diplomatic Zone, Katampe Extension, Katampe, Abuja",2026-06-01 11:07:15,NPC
Kabusa,1,650000.0,Apartment,Self Contain,"Close To Kabusa Gardens Estate Along Sunnyvale Junction Road, Lokogoma District, Abuja",2026-06-01 11:07:15,NPC
Apo,3,5000000.0,Bungalow,Detached Bungalow,"Efab Sunshine Apo Wasa After Primary, Apo, Abuja",2026-06-01 11:07:15,NPC
Katampe,3,11000000.0,House,House,"Katampe (Main), Katampe, Abuja",2026-06-01 11:07:15,NPC
Jahi,4,17000000.0,Duplex,Terraced Duplex,"Jahi Gilmore, Jahi, Abuja",2026-06-01 11:07:15,NPC
Jahi,3,7500000.0,Apartment,Apartment,"Jahi, Abuja",2026-06-01 11:07:15,NPC
Jahi,3,10000000.0,Apartment,Apartment,"Jahi, Abuja",2026-06-01 11:07:15,NPC
Jahi,2,4500000.0,Apartment,Apartment,"Jahi, Abuja",2026-06-01 11:07:15,NPC
Apo,3,10000000.0,Duplex,Semi-Detached Duplex,"Apo Abuja, Apo, Abuja",2026-06-01 11:07:22,NPC
Apo,2,6000000.0,Apartment,Apartment,"Inside A Well Secured Estate In Apo Nepa By Cedercrest Hospital, Apo, Abuja",2026-06-01 11:07:22,NPC
Gudu,4,11000000.0,Duplex,Semi-Detached Duplex,"Gudu, Abuja",2026-06-01 11:07:22,NPC
Jabi,2,6000000.0,Apartment,Apartment,"Jabi, Abuja",2026-06-01 11:07:22,NPC
Lugbe,1,1000000.0,Apartment,Self Contain,"Seman Estate Behind Dunamis Church, Lugbe, Lugbe District, Abuja",2026-06-01 11:07:22,NPC
Kukwaba,5,15000000.0,Duplex,Detached Duplex,"Citygate Estate, Kukwaba, Abuja",2026-06-01 11:07:22,NPC
Katampe,3,9000000.0,Apartment,Apartment,"Katampe (Main), Katampe, Abuja",2026-06-01 11:07:22,NPC
Katampe,2,5000000.0,Apartment,Apartment,"Katampe, Abuja",2026-06-01 11:07:22,NPC
Guzape,3,15000000.0,Apartment,Apartment,"Guzape District, Abuja",2026-06-01 11:07:22,NPC
Wuse,3,10000000.0,Apartment,Apartment,"Wuse 2, Abuja",2026-06-01 11:07:22,NPC
Lokogoma,4,10000000.0,Duplex,Detached Duplex,"Estate Tarred Road Near Main Road, Lokogoma District, Abuja",2026-06-01 11:07:22,NPC
Guzape,3,9500000.0,Apartment,Apartment,"In A Secured Estate, Guzape District, Abuja",2026-06-01 11:07:22,NPC
Guzape,4,20000000.0,Duplex,Terraced Duplex,"Guzape District, Abuja",2026-06-01 11:07:22,NPC
Guzape,5,35000000.0,Duplex,Terraced Duplex,"Guzape District, Abuja",2026-06-01 11:07:22,NPC
Guzape,5,30000000.0,Duplex,Terraced Duplex,"Guzape District, Abuja",2026-06-01 11:07:22,NPC
Life Camp,5,18000000.0,Duplex,Detached Duplex,"Godab Estate, Life Camp, Abuja",2026-06-01 11:07:22,NPC
Gwarinpa,5,12000000.0,Duplex,Detached Duplex,"4th Avenue, Gwarinpa, Abuja",2026-06-01 11:07:22,NPC
Jabi,3,15000000.0,Duplex,Detached Duplex,"Jabi Main, Jabi, Abuja",2026-06-01 11:07:22,NPC
Jahi,3,10000000.0,Apartment,Apartment,"Jahi, Abuja",2026-06-01 11:07:22,NPC
Lokogoma,4,10000000.0,Duplex,Detached Duplex,"Lokogoma District, Abuja",2026-06-01 11:07:22,NPC
Maitama,1,9000000.0,Apartment,Apartment,"Maitama District, Abuja",2026-06-01 11:07:29,NPC
Jabi,4,9000000.0,Duplex,Terraced Duplex,"Peachville Estate, Beside Kingscourt Estate, Dakibiyu, Jabi, Abuja",2026-06-01 11:07:29,NPC
Jahi,3,7500000.0,Apartment,Apartment,"Jahi, Abuja",2026-06-01 11:07:29,NPC
Maitama,3,20000000.0,Duplex,Terraced Duplex,"Maitama District, Abuja",2026-06-01 11:07:29,NPC
Kado,7,30000000.0,Duplex,Semi-Detached Duplex,"By Next Mall, Kado, Abuja",2026-06-01 11:07:29,NPC
Katampe,1,3000000.0,Apartment,Self Contain,"Katampe Extension, Katampe, Abuja",2026-06-01 11:07:29,NPC
Lokogoma,1,1500000.0,Apartment,Self Contain,"Efab Estate, Lokogoma District, Abuja",2026-06-01 11:07:29,NPC
Lugbe,1,1700000.0,Apartment,Mini Flat,"Living Faith Axis, Lugbe District, Abuja",2026-06-01 11:07:29,NPC
Gwarinpa,2,3500000.0,Apartment,Apartment,"News Engineering Dawaki, Dawaki, Gwarinpa, Abuja",2026-06-01 11:07:29,NPC
Jabi,4,30000000.0,Duplex,Terraced Duplex,"Jabi, Abuja",2026-06-01 11:07:29,NPC
Katampe,4,15000000.0,Apartment,Apartment,"Katampe (Main), Katampe, Abuja",2026-06-01 11:07:29,NPC
Jahi,4,15000000.0,Apartment,Apartment,"Jahi, Abuja",2026-06-01 11:07:29,NPC
Wuye,2,6500000.0,Apartment,Apartment,"Wuye Main(tarred Rd), Wuye, Abuja",2026-06-01 11:07:29,NPC
Gwarinpa,1,3700000.0,Apartment,Mini Flat,"Queens Estate Gwarinpa Extension, Gwarinpa, Abuja",2026-06-01 11:07:29,NPC
Jabi,4,25000000.0,Duplex,Terraced Duplex,"Jabi, Abuja",2026-06-01 11:07:29,NPC
Gudu,4,8500000.0,Duplex,Terraced Duplex,"By National Assembly Quarters, Gudu, Abuja",2026-06-01 11:07:29,NPC
Asokoro,1,2500000.0,Apartment,Mini Flat,"Kugbo Gra ,along Nyanya Road., Asokoro District, Abuja",2026-06-01 11:07:29,NPC
Asokoro,4,20000000.0,Duplex,Semi-Detached Duplex,"Admiralty Estate, Asokoro District, Abuja",2026-06-01 11:07:29,NPC
Asokoro,5,50000000.0,Duplex,Detached Duplex,"Asokoro District, Abuja",2026-06-01 11:07:29,NPC
Wuse,2,12000000.0,Apartment,Apartment,"Wuse 2, Abuja",2026-06-01 11:07:29,NPC
Gwarinpa,1,4000000.0,Apartment,Apartment,"News Engineering, Dawaki, Gwarinpa, Abuja",2026-06-01 11:07:38,NPC
Lugbe,2,5000000.0,Apartment,Apartment,"River Park Estate, Lugbe District, Abuja",2026-06-01 11:07:38,NPC
Galadimawa,1,1800000.0,Apartment,Self Contain,"Inside Estate Galadimawa, Galadimawa, Abuja",2026-06-01 11:07:38,NPC
Katampe,1,3000000.0,Apartment,Apartment,"Katampe Extension, Katampe, Abuja",2026-06-01 11:07:38,NPC
Guzape,5,25000000.0,Duplex,Terraced Duplex,"Guzape Main, Guzape District, Abuja",2026-06-01 11:07:38,NPC
Durumi,2,5500000.0,Apartment,Apartment,"By American  Intâl School, Durumi, Abuja",2026-06-01 11:07:38,NPC
Jabi,3,15000000.0,Duplex,Terraced Duplex,"Jabi, Abuja",2026-06-01 11:07:38,NPC
Life Camp,3,1500000.0,Apartment,Apartment,"Life Camp, Life Camp, Abuja",2026-06-01 11:07:38,NPC
Jahi,3,7500000.0,Apartment,Apartment,"Jahi, Jahi, Abuja",2026-06-01 11:07:38,NPC
Lugbe,2,3000000.0,Duplex,Terraced Duplex,"Crd Iron Bridge, FHA (F.H.A), Lugbe District, Abuja",2026-06-01 11:07:38,NPC
Guzape,3,7000000.0,Apartment,Apartment,"Guzape District, Abuja",2026-06-01 11:07:38,NPC
Jabi,3,15000000.0,Duplex,Terraced Duplex,"Jabi, Abuja",2026-06-01 11:07:38,NPC
Apo,3,10000000.0,Duplex,Semi-Detached Duplex,"Apo Abuja, Apo, Abuja",2026-06-01 11:07:38,NPC
Guzape,3,7000000.0,Apartment,Apartment,"Plot 1274 Ahmed Isah Yuguda Street, Guzape District, Abuja",2026-06-01 11:07:38,NPC
Lugbe,1,2000000.0,Apartment,Mini Flat,"Von Axis, Lugbe District, Abuja",2026-06-01 11:07:38,NPC
Katampe,3,8000000.0,Apartment,Apartment,"Katampe (Main), Katampe, Abuja",2026-06-01 11:07:38,NPC
Galadimawa,3,5000000.0,Bungalow,Detached Bungalow,"Few Minutes Away From Same Global, Galadimawa, Abuja",2026-06-01 11:07:38,NPC
Kabusa,3,4500000.0,Duplex,Detached Duplex,"Few Minutes Away From Kabusa Garden Estate, Galadimawa, Abuja",2026-06-01 11:07:38,NPC
Kabusa,2,4500000.0,Bungalow,Semi-detached Bungalow,"Few Minutes Away From Kabusa Garden Estate, Galadimawa, Abuja",2026-06-01 11:07:38,NPC
Katampe,5,19000000.0,Duplex,Terraced Duplex,"Katampe Extension, Katampe, Abuja",2026-06-01 11:07:38,NPC
Maitama,1,9000000.0,Apartment,Apartment,"Maitama District, Abuja",2026-06-01 11:07:46,NPC
Asokoro,4,20000000.0,Duplex,Detached Duplex,"Asokoro District, Abuja",2026-06-01 11:07:46,NPC
Maitama,3,25000000.0,Apartment,Apartment,"Off Ibb Way, Maitama District, Abuja",2026-06-01 11:07:46,NPC
Gaduwa,4,8000000.0,Duplex,Terraced Duplex,"Ncdc, Gaduwa, Abuja",2026-06-01 11:07:46,NPC
Lugbe,4,10000000.0,Duplex,Detached Duplex,"River Park Estate, Lugbe District, Abuja",2026-06-01 11:07:46,NPC
Gwarinpa,3,8000000.0,Apartment,Apartment,"Gwarinpa, Abuja",2026-06-01 11:07:46,NPC
Gwarinpa,4,8000000.0,Duplex,Terraced Duplex,"News Engineering, Dawaki, Gwarinpa, Abuja",2026-06-01 11:07:46,NPC
Katampe,1,1500000.0,Apartment,Mini Flat,"Katampe Extension, Katampe, Abuja",2026-06-01 11:07:46,NPC
Wuse,1,5000000.0,Apartment,Self Contain,"Parakou Crescent, Wuse 2, Abuja",2026-06-01 11:07:46,NPC
Garki,1,2200000.0,Apartment,Apartment,"Garki 2, Garki, Abuja",2026-06-01 11:07:46,NPC
Katampe,1,4000000.0,Apartment,Apartment,"Katampe Main, Katampe, Abuja",2026-06-01 11:07:46,NPC
Apo,1,3500000.0,Apartment,Mini Flat,"Apo Dutse By Shoprite Axis ,cedar Crest Hospital, Apo, Abuja",2026-06-01 11:07:46,NPC
Kado,4,15000000.0,Duplex,Terraced Duplex,"Kado, Abuja",2026-06-01 11:07:46,NPC
Galadimawa,3,5500000.0,Bungalow,Detached Bungalow,"Galadimawa, Abuja",2026-06-01 11:07:46,NPC
Apo,4,12000000.0,Duplex,Terraced Duplex,"Apo, Abuja",2026-06-01 11:07:46,NPC
Idu,4,8000000.0,Duplex,Terraced Duplex,"Turkish Hospital Nzamiye, Idu Industrial, Abuja",2026-06-01 11:07:46,NPC
Lugbe,1,1500000.0,Apartment,Apartment,"By Corner Shop, FHA (F.H.A), Lugbe District, Abuja",2026-06-01 11:07:46,NPC
Wuse,4,205564500.0,House,House,"Wuse 2, Abuja",2026-06-01 11:07:46,NPC
Wuse,3,61669350.0,House,House,"Wuse 2, Abuja",2026-06-01 11:07:55,NPC
Wuse,2,47965050.0,House,House,"Wuse 2, Abuja",2026-06-01 11:07:55,NPC
Maitama,4,35000000.0,Duplex,Terraced Duplex,"Maitama District, Abuja",2026-06-01 11:07:55,NPC
Guzape,4,13000000.0,Duplex,Terraced Duplex,"Guzape Main, Guzape District, Abuja",2026-06-01 11:07:55,NPC
Guzape,4,16000000.0,Duplex,Terraced Duplex,"Guzape District, Abuja",2026-06-01 11:07:55,NPC
Asokoro,7,90000000.0,Duplex,Detached Duplex,"Asokoro District, Abuja",2026-06-01 11:07:55,NPC
Garki,1,3000000.0,Apartment,Self Contain,"Garki 2, Garki, Abuja",2026-06-01 11:07:55,NPC
Jabi,4,25000000.0,Duplex,Detached Duplex,"Jabi, Abuja",2026-06-01 11:07:55,NPC
Garki,1,5000000.0,Apartment,Apartment,"Garki 2, Garki, Abuja",2026-06-01 11:07:55,NPC
Jahi,5,10000000.0,Duplex,Terraced Duplex,"By Aduvie, Jahi, Abuja",2026-06-01 11:07:55,NPC
Lugbe,2,1800000.0,Bungalow,Semi-detached Bungalow,"FHA (F.H.A), Lugbe District, Abuja",2026-06-01 11:07:55,NPC
Wuye,1,5000000.0,Apartment,Mini Flat,"Close To Police Station, Wuye, Abuja",2026-06-01 11:07:55,NPC
Katampe,3,7000000.0,Apartment,Apartment,"Diplomatic Zone (video Of The Apartment Is Attached), Katampe Extension, Katampe, Abuja",2026-06-01 11:07:55,NPC
Katampe,2,5500000.0,Apartment,Apartment,"Katampe (Main), Katampe, Abuja",2026-06-01 11:07:55,NPC
Lokogoma,1,1800000.0,Apartment,Self Contain,"Estate By The Express, Lokogoma District, Abuja",2026-06-01 11:07:55,NPC
Galadimawa,1,2500000.0,Apartment,Apartment,"Galadimawa, Abuja",2026-06-01 11:07:55,NPC
Kaura,1,1200000.0,Apartment,Self Contain,"Kaura, Abuja",2026-06-01 11:07:55,NPC
Kubwa,2,2500000.0,Apartment,Apartment,"Phase 4, Close To Gtbank, Kubwa, Abuja",2026-06-01 11:07:55,NPC
Karmo,4,14000000.0,Duplex,Detached Duplex,"By Nizamiye Hospital, Karmo, Abuja",2026-06-01 11:07:55,NPC
Jabi,3,30000000.0,Apartment,Apartment,"Shoprite Axis, Jabi, Abuja",2026-06-01 11:08:04,NPC
Wuye,3,18000000.0,Duplex,Terraced Duplex,"Barumak Estate, Wuye, Abuja",2026-06-01 11:08:04,NPC
Mabushi,4,12000000.0,Apartment,Apartment,"Mabushi, Abuja",2026-06-01 11:08:04,NPC
Katampe,6,35000000.0,Duplex,Detached Duplex,"Katampe Extension, Katampe, Abuja",2026-06-01 11:08:04,NPC
Wuse,3,10000000.0,Apartment,Apartment,"Wuse 2, Abuja",2026-06-01 11:08:04,NPC
Mabushi,4,15000000.0,House,House,"Mabushi, Abuja",2026-06-01 11:08:04,NPC
Guzape,2,6500000.0,Apartment,Apartment,"Guzape District, Abuja",2026-06-01 11:08:04,NPC
Guzape,8,40000000.0,Duplex,Detached Duplex,"Off Aliyu Modibbo Street, Guzape District, Abuja",2026-06-01 11:08:04,NPC
Maitama,4,40000000.0,Apartment,Apartment,"Ibrahim Babangida Blvd, Maitama District, Abuja",2026-06-01 11:08:04,NPC
Maitama,3,45000000.0,Apartment,Apartment,"Off Mtn Office, Maitama District, Abuja",2026-06-01 11:08:04,NPC
Jabi,6,60000000.0,Duplex,Detached Duplex,"Jabi, Abuja",2026-06-01 11:08:04,NPC
Katampe,3,9000000.0,Apartment,Apartment,"Katampe, Abuja",2026-06-01 11:08:04,NPC
Idu,3,6000000.0,Apartment,Apartment,"Idu Industrial, Abuja",2026-06-01 11:08:04,NPC
Apo,3,10000000.0,Duplex,Semi-Detached Duplex,"Apo, Abuja",2026-06-01 11:08:04,NPC
Katampe,2,7000000.0,Apartment,Apartment,"By New Judges Quarters In An Estate, Katampe (Main), Katampe, Abuja",2026-06-01 11:08:04,NPC
Katampe,6,22000000.0,Duplex,Terraced Duplex,"Main, Katampe Extension, Katampe, Abuja",2026-06-01 11:08:04,NPC
Asokoro,2,10000000.0,Apartment,Apartment,"Asokoro District, Abuja",2026-06-01 11:08:04,NPC
Guzape,4,13000000.0,Duplex,Terraced Duplex,"Guzape District, Abuja",2026-06-01 11:08:04,NPC
Kaura,3,5000000.0,Apartment,Apartment,"Golden Street., Kaura, Abuja",2026-06-01 11:08:11,NPC
Maitama,3,17000000.0,Apartment,Apartment,"Maitama Main, Maitama District, Abuja",2026-06-01 11:08:11,NPC
Garki,2,5000000.0,Apartment,Apartment,"American International School, Garki, Abuja",2026-06-01 11:08:11,NPC
Maitama,3,17000000.0,Apartment,Apartment,"Off Ibb Way., Maitama District, Abuja",2026-06-01 11:08:11,NPC
Kubwa,2,2500000.0,Apartment,Apartment,"Phase 4, Kubwa, Abuja",2026-06-01 11:08:11,NPC
Galadimawa,3,15000000.0,Bungalow,Detached Bungalow,"Suncity, Galadimawa, Abuja",2026-06-01 11:08:11,NPC
Galadimawa,4,14000000.0,Duplex,Detached Duplex,"Suncity Estate, Galadimawa, Abuja",2026-06-01 11:08:11,NPC
Lugbe,1,1200000.0,Apartment,Self Contain,"Along Pyakasa, Lugbe District, Abuja",2026-06-01 11:08:11,NPC
Jahi,4,17000000.0,Duplex,Terraced Duplex,"Jahi, Abuja",2026-06-01 11:08:11,NPC
Wuye,2,20000000.0,Apartment,Apartment,"Wuye, Abuja",2026-06-01 11:08:11,NPC
Jahi,3,25000000.0,Apartment,Apartment,"Jahi, Abuja",2026-06-01 11:08:11,NPC
Guzape,4,35000000.0,Duplex,Terraced Duplex,"Guzape, Guzape District, Abuja",2026-06-01 11:08:11,NPC
Guzape,4,13000000.0,Apartment,Apartment,"Guzape, Guzape District, Abuja",2026-06-01 11:08:11,NPC
Wuse,2,15000000.0,Apartment,Apartment,"Wuse 2, Abuja",2026-06-01 11:08:11,NPC
Gaduwa,1,6000000.0,Apartment,Mini Flat,"Gaduwa, Abuja",2026-06-01 11:08:11,NPC
Guzape,6,30000000.0,Duplex,Detached Duplex,"Guzape District, Abuja",2026-06-01 11:08:11,NPC
Wuye,3,8000000.0,Apartment,Apartment,"Wuye, Abuja",2026-06-01 11:08:11,NPC
Maitama,3,17000000.0,Apartment,Apartment,"Maitama District, Abuja",2026-06-01 11:08:11,NPC
Asokoro,2,10000000.0,Duplex,Terraced Duplex,"Asokoro District, Abuja",2026-06-01 11:08:11,NPC
Asokoro,2,10000000.0,Duplex,Terraced Duplex,"Asokoro District, Abuja",2026-06-01 11:08:20,NPC
Gaduwa,5,11000000.0,Duplex,Detached Duplex,"Gaduwa, Abuja",2026-06-01 11:08:20,NPC
Gaduwa,4,10000000.0,Duplex,Detached Duplex,"Gaduwa, Abuja",2026-06-01 11:08:20,NPC
Wuse,7,40000000.0,Duplex,Detached Duplex,"Wuse 2, Abuja",2026-06-01 11:08:20,NPC
Wuye,3,8000000.0,Apartment,Apartment,"Wuye, Abuja",2026-06-01 11:08:20,NPC
Guzape,6,30000000.0,Duplex,Detached Duplex,"Guzape By Hmedix, Guzape District, Abuja",2026-06-01 11:08:20,NPC
Jahi,2,4500000.0,Apartment,Apartment,"Jahi, Abuja",2026-06-01 11:08:20,NPC
Kado,4,8000000.0,Duplex,Detached Duplex,"Kado Estate, Kado, Abuja",2026-06-01 11:08:20,NPC
Maitama,3,17000000.0,Apartment,Apartment,"Maitama District, Abuja",2026-06-01 11:08:20,NPC
Guzape,4,13000000.0,Duplex,Terraced Duplex,"Guzape District, Abuja",2026-06-01 11:08:20,NPC
Maitama,3,17000000.0,Apartment,Apartment,"Maitama District, Abuja",2026-06-01 11:08:20,NPC
Apo,3,10000000.0,Duplex,Semi-Detached Duplex,"Apo, Abuja",2026-06-01 11:08:20,NPC
Wuse,5,70000000.0,House,House,"Wuse 2, Abuja",2026-06-01 11:08:20,NPC
Apo,3,10000000.0,Duplex,Semi-Detached Duplex,"Apo, Abuja",2026-06-01 11:08:20,NPC
Jahi,1,7000000.0,Apartment,Apartment,"Gilmore, Jahi, Abuja",2026-06-01 11:08:20,NPC
Durumi,1,1300000.0,Apartment,Self Contain,"By American International School, Durumi, Abuja",2026-06-01 11:08:20,NPC
Guzape,5,60000000.0,Duplex,Detached Duplex,"Guzape District, Abuja",2026-06-01 11:08:20,NPC
Wuse,4,25000000.0,Duplex,Semi-Detached Duplex,"Off Aminu Kano Crescent, Wuse 2, Abuja",2026-06-01 11:08:20,NPC
Maitama,1,9000000.0,Apartment,Apartment,"Maitama District, Abuja",2026-06-01 11:08:29,NPC
Jahi,4,20000000.0,Duplex,Terraced Duplex,"Jahi, Abuja",2026-06-01 11:08:29,NPC
Karmo,3,5500000.0,Apartment,Apartment,"Karmo, Abuja",2026-06-01 11:08:29,NPC
Mabushi,4,12000000.0,Duplex,Terraced Duplex,"Mabushi, Abuja",2026-06-01 11:08:29,NPC
Wuse,3,45000000.0,Apartment,Apartment,"Wuse 2, Abuja",2026-06-01 11:08:29,NPC
Wuse,3,35000000.0,Apartment,Apartment,"Wuse 2, Abuja",2026-06-01 11:08:29,NPC
Wuse,3,50000000.0,Apartment,Apartment,"Wuse 2, Abuja",2026-06-01 11:08:29,NPC
Guzape,3,25000000.0,Apartment,Apartment,"Guzape District, Abuja",2026-06-01 11:08:29,NPC
Guzape,2,21000000.0,Apartment,Apartment,"Guzape District, Abuja",2026-06-01 11:08:29,NPC
Mabushi,4,23000000.0,Duplex,Detached Duplex,"Mabushi, Abuja",2026-06-01 11:08:29,NPC
Asokoro,3,15000000.0,Apartment,Apartment,"Asokoro District, Abuja",2026-06-01 11:08:29,NPC
Katampe,7,25000000.0,Duplex,Semi-Detached Duplex,"By Judges Quarters, Katampe, Abuja",2026-06-01 11:08:29,NPC
Jahi,4,20000000.0,Duplex,Terraced Duplex,"Jahi, Abuja",2026-06-01 11:08:29,NPC
Gwarinpa,1,2000000.0,Apartment,Self Contain,"News Engineering, Dawaki, Gwarinpa, Abuja",2026-06-01 11:08:29,NPC
Gwarinpa,1,3500000.0,Apartment,Apartment,"News Engineering, Dawaki, Gwarinpa, Abuja",2026-06-01 11:08:29,NPC
Katampe,3,11000000.0,Apartment,Apartment,"Katampe (Main), Katampe, Abuja",2026-06-01 11:08:29,NPC
Idu,4,6000000.0,Duplex,Terraced Duplex,"Close To Nzamiye Hospital, Idu Industrial, Abuja",2026-06-01 11:08:29,NPC
Apo,2,6000000.0,Apartment,Apartment,"Apo Resettlement, Apo, Abuja",2026-06-01 11:08:29,NPC
Apo,4,13000000.0,Duplex,Detached Duplex,"Apo Wumba, Along Lokogoma Expressway, Apo, Abuja",2026-06-01 11:08:29,NPC
Katampe,3,15000000.0,Apartment,Apartment,"Katampe, Abuja",2026-06-01 11:08:37,NPC
Maitama,4,40000000.0,Duplex,Semi-Detached Duplex,"Maitama District, Abuja",2026-06-01 11:08:37,NPC
Jahi,3,7500000.0,Apartment,Apartment,"Jahi After Aduvei International School, Jahi, Abuja",2026-06-01 11:08:37,NPC
Life Camp,4,15000000.0,Duplex,Terraced Duplex,"B&h City, Paradise-ochacho Road, Life Camp, Abuja",2026-06-01 11:08:37,NPC
Guzape,1,1000000.0,Apartment,Self Contain,"Off Gilbert Chikelu Crescent, Guzape District, Abuja",2026-06-01 11:08:37,NPC
Apo,3,10000000.0,Duplex,Semi-Detached Duplex,"Apo, Abuja",2026-06-01 11:08:37,NPC
Katampe,3,9000000.0,Apartment,Apartment,"Katampe (Main), Katampe, Abuja",2026-06-01 11:08:37,NPC
Mabushi,3,12500000.0,Apartment,Apartment,"By Vio, Mabushi, Abuja",2026-06-01 11:08:37,NPC
Jahi,3,8000000.0,Apartment,Apartment,"Jahi, Abuja",2026-06-01 11:08:37,NPC
Apo,3,12000000.0,Duplex,Semi-Detached Duplex,"Apo, Abuja",2026-06-01 11:08:37,NPC
Mabushi,3,8000000.0,Apartment,Apartment,"Mabushi, Abuja",2026-06-01 11:08:37,NPC
Lugbe,1,2000000.0,Apartment,Mini Flat,"Nelox Estate  By Pyakassa Road Along Redeem Estate/diamond Estate, Pyakasa, Lugbe District, Abuja",2026-06-01 11:08:37,NPC
Wuye,4,12000000.0,Duplex,Terraced Duplex,"Main, Wuye, Abuja",2026-06-01 11:08:37,NPC
Jahi,4,20000000.0,Duplex,Terraced Duplex,"Gilmore, Jahi, Abuja",2026-06-01 11:08:37,NPC
Jahi,2,4500000.0,Apartment,Apartment,"Jahi By Aduvei School, Jahi, Abuja",2026-06-01 11:08:37,NPC
Wuye,4,13500000.0,Duplex,Terraced Duplex,"Wuye Main, Wuye, Abuja",2026-06-01 11:08:37,NPC
Wuye,4,20000000.0,Duplex,Terraced Duplex,"By Zartech Supermarket, Wuye, Abuja",2026-06-01 11:08:37,NPC
Lugbe,4,10000000.0,Duplex,Detached Duplex,"Nelox Estate  By Pyakassa Rd Along Redeem Estate/diamond Est, Pyakasa, Lugbe District, Abuja",2026-06-01 11:08:37,NPC
Jahi,4,20000000.0,Duplex,Terraced Duplex,"Jahi, Abuja",2026-06-01 11:08:37,NPC
Maitama,1,9000000.0,Apartment,Apartment,"Maitama District, Abuja",2026-06-01 11:08:44,NPC
Garki,4,15000000.0,Bungalow,Detached Bungalow,"Garki, Abuja",2026-06-01 11:08:44,NPC
Asokoro,6,500000000.0,Duplex,Detached Duplex,"Asokoro District, Abuja",2026-06-01 11:08:44,NPC
Gwarinpa,2,4000000.0,Apartment,Apartment,"News Engineering, Dawaki, Gwarinpa, Abuja",2026-06-01 11:08:44,NPC
Wuye,2,6500000.0,Apartment,Apartment,"Wuye, Wuye, Abuja",2026-06-01 11:08:44,NPC
Garki,3,7000000.0,Apartment,Apartment,"Gimbya, Area 11, Garki, Abuja",2026-06-01 11:08:44,NPC
Asokoro,4,68521500.0,Duplex,Terraced Duplex,"Asokoro District, Abuja",2026-06-01 11:08:44,NPC
Guzape,5,30000000.0,Duplex,Detached Duplex,"Guzape District, Abuja",2026-06-01 11:08:44,NPC
Guzape,4,20000000.0,Apartment,Apartment,"Guzape District, Abuja",2026-06-01 11:08:44,NPC
Apo,4,10000000.0,Duplex,Terraced Duplex,"Apo Legislative Qtr,( Zone A) Tarred Rd, Garki, Abuja",2026-06-01 11:08:44,NPC
Asokoro,2,15000000.0,Apartment,Apartment,"Asokoro District, Abuja",2026-06-01 11:08:44,NPC
Apo,3,10000000.0,House,House,"Apo, Abuja",2026-06-01 11:08:44,NPC
Guzape,4,15000000.0,Duplex,Terraced Duplex,"Guzape District, Abuja",2026-06-01 11:08:44,NPC
Garki,4,180000000.0,House,House,"Area 11, Garki, Abuja",2026-06-01 11:08:44,NPC
Gwarinpa,1,2500000.0,Apartment,Mini Flat,"Gwarinpa, Abuja",2026-06-01 11:08:44,NPC
Gwarinpa,4,10000000.0,Duplex,Detached Duplex,"Main Gwarimpa, Gwarinpa, Abuja",2026-06-01 11:08:44,NPC
Mabushi,5,30000000.0,Duplex,Detached Duplex,"Main Mabushi, Mabushi, Abuja",2026-06-01 11:08:44,NPC
Wuye,5,30000000.0,Duplex,Semi-Detached Duplex,"By Wuye Police Station, Wuye, Abuja",2026-06-01 11:08:44,NPC
Katampe,1,4000000.0,Apartment,Mini Flat,"Katampe (Main), Katampe, Abuja",2026-06-01 11:08:44,NPC
Maitama,1,9000000.0,Apartment,Apartment,"Maitama District, Abuja",2026-06-01 11:08:51,NPC
Kado,4,13000000.0,Duplex,Semi-Detached Duplex,"Kado, Abuja",2026-06-01 11:08:51,NPC
Katampe,4,23000000.0,Duplex,Terraced Duplex,"Diplomatic Zone, Katampe Extension, Katampe, Abuja",2026-06-01 11:08:51,NPC
Katampe,3,9000000.0,Apartment,Apartment,"Aso Radio, Katampe, Abuja",2026-06-01 11:08:51,NPC
Katampe,3,9000000.0,Apartment,Apartment,"By Aso Radio., Katampe (Main), Katampe, Abuja",2026-06-01 11:08:51,NPC
Galadimawa,3,5500000.0,Bungalow,Detached Bungalow,"Ado Street, Galadimawa, Abuja",2026-06-01 11:08:51,NPC
Kaura,1,1800000.0,Bungalow,Detached Bungalow,"111a Gold Street, Kaura, Abuja",2026-06-01 11:08:51,NPC
Galadimawa,1,2000000.0,Bungalow,Detached Bungalow,"Hilda Bacy Street, Galadimawa, Abuja",2026-06-01 11:08:51,NPC
Katampe,2,7000000.0,Apartment,Apartment,"Grace Court, Katampe (Main), Katampe, Abuja",2026-06-01 11:08:51,NPC
Katampe,4,15000000.0,Duplex,Terraced Duplex,"Katampe (Main), Katampe, Abuja",2026-06-01 11:08:51,NPC
Gudu,28,252000000.0,Duplex,Terraced Duplex,"Gudu, Abuja",2026-06-01 11:08:51,NPC
Katampe,2,7000000.0,Duplex,Terraced Duplex,"Katampe Main Behind Aso Radio, Katampe, Abuja",2026-06-01 11:08:51,NPC
Life Camp,4,35000000.0,Apartment,Apartment,"Bellavue Estate, Life Camp, Abuja",2026-06-01 11:08:51,NPC
Life Camp,2,13000000.0,Apartment,Apartment,"Bellavue Estate, Life Camp, Abuja",2026-06-01 11:08:51,NPC
Idu,2,3000000.0,Apartment,Apartment,"Off Nizamiye Hospital, Idu Industrial, Abuja",2026-06-01 11:08:51,NPC
Katampe,4,13000000.0,Duplex,Terraced Duplex,"Living Faith Church, Katampe, Abuja",2026-06-01 11:08:51,NPC
Idu,3,5300000.0,Apartment,Apartment,"Idu Industrial, Abuja",2026-06-01 11:08:51,NPC
Idu,3,5300000.0,Apartment,Apartment,"Idu Industrial, Abuja",2026-06-01 11:08:51,NPC
Idu,1,2700000.0,Apartment,Mini Flat,"Idu Industrial, Abuja",2026-06-01 11:08:51,NPC
Maitama,4,45000000.0,Duplex,Detached Duplex,"Maitama District, Abuja",2026-06-01 11:08:57,NPC
Maitama,5,100000000.0,Duplex,Detached Duplex,"Maitama District, Abuja",2026-06-01 11:08:57,NPC
Mabushi,4,17000000.0,Duplex,Semi-Detached Duplex,"Mabushi, Abuja",2026-06-01 11:08:57,NPC
Wuye,1,2000000.0,Apartment,Self Contain,"By Gig Logistics, Wuye, Abuja",2026-06-01 11:08:57,NPC
Guzape,4,1800000000.0,Duplex,Terraced Duplex,"Guzape District, Abuja",2026-06-01 11:08:57,NPC
Life Camp,3,12000000.0,Bungalow,Detached Bungalow,"Lifecamp Roundabout Junction, Life Camp, Abuja",2026-06-01 11:08:57,NPC
Mabushi,4,25000000.0,Duplex,Detached Duplex,"Mabushi, Abuja",2026-06-01 11:08:57,NPC
Katampe,6,25000000.0,Duplex,Terraced Duplex,"Katampe (Main), Katampe, Abuja",2026-06-01 11:08:57,NPC
Maitama,3,40000000.0,Apartment,Apartment,"Maitama District, Abuja",2026-06-01 11:08:57,NPC
Katampe,4,15000000.0,Duplex,Terraced Duplex,"Katampe (Main), Katampe, Abuja",2026-06-01 11:08:57,NPC
Galadimawa,4,7500000.0,Duplex,Terraced Duplex,"Galadimawa, Abuja",2026-06-01 11:08:57,NPC
Kado,4,13000000.0,Duplex,Terraced Duplex,"By Lake View Estate, Kado, Abuja",2026-06-01 11:08:57,NPC
Wuye,4,25000000.0,Duplex,Terraced Duplex,"Wuye, Abuja",2026-06-01 11:08:57,NPC
Wuse,3,7500000.0,Apartment,Apartment,"Wuse, Abuja",2026-06-01 11:08:57,NPC
Lugbe,1,1000000.0,Apartment,Self Contain,"Along Von Estate, Lugbe District, Abuja",2026-06-01 11:08:57,NPC
Wuse,8,50000000.0,Duplex,Detached Duplex,"Wuse, Abuja",2026-06-01 11:08:57,NPC
Lugbe,1,1700000.0,Apartment,Mini Flat,"Along Von Road, Lugbe District, Abuja",2026-06-01 11:08:57,NPC
Maitama,3,25000000.0,Apartment,Apartment,"Maitama District, Abuja",2026-06-01 11:08:57,NPC
Jabi,3,25000000.0,Apartment,Apartment,"Jabi, Abuja",2026-06-01 11:08:57,NPC
Asokoro,1,4000000.0,Apartment,Mini Flat,"Naf Valley Estate, Asokoro District, Abuja",2026-06-01 11:09:03,NPC
Guzape,4,30000000.0,Duplex,Terraced Duplex,"Guzape District, Abuja",2026-06-01 11:09:03,NPC
Life Camp,2,4500000.0,Apartment,Apartment,"Life Camp, Abuja",2026-06-01 11:09:03,NPC
Life Camp,4,8000000.0,Duplex,Semi-Detached Duplex,"Life Camp, Abuja",2026-06-01 11:09:03,NPC
Katampe,3,11000000.0,Apartment,Apartment,"Katampe, Abuja",2026-06-01 11:09:03,NPC
Gwarinpa,2,4000000.0,Apartment,Apartment,"News Engineering, Dawaki, Gwarinpa, Abuja",2026-06-01 11:09:03,NPC
Wuse,1,4000000.0,Apartment,Apartment,"Wuse, Abuja",2026-06-01 11:09:03,NPC
Asokoro,4,45000000.0,Duplex,Detached Duplex,"Asokoro Residential, Asokoro District, Abuja",2026-06-01 11:09:03,NPC
Jabi,4,8000000.0,Duplex,Terraced Duplex,"Jabi, Abuja",2026-06-01 11:09:03,NPC
Maitama,3,25000000.0,Apartment,Apartment,"Maitama District, Abuja",2026-06-01 11:09:03,NPC
Gudu,3,7000000.0,Apartment,Apartment,"Off Gudu Junction, Gudu, Abuja",2026-06-01 11:09:03,NPC
Mabushi,2,15000000.0,Apartment,Apartment,"No. 1 Niqs Crescent Opposite Maryam Apartment, Mabushi, Abuja",2026-06-01 11:09:03,NPC
Gwarinpa,2,4000000.0,Apartment,Apartment,"News Engineering, Dawaki, Gwarinpa, Abuja",2026-06-01 11:09:03,NPC
Katampe,4,15000000.0,House,House,"Katampe (Main), Katampe, Abuja",2026-06-01 11:09:03,NPC
Apo,4,10000000.0,Duplex,Terraced Duplex,"Apo Legislative Quaters, Apo, Abuja",2026-06-01 11:09:03,NPC
Maitama,4,40000000.0,Duplex,Semi-Detached Duplex,"Maitama District, Abuja",2026-06-01 11:09:03,NPC
Apo,5,17000000.0,Duplex,Semi-Detached Duplex,"Apo Legislative Quaters., Apo, Abuja",2026-06-01 11:09:03,NPC
Kabusa,3,6500000.0,Duplex,Terraced Duplex,"Kabusa Garden, Dakwo, Abuja",2026-06-01 11:09:03,NPC
Kaura,3,5000000.0,Apartment,Apartment,"Kaura, Abuja",2026-06-01 11:09:11,NPC
Durumi,1,6000000.0,Apartment,Mini Flat,"By American International School, Durumi, Abuja",2026-06-01 11:09:11,NPC
Life Camp,2,4500000.0,Apartment,Apartment,"Life Camp, Abuja",2026-06-01 11:09:11,NPC
Kado,3,20000000.0,Bungalow,Detached Bungalow,"Kado, Abuja",2026-06-01 11:09:11,NPC
Kaura,1,2000000.0,Apartment,Self Contain,"Kaura, Abuja",2026-06-01 11:09:11,NPC
Kaura,2,5500000.0,Apartment,Apartment,"Kaura, Abuja",2026-06-01 11:09:11,NPC
Guzape,3,10000000.0,Apartment,Apartment,"By Coza, Guzape District, Abuja",2026-06-01 11:09:11,NPC
Durumi,4,15000000.0,Duplex,Terraced Duplex,"Near American School, Durumi, Abuja",2026-06-01 11:09:11,NPC
Guzape,2,6500000.0,Apartment,Apartment,"Guzape District, Abuja",2026-06-01 11:09:11,NPC
Katampe,3,9000000.0,Apartment,Apartment,"Katampe, Abuja",2026-06-01 11:09:11,NPC
Mabushi,3,165000000.0,Apartment,Apartment,"Mabushi, Abuja",2026-06-01 11:09:11,NPC
Apo,2,4000000.0,Apartment,Apartment,"Apo Extension By Arab, Apo, Abuja",2026-06-01 11:09:11,NPC
Guzape,5,60000000.0,Duplex,Detached Duplex,"Guzape District, Abuja",2026-06-01 11:09:11,NPC
Lugbe,3,3500000.0,Apartment,Apartment,"Lugbe District, Abuja",2026-06-01 11:09:11,NPC
Katampe,3,11000000.0,Apartment,Apartment,"Main Katamoe, Katampe, Abuja",2026-06-01 11:09:11,NPC
Guzape,5,30000000.0,Duplex,Detached Duplex,"Guzape District, Abuja",2026-06-01 11:09:11,NPC
Guzape,5,25000000.0,Duplex,Semi-Detached Duplex,"Guzape District, Abuja",2026-06-01 11:09:11,NPC
Maitama,1,6000000.0,Apartment,Apartment,"Maitama District, Abuja",2026-06-01 11:09:18,NPC
Asokoro,2,15000000.0,Apartment,Apartment,"Asokoro District, Abuja",2026-06-01 11:09:18,NPC
Asokoro,4,35000000.0,Duplex,Semi-Detached Duplex,"Asokoro District, Abuja",2026-06-01 11:09:18,NPC
Maitama,5,50000000.0,Duplex,Detached Duplex,"Maitama District, Abuja",2026-06-01 11:09:18,NPC
Maitama,4,45000000.0,Duplex,Terraced Duplex,"Maitama District, Abuja",2026-06-01 11:09:18,NPC
Wuye,1,3500000.0,Apartment,Apartment,"By Shafa, Wuye, Abuja",2026-06-01 11:09:18,NPC
Apo,3,10000000.0,Duplex,Semi-Detached Duplex,"Apo, Abuja",2026-06-01 11:09:18,NPC
Katampe,4,12000000.0,Duplex,Terraced Duplex,"Katampe, Abuja",2026-06-01 11:09:18,NPC
Guzape,1,1500000.0,Apartment,Self Contain,"Guzape District, Abuja",2026-06-01 11:09:18,NPC
Guzape,1,850000.0,Apartment,Self Contain,"Guzape District, Abuja",2026-06-01 11:09:18,NPC
Apo,1,650000.0,Apartment,Self Contain,"In Apo Dutse Community, Apo, Abuja",2026-06-01 11:09:18,NPC
Jahi,3,10000000.0,Apartment,Apartment,"Jahi, Abuja",2026-06-01 11:09:18,NPC
Wuye,1,3500000.0,Apartment,Apartment,"Wuye, Abuja",2026-06-01 11:09:18,NPC
Garki,2,2500000.0,Apartment,Apartment,"Area 1, Garki, Abuja",2026-06-01 11:09:18,NPC
Gwarinpa,2,3800000.0,Apartment,Apartment,"News Engineering, Dawaki, Gwarinpa, Abuja",2026-06-01 11:09:18,NPC
Guzape,5,80000000.0,Duplex,Detached Duplex,"Guzape District, Abuja",2026-06-01 11:09:18,NPC
Asokoro,6,50000000.0,Duplex,Detached Duplex,"Asokoro District, Abuja",2026-06-01 11:09:18,NPC
Katampe,6,60000000.0,Duplex,Detached Duplex,"Katampe Extension, Katampe, Abuja",2026-06-01 11:09:18,NPC
Guzape,4,13000000.0,Duplex,Terraced Duplex,"Guzape District, Abuja",2026-06-01 11:09:18,NPC
Katampe,3,8000000.0,Apartment,Apartment,"By Judges Quarters, Katampe, Abuja",2026-06-01 11:09:18,NPC
Maitama,1,6000000.0,Apartment,Apartment,"Maitama District, Abuja",2026-06-01 11:09:26,NPC
Guzape,4,13000000.0,Duplex,Terraced Duplex,"Guzape District, Abuja",2026-06-01 11:09:26,NPC
Gwarinpa,2,4500000.0,Apartment,Apartment,"News Engineering Extension, Dawaki, Gwarinpa, Abuja",2026-06-01 11:09:26,NPC
Katampe,6,23000000.0,Duplex,Terraced Duplex,"Katampe Extension, Katampe, Abuja",2026-06-01 11:09:26,NPC
Asokoro,1,750000.0,Apartment,Self Contain,"Asokoro Extension,  Kpaduna 3, Asokoro District, Abuja",2026-06-01 11:09:26,NPC
Asokoro,1,1300000.0,Apartment,Mini Flat,"Asokoro Extension,  Kpaduma 3, Asokoro District, Abuja",2026-06-01 11:09:26,NPC
Asokoro,4,15000000.0,Duplex,Terraced Duplex,"Asokoro District, Abuja",2026-06-01 11:09:26,NPC
Asokoro,1,750000.0,Apartment,Self Contain,"Asokoro Extension,  Kpaduma 3, Asokoro District, Abuja",2026-06-01 11:09:26,NPC
Gwarinpa,4,15000000.0,Duplex,Detached Duplex,"69 Road, Gwarinpa, By Abiodun Falade Hospital Just After Charley Boy, Gwarinpa, Abuja",2026-06-01 11:09:26,NPC
Katampe,2,4500000.0,Apartment,Apartment,"By Gishiri, Katampe (Main), Katampe, Abuja",2026-06-01 11:09:26,NPC
Kado,1,5500000.0,Apartment,Apartment,"Kado, Abuja",2026-06-01 11:09:26,NPC
Kado,1,2000000.0,Apartment,Self Contain,"Kado, Abuja",2026-06-01 11:09:26,NPC
Mabushi,1,3000000.0,Apartment,Mini Flat,"Mabushi, Abuja",2026-06-01 11:09:26,NPC
Katampe,6,60000000.0,Duplex,Detached Duplex,"Katampe Extension, Katampe, Abuja",2026-06-01 11:09:26,NPC
Mabushi,2,7500000.0,Apartment,Apartment,"Mabushi, Abuja",2026-06-01 11:09:26,NPC
Galadimawa,1,2000000.0,Apartment,Self Contain,"Sunnyvale Estate, Galadimawa, Abuja",2026-06-01 11:09:26,NPC
Jahi,5,10000000.0,Duplex,Terraced Duplex,"Jahi, Abuja",2026-06-01 11:09:26,NPC
Wuse,3,17000000.0,Apartment,Apartment,"Wuse 2, Abuja",2026-06-01 11:09:26,NPC
Maitama,3,25000000.0,Apartment,Apartment,"Maitama District, Abuja",2026-06-01 11:09:26,NPC
Utako,2,17000000.0,Apartment,Apartment,"Utako, Abuja",2026-06-01 11:09:26,NPC
Lokogoma,1,4000000.0,Apartment,Mini Flat,"Lokogoma District, Abuja",2026-06-01 11:09:26,NPC
Maitama,1,9000000.0,Apartment,Apartment,"Maitama District, Abuja",2026-06-01 11:09:35,NPC
Galadimawa,1,1800000.0,Apartment,Self Contain,"Galadimawa, Abuja",2026-06-01 11:09:35,NPC
Galadimawa,3,5000000.0,Bungalow,Detached Bungalow,"Sungold, Galadimawa, Abuja",2026-06-01 11:09:35,NPC
Guzape,3,15000000.0,Duplex,Terraced Duplex,"Guzape, Guzape District, Abuja",2026-06-01 11:09:35,NPC
Guzape,4,25000000.0,Duplex,Terraced Duplex,"Guzape District, Abuja",2026-06-01 11:09:35,NPC
Guzape,5,30000000.0,Duplex,Terraced Duplex,"Guzape, Guzape District, Abuja",2026-06-01 11:09:35,NPC
Apo,3,10000000.0,Duplex,Semi-Detached Duplex,"Apo, Abuja",2026-06-01 11:09:35,NPC
Gwarinpa,1,2000000.0,Apartment,Apartment,"Gwarinpa Extension, Gwarinpa, Abuja",2026-06-01 11:09:35,NPC
Katampe,3,9000000.0,Apartment,Apartment,"Katampe (Main), Katampe, Abuja",2026-06-01 11:09:35,NPC
Asokoro,6,50000000.0,Duplex,Detached Duplex,"Before Sunrise Hill Estate, Asokoro District, Abuja",2026-06-01 11:09:35,NPC
Maitama,4,60000000.0,Duplex,Semi-Detached Duplex,"Palm Springs, Maitama 2, Maitama District, Abuja",2026-06-01 11:09:35,NPC
Gwarinpa,3,4500000.0,Apartment,Apartment,"Dawaki, Gwarinpa, Abuja",2026-06-01 11:09:35,NPC
Katampe,3,7000000.0,Apartment,Apartment,"Diplomatic Zone, Katampe Extension, Katampe, Abuja",2026-06-01 11:09:35,NPC
Asokoro,4,6000000.0,Duplex,Semi-Detached Duplex,"Off Linda Chalker Street, Asokoro District, Abuja",2026-06-01 11:09:35,NPC
Wuse,4,30000000.0,Duplex,Detached Duplex,"Zone 1, Wuse, Abuja",2026-06-01 11:09:35,NPC
Guzape,2,6000000.0,Apartment,Apartment,"Guzape District, Abuja",2026-06-01 11:09:35,NPC
Guzape,3,15000000.0,House,House,"Guzape District, Abuja",2026-06-01 11:09:35,NPC
Guzape,5,55000000.0,Duplex,Semi-Detached Duplex,"Guzape District, Abuja",2026-06-01 11:09:35,NPC
Katampe,2,5000000.0,Apartment,Apartment,"Whitescape Apartments, Katampe (Main), Katampe, Abuja",2026-06-01 11:09:35,NPC
Garki,3,7500000.0,Apartment,Apartment,"Area 2, Garki, Abuja",2026-06-01 11:09:35,NPC
Wuse,4,40000000.0,Duplex,Terraced Duplex,"Wuse 2, Abuja",2026-06-01 11:09:35,NPC
Maitama,1,9000000.0,Apartment,Apartment,"Maitama District, Abuja",2026-06-01 11:09:42,NPC
Garki,1,3000000.0,Apartment,Apartment,"Area 1 Shopping Center, Garki, Abuja",2026-06-01 11:09:42,NPC
Jahi,4,12000000.0,Duplex,Terraced Duplex,"Gilmore, Jahi, Abuja",2026-06-01 11:09:42,NPC
Jabi,1,4000000.0,Apartment,Apartment,"Jabi Main(tarred Rd), Jabi, Abuja",2026-06-01 11:09:42,NPC
Jabi,3,41000000.0,Apartment,Apartment,"Jabi, Abuja",2026-06-01 11:09:42,NPC
Jahi,2,30000000.0,House,House,"(fully Tarred Rd) Jahi Gilmore, Jahi, Abuja",2026-06-01 11:09:42,NPC
Guzape,4,15000000.0,Duplex,Terraced Duplex,"Guzape District, Abuja",2026-06-01 11:09:42,NPC
Life Camp,4,8000000.0,Duplex,Semi-Detached Duplex,"Life Camp, Abuja",2026-06-01 11:09:42,NPC
Guzape,4,12000000.0,Duplex,Terraced Duplex,"Guzape District, Abuja",2026-06-01 11:09:42,NPC
Maitama,4,40000000.0,Apartment,Apartment,"Maitama District, Abuja",2026-06-01 11:09:42,NPC
Garki,1,3000000.0,Apartment,Apartment,"Area 2, Garki, Abuja",2026-06-01 11:09:42,NPC
Idu,3,6000000.0,Apartment,Apartment,"Idu Industrial, Abuja",2026-06-01 11:09:42,NPC
Guzape,5,40000000.0,Duplex,Semi-Detached Duplex,"Guzape Main, Guzape District, Abuja",2026-06-01 11:09:42,NPC
Asokoro,3,30000000.0,Duplex,Terraced Duplex,"Asokoro Main, Asokoro District, Abuja",2026-06-01 11:09:42,NPC
Durumi,3,5000000.0,Apartment,Apartment,"By Old Secteriat, Durumi, Abuja",2026-06-01 11:09:42,NPC
Wuse,2,18000000.0,Apartment,Apartment,"Wuse 2, Abuja",2026-06-01 11:09:42,NPC
Mabushi,1,2000000.0,Apartment,Self Contain,"Mabushi, Abuja",2026-06-01 11:09:42,NPC
Maitama,2,12000000.0,Apartment,Apartment,"Maitama District, Abuja",2026-06-01 11:09:42,NPC
Gwarinpa,2,4000000.0,Apartment,Apartment,"64, Crescent, Gwarinpa, Abuja",2026-06-01 11:09:42,NPC
Gudu,3,6000000.0,Apartment,Apartment,"Gudu, Abuja",2026-06-01 11:09:42,NPC
Maitama,1,6000000.0,Apartment,Apartment,"Maitama District, Abuja",2026-06-01 11:09:47,NPC
Life Camp,4,13000000.0,Duplex,Terraced Duplex,"Life Camp, Abuja",2026-06-01 11:09:47,NPC
Guzape,3,15000000.0,Duplex,Terraced Duplex,"Guzape Main, Guzape District, Abuja",2026-06-01 11:09:47,NPC
Guzape,5,25000000.0,Duplex,Terraced Duplex,"Guzape Main, Guzape District, Abuja",2026-06-01 11:09:47,NPC
Guzape,4,25000000.0,Duplex,Semi-Detached Duplex,"Guzape Main, Guzape District, Abuja",2026-06-01 11:09:47,NPC
Galadimawa,2,5500000.0,Apartment,Apartment,"Galadimawa, Abuja",2026-06-01 11:09:47,NPC
Mabushi,2,6000000.0,Apartment,Apartment,"Mabushi, Abuja",2026-06-01 11:09:47,NPC
Jahi,3,10000000.0,Duplex,Terraced Duplex,"Jahi, Abuja",2026-06-01 11:09:47,NPC
Kubwa,1,1600000.0,Apartment,Mini Flat,"Arab Road, Kubwa, Abuja",2026-06-01 11:09:47,NPC
Kubwa,3,4000000.0,Bungalow,Detached Bungalow,"Arab Road, Kubwa, Abuja",2026-06-01 11:09:47,NPC
Kubwa,1,2000000.0,House,House,"Chikakore, Kubwa, Abuja",2026-06-01 11:09:47,NPC
Mabushi,3,4000000.0,Apartment,Apartment,"Mabushi, Abuja",2026-06-01 11:09:47,NPC
Apo,3,10000000.0,Duplex,Semi-Detached Duplex,"Apo, Abuja",2026-06-01 11:09:47,NPC
Gwarinpa,2,4500000.0,Apartment,Apartment,"News Engineering, Dawaki, Gwarinpa, Abuja",2026-06-01 11:09:47,NPC
Maitama,3,40000000.0,Apartment,Apartment,"Maitama Main, Maitama District, Abuja",2026-06-01 11:09:47,NPC
Jahi,3,10000000.0,Duplex,Terraced Duplex,"Jahi, Abuja",2026-06-01 11:09:47,NPC
Wuse,3,25000000.0,Duplex,Terraced Duplex,"Zone 2, Wuse, Abuja",2026-06-01 11:09:47,NPC
Guzape,5,25000000.0,Duplex,Terraced Duplex,"Guzape District, Abuja",2026-06-01 11:09:47,NPC
Guzape,5,30000000.0,Duplex,Semi-Detached Duplex,"Guzape District, Abuja",2026-06-01 11:09:47,NPC
Garki,2,6000000.0,Apartment,Apartment,"Garki, Abuja",2026-06-01 11:09:47,NPC
Guzape,5,25000000.0,Duplex,Semi-Detached Duplex,"Guzape District, Abuja",2026-06-01 11:09:55,NPC
Katampe,3,11000000.0,Apartment,Apartment,"Katampe (Main), Katampe, Abuja",2026-06-01 11:09:55,NPC
Lugbe,2,4500000.0,Apartment,Apartment,"Nut Axis, Lugbe District, Abuja",2026-06-01 11:09:55,NPC
Apo,2,5000000.0,Bungalow,Semi-detached Bungalow,"Apo, Abuja",2026-06-01 11:09:55,NPC
Kaura,4,8000000.0,Duplex,Terraced Duplex,"Kaura, Abuja",2026-06-01 11:09:55,NPC
Katampe,4,18000000.0,Duplex,Terraced Duplex,"Katampe Extension, Katampe, Abuja",2026-06-01 11:09:55,NPC
Kaura,3,5000000.0,Apartment,Apartment,"Kaura, Abuja",2026-06-01 11:09:55,NPC
Guzape,5,25000000.0,Duplex,Semi-Detached Duplex,"Guzape District, Abuja",2026-06-01 11:09:55,NPC
Jahi,3,8000000.0,Apartment,Apartment,"Jahi, Abuja",2026-06-01 11:09:55,NPC
Guzape,5,25000000.0,House,House,"Guzape District, Abuja",2026-06-01 11:09:55,NPC
Utako,7,60000000.0,Duplex,Detached Duplex,"By Arab, Utako, Abuja",2026-06-01 11:09:55,NPC
Karmo,3,4500000.0,Apartment,Apartment,"By Nizamiye Hospital, Karmo, Abuja",2026-06-01 11:09:55,NPC
Mabushi,3,4000000.0,Apartment,Apartment,"Mabushi, Abuja",2026-06-01 11:09:55,NPC
Wuye,3,10000000.0,Apartment,Apartment,"Wuye Main, Wuye, Abuja",2026-06-01 11:09:55,NPC
Maitama,4,28000000.0,Duplex,Terraced Duplex,"Maitama Main, Maitama District, Abuja",2026-06-01 11:09:55,NPC
Garki,3,6500000.0,Apartment,Apartment,"Garki, Abuja",2026-06-01 11:09:55,NPC
Jabi,3,12000000.0,Apartment,Apartment,"Jabi Main, Jabi, Abuja",2026-06-01 11:09:55,NPC
Maitama,1,9000000.0,Apartment,Apartment,"Maitama District, Abuja",2026-06-01 11:10:05,NPC
Kaura,1,2500000.0,Apartment,Apartment,"By Opp. Games Village, Kaura, Abuja",2026-06-01 11:10:05,NPC
Wuye,3,10000000.0,Apartment,Apartment,"Wuye Main, Wuye, Abuja",2026-06-01 11:10:05,NPC
Gwarinpa,4,10000000.0,Duplex,Terraced Duplex,"Gwarinpa, Abuja",2026-06-01 11:10:05,NPC
Wuse,5,25000000.0,Duplex,Terraced Duplex,"Wuse, Abuja",2026-06-01 11:10:05,NPC
Jabi,7,55000000.0,Duplex,Detached Duplex,"Jabi Main, Jabi, Abuja",2026-06-01 11:10:05,NPC
Maitama,4,25000000.0,Duplex,Terraced Duplex,"Maitama District, Abuja",2026-06-01 11:10:05,NPC
Guzape,4,70000000.0,Duplex,Detached Duplex,"Guzape District, Abuja",2026-06-01 11:10:05,NPC
Guzape,3,9000000.0,Apartment,Apartment,"Guzape District, Abuja",2026-06-01 11:10:05,NPC
Maitama,5,90000000.0,Duplex,Detached Duplex,"Maitama District, Abuja",2026-06-01 11:10:05,NPC
Gaduwa,3,6000000.0,Apartment,Apartment,"By Ebeano, Gaduwa, Abuja",2026-06-01 11:10:05,NPC
Maitama,3,47965050.0,Apartment,Apartment,"Maitama District, Abuja",2026-06-01 11:10:05,NPC
Wuye,1,2500000.0,Apartment,Self Contain,"Yah Wahab Estate Phase 2, Wuye, Abuja",2026-06-01 11:10:05,NPC
Gwarinpa,2,3000000.0,Apartment,Apartment,"Dawaki, Gwarinpa, Abuja",2026-06-01 11:10:05,NPC
Wuse,5,25000000.0,Duplex,Terraced Duplex,"Wuse, Abuja",2026-06-01 11:10:05,NPC
Wuye,2,6000000.0,Apartment,Apartment,"Wuye Main(tarred Rd), Wuye, Abuja",2026-06-01 11:10:05,NPC
Durumi,3,8000000.0,Apartment,Apartment,"Off American International School, Durumi, Abuja",2026-06-01 11:10:05,NPC
Apo,3,10000000.0,Duplex,Semi-Detached Duplex,"Apo, Abuja",2026-06-01 11:10:05,NPC
Kubwa,1,3500000.0,Apartment,Mini Flat,"Brick City Estate Phase Ii, Kubwa, Abuja",2026-06-01 11:10:05,NPC
Maitama,1,9000000.0,Apartment,Apartment,"Maitama District, Abuja",2026-06-01 11:10:13,NPC
Katampe,1,8000000.0,Apartment,Mini Flat,"Uptown Apartments, Katampe, Abuja",2026-06-01 11:10:13,NPC
Kubwa,1,4500000.0,Apartment,Mini Flat,"Brick City Estate, Kubwa, Abuja",2026-06-01 11:10:13,NPC
Karu,1,3000000.0,Apartment,Self Contain,"Works And Housing Estate, Karu, Abuja",2026-06-01 11:10:13,NPC
Kubwa,1,4500000.0,Apartment,Apartment,"Phase 3, Kubwa, Abuja",2026-06-01 11:10:13,NPC
Kubwa,1,3500000.0,Apartment,Mini Flat,"Brick City Estate, Kubwa, Abuja",2026-06-01 11:10:13,NPC
Lugbe,2,10000000.0,House,House,"Lugbe District, Abuja",2026-06-01 11:10:13,NPC
Lugbe,1,2500000.0,Apartment,Mini Flat,"Lugbe District, Abuja",2026-06-01 11:10:13,NPC
Katampe,3,11000000.0,Apartment,Apartment,"Katampe, Katampe, Abuja",2026-06-01 11:10:13,NPC
Katampe,3,7000000.0,Apartment,Apartment,"Katampe (Main), Katampe, Abuja",2026-06-01 11:10:13,NPC
Katampe,3,11000000.0,Apartment,Apartment,"Katampe, Abuja",2026-06-01 11:10:13,NPC
Mabushi,1,6000000.0,Apartment,Mini Flat,"By Capital Hub, Mabushi, Abuja",2026-06-01 11:10:13,NPC
Maitama,4,9000000.0,Duplex,Terraced Duplex,"Extension Mpape, Maitama 2, Maitama District, Abuja",2026-06-01 11:10:13,NPC
Asokoro,5,60000000.0,Duplex,Detached Duplex,"Asokoro District, Abuja",2026-06-01 11:10:13,NPC
Durumi,3,7000000.0,Apartment,Apartment,"By American International, Durumi, Abuja",2026-06-01 11:10:13,NPC
Gwarinpa,3,6000000.0,Apartment,Apartment,"News Engineering, Dawaki, Gwarinpa, Abuja",2026-06-01 11:10:13,NPC
Life Camp,4,13000000.0,Duplex,Terraced Duplex,"By Lifecamp Junction., Life Camp, Abuja",2026-06-01 11:10:13,NPC
Wuye,2,6000000.0,Apartment,Apartment,"Main, Wuye, Abuja",2026-06-01 11:10:13,NPC
Jahi,3,10000000.0,Apartment,Apartment,"By Gilmore, Jahi, Abuja",2026-06-01 11:10:13,NPC
Idu,2,3500000.0,Apartment,Apartment,"Idu Industrial, Abuja",2026-06-01 11:10:13,NPC
Asokoro,3,41112900.0,House,House,"Asokoro Main, Asokoro District, Abuja",2026-06-01 11:10:13,NPC
Kado,5,35000000.0,Apartment,Apartment,"Kado, Abuja",2026-06-01 11:10:18,NPC
Maitama,5,75000000.0,Duplex,Detached Duplex,"Maitama District, Abuja",2026-06-01 11:10:18,NPC
Gwarinpa,4,20000000.0,Duplex,Terraced Duplex,"3rd Avenue, Gwarinpa, Abuja",2026-06-01 11:10:18,NPC
Gudu,4,10000000.0,Duplex,Terraced Duplex,"Rockvale Manor Estate, After  Cedarcrest Hospital, Gudu, Abuja",2026-06-01 11:10:18,NPC
Maitama,3,15000000.0,House,House,"Foreign Affairs Qautars, Maitama District, Abuja",2026-06-01 11:10:18,NPC
Kubwa,5,3500000.0,House,House,"Arab Road, Kubwa, Abuja",2026-06-01 11:10:18,NPC
Kubwa,2,3500000.0,Apartment,Apartment,"FO1 Layout, Kubwa, Abuja",2026-06-01 11:10:18,NPC
Kubwa,2,3500000.0,Apartment,Apartment,"FO1 Layout, Kubwa, Abuja",2026-06-01 11:10:18,NPC
Kubwa,2,3500000.0,Apartment,Apartment,"Kubwa, Abuja",2026-06-01 11:10:18,NPC
Jahi,4,18000000.0,Duplex,Terraced Duplex,"Jahi, Abuja",2026-06-01 11:10:18,NPC
Apo,3,10000000.0,Duplex,Semi-Detached Duplex,"Apo, Abuja",2026-06-01 11:10:18,NPC
Gwarinpa,2,4000000.0,Apartment,Apartment,"Dawaki, Gwarinpa, Abuja",2026-06-01 11:10:18,NPC
Gwarinpa,1,3200000.0,Apartment,Apartment,"Dawaki, Gwarinpa, Abuja",2026-06-01 11:10:18,NPC
Katampe,2,4500000.0,Apartment,Apartment,"Katampe, Abuja",2026-06-01 11:10:18,NPC
Life Camp,1,1500000.0,Apartment,Self Contain,"Life Camp, Abuja",2026-06-01 11:10:24,NPC
Gwarinpa,1,3000000.0,Apartment,Apartment,"News Engineering, Dawaki, Gwarinpa, Abuja",2026-06-01 11:10:24,NPC
Gwarinpa,2,4000000.0,Apartment,Apartment,"News Engineering, Dawaki, Gwarinpa, Abuja",2026-06-01 11:10:24,NPC
Kado,4,35000000.0,Duplex,Detached Duplex,"Kado By Mfm, Mabushi, Abuja",2026-06-01 11:10:24,NPC
Kaura,3,8000000.0,Apartment,Apartment,"Kaura, Abuja",2026-06-01 11:10:24,NPC
Kaura,2,7000000.0,Apartment,Apartment,"Kaura, Abuja",2026-06-01 11:10:24,NPC
Jahi,3,10000000.0,Apartment,Apartment,"Jahi, Abuja",2026-06-01 11:10:24,NPC
Jahi,2,8000000.0,Apartment,Apartment,"Jahi, Abuja",2026-06-01 11:10:24,NPC
Jahi,3,10000000.0,Apartment,Apartment,"Jahi, Abuja",2026-06-01 11:10:24,NPC
Wuye,3,11000000.0,Apartment,Apartment,"Wuye, Abuja",2026-06-01 11:10:24,NPC
Apo,4,10000000.0,Duplex,Terraced Duplex,"Apo, Abuja",2026-06-01 11:10:24,NPC
Jahi,3,15000000.0,Apartment,Apartment,"No. 16 Oladipo, Jahi, Abuja",2026-06-01 11:10:24,NPC
Apo,3,18000000.0,Apartment,Apartment,"Oladapo Afolabi Crescent, Jahi, Abuja",2026-06-01 11:10:24,NPC
Katampe,4,40000000.0,Apartment,Apartment,"Katampe Extension, Katampe, Abuja",2026-06-01 11:10:24,NPC
Katampe,3,8000000.0,Apartment,Apartment,"Katampe (Main), Katampe, Abuja",2026-06-01 11:10:24,NPC
Galadimawa,4,8000000.0,Duplex,Terraced Duplex,"Galadimawa, Abuja",2026-06-01 11:10:24,NPC
Maitama,4,40000000.0,Duplex,Semi-Detached Duplex,"Maitama District, Abuja",2026-06-01 11:10:32,NPC
Katampe,2,13000000.0,Duplex,Terraced Duplex,"Katampe (Main), Katampe, Abuja",2026-06-01 11:10:32,NPC
Katampe,2,8000000.0,Apartment,Apartment,"Katampe (Main), Katampe, Abuja",2026-06-01 11:10:32,NPC
Katampe,3,11000000.0,Apartment,Apartment,"By Living Faith, Katampe (Main), Katampe, Abuja",2026-06-01 11:10:32,NPC
Durumi,3,6500000.0,Apartment,Apartment,"Area 1 Axis., Durumi, Abuja",2026-06-01 11:10:32,NPC
Jabi,3,30000000.0,Apartment,Apartment,"By Shoprite, Jabi, Abuja",2026-06-01 11:10:32,NPC
Gwarinpa,1,4000000.0,Apartment,Apartment,"News Engineering, Dawaki, Gwarinpa, Abuja",2026-06-01 11:10:32,NPC
Gwarinpa,1,1500000.0,Apartment,Self Contain,"News Engineering, Dawaki, Gwarinpa, Abuja",2026-06-01 11:10:32,NPC
Jabi,6,25000000.0,Duplex,Detached Duplex,"Jabi, Abuja",2026-06-01 11:10:32,NPC
Gaduwa,3,5500000.0,Apartment,Apartment,"Gaduwa, Abuja",2026-06-01 11:10:32,NPC
Gudu,3,7000000.0,Apartment,Apartment,"Gudu, Abuja",2026-06-01 11:10:32,NPC
Galadimawa,1,2500000.0,Apartment,Apartment,"Galadimawa, Abuja",2026-06-01 11:10:32,NPC
Gwarinpa,1,3000000.0,Apartment,Apartment,"Dawaki District, Dawaki, Gwarinpa, Abuja",2026-06-01 11:10:32,NPC
Apo,3,10000000.0,Duplex,Semi-Detached Duplex,"Apo, Abuja",2026-06-01 11:10:32,NPC
Gwarinpa,2,3000000.0,Apartment,Apartment,"Dawaki District, Dawaki, Gwarinpa, Abuja",2026-06-01 11:10:32,NPC
Life Camp,4,25000000.0,Duplex,Semi-Detached Duplex,"Life Camp, Abuja",2026-06-01 11:10:32,NPC
Maitama,1,6000000.0,Apartment,Apartment,"Maitama District, Abuja",2026-06-01 11:10:41,NPC
Maitama,4,40000000.0,Duplex,Terraced Duplex,"Maitama District, Abuja",2026-06-01 11:10:41,NPC
Lokogoma,3,7000000.0,Apartment,Apartment,"Along Lokogoma Road, Gaduwa, Abuja",2026-06-01 11:10:41,NPC
Apo,3,10000000.0,Duplex,Semi-Detached Duplex,"By Ceder Crest Hospital, Apo, Abuja",2026-06-01 11:10:41,NPC
Gaduwa,5,12000000.0,Duplex,Detached Duplex,"Gaduwa, Abuja",2026-06-01 11:10:41,NPC
Gaduwa,4,11000000.0,Duplex,Detached Duplex,"Gaduwa, Abuja",2026-06-01 11:10:41,NPC
Lokogoma,1,2500000.0,Apartment,Mini Flat,"Lokogoma District, Abuja",2026-06-01 11:10:41,NPC
Guzape,4,3000000.0,Duplex,Terraced Duplex,"Guzape District, Abuja",2026-06-01 11:10:41,NPC
Apo,3,10000000.0,Duplex,Terraced Duplex,"Apo, Abuja",2026-06-01 11:10:41,NPC
Lugbe,4,7000000.0,Duplex,Detached Duplex,"Von Axis, Lugbe District, Abuja",2026-06-01 11:10:41,NPC
Lugbe,1,1500000.0,Apartment,Self Contain,"Von Axis, Lugbe District, Abuja",2026-06-01 11:10:41,NPC
Life Camp,4,15000000000.0,Duplex,Detached Duplex,"Life Camp, Abuja",2026-06-01 11:10:41,NPC
Jahi,3,6500000.0,Apartment,Apartment,"Jahi, Abuja",2026-06-01 11:10:41,NPC
Wuse,3,18000000.0,Apartment,Apartment,"Zone 6, Wuse, Abuja",2026-06-01 11:10:41,NPC
Wuse,2,20000000.0,Apartment,Apartment,"Wuse 2, Abuja",2026-06-01 11:10:41,NPC
Gaduwa,4,10000000.0,Duplex,Terraced Duplex,"By Gaat School, Gaduwa, Abuja",2026-06-01 11:10:41,NPC
Maitama,3,25000000.0,Apartment,Apartment,"Maitama District, Abuja",2026-06-01 11:10:41,NPC
Maitama,1,9000000.0,Apartment,Apartment,"Maitama District, Abuja",2026-06-01 11:10:45,NPC
Apo,3,10000000.0,Duplex,Semi-Detached Duplex,"Apo, Abuja",2026-06-01 11:10:45,NPC
Wuse,3,10000000.0,Apartment,Apartment,"Zone 6, Wuse, Abuja",2026-06-01 11:10:45,NPC
Wuse,3,40000000.0,Apartment,Apartment,"Around British Village, Wuse 2, Abuja",2026-06-01 11:10:45,NPC
Garki,3,6000000.0,Apartment,Apartment,"Area 2, Garki, Abuja",2026-06-01 11:10:45,NPC
Jabi,2,25000000.0,Apartment,Apartment,"By Shoprite, Jabi, Abuja",2026-06-01 11:10:45,NPC
Maitama,3,25000000.0,Duplex,Terraced Duplex,"Off Mississippi, Maitama District, Abuja",2026-06-01 11:10:45,NPC
Lugbe,2,7000000.0,Apartment,Apartment,"By Nut Axis, Lugbe District, Abuja",2026-06-01 11:10:45,NPC
Apo,4,9000000.0,House,House,"Apo, Abuja",2026-06-01 11:10:45,NPC
Jabi,4,20000000.0,Duplex,Terraced Duplex,"Jabi, Abuja",2026-06-01 11:10:45,NPC
Jabi,4,40000000.0,Duplex,Terraced Duplex,"Lakeview, Jabi, Abuja",2026-06-01 11:10:45,NPC
Wuye,2,25000000.0,Apartment,Apartment,"Wuye, Abuja",2026-06-01 11:10:45,NPC
Wuye,4,37000000.0,Duplex,Terraced Duplex,"Wuye, Abuja",2026-06-01 11:10:45,NPC
Apo,3,10000000.0,Duplex,Semi-Detached Duplex,"Apo, Abuja",2026-06-01 11:10:45,NPC
Guzape,2,9000000.0,Duplex,Terraced Duplex,"Guzape District, Abuja",2026-06-01 11:10:45,NPC
Mabushi,4,15000000.0,Duplex,Terraced Duplex,"Mabushi, Abuja",2026-06-01 11:10:45,NPC
Maitama,3,25000000.0,Apartment,Apartment,"Off Ibb Boulevard, Maitama District, Abuja",2026-06-01 11:10:45,NPC
Maitama,1,9000000.0,Apartment,Apartment,"Maitama District, Abuja",2026-06-01 11:10:52,NPC
Maitama,3,25000000.0,Apartment,Apartment,"Aso-drive, Maitama District, Abuja",2026-06-01 11:10:52,NPC
Asokoro,4,27000000.0,Duplex,Semi-Detached Duplex,"Asokoro District, Abuja",2026-06-01 11:10:52,NPC
Kado,3,7000000.0,Apartment,Apartment,"Kado, Abuja",2026-06-01 11:10:52,NPC
Kubwa,1,1500000.0,Apartment,Mini Flat,"Kubwa, Abuja",2026-06-01 11:10:52,NPC
Durumi,3,7000000.0,Apartment,Apartment,"Durumi, Abuja",2026-06-01 11:10:52,NPC
Guzape,3,6500000.0,Apartment,Apartment,"Main, Guzape District, Abuja",2026-06-01 11:10:52,NPC
Galadimawa,1,2500000.0,Apartment,Mini Flat,"Galadimawa, Abuja",2026-06-01 11:10:52,NPC
Life Camp,3,6000000.0,Apartment,Apartment,"Life Camp, Abuja",2026-06-01 11:10:52,NPC
Guzape,4,25000000.0,Duplex,Terraced Duplex,"Guzape District, Abuja",2026-06-01 11:10:52,NPC
Utako,2,17000000.0,Apartment,Apartment,"Utako, Abuja",2026-06-01 11:10:52,NPC
Wuye,2,6500000.0,Apartment,Apartment,"Wuye, Abuja",2026-06-01 11:10:52,NPC
Katampe,6,35000000.0,Duplex,Detached Duplex,"Katampe, Abuja",2026-06-01 11:10:52,NPC
Guzape,4,17000000.0,Duplex,Terraced Duplex,"Guzape District, Abuja",2026-06-01 11:10:52,NPC
Guzape,4,15000000.0,Duplex,Terraced Duplex,"Guzape, Guzape District, Abuja",2026-06-01 11:10:52,NPC
Garki,2,6000000.0,Apartment,Apartment,"By Old Secret, Area 1, Garki, Abuja",2026-06-01 11:10:52,NPC
Life Camp,3,8500000.0,Apartment,Apartment,"Bilard Estate, Life Camp, Abuja",2026-06-01 11:10:52,NPC
Guzape,3,15000000.0,Duplex,Terraced Duplex,"Guzape, Guzape District, Abuja",2026-06-01 11:10:52,NPC
Jabi,4,16000000.0,Duplex,Terraced Duplex,"Jabi, Abuja",2026-06-01 11:10:52,NPC
Maitama,1,6000000.0,Apartment,Apartment,"Maitama District, Abuja",2026-06-01 11:10:58,NPC
Maitama,1,9000000.0,Apartment,Apartment,"Maitama District, Abuja",2026-06-01 11:10:58,NPC
Idu,2,4500000.0,Apartment,Apartment,"Nizamiya Hospital Axis, Idu Industrial, Abuja",2026-06-01 11:10:58,NPC
Lugbe,4,9000000.0,Duplex,Semi-Detached Duplex,"River Park Estate Cluster 3, Lugbe District, Abuja",2026-06-01 11:10:58,NPC
Guzape,4,30000000.0,Duplex,Terraced Duplex,"Guzape District, Abuja",2026-06-01 11:10:58,NPC
Jahi,3,10000000.0,Apartment,Apartment,"Jahi, Abuja",2026-06-01 11:10:58,NPC
Jabi,3,11000000.0,Duplex,Terraced Duplex,"Jabi, Abuja",2026-06-01 11:10:58,NPC
Lugbe,4,9000000.0,Duplex,Semi-Detached Duplex,"Riverpark Estate, Lugbe District, Abuja",2026-06-01 11:10:58,NPC
Kukwaba,3,14000000.0,Apartment,Apartment,"Kukwaba, Abuja",2026-06-01 11:10:58,NPC
Lugbe,1,2500000.0,Apartment,Apartment,"Lugbe District, Abuja",2026-06-01 11:10:58,NPC
Garki,3,20000000.0,Apartment,Apartment,"Garki, Abuja",2026-06-01 11:10:58,NPC
Guzape,5,25000000.0,House,House,"Guzape District, Abuja",2026-06-01 11:10:58,NPC
Asokoro,5,60000000.0,Duplex,Semi-Detached Duplex,"Asokoro District, Abuja",2026-06-01 11:10:58,NPC
Life Camp,4,15000000.0,Duplex,Detached Duplex,"Life Camp, Abuja",2026-06-01 11:10:58,NPC
Guzape,4,30000000.0,Duplex,Terraced Duplex,"Guzape District, Abuja",2026-06-01 11:10:58,NPC
Kubwa,2,4500000.0,Apartment,Apartment,"Kubwa Extension, FO1 Layout, Kubwa, Abuja",2026-06-01 11:10:58,NPC
Galadimawa,2,6000000.0,Apartment,Apartment,"Galadimawa, Abuja",2026-06-01 11:10:58,NPC
Maitama,5,50000000.0,Duplex,Detached Duplex,"Maitama District, Abuja",2026-06-01 11:10:58,NPC
Jahi,2,8000000.0,Apartment,Apartment,"Jahi, Abuja",2026-06-01 11:10:58,NPC
Jahi,3,10000000.0,Apartment,Apartment,"Jahi, Abuja",2026-06-01 11:10:58,NPC
Maitama,1,9000000.0,Apartment,Apartment,"Maitama District, Abuja",2026-06-01 11:11:06,NPC
Gwarinpa,1,1000000.0,Apartment,Self Contain,"6th Avenue, Gwarinpa, Abuja",2026-06-01 11:11:06,NPC
Garki,1,7500000.0,Apartment,Mini Flat,"Garki, Abuja",2026-06-01 11:11:06,NPC
Apo,3,10000000.0,Duplex,Semi-Detached Duplex,"Apo, Abuja",2026-06-01 11:11:06,NPC
Kubwa,4,7000000.0,Apartment,Apartment,"FO1 Layout, Kubwa, Abuja",2026-06-01 11:11:06,NPC
Durumi,3,7000000.0,Apartment,Apartment,"Durumi, Abuja",2026-06-01 11:11:06,NPC
Jabi,4,20000000.0,Duplex,Terraced Duplex,"Jabi, Abuja",2026-06-01 11:11:06,NPC
Katampe,2,7000000.0,Apartment,Apartment,"Diplomatic Zone, Katampe Extension, Katampe, Abuja",2026-06-01 11:11:06,NPC
Apo,3,10000000.0,Duplex,Semi-Detached Duplex,"Apo, Abuja",2026-06-01 11:11:06,NPC
Mabushi,5,30000000.0,Duplex,Detached Duplex,"Mabushi, Abuja",2026-06-01 11:11:06,NPC
Mabushi,3,12000000.0,House,House,"Mabushi, Abuja",2026-06-01 11:11:06,NPC
Mabushi,2,8000000.0,Apartment,Apartment,"Mabushi, Abuja",2026-06-01 11:11:06,NPC
Lugbe,4,12000000.0,Duplex,Detached Duplex,"Cluster 4, River Park Estate Airport Road, Lugbe District, Abuja",2026-06-01 11:11:06,NPC
Garki,4,12000000.0,Duplex,Semi-Detached Duplex,"Garki, Abuja",2026-06-01 11:11:06,NPC
Durumi,1,4000000.0,Apartment,Apartment,"Durumi, Durumi, Abuja",2026-06-01 11:11:06,NPC
Garki,3,6000000.0,Apartment,Apartment,"Area 2, Garki, Abuja",2026-06-01 11:11:06,NPC
Jahi,3,10000000.0,Apartment,Apartment,"Gilmore, Jahi, Abuja",2026-06-01 11:11:06,NPC
Katampe,2,8000000.0,Apartment,Apartment,"Diplomatic Zone., Katampe Extension, Katampe, Abuja",2026-06-01 11:11:06,NPC
Wuye,2,26000000.0,House,House,"Wuye, Abuja",2026-06-01 11:11:06,NPC
Wuye,2,3000000.0,House,House,"Wuye, Abuja",2026-06-01 11:11:06,NPC
Maitama,1,6000000.0,Apartment,Apartment,"Maitama District, Abuja",2026-06-01 11:11:14,NPC
Wuye,2,3000000.0,House,House,"Wuye, Abuja",2026-06-01 11:11:14,NPC
Guzape,5,35000000.0,Duplex,Detached Duplex,"Guzape District, Abuja",2026-06-01 11:11:14,NPC
Wuye,2,3000000.0,House,House,"Wuye, Abuja",2026-06-01 11:11:14,NPC
Maitama,3,40000000.0,Apartment,Apartment,"Maitama District, Abuja",2026-06-01 11:11:14,NPC
Gui,1,600000.0,Apartment,Self Contain,"Guidna Opposite Nysc Junction Off Kubwa Express Way, Kubwa, Abuja",2026-06-01 11:11:14,NPC
Maitama,7,120000000.0,Duplex,Detached Duplex,"Maitama District, Abuja",2026-06-01 11:11:14,NPC
Jahi,5,20000000.0,Duplex,Detached Duplex,"Gillmore, Jahi, Abuja",2026-06-01 11:11:14,NPC
Durumi,5,20000000.0,Duplex,Detached Duplex,"By American International School, Durumi, Abuja",2026-06-01 11:11:14,NPC
Gaduwa,3,10000000.0,Duplex,Terraced Duplex,"Gaduwa, Abuja",2026-06-01 11:11:14,NPC
Gudu,3,7000000.0,Apartment,Apartment,"Gudu, Abuja",2026-06-01 11:11:14,NPC
Guzape,4,30000000.0,Duplex,Terraced Duplex,"Guzape District, Abuja",2026-06-01 11:11:14,NPC
Life Camp,2,4500000.0,Apartment,Apartment,"Nnpc Estate, Life Camp, Abuja",2026-06-01 11:11:14,NPC
Apo,3,10000000.0,Duplex,Terraced Duplex,"Apo, Abuja",2026-06-01 11:11:14,NPC
Katampe,4,17000000.0,Duplex,Terraced Duplex,"Katampe Extension, Katampe, Abuja",2026-06-01 11:11:14,NPC
Jabi,3,34260750.0,Apartment,Apartment,"Jabi, Abuja",2026-06-01 11:11:14,NPC
Asokoro,5,50000000.0,Duplex,Detached Duplex,"Asokoro District, Abuja",2026-06-01 11:11:14,NPC
Galadimawa,4,6000000.0,Duplex,Semi-Detached Duplex,"Kool Street, Galadimawa, Abuja",2026-06-01 11:11:14,NPC
Jahi,3,25000000.0,Apartment,Apartment,"Jahi, Abuja",2026-06-01 11:11:14,NPC
Karmo,2,4500000.0,Apartment,Apartment,"Associated Estate, Karmo, Abuja",2026-06-01 11:11:14,NPC
Mabushi,1,4000000.0,Apartment,Apartment,"Nice Location At Mabushi By Vio, Mabushi, Abuja",2026-06-01 11:11:14,NPC
Maitama,1,6000000.0,Apartment,Apartment,"Maitama District, Abuja",2026-06-01 11:11:20,NPC
Apo,3,10000000.0,Duplex,Semi-Detached Duplex,"Apo, Abuja",2026-06-01 11:11:20,NPC
Apo,3,10000000.0,Duplex,Terraced Duplex,"Apo Abuja, Apo, Abuja",2026-06-01 11:11:20,NPC
Garki,9,20000000.0,Duplex,Detached Duplex,"By American School, Garki, Abuja",2026-06-01 11:11:20,NPC
Utako,1,2500000.0,Apartment,Self Contain,"By Arab( Fully Tarred), Utako, Abuja",2026-06-01 11:11:20,NPC
Guzape,4,13000000.0,House,House,"Guzape District, Abuja",2026-06-01 11:11:20,NPC
Wuse,2,7000000.0,Apartment,Apartment,"By Shafa( Fully Tarred Rd), Wuse, Abuja",2026-06-01 11:11:20,NPC
Gwarinpa,1,3000000.0,Apartment,Self Contain,"69 Road, Gwarinpa, Abuja",2026-06-01 11:11:20,NPC
Gudu,3,10000000.0,Duplex,Terraced Duplex,"By Gudu Junction, Close To Ceedercrest Hospital., Apo, Abuja",2026-06-01 11:11:20,NPC
Apo,3,10000000.0,Duplex,Semi-Detached Duplex,"By Cedar Crest, Apo, Abuja",2026-06-01 11:11:20,NPC
Apo,3,10000000.0,Duplex,Semi-Detached Duplex,"Apo, Abuja",2026-06-01 11:11:20,NPC
Gaduwa,5,12000000.0,Duplex,Detached Duplex,"Gaduwa, Abuja",2026-06-01 11:11:20,NPC
Apo,3,10000000.0,Duplex,Terraced Duplex,"Apo-dutse By Amina Court, Apo, Abuja",2026-06-01 11:11:20,NPC
Guzape,3,6500000.0,Apartment,Apartment,"Enl Estate, Guzape District, Abuja",2026-06-01 11:11:20,NPC
Guzape,1,1750000.0,Apartment,Self Contain,"Guzape District, Abuja",2026-06-01 11:11:20,NPC
Galadimawa,3,7000000.0,Bungalow,Detached Bungalow,"Galadimawa, Abuja",2026-06-01 11:11:20,NPC
Apo,1,1200000.0,Apartment,Self Contain,"Apo Primary Super Cell Estate, Apo, Abuja",2026-06-01 11:11:20,NPC
Lugbe,1,700000.0,Apartment,Self Contain,"Lugbe District, Abuja",2026-06-01 11:11:20,NPC
Apo,1,1200000.0,Apartment,Self Contain,"Super Cell Estate, Apo, Abuja",2026-06-01 11:11:20,NPC
Mabushi,5,30000000.0,Duplex,Detached Duplex,"Close To Vio, Mabushi, Abuja",2026-06-01 11:11:20,NPC
Maitama,1,6000000.0,Apartment,Apartment,"Maitama District, Abuja",2026-06-01 11:11:27,NPC
Apo,3,10000000.0,Duplex,Terraced Duplex,"Near Cedar Crest Hospital, Apo, Abuja",2026-06-01 11:11:27,NPC
Life Camp,3,6000000.0,Bungalow,Semi-detached Bungalow,"Favour Land Estate, Life Camp, Abuja",2026-06-01 11:11:27,NPC
Apo,3,10000000.0,Duplex,Terraced Duplex,"Apo, Abuja",2026-06-01 11:11:27,NPC
Galadimawa,2,4000000.0,Apartment,Apartment,"Mike Street, Galadimawa, Abuja",2026-06-01 11:11:27,NPC
Galadimawa,1,2500000.0,Apartment,Mini Flat,"Dinners Street, Galadimawa, Abuja",2026-06-01 11:11:27,NPC
Wuse,2,25000000.0,Apartment,Apartment,"Wuse, Abuja",2026-06-01 11:11:27,NPC
Kado,4,15000000.0,Duplex,Terraced Duplex,"Kado, Abuja",2026-06-01 11:11:27,NPC
Wuse,5,25000000.0,Duplex,Terraced Duplex,"Wuse Zone, Wuse, Abuja",2026-06-01 11:11:27,NPC
Life Camp,4,25000000.0,House,House,"Bilard Estate, Life Camp, Abuja",2026-06-01 11:11:27,NPC
Mabushi,3,7000000.0,Apartment,Apartment,"Mabushi, Abuja",2026-06-01 11:11:27,NPC
Jahi,3,15000000.0,Duplex,Terraced Duplex,"Gilmor, Jahi, Abuja",2026-06-01 11:11:27,NPC
Jahi,3,10000000.0,Apartment,Apartment,"Jahi, Abuja",2026-06-01 11:11:27,NPC
Galadimawa,3,9000000.0,Bungalow,Detached Bungalow,"Galadimawa, Abuja",2026-06-01 11:11:27,NPC
Wuse,5,25000000.0,Duplex,Terraced Duplex,"Wuse 2, Abuja",2026-06-01 11:11:27,NPC
Apo,2,5000000.0,Bungalow,Semi-detached Bungalow,"Centage Estate Apo Close To Cedacrest Hospital, Apo, Abuja",2026-06-01 11:11:27,NPC
Karu,1,3000000.0,Apartment,Self Contain,"Federal Ministry Of Works And Housing Estate, Karu Phase I, Karu, Abuja",2026-06-01 11:11:27,NPC
Life Camp,2,8000000.0,Apartment,Apartment,"Life Camp, Abuja",2026-06-01 11:11:27,NPC
Apo,3,10000000.0,Duplex,Terraced Duplex,"Apo, Abuja",2026-06-01 11:11:27,NPC
Galadimawa,4,7500000.0,Duplex,Terraced Duplex,"By Brains And Hammers Estate, Galadimawa, Abuja",2026-06-01 11:11:27,NPC
Jahi,2,16000000.0,Apartment,Apartment,"Jahi District, Jahi, Abuja",2026-06-01 11:11:27,NPC
Gudu,1,8030000.0,Apartment,Mini Flat,"Gudu, Abuja",2026-06-01 11:11:34,NPC
Gaduwa,4,5000000.0,Apartment,Apartment,"Gaduwa, Abuja",2026-06-01 11:11:34,NPC
Galadimawa,4,25000000.0,Duplex,Detached Duplex,"Galadimawa, Abuja",2026-06-01 11:11:34,NPC
Garki,2,6000000.0,Apartment,Apartment,"Garki Area 11, Garki, Abuja",2026-06-01 11:11:34,NPC
Asokoro,3,8000000.0,Apartment,Apartment,"Asokoro, Asokoro District, Abuja",2026-06-01 11:11:34,NPC
Asokoro,8,65000000.0,Duplex,Detached Duplex,"Asokoro Main, Asokoro District, Abuja",2026-06-01 11:11:34,NPC
Katampe,3,15000000.0,Apartment,Apartment,"Katampe, Abuja",2026-06-01 11:11:34,NPC
Gaduwa,3,10000000.0,Duplex,Terraced Duplex,"Gaduwa, Abuja",2026-06-01 11:11:34,NPC
Asokoro,4,18000000.0,Duplex,Semi-Detached Duplex,"Naf Estate, Asokoro District, Abuja",2026-06-01 11:11:34,NPC
Kabusa,1,1500000.0,Apartment,Apartment,"By Kabusa Gardens Estate Along Sunnyvale Junction Road., Lokogoma District, Abuja",2026-06-01 11:11:34,NPC
Kabusa,1,500000.0,Apartment,Self Contain,"Close To Kabusa Gardens Estate, Along Sunnyvale Junction Road, Lokogoma District, Abuja",2026-06-01 11:11:34,NPC
Kabusa,1,450000.0,Apartment,Self Contain,"Close To Kabusa Gardens Estate Along Sunnyvale Junction Road, Lokogoma District, Abuja",2026-06-01 11:11:34,NPC
Asokoro,8,65000000.0,Duplex,Detached Duplex,"Haile Selassi Street, Asokoro District, Abuja",2026-06-01 11:11:34,NPC
Apo,3,10000000.0,Duplex,Terraced Duplex,"Apo, Abuja",2026-06-01 11:11:34,NPC
Idu,2,4500000.0,Apartment,Apartment,"Idu Industrial, Abuja",2026-06-01 11:11:34,NPC
Mabushi,2,8000000.0,Apartment,Apartment,"Mabushi, Abuja",2026-06-01 11:11:34,NPC
Wuse,3,8000000.0,Apartment,Apartment,"Wuse, Abuja",2026-06-01 11:11:34,NPC
Maitama,5,70000000.0,Duplex,Detached Duplex,"Off Amazon, Maitama District, Abuja",2026-06-01 11:11:34,NPC
Maitama,2,6000000.0,Apartment,Apartment,"Maitama District, Abuja",2026-06-01 11:11:34,NPC
Maitama,4,30000000.0,Duplex,Terraced Duplex,"Maitama District, Abuja",2026-06-01 11:11:34,NPC
Maitama,1,9000000.0,Apartment,Apartment,"Maitama District, Abuja",2026-06-01 11:11:42,NPC
Wuse,5,60000000.0,Duplex,Detached Duplex,"Wuse 2, Abuja",2026-06-01 11:11:42,NPC
Maitama,5,75000000.0,Duplex,Detached Duplex,"Maitama District, Abuja",2026-06-01 11:11:42,NPC
Wuse,3,8000000.0,Apartment,Apartment,"Off Amino Kano Crescent, Wuse 2, Abuja",2026-06-01 11:11:42,NPC
Maitama,3,47965050.0,Apartment,Apartment,"Maitama District, Abuja",2026-06-01 11:11:42,NPC
Lokogoma,1,1300000.0,Apartment,Self Contain,"By Sahara 4, Lokogoma District, Abuja",2026-06-01 11:11:42,NPC
Lugbe,4,8500000.0,Duplex,Semi-Detached Duplex,"Cluster 3, River Park Estate Airport Road Abuja, Lugbe District, Abuja",2026-06-01 11:11:42,NPC
Life Camp,2,4500000.0,Apartment,Apartment,"Close To Beger Yard Lifecamp, Abuja, Life Camp, Abuja",2026-06-01 11:11:42,NPC
Gwarinpa,3,5500000.0,Apartment,Apartment,"News Engineering, Dawaki, Gwarinpa, Abuja",2026-06-01 11:11:42,NPC
Maitama,4,40000000.0,Duplex,Semi-Detached Duplex,"Minister Hill, Maitama Abuja, Maitama District, Abuja",2026-06-01 11:11:42,NPC
Katampe,6,35000000.0,Duplex,Detached Duplex,"Katampe  Extension, Katampe Extension, Katampe, Abuja",2026-06-01 11:11:42,NPC
Maitama,2,41112900.0,Apartment,Apartment,"Maitama District, Abuja",2026-06-01 11:11:42,NPC
Mabushi,3,6500000.0,Apartment,Apartment,"Mabushi, Abuja",2026-06-01 11:11:42,NPC
Jahi,4,30000000.0,Duplex,Terraced Duplex,"Jahi, Abuja",2026-06-01 11:11:42,NPC
Asokoro,6,60000000.0,Duplex,Detached Duplex,"Asokoro District, Abuja",2026-06-01 11:11:42,NPC
Guzape,2,9000000.0,Apartment,Apartment,"Guzape District, Abuja",2026-06-01 11:11:42,NPC
Asokoro,5,30000000.0,Duplex,Detached Duplex,"Asokoro District, Abuja",2026-06-01 11:11:42,NPC
Apo,3,10000000.0,Duplex,Terraced Duplex,"Apo Abuja, Apo, Abuja",2026-06-01 11:11:42,NPC
Jabi,5,20000000.0,Duplex,Detached Duplex,"Jabi, Abuja",2026-06-01 11:11:42,NPC
Maitama,1,9000000.0,Apartment,Apartment,"Maitama District, Abuja",2026-06-01 11:11:49,NPC
Life Camp,3,6000000.0,Apartment,Apartment,"Life Camp, Abuja",2026-06-01 11:11:49,NPC
Maitama,4,35000000.0,Duplex,Detached Duplex,"Maitama District, Abuja",2026-06-01 11:11:49,NPC
Wuse,5,50000000.0,Duplex,Detached Duplex,"Wuse 2, Abuja",2026-06-01 11:11:49,NPC
Wuye,5,35000000.0,House,House,"Wuye, Abuja",2026-06-01 11:11:49,NPC
Wuse,4,70000000.0,Duplex,Terraced Duplex,"Wuse 2, Abuja",2026-06-01 11:11:49,NPC
Idu,4,7000000.0,Duplex,Terraced Duplex,"Idu Industrial, Abuja",2026-06-01 11:11:49,NPC
Jahi,3,15000000.0,Apartment,Apartment,"Jahi, Abuja",2026-06-01 11:11:49,NPC
Guzape,4,14000000.0,Duplex,Terraced Duplex,"Guzape District, Abuja",2026-06-01 11:11:49,NPC
Gwarinpa,2,5000000.0,Apartment,Apartment,"Gwarinpa, Abuja",2026-06-01 11:11:49,NPC
Katampe,3,9000000.0,Apartment,Apartment,"Katampe (Main), Katampe, Abuja",2026-06-01 11:11:49,NPC
Gwarinpa,2,6000000.0,Apartment,Apartment,"Gwarinpa, Abuja",2026-06-01 11:11:49,NPC
Jabi,3,8000000.0,Apartment,Apartment,"Jabi, Abuja",2026-06-01 11:11:49,NPC
Jabi,5,20000000.0,Duplex,Terraced Duplex,"Jabi, Abuja",2026-06-01 11:11:49,NPC
Kado,4,35000000.0,Duplex,Detached Duplex,"Kado, Abuja",2026-06-01 11:11:49,NPC
Katampe,3,7000000.0,Apartment,Apartment,"Soji Adegoke Road, Katampe (Main), Katampe, Abuja",2026-06-01 11:11:49,NPC
Wuse,5,35000000.0,Duplex,Semi-Detached Duplex,"Zone 5, Wuse, Abuja",2026-06-01 11:11:49,NPC
Asokoro,5,70000000.0,Duplex,Detached Duplex,"Off Ty Danjuma, Asokoro District, Abuja",2026-06-01 11:11:57,NPC
Jahi,3,10000000.0,Apartment,Apartment,"Jahi, Abuja",2026-06-01 11:11:57,NPC
Jabi,3,15000000.0,House,House,"Jabi, Abuja",2026-06-01 11:11:57,NPC
Mabushi,4,15000000.0,Duplex,Terraced Duplex,"Mabushi, Abuja",2026-06-01 11:11:57,NPC
Gaduwa,1,6000000.0,Apartment,Mini Flat,"Gaduwa, Abuja",2026-06-01 11:11:57,NPC
Katampe,1,6000000.0,Apartment,Apartment,"Katampe (Main), Katampe, Abuja",2026-06-01 11:11:57,NPC
Wuye,4,30000000.0,Duplex,Terraced Duplex,"Wuye District, Wuye, Abuja",2026-06-01 11:11:57,NPC
Wuye,2,6000000.0,Apartment,Apartment,"Wuye, Abuja",2026-06-01 11:11:57,NPC
Wuse,4,15000000.0,Duplex,Semi-Detached Duplex,"Wuse 2, Abuja",2026-06-01 11:11:57,NPC
Lugbe,2,4000000.0,Bungalow,Semi-detached Bungalow,"Along Voice Of Nigeria Road, Emmanuel Mbaka Boulevard, Airport Road, Lugbe District, Abuja",2026-06-01 11:11:57,NPC
Lokogoma,1,1000000.0,Apartment,Self Contain,"Lokogoma District, Abuja",2026-06-01 11:11:57,NPC
Jabi,2,25000000.0,Apartment,Apartment,"Jabi, Abuja",2026-06-01 11:11:57,NPC
Maitama,5,75000000.0,Duplex,Detached Duplex,"Maitama District, Abuja",2026-06-01 11:11:57,NPC
Guzape,4,25000000.0,Duplex,Terraced Duplex,"Guzape District, Abuja",2026-06-01 11:11:57,NPC
Guzape,4,30000000.0,Duplex,Terraced Duplex,"Guzape District, Abuja",2026-06-01 11:11:57,NPC
Katampe,3,16000000.0,Apartment,Apartment,"Katampe, Katampe (Main), Katampe, Abuja",2026-06-01 11:11:57,NPC
Lokogoma,1,1600000.0,Apartment,Mini Flat,"Lokogoma District, Abuja",2026-06-01 11:11:57,NPC
Wuse,4,35000000.0,Duplex,Semi-Detached Duplex,"Wuse 2, Abuja",2026-06-01 11:11:57,NPC
Garki,2,27000000.0,Apartment,Apartment,"Garki, Abuja",2026-06-01 11:11:57,NPC
Maitama,1,9000000.0,Apartment,Apartment,"Maitama District, Abuja",2026-06-01 11:12:06,NPC
Maitama,2,47965050.0,Apartment,Apartment,"Maitama District, Abuja",2026-06-01 11:12:06,NPC
Wuse,5,75000000.0,Duplex,Detached Duplex,"Wuse 2, Abuja",2026-06-01 11:12:06,NPC
Maitama,6,50000000.0,Duplex,Semi-Detached Duplex,"Maitama Main, Maitama District, Abuja",2026-06-01 11:12:06,NPC
Galadimawa,3,7000000.0,Bungalow,Detached Bungalow,"By Lavista, Galadimawa, Abuja",2026-06-01 11:12:06,NPC
Mabushi,5,25000000.0,Duplex,Detached Duplex,"Mabushi, Abuja",2026-06-01 11:12:06,NPC
Wuye,3,8000000.0,Apartment,Apartment,"Wuye District, Wuye, Abuja",2026-06-01 11:12:06,NPC
Guzape,4,30000000.0,Duplex,Terraced Duplex,"Guzape District, Abuja",2026-06-01 11:12:06,NPC
Guzape,4,16000000.0,Apartment,Apartment,"Unit 2, Abdulkareem Adisa Close, Guzape District, Abuja",2026-06-01 11:12:06,NPC
Life Camp,2,6500000.0,Apartment,Apartment,"Life Camp, Abuja",2026-06-01 11:12:06,NPC
Maitama,5,50000000.0,Duplex,Detached Duplex,"Maitama District, Abuja",2026-06-01 11:12:06,NPC
Mabushi,5,20000000.0,Duplex,Detached Duplex,"Mabushi, Abuja",2026-06-01 11:12:06,NPC
Asokoro,1,19500000.0,Apartment,Mini Flat,"Asokoro District, Abuja",2026-06-01 11:12:06,NPC
Gudu,4,15000000.0,Duplex,Terraced Duplex,"Gudu, Abuja",2026-06-01 11:12:06,NPC
Maitama,4,40000000.0,Duplex,Terraced Duplex,"Maitama Main, Maitama District, Abuja",2026-06-01 11:12:06,NPC
Mabushi,3,4500000.0,Apartment,Apartment,"By Mobil, Mabushi, Abuja",2026-06-01 11:12:06,NPC
Gwarinpa,2,4000000.0,Apartment,Apartment,"News Engineering Estate Dawaki, Gwarinpa, Abuja",2026-06-01 11:12:06,NPC
Maitama,4,40000000.0,Duplex,Detached Duplex,"Maitama District, Abuja",2026-06-01 11:12:06,NPC
Life Camp,5,18000000.0,Duplex,Detached Duplex,"Godab Estate, Life Camp, Abuja",2026-06-01 11:12:06,NPC
Guzape,2,10000000.0,Apartment,Apartment,"Guzape District, Abuja",2026-06-01 11:12:06,NPC
Asokoro,3,65000000.0,Duplex,Terraced Duplex,"Asokoro District, Abuja",2026-06-01 11:12:06,NPC
Guzape,1,6000000.0,Apartment,Apartment,"Guzape District, Abuja",2026-06-01 11:12:15,NPC
Asokoro,4,45000000.0,Duplex,Detached Duplex,"Asokoro District, Abuja",2026-06-01 11:12:15,NPC
Jahi,5,15000000.0,Duplex,Terraced Duplex,"Jahi Gilmore, Jahi, Abuja",2026-06-01 11:12:15,NPC
Lokogoma,4,8000000.0,Duplex,Semi-Detached Duplex,"Lokogoma District, Abuja",2026-06-01 11:12:15,NPC
Lokogoma,5,9000000.0,Duplex,Semi-Detached Duplex,"Close To Suncity, Lokogoma District, Abuja",2026-06-01 11:12:15,NPC
Katampe,1,7000000.0,Apartment,Mini Flat,"Katampe (Main), Katampe, Abuja",2026-06-01 11:12:15,NPC
Gwarinpa,4,7000000.0,Duplex,Semi-Detached Duplex,"Gwarinpa Extension, Gwarinpa, Abuja",2026-06-01 11:12:15,NPC
Asokoro,5,30000000.0,Duplex,Detached Duplex,"Asokoro By Iom, Asokoro District, Abuja",2026-06-01 11:12:15,NPC
Guzape,4,15000000.0,Duplex,Terraced Duplex,"Guzape By Coza, Guzape District, Abuja",2026-06-01 11:12:15,NPC
Guzape,3,12000000.0,House,House,"Guzape By H Medix, Guzape District, Abuja",2026-06-01 11:12:15,NPC
Gwarinpa,2,5000000.0,Apartment,Apartment,"Off 1st Avenue, Gwarinpa, Abuja",2026-06-01 11:12:15,NPC
Wuse,2,8000000.0,Apartment,Apartment,"Off Aminu Kano Crescent, Wuse 2, Abuja",2026-06-01 11:12:15,NPC
Gwarinpa,4,7000000.0,Duplex,Semi-Detached Duplex,"Gwarinpa Extension, Gwarinpa, Abuja",2026-06-01 11:12:15,NPC
Apo,4,20000000.0,Duplex,Terraced Duplex,"Legislative Zone E, Apo, Abuja",2026-06-01 11:12:15,NPC
Jahi,3,12000000.0,Apartment,Apartment,"Jahi, Abuja",2026-06-01 11:12:15,NPC
Jahi,4,14000000.0,Duplex,Terraced Duplex,"Gilmore, Jahi, Abuja",2026-06-01 11:12:23,NPC
Gaduwa,4,9500000.0,Duplex,Terraced Duplex,"By Gaduwa Estate, Gaduwa, Abuja",2026-06-01 11:12:23,NPC
Kado,1,2700000.0,Apartment,Self Contain,"Next Cash And Carry, Kado, Abuja",2026-06-01 11:12:23,NPC
Life Camp,2,6000000.0,Apartment,Apartment,"Life Camp, Abuja",2026-06-01 11:12:23,NPC
Jahi,3,8000000.0,Apartment,Apartment,"Jahi, Abuja",2026-06-01 11:12:23,NPC
Mabushi,3,8000000.0,Apartment,Apartment,"By Victoria Garden, Mabushi, Abuja",2026-06-01 11:12:23,NPC
Life Camp,2,4500000.0,Apartment,Apartment,"By Nnpc Ochacho, Life Camp, Abuja",2026-06-01 11:12:23,NPC
Gwarinpa,2,4500000.0,Apartment,Apartment,"News Engineering, Dawaki, Gwarinpa, Abuja",2026-06-01 11:12:23,NPC
Idu,4,9000000.0,Duplex,Semi-Detached Duplex,"Idu Industrial, Abuja",2026-06-01 11:12:23,NPC
Maitama,2,20000000.0,Apartment,Apartment,"Maitama District, Abuja",2026-06-01 11:12:23,NPC
Garki,26,250000000.0,House,House,"Area 11, Garki, Abuja",2026-06-01 11:12:23,NPC
Wuye,4,37000000.0,Duplex,Terraced Duplex,"Wuye, Abuja",2026-06-01 11:12:23,NPC
Jabi,4,25000000.0,Duplex,Terraced Duplex,"Jabi, Abuja",2026-06-01 11:12:23,NPC
Katampe,1,3000000.0,Apartment,Apartment,"Behind Aso Radio, Katampe (Main), Katampe, Abuja",2026-06-01 11:12:23,NPC
Apo,3,10000000.0,Duplex,Terraced Duplex,"Apo, Abuja",2026-06-01 11:12:23,NPC
Apo,3,10000000.0,Duplex,Terraced Duplex,"Apo, Abuja",2026-06-01 11:12:23,NPC
Galadimawa,4,8000000.0,Duplex,Terraced Duplex,"Close To Galadimawa Roundabout, Galadimawa, Abuja",2026-06-01 11:12:23,NPC
Maitama,4,40000000.0,Duplex,Terraced Duplex,"Maitama District, Abuja",2026-06-01 11:12:23,NPC
Wuye,2,20000000.0,Apartment,Apartment,"Wuye, Abuja",2026-06-01 11:12:23,NPC
Wuye,2,20000000.0,Apartment,Apartment,"Wuye, Wuye, Abuja",2026-06-01 11:12:23,NPC
Maitama,1,6000000.0,Apartment,Apartment,"Maitama District, Abuja",2026-06-01 11:12:30,NPC
Jahi,2,15000000.0,Apartment,Apartment,"Jahi, Abuja",2026-06-01 11:12:30,NPC
Wuse,2,15000000.0,Apartment,Apartment,"Wuse 2, Abuja",2026-06-01 11:12:30,NPC
Gwarinpa,5,18000000.0,Duplex,Detached Duplex,"Gwarinpa, Abuja",2026-06-01 11:12:30,NPC
Asokoro,5,25000000.0,Duplex,Terraced Duplex,"Asokoro District, Abuja",2026-06-01 11:12:30,NPC
Wuse,3,9000000.0,Apartment,Apartment,"Zone 3, Wuse, Abuja",2026-06-01 11:12:30,NPC
Katampe,2,5000000.0,Apartment,Apartment,"Katampe (Main), Katampe, Abuja",2026-06-01 11:12:30,NPC
Galadimawa,4,7500000.0,Duplex,Terraced Duplex,"Galadimawa, Abuja",2026-06-01 11:12:30,NPC
Apo,3,10000000.0,Duplex,Terraced Duplex,"Cedar Crest Hospital, Apo, Abuja",2026-06-01 11:12:30,NPC
Life Camp,2,4500000.0,Apartment,Apartment,"Life Camp, Abuja",2026-06-01 11:12:30,NPC
Lugbe,1,900000.0,Apartment,Self Contain,"Piwoyi Airport Road, Lugbe District, Abuja",2026-06-01 11:12:30,NPC
Katampe,3,12000000.0,Apartment,Apartment,"Main, Katampe, Abuja",2026-06-01 11:12:30,NPC
Kubwa,2,4500000.0,Apartment,Apartment,"Kubwa, Abuja",2026-06-01 11:12:30,NPC
Mabushi,1,2000000.0,Apartment,Self Contain,"Mabushi, Mabushi, Abuja",2026-06-01 11:12:30,NPC
Maitama,5,50000000.0,Duplex,Detached Duplex,"Maitama District, Abuja",2026-06-01 11:12:30,NPC
Lugbe,5,6000000.0,Duplex,Detached Duplex,"Samuel Ige Street, Oakville Community Estate, Lugbe District, Abuja",2026-06-01 11:12:30,NPC
Mabushi,2,4000000.0,Apartment,Apartment,"Mabushi, Abuja",2026-06-01 11:12:30,NPC
Wuse,2,15000000.0,House,House,"Wuse 2, Wuse 2, Abuja",2026-06-01 11:12:30,NPC
Durumi,2,3000000.0,Apartment,Apartment,"By Dunamis Church Durumi, Garki, Abuja",2026-06-01 11:12:30,NPC
Wuse,2,6000000.0,Apartment,Apartment,"Off Ibb Boulevard, Wuse 2, Abuja",2026-06-01 11:12:37,NPC
Life Camp,4,5500000.0,Duplex,Terraced Duplex,"Brains And Hammer City, Life Camp, Abuja",2026-06-01 11:12:37,NPC
Maitama,1,3000000.0,Apartment,Mini Flat,"Off Ibb Boulevard, Maitama District, Abuja",2026-06-01 11:12:37,NPC
Kaura,2,7000000.0,Apartment,Apartment,"Kaura, Abuja",2026-06-01 11:12:37,NPC
Gwarinpa,3,10000000.0,House,House,"Efab Queen Estate Gwarinpa, Gwarinpa, Abuja",2026-06-01 11:12:37,NPC
Guzape,2,18000000.0,Apartment,Apartment,"Fha Estate Guzape, Guzape District, Abuja",2026-06-01 11:12:37,NPC
Life Camp,1,2000000.0,Apartment,Self Contain,"Life Camp, Abuja",2026-06-01 11:12:37,NPC
Utako,3,8000000.0,Apartment,Apartment,"Utako, Abuja",2026-06-01 11:12:37,NPC
Asokoro,6,100000000.0,Duplex,Detached Duplex,"Asokoro District, Abuja",2026-06-01 11:12:37,NPC
Gwarinpa,3,6500000.0,Apartment,Apartment,"Gwarinpa Extension, Gwarinpa, Abuja",2026-06-01 11:12:37,NPC
Lugbe,4,4500000.0,Duplex,Detached Duplex,"Lugbe District, Abuja",2026-06-01 11:12:37,NPC
Idu,3,5500000.0,Apartment,Apartment,"Custom Quarters, Idu Industrial, Abuja",2026-06-01 11:12:37,NPC
Asokoro,2,20000000.0,Apartment,Apartment,"Asokoro District, Abuja",2026-06-01 11:12:37,NPC
Katampe,3,9000000.0,Apartment,Apartment,"Katampe (Main), Katampe, Abuja",2026-06-01 11:12:37,NPC
Katampe,4,12000000.0,Duplex,Terraced Duplex,"Katampe (Main), Katampe, Abuja",2026-06-01 11:12:37,NPC
Maitama,6,150000000.0,Duplex,Detached Duplex,"Maitama, Maitama District, Abuja",2026-06-01 11:12:37,NPC
Life Camp,1,3000000.0,Apartment,Mini Flat,"Life Camp, Abuja",2026-06-01 11:12:37,NPC
Maitama,1,6000000.0,Apartment,Apartment,"Maitama District, Abuja",2026-06-01 11:12:53,NPC
Idu,2,5000000.0,Apartment,Apartment,"Impresit, Idu Industrial, Abuja",2026-06-01 11:12:53,NPC
Katampe,3,8000000.0,Apartment,Apartment,"Katampe, Abuja",2026-06-01 11:12:53,NPC
Central Business District,30,450000000.0,House,House,"Opposite Cbn, Central Business District, Abuja",2026-06-01 11:12:53,NPC
Asokoro,2,10000000.0,Apartment,Apartment,"Oba Akran Street, Asokoro District, Abuja",2026-06-01 11:12:53,NPC
Kado,3,18000000.0,Bungalow,Detached Bungalow,"Kado Estate Phase 1, Kado, Abuja",2026-06-01 11:12:53,NPC
Asokoro,5,25000000.0,Duplex,Semi-Detached Duplex,"Off Jimmy Carter, Asokoro District, Abuja",2026-06-01 11:12:53,NPC
Asokoro,2,20000000.0,Apartment,Apartment,"Villa, Asokoro District, Abuja",2026-06-01 11:12:53,NPC
Katampe,4,20000000.0,Duplex,Terraced Duplex,"Katampe Extension, Katampe, Abuja",2026-06-01 11:12:53,NPC
Maitama,2,10000000.0,Apartment,Apartment,"Maitama District, Abuja",2026-06-01 11:12:53,NPC
Kado,3,8000000.0,Apartment,Apartment,"Next Cash And Carry, Kado, Abuja",2026-06-01 11:12:53,NPC
Jahi,2,8000000.0,Apartment,Apartment,"Jahi, Abuja",2026-06-01 11:12:53,NPC
Maitama,5,60000000.0,Duplex,Detached Duplex,"Maitama District, Abuja",2026-06-01 11:12:53,NPC
Wuye,4,20000000.0,Duplex,Terraced Duplex,"Wuye, Abuja",2026-06-01 11:12:53,NPC
Asokoro,8,65000000.0,Duplex,Detached Duplex,"Asokoro District, Abuja",2026-06-01 11:12:53,NPC
Asokoro,6,50000000.0,Duplex,Detached Duplex,"Asokoro District, Abuja",2026-06-01 11:12:53,NPC
Kado,3,20000000.0,Bungalow,Detached Bungalow,"Kado, Abuja",2026-06-01 11:12:53,NPC
Kukwaba,4,25000000.0,Duplex,Semi-Detached Duplex,"Kukwaba, Abuja",2026-06-01 11:12:53,NPC
Gwarinpa,2,4000000.0,Apartment,Apartment,"News Engineering, Dawaki, Gwarinpa, Abuja",2026-06-01 11:12:58,NPC
Life Camp,4,20000000.0,Duplex,Terraced Duplex,"Life Camp, Abuja",2026-06-01 11:12:58,NPC
Wuse,5,40000000.0,Duplex,Detached Duplex,"Wuse 2, Abuja",2026-06-01 11:12:58,NPC
Gwarinpa,2,40000000.0,Apartment,Apartment,"By Hmedix, Gwarinpa, Abuja",2026-06-01 11:12:58,NPC
Gwarinpa,5,20000000.0,Duplex,Detached Duplex,"By Hmedix, Gwarinpa, Abuja",2026-06-01 11:12:58,NPC
Jabi,3,15000000.0,Duplex,Terraced Duplex,"Jabi, Abuja",2026-06-01 11:12:58,NPC
Katampe,4,20000000.0,Duplex,Terraced Duplex,"Diplomatic Zone., Katampe Extension, Katampe, Abuja",2026-06-01 11:12:58,NPC
Katampe,3,9000000.0,Apartment,Apartment,"Katampe, Abuja",2026-06-01 11:12:58,NPC
Apo,3,10000000.0,Duplex,Terraced Duplex,"Close To Cedar Crest Hospital, Apo, Abuja",2026-06-01 11:12:58,NPC
Apo,3,10000000.0,Duplex,Terraced Duplex,"Rockvale Manors Estate, Apo, Abuja",2026-06-01 11:12:58,NPC
Jahi,2,6000000.0,Apartment,Apartment,"Jahi, Abuja",2026-06-01 11:12:58,NPC
Apo,3,10000000.0,House,House,"Apo, Abuja",2026-06-01 11:12:58,NPC
Jahi,5,20000000.0,Duplex,Detached Duplex,"Jahi, Abuja",2026-06-01 11:12:58,NPC
Guzape,3,6500000.0,Apartment,Apartment,"Fha  Guzape, Guzape District, Abuja",2026-06-01 11:12:58,NPC
Katampe,3,9000000.0,Apartment,Apartment,"Diplomatic Zone, Katampe Extension, Katampe, Abuja",2026-06-01 11:12:58,NPC
Durumi,3,7000000.0,Apartment,Apartment,"Durumi, Abuja",2026-06-01 11:12:58,NPC
Jahi,2,8500000.0,Apartment,Apartment,"Gilmore, Jahi, Abuja",2026-06-01 11:12:58,NPC
Maitama,1,9000000.0,Apartment,Apartment,"Maitama District, Abuja",2026-06-01 11:13:07,NPC
Wuye,2,6000000.0,Apartment,Apartment,"Wuye, Abuja",2026-06-01 11:13:07,NPC
Maitama,5,100000000.0,Duplex,Detached Duplex,"Maitama District, Abuja",2026-06-01 11:13:07,NPC
Kado,5,20000000.0,Duplex,Detached Duplex,"Kado, Abuja",2026-06-01 11:13:07,NPC
Asokoro,3,23000000.0,Apartment,Apartment,"Ty Danjuma, Asokoro District, Abuja",2026-06-01 11:13:07,NPC
Apo,3,10000000.0,Duplex,Terraced Duplex,"Apo, Abuja",2026-06-01 11:13:07,NPC
Mabushi,3,7000000.0,Apartment,Apartment,"Mabushi, Abuja",2026-06-01 11:13:07,NPC
Apo,3,10000000.0,Duplex,Terraced Duplex,"Apo, Abuja",2026-06-01 11:13:07,NPC
Garki,3,6000000.0,Apartment,Apartment,"Garki, Abuja",2026-06-01 11:13:07,NPC
Katampe,3,8000000.0,Apartment,Apartment,"Katampe Road, Jahi, Abuja",2026-06-01 11:13:07,NPC
Jabi,3,8000000.0,Apartment,Apartment,"By Gtbank, Jabi, Abuja",2026-06-01 11:13:07,NPC
Maitama,3,35000000.0,Apartment,Apartment,"Maitama District, Abuja",2026-06-01 11:13:07,NPC
Apo,3,10000000.0,Duplex,Terraced Duplex,"Apo, Abuja",2026-06-01 11:13:07,NPC
Katampe,1,1500000.0,Apartment,Apartment,"Katampe Extension, Katampe, Abuja",2026-06-01 11:13:07,NPC
Apo,3,10000000.0,Duplex,Terraced Duplex,"Apo, Abuja",2026-06-01 11:13:07,NPC
Apo,3,12000000.0,Duplex,Terraced Duplex,"Rockvale Manors Estate, Apo, Abuja",2026-06-01 11:13:07,NPC
Katampe,4,20000000.0,Duplex,Terraced Duplex,"Katampe Extension, Katampe, Abuja",2026-06-01 11:13:07,NPC
Katampe,4,20000000.0,Duplex,Terraced Duplex,"Katampe Extension, Katampe, Abuja",2026-06-01 11:13:07,NPC
Maitama,3,25000000.0,House,House,"Usuma Street, Maitama District, Abuja",2026-06-01 11:13:07,NPC
Maitama,4,68521500.0,Duplex,Semi-Detached Duplex,"Maitama District, Abuja",2026-06-01 11:13:07,NPC
Maitama,1,6000000.0,Apartment,Apartment,"Maitama District, Abuja",2026-06-01 11:13:15,NPC
Wuse,5,27000000.0,Duplex,Terraced Duplex,"Wuse, Abuja",2026-06-01 11:13:15,NPC
Wuye,5,30000000.0,Duplex,Semi-Detached Duplex,"Wuye, Abuja",2026-06-01 11:13:15,NPC
Wuye,4,20000000.0,Duplex,Terraced Duplex,"Wuye, Abuja",2026-06-01 11:13:15,NPC
Asokoro,4,40000.0,Duplex,Detached Duplex,"Asokoro District, Abuja",2026-06-01 11:13:15,NPC
Wuse,3,15000000.0,Apartment,Apartment,"By Rockview Hotel, Wuse 2, Abuja",2026-06-01 11:13:15,NPC
Apo,4,10000000.0,Duplex,Terraced Duplex,"Apo Legislative Quarters Zone E, Apo, Abuja",2026-06-01 11:13:15,NPC
Apo,5,25000000.0,Duplex,Detached Duplex,"Legislative Quarters, Apo, Abuja",2026-06-01 11:13:15,NPC
Apo,4,15000000.0,Duplex,Detached Duplex,"Cedar Crest Hospital, Apo, Abuja",2026-06-01 11:13:15,NPC
Guzape,4,35000000.0,Duplex,Terraced Duplex,"Guzape Main, Guzape District, Abuja",2026-06-01 11:13:15,NPC
Gwarinpa,1,3500000.0,Apartment,Apartment,"News Engineering, Dawaki, Gwarinpa, Abuja",2026-06-01 11:13:15,NPC
Gwarinpa,3,7000000.0,Bungalow,Detached Bungalow,"Karsana, Gwarinpa, Abuja",2026-06-01 11:13:15,NPC
Kado,1,2000000.0,Apartment,Self Contain,"Kado Estate, Kado, Abuja",2026-06-01 11:13:15,NPC
Guzape,5,28000000.0,Duplex,Detached Duplex,"Guzape District, Abuja",2026-06-01 11:13:15,NPC
Gwarinpa,2,4000000.0,Apartment,Apartment,"2nd Avenue, Gwarinpa, Abuja",2026-06-01 11:13:15,NPC
Katampe,4,20000000.0,Duplex,Terraced Duplex,"Katampe Extension, Katampe, Abuja",2026-06-01 11:13:15,NPC
Utako,2,12000000.0,Apartment,Apartment,"Utako, Abuja",2026-06-01 11:13:15,NPC
Apo,3,12000000.0,Duplex,Terraced Duplex,"Rockvale Manors Estate, Apo, Abuja",2026-06-01 11:13:15,NPC
Guzape,4,13000000.0,Duplex,Terraced Duplex,"Guzape District, Abuja",2026-06-01 11:13:15,NPC
Asokoro,5,55000000.0,Duplex,Detached Duplex,"Asokoro District, Abuja",2026-06-01 11:13:15,NPC
Guzape,4,19000000.0,House,House,"Guzape District, Abuja",2026-06-01 11:13:15,NPC
Life Camp,2,4500000.0,Apartment,Apartment,"Nnpc Estate By Ochacho, Life Camp, Abuja",2026-06-01 11:13:23,NPC
Asokoro,6,35000000.0,Duplex,Detached Duplex,"Asokoro District, Abuja",2026-06-01 11:13:23,NPC
Wuye,3,15000000.0,Apartment,Apartment,"Wuye, Abuja",2026-06-01 11:13:23,NPC
Gwarinpa,3,10000000.0,Bungalow,Detached Bungalow,"Gwarinpa, Abuja",2026-06-01 11:13:23,NPC
Guzape,4,15000000.0,Duplex,Terraced Duplex,"Guzape District, Abuja",2026-06-01 11:13:23,NPC
Gwarinpa,3,4000000.0,Apartment,Apartment,"Gwarinpa, Abuja",2026-06-01 11:13:23,NPC
Mabushi,4,20000000.0,Duplex,Terraced Duplex,"Mabushi, Abuja",2026-06-01 11:13:23,NPC
Gwarinpa,4,9000000.0,Duplex,Terraced Duplex,"First Avenue, Gwarinpa, Abuja",2026-06-01 11:13:23,NPC
Garki,2,4500000.0,Apartment,Apartment,"Area 2, Garki, Abuja, Garki, Abuja",2026-06-01 11:13:23,NPC
Lokogoma,3,6500000.0,Apartment,Apartment,"Lokogoma District, Abuja",2026-06-01 11:13:23,NPC
Guzape,3,12000000.0,Apartment,Apartment,"Guzape District, Abuja",2026-06-01 11:13:23,NPC
Katampe,4,18000000.0,Duplex,Terraced Duplex,"Katampe Extension, Katampe, Abuja",2026-06-01 11:13:23,NPC
Kado,3,15000000.0,Duplex,Terraced Duplex,"Kado, Abuja",2026-06-01 11:13:23,NPC
Jahi,2,6000000.0,Apartment,Apartment,"Living Faith, Jahi, Abuja",2026-06-01 11:13:23,NPC
Wuse,3,8000000.0,Apartment,Apartment,"Zone 3, Wuse, Abuja",2026-06-01 11:13:23,NPC
Jahi,4,15000000.0,Duplex,Terraced Duplex,"Ameyo Adadevoh Way, Gilmore, Jahi, Abuja",2026-06-01 11:13:23,NPC
Mabushi,4,20000000.0,Duplex,Detached Duplex,"Mabushi, Abuja",2026-06-01 11:13:23,NPC
Gwarinpa,1,1400000.0,Apartment,Self Contain,"4th Avenue, Gwarinpa, Abuja",2026-06-01 11:13:23,NPC
Life Camp,4,11000000.0,Duplex,Terraced Duplex,"Lifecamp, Life Camp, Abuja",2026-06-01 11:13:23,NPC
Kado,4,15000000.0,Duplex,Semi-Detached Duplex,"Old Gwarimpa Road, Kado, Abuja",2026-06-01 11:13:23,NPC
Maitama,1,6000000.0,Apartment,Apartment,"Maitama District, Abuja",2026-06-01 11:13:32,NPC
Life Camp,3,7000000.0,Apartment,Apartment,"Close To Stella Maris, Life Camp, Abuja",2026-06-01 11:13:32,NPC
Kubwa,2,5500000.0,Apartment,Apartment,"Main F01, FO1 Layout, Kubwa, Abuja",2026-06-01 11:13:32,NPC
Lokogoma,1,800000.0,Apartment,Self Contain,"Lokogoma District, Abuja",2026-06-01 11:13:32,NPC
Lugbe,3,4000000.0,Bungalow,Detached Bungalow,"Lugbe District, Abuja",2026-06-01 11:13:32,NPC
Jabi,4,20000000.0,Duplex,Terraced Duplex,"Jabi, Abuja",2026-06-01 11:13:32,NPC
Apo,3,12000000.0,Duplex,Terraced Duplex,"Apo, Abuja",2026-06-01 11:13:32,NPC
Life Camp,2,5000000.0,Apartment,Apartment,"Off Nicholas Agha Crescent, Life Camp, Abuja",2026-06-01 11:13:32,NPC
Lokogoma,3,7500000.0,Duplex,Semi-Detached Duplex,"Sun City Estate, Lokogoma District, Abuja",2026-06-01 11:13:32,NPC
Gwarinpa,1,6000000.0,Apartment,Mini Flat,"Off 3rd Avenue, Dantata Estate, Gwarinpa, Abuja",2026-06-01 11:13:32,NPC
Maitama,3,6000000.0,Apartment,Apartment,"Maitama, Maitama District, Abuja",2026-06-01 11:13:32,NPC
Asokoro,2,7000000.0,Duplex,Terraced Duplex,"Naf Estate., Asokoro District, Abuja",2026-06-01 11:13:32,NPC
Apo,3,12000000.0,Duplex,Terraced Duplex,"Apo, Apo, Abuja",2026-06-01 11:13:32,NPC
Katampe,4,13500000.0,Duplex,Terraced Duplex,"By Living Faith Church, Katampe (Main), Katampe, Abuja",2026-06-01 11:13:32,NPC
Asokoro,4,35000000.0,Duplex,Detached Duplex,"Asokoro District, Abuja",2026-06-01 11:13:32,NPC
Asokoro,3,14000000.0,Duplex,Terraced Duplex,"Naf Valley Estate, Asokoro District, Abuja",2026-06-01 11:13:32,NPC
Maitama,1,6000000.0,Apartment,Apartment,"Maitama District, Abuja",2026-06-01 11:13:38,NPC
Jahi,3,10000000.0,Duplex,Terraced Duplex,"By Living Faith Church, Jahi, Abuja",2026-06-01 11:13:38,NPC
Apo,4,13500000.0,Duplex,Terraced Duplex,"Dutse, Opposite Cedar Crest Hospital, Apo, Abuja",2026-06-01 11:13:38,NPC
Galadimawa,3,6000000.0,Apartment,Apartment,"Galadimawa, Abuja",2026-06-01 11:13:38,NPC
Gaduwa,3,10000000.0,Duplex,Terraced Duplex,"Gaduwa, Abuja",2026-06-01 11:13:38,NPC
Maitama,3,47965050.0,Duplex,Terraced Duplex,"Maitama District, Abuja",2026-06-01 11:13:38,NPC
Katampe,4,25000000.0,Duplex,Terraced Duplex,"Katampe Extension, Katampe, Abuja",2026-06-01 11:13:38,NPC
Gwarinpa,4,17000000.0,Duplex,Detached Duplex,"Gwarimpa Estate By 6th Avenue,fct Abuja Nigeria, Gwarinpa, Abuja",2026-06-01 11:13:38,NPC
Wuye,3,11000000.0,House,House,"Wuye Abuja, Wuye, Abuja",2026-06-01 11:13:38,NPC
Guzape,4,30000000.0,Duplex,Detached Duplex,"Guzape District, Abuja",2026-06-01 11:13:38,NPC
Jahi,5,20000000.0,Duplex,Terraced Duplex,"Gilmor, Jahi, Abuja",2026-06-01 11:13:38,NPC
Life Camp,3,10000000.0,Apartment,Apartment,"Life Camp, Abuja",2026-06-01 11:13:38,NPC
Garki,3,6000000.0,House,House,"Garki, Abuja",2026-06-01 11:13:38,NPC
Asokoro,4,35000000.0,Duplex,Detached Duplex,"Asokoro District, Abuja",2026-06-01 11:13:38,NPC
Durumi,4,9000000.0,Duplex,Terraced Duplex,"Durumi, Abuja",2026-06-01 11:13:38,NPC
Jabi,3,8500000.0,Apartment,Apartment,"Jabi, Abuja",2026-06-01 11:13:38,NPC
Maitama,1,9000000.0,Apartment,Apartment,"Maitama District, Abuja",2026-06-01 11:13:45,NPC
Gaduwa,1,2000000.0,Apartment,Self Contain,"Gaduwa, Abuja",2026-06-01 11:13:45,NPC
Lugbe,1,1500000.0,Apartment,Self Contain,"Lugbe District, Abuja",2026-06-01 11:13:45,NPC
Galadimawa,2,5000000.0,Apartment,Apartment,"Galadimawa, Abuja",2026-06-01 11:13:45,NPC
Life Camp,3,4000000.0,Apartment,Apartment,"Life Camp, Abuja",2026-06-01 11:13:45,NPC
Life Camp,2,8000000.0,Apartment,Apartment,"Life Camp, Abuja",2026-06-01 11:13:45,NPC
Jahi,3,8000000.0,Apartment,Apartment,"Jahi, Abuja",2026-06-01 11:13:45,NPC
Guzape,4,30000000.0,Duplex,Semi-Detached Duplex,"Guzape District, Abuja",2026-06-01 11:13:45,NPC
Lugbe,4,5000000.0,Duplex,Semi-Detached Duplex,"Before Premier Academy, FHA (F.H.A), Lugbe District, Abuja",2026-06-01 11:13:45,NPC
Jahi,5,20000000.0,Duplex,Terraced Duplex,"Jahi, Abuja",2026-06-01 11:13:45,NPC
Maitama,5,50000000.0,Duplex,Semi-Detached Duplex,"Maitama District, Abuja",2026-06-01 11:13:45,NPC
Mabushi,3,12500000.0,Apartment,Apartment,"Mabushi, Abuja",2026-06-01 11:13:45,NPC
Jahi,4,18000000.0,Duplex,Terraced Duplex,"Jahi, Abuja",2026-06-01 11:13:45,NPC
Life Camp,4,25000000.0,Duplex,Semi-Detached Duplex,"Life Camp, Abuja",2026-06-01 11:13:45,NPC
Katampe,4,23000000.0,House,House,"Katampe Extension, Katampe, Abuja",2026-06-01 11:13:45,NPC
Life Camp,5,25000000.0,House,House,"Life Camp, Abuja",2026-06-01 11:13:45,NPC
Maitama,4,82225800.0,Duplex,Detached Duplex,"Maitama District, Abuja",2026-06-01 11:13:45,NPC
Jabi,4,47965050000.0,Duplex,Detached Duplex,"Jabi, Abuja",2026-06-01 11:13:45,NPC
Maitama,2,75373650.0,Apartment,Apartment,"Maitama District, Abuja",2026-06-01 11:13:45,NPC
Central Business District,2,164451600.0,Apartment,Apartment,"Central Business District, Abuja",2026-06-01 11:13:45,NPC
Maitama,1,6000000.0,Apartment,Apartment,"Maitama District, Abuja",2026-06-01 11:13:50,NPC
Central Business District,1,123338700.0,Apartment,Mini Flat,"Central Business District, Abuja",2026-06-01 11:13:50,NPC
Mabushi,3,10000000.0,Apartment,Apartment,"Mabushi, Abuja",2026-06-01 11:13:50,NPC
Katampe,2,7000000.0,Apartment,Apartment,"Katampe Extension, Katampe, Abuja",2026-06-01 11:13:50,NPC
Lugbe,2,4000000.0,Bungalow,Detached Bungalow,"A&g Estate Phase2, FHA (F.H.A), Lugbe District, Abuja",2026-06-01 11:13:50,NPC
Durumi,1,3500000.0,Apartment,Mini Flat,"By American Intâl School, Durumi, Abuja",2026-06-01 11:13:50,NPC
Asokoro,6,100000000.0,Duplex,Detached Duplex,"Asokoro District, Abuja",2026-06-01 11:13:50,NPC
Guzape,3,15000000.0,Apartment,Apartment,"Guzape District, Abuja",2026-06-01 11:13:50,NPC
Durumi,3,6500000.0,Apartment,Apartment,"By Gtbank, Durumi, Abuja",2026-06-01 11:13:50,NPC
Wuye,3,11000000.0,Apartment,Apartment,"Wuye, Abuja",2026-06-01 11:13:50,NPC
Katampe,1,1300000.0,Apartment,Self Contain,"Katampe (Main), Katampe, Abuja",2026-06-01 11:13:50,NPC
Katampe,1,2500000.0,Apartment,Mini Flat,"Katampe (Main), Katampe, Abuja",2026-06-01 11:13:50,NPC
Katampe,5,30000000.0,Duplex,Detached Duplex,"Katampe Main By Emirates Estate ,fct Abuja Nigeria, Katampe (Main), Katampe, Abuja",2026-06-01 11:13:50,NPC
Gwarinpa,4,15000000.0,Duplex,Detached Duplex,"Gwarinpa, Abuja",2026-06-01 11:13:50,NPC
Asokoro,1,7000000.0,Apartment,Apartment,"Asokoro District, Abuja",2026-06-01 11:13:50,NPC
Mabushi,2,7500000.0,Apartment,Apartment,"Mabushi, Abuja",2026-06-01 11:13:50,NPC
Durumi,2,4500000.0,Apartment,Apartment,"By American International School, Durumi, Abuja",2026-06-01 11:13:50,NPC
Apo,4,15000000.0,Duplex,Detached Duplex,"By Cedacrest, Apo, Abuja",2026-06-01 11:13:50,NPC
Jahi,5,20000000.0,Duplex,Terraced Duplex,"Jahi, Abuja",2026-06-01 11:13:50,NPC
Jahi,2,6500000.0,Apartment,Apartment,"Jahi District Abuja. Access Road Is Well Tarred., Jahi, Abuja",2026-06-01 11:13:50,NPC
Lokogoma,1,2000000.0,Apartment,Mini Flat,"Lokogoma District, Abuja",2026-06-01 11:13:59,NPC
Galadimawa,3,7500000.0,Duplex,Semi-Detached Duplex,"Sun City Estate, Galadimawa, Abuja",2026-06-01 11:13:59,NPC
Asokoro,1,3000000.0,Apartment,Self Contain,"Asokoro District, Abuja",2026-06-01 11:13:59,NPC
Asokoro,5,15000000.0,Duplex,Terraced Duplex,"Naf Valley Estate, Asokoro District, Abuja",2026-06-01 11:13:59,NPC
Jahi,2,12000000.0,House,House,"Jahi, Abuja",2026-06-01 11:13:59,NPC
Kubwa,1,1500000.0,Apartment,Mini Flat,"Arab Road, Kubwa, Abuja",2026-06-01 11:13:59,NPC
Apo,4,15000000.0,Duplex,Detached Duplex,"Apo By Gudu Junction, Close To Cedarcrest Hospital, Apo, Abuja",2026-06-01 11:13:59,NPC
Lugbe,3,4500000.0,Apartment,Apartment,"Lugbe District, Abuja",2026-06-01 11:13:59,NPC
Life Camp,4,15000000.0,Duplex,Semi-Detached Duplex,"Stella Maris, Life Camp, Abuja",2026-06-01 11:13:59,NPC
Maitama,4,40000000.0,Duplex,Terraced Duplex,"Maitama District, Abuja",2026-06-01 11:13:59,NPC
Asokoro,7,80000000.0,Duplex,Detached Duplex,"Asokoro District, Abuja",2026-06-01 11:13:59,NPC
Gwarinpa,2,6000000.0,Apartment,Apartment,"Dawaki, Gwarinpa, Abuja",2026-06-01 11:13:59,NPC
Wuse,3,50000000.0,Apartment,Apartment,"Wuse 2, Abuja",2026-06-01 11:13:59,NPC
Maitama,3,47965050.0,Duplex,Terraced Duplex,"Maitama District, Abuja",2026-06-01 11:13:59,NPC
Jahi,4,18000000.0,Duplex,Terraced Duplex,"Jahi, Abuja",2026-06-01 11:13:59,NPC
Gaduwa,3,10000000.0,Duplex,Terraced Duplex,"Gaduwa, Abuja",2026-06-01 11:13:59,NPC
Jahi,5,20000000.0,Duplex,Terraced Duplex,"Jahi, Abuja",2026-06-01 11:13:59,NPC
Asokoro,4,30000000.0,Duplex,Terraced Duplex,"Naf Valley, Asokoro District, Abuja",2026-06-01 11:13:59,NPC
Katampe,4,15000000.0,Duplex,Terraced Duplex,"Katampe Extension, Katampe, Abuja",2026-06-01 11:13:59,NPC
Maitama,1,9000000.0,Apartment,Apartment,"Maitama District, Abuja",2026-06-01 11:14:04,NPC
Jahi,3,15000000.0,Duplex,Terraced Duplex,"Gilmore, Jahi, Abuja",2026-06-01 11:14:04,NPC
Guzape,4,15000000.0,Duplex,Terraced Duplex,"Guzape, Guzape District, Abuja",2026-06-01 11:14:04,NPC
Mabushi,4,15000000.0,Duplex,Terraced Duplex,"Mabushi, Abuja",2026-06-01 11:14:04,NPC
Mabushi,4,20000000.0,Duplex,Terraced Duplex,"Mabushi, Abuja",2026-06-01 11:14:04,NPC
Katampe,3,8000000.0,Apartment,Apartment,"Katampe Behind Urban Shelter, Katampe (Main), Katampe, Abuja",2026-06-01 11:14:04,NPC
Wuse,6,45000000.0,Duplex,Detached Duplex,"Wuse 2, Wuse 2, Abuja",2026-06-01 11:14:04,NPC
Durumi,3,9000000.0,Apartment,Apartment,"Near American School, Durumi, Abuja",2026-06-01 11:14:04,NPC
Kubwa,2,3000000.0,Apartment,Apartment,"F14 Nepa Road Phase 4, Kubwa, Abuja",2026-06-01 11:14:04,NPC
Jabi,3,11000000.0,Duplex,Terraced Duplex,"Jabi, Abuja",2026-06-01 11:14:04,NPC
Kubwa,1,2500000.0,Apartment,Apartment,"FO1 Layout, Kubwa, Abuja",2026-06-01 11:14:04,NPC
Asokoro,4,80000000.0,Duplex,Semi-Detached Duplex,"Asokoro District, Abuja",2026-06-01 11:14:04,NPC
Asokoro,2,89077950.0,Apartment,Apartment,"Asokoro District, Abuja",2026-06-01 11:14:04,NPC
Gaduwa,4,10000000.0,House,House,"Gaduwa, Abuja",2026-06-01 11:14:04,NPC
Jabi,2,50705910.0,Apartment,Apartment,"Jabi, Abuja",2026-06-01 11:14:04,NPC
Jabi,2,21926880.0,Apartment,Apartment,"Jabi, Abuja",2026-06-01 11:14:04,NPC
Wuse,3,20000000.0,Apartment,Apartment,"Wuse 2, Abuja",2026-06-01 11:14:04,NPC
Katampe,2,7000000.0,Apartment,Apartment,"Diplomatic Zone, Katampe Extension, Katampe, Abuja",2026-06-01 11:14:04,NPC
Lokogoma,1,1000000.0,Apartment,Self Contain,"Lokogoma District, Abuja",2026-06-01 11:14:04,NPC
Maitama,1,9000000.0,Apartment,Apartment,"Maitama District, Abuja",2026-06-01 11:14:13,NPC
Jahi,5,15000000.0,Duplex,Terraced Duplex,"Jahi, Abuja",2026-06-01 11:14:13,NPC
Durumi,1,1800000.0,Apartment,Self Contain,"By American International School, Durumi, Abuja",2026-06-01 11:14:13,NPC
Gwarinpa,4,8000000.0,Duplex,Detached Duplex,"Dawaki, Gwarinpa, Abuja",2026-06-01 11:14:13,NPC
Guzape,8,80000000.0,Duplex,Detached Duplex,"Guzape District, Abuja",2026-06-01 11:14:13,NPC
Asokoro,4,30000000.0,Duplex,Detached Duplex,"Naf Estate, Asokoro District, Abuja",2026-06-01 11:14:13,NPC
Idu,2,5000000.0,Apartment,Apartment,"Ochacho Estate, Idu Industrial, Abuja",2026-06-01 11:14:13,NPC
Gudu,3,6500000.0,Apartment,Apartment,"By Ap Filling Station, Gudu, Abuja",2026-06-01 11:14:13,NPC
Asokoro,5,25000000.0,Duplex,Detached Duplex,"Asokoro Main, Asokoro District, Abuja",2026-06-01 11:14:13,NPC
Jabi,3,8000000.0,Apartment,Apartment,"Jabi, Abuja",2026-06-01 11:14:13,NPC
Jahi,4,13000000.0,Duplex,Terraced Duplex,"Jahi, Abuja",2026-06-01 11:14:13,NPC
Guzape,4,15000000.0,Duplex,Terraced Duplex,"Guzape District, Abuja",2026-06-01 11:14:13,NPC
Idu,5,15000000.0,House,House,"Aiben Estate, Idu Industrial, Abuja",2026-06-01 11:14:13,NPC
Wuye,4,15000000.0,Duplex,Terraced Duplex,"Wuye, Abuja",2026-06-01 11:14:13,NPC
Katampe,3,10000000.0,Apartment,Apartment,"Katampe (Main), Katampe, Abuja",2026-06-01 11:14:13,NPC
Maitama,1,9000000.0,Apartment,Apartment,"Maitama District, Abuja",2026-06-01 11:14:20,NPC
Mabushi,3,8000000.0,Apartment,Apartment,"Mabushi, Abuja",2026-06-01 11:14:20,NPC
Katampe,1,3000000.0,Apartment,Self Contain,"Gilmore, Katampe Extension, Katampe, Abuja",2026-06-01 11:14:20,NPC
Life Camp,1,4000000.0,Apartment,Apartment,"By Paradise 1, Life Camp, Abuja",2026-06-01 11:14:20,NPC
Guzape,3,9500000.0,Apartment,Apartment,"Guzape District, Abuja",2026-06-01 11:14:20,NPC
Lokogoma,3,4500000.0,Apartment,Apartment,"Sunnyvale Road, Lokogoma District, Abuja",2026-06-01 11:14:20,NPC
Lugbe,2,5500000.0,Duplex,Semi-Detached Duplex,"Lugbe District, Abuja",2026-06-01 11:14:20,NPC
Katampe,2,9000000.0,Apartment,Apartment,"Katampe (Main), Katampe, Abuja",2026-06-01 11:14:20,NPC
Jabi,3,10000000.0,Apartment,Apartment,"Jabi, Abuja",2026-06-01 11:14:20,NPC
Maitama,3,35000000.0,Duplex,Detached Duplex,"Maitama District, Abuja",2026-06-01 11:14:20,NPC
Wuse,3,630397800.0,Apartment,Apartment,"Wuse 2, Abuja",2026-06-01 11:14:20,NPC
Wuse,3,95930100.0,Apartment,Apartment,"Wuse 2, Abuja",2026-06-01 11:14:20,NPC
Life Camp,2,7000000.0,Apartment,Apartment,"Paradise Estate, Life Camp, Abuja",2026-06-01 11:14:20,NPC
Jabi,4,15000000.0,Duplex,Semi-Detached Duplex,"Close To Jabi Lake Shop Rite, Jabi, Abuja",2026-06-01 11:14:20,NPC
Jahi,2,8000000.0,Apartment,Apartment,"Jahi Gilmore, Jahi, Abuja",2026-06-01 11:14:20,NPC
Wuse,3,15000000.0,Apartment,Apartment,"Off Ademola Adetunkubo, Wuse 2, Abuja",2026-06-01 11:14:20,NPC
Idu,3,6000000.0,Apartment,Apartment,"Idu-karmo Abuja. ( After Nizamiyel Hospital) Turkish Hospital, Idu Industrial, Abuja",2026-06-01 11:14:20,NPC
Idu,4,8000000.0,Duplex,Terraced Duplex,"Idu-karmo, Abuja ( After Nizamiyel Hospital) Turkish Hospital., Idu Industrial, Abuja",2026-06-01 11:14:20,NPC
Gaduwa,3,6500000.0,Apartment,Apartment,"Gaduwa, Abuja",2026-06-01 11:14:20,NPC
Gwarinpa,3,7000000.0,Apartment,Apartment,"62nd Road, Gwarinpa, Abuja",2026-06-01 11:14:20,NPC
Jahi,3,10000000.0,Apartment,Apartment,"Jahi, Abuja",2026-06-01 11:14:20,NPC
Maitama,1,9000000.0,Apartment,Apartment,"Maitama District, Abuja",2026-06-01 11:14:30,NPC
Jabi,3,11000000.0,Duplex,Semi-Detached Duplex,"Jabi, Abuja",2026-06-01 11:14:30,NPC
Katampe,4,13000000.0,House,House,"Katampe (Main), Katampe, Abuja",2026-06-01 11:14:30,NPC
Asokoro,6,60000000.0,Duplex,Detached Duplex,"Asokoro Main, Asokoro District, Abuja",2026-06-01 11:14:30,NPC
Maitama,3,49335480.0,Duplex,Terraced Duplex,"Maitama District, Abuja",2026-06-01 11:14:30,NPC
Asokoro,7,80000000.0,Duplex,Detached Duplex,"Asokoro District, Abuja",2026-06-01 11:14:30,NPC
Life Camp,4,16000000.0,Duplex,Terraced Duplex,"Lifecamp Main, Life Camp, Abuja",2026-06-01 11:14:30,NPC
Katampe,3,14000000.0,Apartment,Apartment,"Katampe (Main), Katampe, Abuja",2026-06-01 11:14:30,NPC
Utako,4,25000000.0,Duplex,Detached Duplex,"By Arab, Utako, Abuja",2026-06-01 11:14:30,NPC
Gwarinpa,3,15000000.0,Apartment,Apartment,"2nd Avenue, Gwarinpa, Abuja",2026-06-01 11:14:30,NPC
Gwarinpa,6,35000000.0,Duplex,Detached Duplex,"Gwarinpa, Abuja",2026-06-01 11:14:30,NPC
Asokoro,4,30000000.0,House,House,"Asokoro District, Abuja",2026-06-01 11:14:30,NPC
Asokoro,5,30000000.0,Duplex,Detached Duplex,"Asokoro District, Abuja",2026-06-01 11:14:30,NPC
Kado,4,15000000.0,Duplex,Terraced Duplex,"Kado, Abuja",2026-06-01 11:14:30,NPC
Gwarinpa,4,18500000.0,Duplex,Terraced Duplex,"3rd Avenue, Gwarinpa, Abuja",2026-06-01 11:14:30,NPC
Kubwa,3,5500000.0,Bungalow,Detached Bungalow,"Dantata Estate, Kubwa, Abuja",2026-06-01 11:14:30,NPC
Mabushi,4,23000000.0,Duplex,Terraced Duplex,"Mabushi, Abuja",2026-06-01 11:14:30,NPC
Maitama,4,45000000.0,Duplex,Terraced Duplex,"Maitama District, Abuja",2026-06-01 11:14:30,NPC
Mabushi,4,18000000.0,Duplex,Detached Duplex,"Mabushi, Abuja",2026-06-01 11:14:30,NPC
Katampe,4,20000000.0,Duplex,Terraced Duplex,"Diplomatic Zone, Katampe Extension, Katampe, Abuja",2026-06-01 11:14:30,NPC
Maitama,1,9000000.0,Apartment,Apartment,"Maitama District, Abuja",2026-06-01 11:14:40,NPC
Maitama,6,150000000.0,Duplex,Detached Duplex,"Maitama District, Abuja",2026-06-01 11:14:40,NPC
Gwarinpa,3,7500000.0,Apartment,Apartment,"Gwarinpa, Abuja",2026-06-01 11:14:40,NPC
Maitama,3,30000000.0,Apartment,Apartment,"Maitama District, Abuja",2026-06-01 11:14:40,NPC
Garki,4,10000000.0,Duplex,Terraced Duplex,"Garki Main (by Rea 2), Garki, Abuja",2026-06-01 11:14:40,NPC
Jabi,3,8000000.0,Apartment,Apartment,"Jabi, Abuja",2026-06-01 11:14:40,NPC
Life Camp,2,6500000.0,Apartment,Apartment,"Life Camp, Abuja",2026-06-01 11:14:40,NPC
Asokoro,6,40000000.0,Duplex,Semi-Detached Duplex,"Main Asokoro, Asokoro District, Abuja",2026-06-01 11:14:40,NPC
Katampe,6,42000000.0,Duplex,Detached Duplex,"Katampe Extension, Katampe, Abuja",2026-06-01 11:14:40,NPC
Kado,4,20000000.0,Duplex,Terraced Duplex,"Kado, Abuja",2026-06-01 11:14:40,NPC
Jahi,4,9000000.0,House,House,"Jahi, Abuja",2026-06-01 11:14:40,NPC
Wuye,5,35000000.0,House,House,"Wuye, Abuja",2026-06-01 11:14:40,NPC
Idu,4,10000000.0,Duplex,Detached Duplex,"Idu-karmo, Nizamiyel Hospital (turkish Hospital), Idu Industrial, Abuja",2026-06-01 11:14:40,NPC
Gwarinpa,1,3000000.0,Apartment,Apartment,"News Engineering, Dawaki, Gwarinpa, Abuja",2026-06-01 11:14:40,NPC
Utako,3,8000000.0,Apartment,Apartment,"Utako, Abuja",2026-06-01 11:14:40,NPC
Gwarinpa,3,7000000.0,Apartment,Apartment,"62 Road, Gwarinpa, Abuja",2026-06-01 11:14:40,NPC
Utako,4,25000000.0,House,House,"Utako, Abuja",2026-06-01 11:14:40,NPC
Katampe,2,13000000.0,House,House,"Katampe (Main), Katampe, Abuja",2026-06-01 11:14:40,NPC
Wuse,5,45000000.0,Duplex,Detached Duplex,"Wuse 2, Abuja",2026-06-01 11:14:40,NPC
Kado,4,16000000.0,Duplex,Terraced Duplex,"Kado, Abuja",2026-06-01 11:14:40,NPC
Lugbe,4,8000000.0,Duplex,Semi-Detached Duplex,"Von Axis, Lugbe District, Abuja",2026-06-01 11:14:49,NPC
Gudu,4,12000000.0,Duplex,Terraced Duplex,"Legislative Quarters, Gudu, Abuja",2026-06-01 11:14:49,NPC
Lugbe,4,12000000.0,Duplex,Terraced Duplex,"Cluster,  River Park Estate Airport Road, Lugbe District, Abuja",2026-06-01 11:14:49,NPC
Jahi,3,12500000.0,Apartment,Apartment,"Jahi, Abuja",2026-06-01 11:14:49,NPC
Katampe,6,35000000.0,Duplex,Detached Duplex,"Katampe Extension, Katampe, Abuja",2026-06-01 11:14:49,NPC
Guzape,4,25000000.0,Duplex,Terraced Duplex,"Guzape District, Abuja",2026-06-01 11:14:49,NPC
Jabi,2,42000000.0,Apartment,Apartment,"Jabi, Abuja",2026-06-01 11:14:49,NPC
Katampe,2,7000000.0,Apartment,Apartment,"Katampe Extension, Katampe, Abuja",2026-06-01 11:14:49,NPC
Mabushi,4,15000000.0,House,House,"Mabushi, Abuja",2026-06-01 11:14:49,NPC
Jahi,3,72000000.0,Apartment,Apartment,"Jahi, Abuja",2026-06-01 11:14:49,NPC
Wuse,24,420000000.0,Duplex,Terraced Duplex,"Wuse 2, Abuja",2026-06-01 11:14:49,NPC
Asokoro,6,50000000.0,Duplex,Detached Duplex,"Asokoro District, Abuja",2026-06-01 11:14:49,NPC
Guzape,4,30000000.0,Duplex,Terraced Duplex,"Guzape District, Abuja",2026-06-01 11:14:49,NPC
Katampe,4,15000000.0,Duplex,Terraced Duplex,"By Aso Radio, Katampe (Main), Katampe, Abuja",2026-06-01 11:14:49,NPC
Mabushi,4,12000000.0,Duplex,Terraced Duplex,"Mabushi Behind Capital Hub, Mabushi, Abuja",2026-06-01 11:14:49,NPC
Maitama,4,50000000.0,Duplex,Terraced Duplex,"Maitama District, Abuja",2026-06-01 11:14:49,NPC
Life Camp,4,8000000.0,Duplex,Terraced Duplex,"Lifecamp Junction, Life Camp, Abuja",2026-06-01 11:14:49,NPC
Guzape,4,25000000.0,Duplex,Terraced Duplex,"Guzape District, Abuja",2026-06-01 11:14:49,NPC
Life Camp,4,13000000.0,Duplex,Terraced Duplex,"Off Magistrate Court, Life Camp, Abuja",2026-06-01 11:14:49,NPC
Maitama,6,80000000.0,Duplex,Detached Duplex,"Maitama Off Lake Chad, Maitama District, Abuja",2026-06-01 11:14:57,NPC
Idu,3,5500000.0,Apartment,Apartment,"Idu-karmo District, After Nizamiyel Hospital ( Turkish Hospital), Idu Industrial, Abuja",2026-06-01 11:14:57,NPC
Idu,3,4500000.0,Apartment,Apartment,"Idu-karmo District, After Nizamiyel Hospital ( Turkish Hospital), Idu Industrial, Abuja",2026-06-01 11:14:57,NPC
Maitama,5,100000000.0,Duplex,Detached Duplex,"Maitama District, Abuja",2026-06-01 11:14:57,NPC
Life Camp,4,8000000.0,Duplex,Terraced Duplex,"Life Camp, Abuja",2026-06-01 11:14:57,NPC
Asokoro,4,18000000.0,Duplex,Semi-Detached Duplex,"Naf Valley Estate, Asokoro District, Abuja",2026-06-01 11:14:57,NPC
Life Camp,2,8500000.0,Apartment,Apartment,"Nnpc Estate, Life Camp, Abuja",2026-06-01 11:14:57,NPC
Wuye,5,25000000.0,Duplex,Terraced Duplex,"Wuye, Abuja",2026-06-01 11:14:57,NPC
Wuse,3,13000000.0,Apartment,Apartment,"Wuse 2, Abuja",2026-06-01 11:14:57,NPC
Asokoro,4,82225800.0,House,House,"Aso Villa Asokoro, Asokoro District, Abuja",2026-06-01 11:14:57,NPC
Maitama,5,50000000.0,Apartment,Apartment,"Maitama District, Abuja",2026-06-01 11:14:57,NPC
Katampe,5,25000000.0,Duplex,Detached Duplex,"Nicon Junction, Katampe (Main), Katampe, Abuja",2026-06-01 11:14:57,NPC
Life Camp,2,6500000.0,Apartment,Apartment,"Life Camp, Abuja",2026-06-01 11:14:57,NPC
Guzape,4,20000000.0,Duplex,Terraced Duplex,"Guzape District, Abuja",2026-06-01 11:14:57,NPC
Guzape,6,60000000.0,Duplex,Detached Duplex,"Guzape District, Abuja",2026-06-01 11:14:57,NPC
Life Camp,2,4500000.0,Apartment,Apartment,"Nnpc Estate, Life Camp, Abuja",2026-06-01 11:14:57,NPC
Maitama,1,6000000.0,Apartment,Apartment,"Maitama District, Abuja",2026-06-01 11:15:05,NPC
Wuye,4,25000000.0,Duplex,Terraced Duplex,"By Police Station, Wuye District, Lugbe District, Abuja",2026-06-01 11:15:05,NPC
Kaura,4,8500000.0,Duplex,Terraced Duplex,"By Games Village Estate, Kaura, Abuja",2026-06-01 11:15:05,NPC
Guzape,3,7000000.0,Apartment,Apartment,"Guzape District, Abuja",2026-06-01 11:15:05,NPC
Life Camp,4,9000000.0,Duplex,Terraced Duplex,"In An Estate Around Godab, Life Camp, Abuja",2026-06-01 11:15:05,NPC
Mabushi,1,6500000.0,Apartment,Mini Flat,"Aravalli Hills Apartments, Mabushi, Abuja",2026-06-01 11:15:05,NPC
Katampe,5,25000000.0,Duplex,Detached Duplex,"Opposite Nicon Junction, Katampe (Main), Katampe, Abuja",2026-06-01 11:15:05,NPC
Jabi,3,48000000.0,Apartment,Apartment,"After Jabi Lake Mall, Jabi, Abuja",2026-06-01 11:15:05,NPC
Guzape,3,15000000.0,Apartment,Apartment,"Off Mohammed Abba Gana Street, Guzape District, Abuja",2026-06-01 11:15:05,NPC
Katampe,2,7000000.0,Apartment,Apartment,"Katampe Extension, Katampe, Abuja",2026-06-01 11:15:05,NPC
Guzape,2,9000000.0,Duplex,Terraced Duplex,"Guzape District, Abuja",2026-06-01 11:15:05,NPC
Maitama,3,61669350.0,Apartment,Apartment,"Maitama District, Abuja",2026-06-01 11:15:05,NPC
Jahi,2,11000000.0,Apartment,Apartment,"Gilmore, Jahi, Abuja",2026-06-01 11:15:05,NPC
Gwarinpa,3,6500000.0,Duplex,Terraced Duplex,"Extension., Gwarinpa, Abuja",2026-06-01 11:15:05,NPC
Wuye,5,35000000.0,Duplex,Detached Duplex,"Wuye, Abuja",2026-06-01 11:15:05,NPC
Asokoro,8,150000000.0,Duplex,Detached Duplex,"Asokoro District, Abuja",2026-06-01 11:15:05,NPC
Gaduwa,2,5000000.0,Apartment,Apartment,"Gaduwa, Abuja",2026-06-01 11:15:05,NPC
Asokoro,4,20000000.0,Duplex,Terraced Duplex,"Asokoro District, Abuja",2026-06-01 11:15:05,NPC
Katampe,6,25000000.0,Duplex,Terraced Duplex,"Katampe (Main), Katampe, Abuja",2026-06-01 11:15:05,NPC
Maitama,1,6000000.0,Apartment,Apartment,"Maitama District, Abuja",2026-06-01 11:15:15,NPC
Asokoro,4,15000000.0,Duplex,Terraced Duplex,"Federal Capital, Asokoro District, Abuja",2026-06-01 11:15:15,NPC
Life Camp,3,5500000.0,Apartment,Apartment,"Berger Clinic, Life Camp, Abuja",2026-06-01 11:15:15,NPC
Life Camp,2,4000000.0,Apartment,Apartment,"Stella Maris, Life Camp, Abuja",2026-06-01 11:15:15,NPC
Jabi,3,6000000.0,Apartment,Apartment,"By Lento, Jabi, Abuja",2026-06-01 11:15:15,NPC
Asokoro,3,50000000.0,Duplex,Detached Duplex,"Presidential Villa, Asokoro District, Abuja",2026-06-01 11:15:15,NPC
Mabushi,4,25000000.0,Duplex,Semi-Detached Duplex,"Mabushi, Abuja",2026-06-01 11:15:15,NPC
Katampe,1,2500000.0,Apartment,Self Contain,"Katampe (Main), Katampe, Abuja",2026-06-01 11:15:15,NPC
Wuye,2,20000000.0,Apartment,Apartment,"Wuye, Abuja",2026-06-01 11:15:15,NPC
Asokoro,8,120000000.0,Duplex,Detached Duplex,"Asokoro District, Abuja",2026-06-01 11:15:15,NPC
Maitama,5,50000000.0,Duplex,Detached Duplex,"Maitama District, Abuja",2026-06-01 11:15:15,NPC
Maitama,4,65000000.0,Duplex,Terraced Duplex,"Maitama District, Abuja",2026-06-01 11:15:15,NPC
Gwarinpa,3,10000000.0,Bungalow,Detached Bungalow,"Efab Queens, Gwarinpa, Abuja",2026-06-01 11:15:15,NPC
Mabushi,4,15000000.0,House,House,"Via Shafa Filling Station, Back Of Capital Hub, Mabushi, Abuja",2026-06-01 11:15:15,NPC
Life Camp,3,8000000.0,Duplex,Terraced Duplex,"Around Godab, Life Camp, Abuja",2026-06-01 11:15:15,NPC
Maitama,4,50000.0,House,House,"Maitama District, Abuja",2026-06-01 11:15:15,NPC
Maitama,4,40000000.0,Duplex,Terraced Duplex,"Maitama District, Abuja",2026-06-01 11:15:15,NPC
Life Camp,4,9000000.0,Duplex,Terraced Duplex,"Life Camp, Abuja",2026-06-01 11:15:15,NPC
Maitama,1,9000000.0,Apartment,Apartment,"Maitama District, Abuja",2026-06-01 11:15:21,NPC
Gwarinpa,2,4000000.0,Apartment,Apartment,"6th Avenue., Gwarinpa, Abuja",2026-06-01 11:15:21,NPC
Maitama,4,40000000.0,Duplex,Terraced Duplex,"Off Panama Street, Maitama District, Abuja",2026-06-01 11:15:21,NPC
Mabushi,4,15000000.0,Duplex,Terraced Duplex,"Mabushi, Abuja",2026-06-01 11:15:21,NPC
Guzape,5,35000000.0,Duplex,Detached Duplex,"Guzape District, Abuja",2026-06-01 11:15:21,NPC
Guzape,5,40000000.0,Duplex,Detached Duplex,"Guzape District, Abuja",2026-06-01 11:15:21,NPC
Gwarinpa,2,6000000.0,Apartment,Apartment,"News Engineering, Dawaki, Gwarinpa, Abuja",2026-06-01 11:15:21,NPC
Wuse,3,10000000.0,Apartment,Apartment,"Zone 6, Wuse, Abuja",2026-06-01 11:15:21,NPC
Jahi,2,8000000.0,Apartment,Apartment,"Jahi, Abuja",2026-06-01 11:15:21,NPC
Guzape,2,8000000.0,Bungalow,Detached Bungalow,"Malivelihood Street, Guzape District, Abuja",2026-06-01 11:15:21,NPC
Maitama,5,50000000.0,Duplex,Semi-Detached Duplex,"Main Maitama, Maitama District, Abuja",2026-06-01 11:15:21,NPC
Lugbe,18,7000000.0,Apartment,Apartment,"Lugbe District, Abuja",2026-06-01 11:15:21,NPC
Maitama,9,100000000.0,Duplex,Detached Duplex,"Maitama District, Abuja",2026-06-01 11:15:21,NPC
Maitama,3,30000000.0,Apartment,Apartment,"Maitama District, Abuja",2026-06-01 11:15:21,NPC
Guzape,4,15000000.0,Duplex,Terraced Duplex,"Guzape District, Abuja",2026-06-01 11:15:21,NPC
Katampe,5,25000000.0,Duplex,Terraced Duplex,"Katampe, Abuja",2026-06-01 11:15:21,NPC
Jabi,5,25000000.0,Duplex,Detached Duplex,"Jabi, Abuja",2026-06-01 11:15:21,NPC
Guzape,4,40000000.0,Duplex,Detached Duplex,"Guzape District, Abuja",2026-06-01 11:15:21,NPC
Guzape,4,30000000.0,Duplex,Terraced Duplex,"Guzape District, Abuja",2026-06-01 11:15:21,NPC
Gwarinpa,2,4000000.0,Apartment,Apartment,"News Engineering Dawaki, Dawaki, Gwarinpa, Abuja",2026-06-01 11:15:21,NPC
Gwarinpa,4,9000000.0,Duplex,Semi-Detached Duplex,"Gwarinpa, Abuja",2026-06-01 11:15:28,NPC
Katampe,4,15000000.0,Duplex,Terraced Duplex,"Katampe (Main), Katampe, Abuja",2026-06-01 11:15:28,NPC
Jabi,5,25000000.0,Duplex,Semi-Detached Duplex,"Jabi Main, Jabi, Abuja",2026-06-01 11:15:28,NPC
Kado,5,25000000.0,Duplex,Detached Duplex,"Kado, Abuja",2026-06-01 11:15:28,NPC
Lokogoma,2,2800000.0,Apartment,Apartment,"Lokogoma District, Abuja",2026-06-01 11:15:28,NPC
Asokoro,2,12000000.0,Apartment,Apartment,"Asokoro District, Abuja",2026-06-01 11:15:28,NPC
Katampe,2,7500000.0,Apartment,Apartment,"Katampe, Abuja",2026-06-01 11:15:28,NPC
Utako,4,13000000.0,Duplex,Semi-Detached Duplex,"Utako, Abuja",2026-06-01 11:15:28,NPC
Life Camp,4,11000000.0,Duplex,Terraced Duplex,"Life Camp, Abuja",2026-06-01 11:15:28,NPC
Jahi,3,13000000.0,Apartment,Apartment,"Gilmore, Jahi, Abuja",2026-06-01 11:15:28,NPC
Katampe,3,8000000.0,Apartment,Apartment,"Katampe (Main), Katampe, Abuja",2026-06-01 11:15:28,NPC
Asokoro,5,23000000.0,Duplex,Semi-Detached Duplex,"Asokoro District, Abuja",2026-06-01 11:15:28,NPC
Wuse,3,25000000.0,Duplex,Terraced Duplex,"Off Amino Kano, Wuse 2, Abuja",2026-06-01 11:15:28,NPC
Wuye,3,8000000.0,Apartment,Apartment,"By Zartech, Wuye, Abuja",2026-06-01 11:15:28,NPC
Maitama,5,50000000.0,Duplex,Terraced Duplex,"Maitama Main, Maitama District, Abuja",2026-06-01 11:15:28,NPC
Maitama,6,80000000.0,Duplex,Detached Duplex,"Maitama Main, Maitama District, Abuja",2026-06-01 11:15:28,NPC
Life Camp,4,9000000.0,House,House,"Life Camp, Abuja",2026-06-01 11:15:28,NPC
Katampe,2,7500000.0,Apartment,Apartment,"Katampe (Main), Katampe, Abuja",2026-06-01 11:15:28,NPC
Guzape,3,13000000.0,Apartment,Apartment,"Guzape District, Abuja",2026-06-01 11:15:28,NPC
Katampe,2,12000000.0,Duplex,Terraced Duplex,"Katampe, Abuja",2026-06-01 11:15:35,NPC
Durumi,3,9000000.0,Apartment,Apartment,"Durumi, Abuja",2026-06-01 11:15:35,NPC
Utako,4,20000000.0,Duplex,Terraced Duplex,"Utako, Abuja",2026-06-01 11:15:35,NPC
Katampe,1,6000000.0,Apartment,Apartment,"Katampe, Abuja",2026-06-01 11:15:35,NPC
Katampe,3,8000000.0,Apartment,Apartment,"Katampe, Abuja",2026-06-01 11:15:35,NPC
Katampe,4,19000000.0,Duplex,Terraced Duplex,"Katampe Extension, Katampe, Abuja",2026-06-01 11:15:35,NPC
Wuye,4,25000000.0,Duplex,Terraced Duplex,"Zartech, Wuye, Abuja",2026-06-01 11:15:35,NPC
Gwarinpa,3,7000000.0,Apartment,Apartment,"6th Avenue, Gwarinpa, Abuja",2026-06-01 11:15:35,NPC
Durumi,1,3200000.0,Apartment,Apartment,"Durumi, Abuja",2026-06-01 11:15:35,NPC
Mabushi,1,12000000.0,Apartment,Apartment,"Mabushi, Abuja",2026-06-01 11:15:35,NPC
Jabi,3,8000000.0,Apartment,Apartment,"Ebitu Ekiwe Street, Jabi, Abuja",2026-06-01 11:15:35,NPC
Durumi,2,4500000.0,Apartment,Apartment,"Area 1 Axis., Durumi, Abuja",2026-06-01 11:15:35,NPC
Gaduwa,4,10000000.0,Duplex,Detached Duplex,"Gaduwa, Abuja",2026-06-01 11:15:35,NPC
Durumi,3,5500000.0,Apartment,Apartment,"Area 1 Axis., Durumi, Abuja",2026-06-01 11:15:35,NPC
Gaduwa,5,10000000.0,Duplex,Detached Duplex,"Gaduwa, Abuja",2026-06-01 11:15:35,NPC
Gwarinpa,2,4500000.0,Apartment,Apartment,"News Engineering Dawaki, Dawaki, Gwarinpa, Abuja",2026-06-01 11:15:35,NPC
Durumi,3,5500000.0,Apartment,Apartment,"Area 1 Axis., Durumi, Abuja",2026-06-01 11:15:35,NPC
Wuse,2,8000000.0,Apartment,Apartment,"Wuse, Abuja",2026-06-01 11:15:35,NPC
Karu,2,2500000.0,Apartment,Apartment,"Karu, Abuja",2026-06-01 11:15:35,NPC
Katampe,3,11000000.0,Apartment,Apartment,"Katampe (Main), Katampe, Abuja",2026-06-01 11:15:35,NPC
Maitama,1,6000000.0,Apartment,Apartment,"Maitama District, Abuja",2026-06-01 11:15:42,NPC
Life Camp,3,12000000.0,Bungalow,Detached Bungalow,"Life Camp, Abuja",2026-06-01 11:15:42,NPC
Lugbe,1,1500000.0,Apartment,Self Contain,"Along Pykasa Road, Lugbe District, Abuja",2026-06-01 11:15:42,NPC
Gwarinpa,3,8500000.0,Duplex,Terraced Duplex,"Dawaki By Flyover Bridge Axis, Dawaki, Gwarinpa, Abuja",2026-06-01 11:15:42,NPC
Guzape,4,15000000.0,Duplex,Detached Duplex,"Guzape District, Abuja",2026-06-01 11:15:42,NPC
Life Camp,3,6000000.0,Apartment,Apartment,"Life Camp, Abuja",2026-06-01 11:15:42,NPC
Jahi,5,21000000.0,Duplex,Terraced Duplex,"Gilmore, Jahi, Abuja",2026-06-01 11:15:42,NPC
Life Camp,3,6000000.0,Apartment,Apartment,"Life Camp, Abuja",2026-06-01 11:15:42,NPC
Asokoro,3,78114510.0,Duplex,Terraced Duplex,"Aso Villa, Asokoro District, Abuja",2026-06-01 11:15:42,NPC
Guzape,4,40000000.0,Duplex,Terraced Duplex,"Guzape District, Abuja",2026-06-01 11:15:42,NPC
Asokoro,4,25000000.0,Duplex,Detached Duplex,"Naf Valley, Asokoro District, Abuja",2026-06-01 11:15:42,NPC
Asokoro,2,10000000.0,House,House,"Akenzua Street, Asokoro District, Abuja",2026-06-01 11:15:42,NPC
Life Camp,4,15000000.0,Duplex,Terraced Duplex,"Catholic Church Axis, Life Camp, Abuja",2026-06-01 11:15:42,NPC
Guzape,3,13000000.0,Duplex,Terraced Duplex,"Guzape District, Abuja",2026-06-01 11:15:42,NPC
Kado,5,20000000.0,Duplex,Detached Duplex,"Kado District, Close To Next Cash And Carry Supermarket., Kado, Abuja",2026-06-01 11:15:42,NPC
Maitama,4,65000000.0,Duplex,Terraced Duplex,"Maitama District, Abuja",2026-06-01 11:15:42,NPC
Life Camp,3,6000000.0,Apartment,Apartment,"Life Camp, Abuja",2026-06-01 11:15:42,NPC
Maitama,1,6000000.0,Apartment,Apartment,"Maitama District, Abuja",2026-06-01 11:15:48,NPC
Kubwa,3,12000000000.0,Apartment,Apartment,"Army Estate, Kubwa, Abuja",2026-06-01 11:15:48,NPC
Asokoro,12,30000000.0,Duplex,Semi-Detached Duplex,"Close To Ameachi Residence, Asokoro District, Abuja",2026-06-01 11:15:48,NPC
Maitama,3,54817200.0,Duplex,Detached Duplex,"Maitama District, Abuja",2026-06-01 11:15:48,NPC
Asokoro,2,10000000.0,Apartment,Apartment,"Asokoro District, Abuja",2026-06-01 11:15:48,NPC
Jahi,4,18000000.0,House,House,"Gilmore, Jahi, Abuja",2026-06-01 11:15:48,NPC
Lugbe,4,8000000.0,Duplex,Detached Duplex,"Opposite Dunamis, Lugbe District, Abuja",2026-06-01 11:15:48,NPC
Maitama,5,90000000.0,Duplex,Detached Duplex,"Maitama District, Abuja",2026-06-01 11:15:48,NPC
Wuse,5,70000000.0,Duplex,Detached Duplex,"Wuse 2, Abuja",2026-06-01 11:15:48,NPC
Lokogoma,4,7000000.0,Duplex,Semi-Detached Duplex,"Same Global Estate, Lokogoma District, Abuja",2026-06-01 11:15:48,NPC
Katampe,2,12000000.0,Apartment,Apartment,"Katampe Extension, Katampe, Abuja",2026-06-01 11:15:48,NPC
Jahi,3,15000000.0,Apartment,Apartment,"Jahi Golmore, Jahi, Abuja",2026-06-01 11:15:48,NPC
Guzape,2,6000000.0,Apartment,Apartment,"Guzape District, Abuja",2026-06-01 11:15:48,NPC
Katampe,3,8000000.0,Apartment,Apartment,"Katampe, Abuja",2026-06-01 11:15:48,NPC
Wuye,1,5000000.0,Apartment,Self Contain,"Wuye, Abuja",2026-06-01 11:15:48,NPC
Jahi,3,7500000.0,Apartment,Apartment,"Jahi, Abuja",2026-06-01 11:15:48,NPC
Gwarinpa,1,1600000.0,Apartment,Apartment,"News Engineering ., Dawaki, Gwarinpa, Abuja",2026-06-01 11:15:48,NPC
Jabi,4,16000000.0,Duplex,Terraced Duplex,"Jabi, Abuja",2026-06-01 11:15:48,NPC
Life Camp,2,7000000.0,Apartment,Apartment,"Life Camp, Abuja",2026-06-01 11:15:48,NPC
Maitama,6,180000000.0,Duplex,Detached Duplex,"Maitama District, Abuja",2026-06-01 11:15:48,NPC
Maitama,1,6000000.0,Apartment,Apartment,"Maitama District, Abuja",2026-06-01 11:15:54,NPC
Maitama,3,25000000.0,Apartment,Apartment,"Aso Drive, Maitama District, Abuja",2026-06-01 11:15:54,NPC
Life Camp,3,13000000.0,Apartment,Apartment,"Bellavue Estate, Life Camp, Abuja",2026-06-01 11:15:54,NPC
Durumi,1,1500000.0,Apartment,Self Contain,"American International, Durumi, Abuja",2026-06-01 11:15:54,NPC
Jahi,2,6500000.0,Apartment,Apartment,"Jahi, Abuja",2026-06-01 11:15:54,NPC
Gwarinpa,2,3000000.0,Apartment,Apartment,"Dawaki, Gwarinpa, Abuja",2026-06-01 11:15:54,NPC
Asokoro,3,50000000.0,Duplex,Terraced Duplex,"Aso Villa Residential Area, Asokoro District, Abuja",2026-06-01 11:15:54,NPC
Maitama,4,30000000.0,Duplex,Terraced Duplex,"Maitama District, Abuja",2026-06-01 11:15:54,NPC
Maitama,3,25000000.0,Apartment,Apartment,"Maitama District, Abuja",2026-06-01 11:15:54,NPC
Jahi,2,6000000.0,Apartment,Apartment,"Jahi, Abuja",2026-06-01 11:15:54,NPC
Katampe,3,10000000.0,Apartment,Apartment,"Katampe Extension, Katampe, Abuja",2026-06-01 11:15:54,NPC
Jahi,1,6500000.0,Apartment,Apartment,"Jahi, Abuja",2026-06-01 11:15:54,NPC
Jahi,2,11000000.0,Apartment,Apartment,"Jahi, Abuja",2026-06-01 11:15:54,NPC
Jahi,2,7000000.0,Apartment,Apartment,"Jahi, Abuja",2026-06-01 11:15:54,NPC
Mabushi,4,12000000.0,Duplex,Terraced Duplex,"Mabushi, Abuja",2026-06-01 11:15:54,NPC
Jahi,4,15000000.0,Duplex,Terraced Duplex,"Jahi, Abuja",2026-06-01 11:15:54,NPC
Katampe,2,7000000.0,Apartment,Apartment,"Katampe Extension, Katampe, Abuja",2026-06-01 11:15:54,NPC
Jabi,2,42000000.0,Apartment,Apartment,"Jabi, Abuja",2026-06-01 11:15:54,NPC
Wuse,3,54817200.0,Apartment,Apartment,"Wuse 2, Abuja",2026-06-01 11:15:54,NPC
Idu,3,7000000.0,Duplex,Terraced Duplex,"Idu-karmo District, After Nizamiyel Hospital ( Turkish Hospital), Idu Industrial, Abuja",2026-06-01 11:16:02,NPC
Life Camp,2,5000000.0,Apartment,Apartment,"Lifecamp Extension, Life Camp, Abuja",2026-06-01 11:16:02,NPC
Katampe,2,7000000.0,Apartment,Apartment,"Diplomatic Zone, Katampe Extension, Katampe, Abuja",2026-06-01 11:16:02,NPC
Guzape,4,25000000.0,Duplex,Terraced Duplex,"Guzape District, Abuja",2026-06-01 11:16:02,NPC
Kubwa,2,3500000.0,Apartment,Apartment,"FO1 Layout, Kubwa, Abuja",2026-06-01 11:16:02,NPC
Asokoro,56,1781559000.0,Apartment,Apartment,"Asokoro District, Abuja",2026-06-01 11:16:02,NPC
Maitama,5,13000000.0,Duplex,Detached Duplex,"Maitama 2, Maitama District, Abuja",2026-06-01 11:16:02,NPC
Life Camp,3,7000000.0,Apartment,Apartment,"Life Camp, Abuja",2026-06-01 11:16:02,NPC
Life Camp,2,5000000.0,Apartment,Apartment,"Life Camp, Abuja",2026-06-01 11:16:02,NPC
Jahi,3,90000000.0,House,House,"Jahi, Abuja",2026-06-01 11:16:02,NPC
Kubwa,4,6000000.0,Duplex,Detached Duplex,"Kubwa, Abuja",2026-06-01 11:16:02,NPC
Life Camp,5,15000000.0,Duplex,Terraced Duplex,"Close To Berger Yard, Life Camp, Abuja",2026-06-01 11:16:02,NPC
Guzape,4,6000000.0,Duplex,Detached Duplex,"Kpaduma 3 Community, Guzape District, Abuja",2026-06-01 11:16:02,NPC
Jabi,3,10000000.0,Apartment,Apartment,"Off Mike Akhigbe Street, Jabi, Abuja",2026-06-01 11:16:02,NPC
Mabushi,3,7000000.0,Apartment,Apartment,"Behind Vio Office, Mabushi, Abuja",2026-06-01 11:16:02,NPC
Gwarinpa,3,5500000.0,Apartment,Apartment,"Trans Engineering Estate, Dawaki, Gwarinpa, Abuja",2026-06-01 11:16:02,NPC
Gaduwa,1,2200000.0,Apartment,Self Contain,"Gaduwa, Abuja",2026-06-01 11:16:02,NPC
Maitama,1,9000000.0,Apartment,Apartment,"Maitama District, Abuja",2026-06-01 11:16:10,NPC
Garki,3,7000000.0,Apartment,Apartment,"Garki, Abuja",2026-06-01 11:16:10,NPC
Mabushi,2,7000000.0,Apartment,Apartment,"Mabushi, Abuja",2026-06-01 11:16:10,NPC
Wuye,2,20000000.0,Apartment,Apartment,"Wuye, Abuja",2026-06-01 11:16:10,NPC
Wuye,2,15000000.0,Apartment,Apartment,"Wuye, Abuja",2026-06-01 11:16:10,NPC
Utako,2,6000000.0,Apartment,Apartment,"Utako, Abuja",2026-06-01 11:16:10,NPC
Wuye,3,10000000.0,Apartment,Apartment,"Wuye, Abuja",2026-06-01 11:16:10,NPC
Gwarinpa,4,15000000.0,Duplex,Semi-Detached Duplex,"Gwarinpa, Abuja",2026-06-01 11:16:10,NPC
Lugbe,4,13000000.0,Duplex,Semi-Detached Duplex,"Cluster 1 River Park Estate, Lugbe District, Abuja",2026-06-01 11:16:10,NPC
Wuye,2,20000000.0,Apartment,Apartment,"Wuye, Abuja",2026-06-01 11:16:10,NPC
Maitama,4,160000000.0,Apartment,Apartment,"Alvan Ikoku Way, Maitama District, Abuja",2026-06-01 11:16:10,NPC
Kubwa,2,4500000.0,Apartment,Apartment,"Kubwa, Abuja",2026-06-01 11:16:10,NPC
Lugbe,5,10000000.0,Duplex,Detached Duplex,"Lugbe District, Abuja",2026-06-01 11:16:10,NPC
Guzape,4,25000000.0,Duplex,Terraced Duplex,"By H Medix / Nnpc, Guzape District, Abuja",2026-06-01 11:16:10,NPC
Asokoro,4,12500000.0,Apartment,Apartment,"By Force Head Qtrs / Stratton Hotel, Asokoro District, Abuja",2026-06-01 11:16:10,NPC
Garki,15,50000000.0,Duplex,Detached Duplex,"Garki, Abuja",2026-06-01 11:16:10,NPC
Wuse,3,9000000.0,Apartment,Apartment,"Zone 3, Wuse, Abuja",2026-06-01 11:16:10,NPC
Katampe,3,8000000.0,Apartment,Apartment,"Katampe (Main), Katampe, Abuja",2026-06-01 11:16:10,NPC
Lugbe,1,2500000.0,Apartment,Mini Flat,"Close To Dunamis Church, Lugbe District, Abuja",2026-06-01 11:16:10,NPC
Guzape,3,30000000.0,Apartment,Apartment,"Guzape District, Abuja",2026-06-01 11:16:10,NPC
Maitama,1,9000000.0,Apartment,Apartment,"Maitama District, Abuja",2026-06-01 11:16:16,NPC
Guzape,2,15000000.0,Apartment,Apartment,"Guzape District, Abuja",2026-06-01 11:16:16,NPC
Guzape,4,34999999.0,Duplex,Terraced Duplex,"Guzape District, Abuja",2026-06-01 11:16:16,NPC
Asokoro,3,15000000.0,Apartment,Apartment,"Asokoro District, Abuja",2026-06-01 11:16:16,NPC
Asokoro,5,50000000.0,Duplex,Detached Duplex,"Asokoro District, Abuja",2026-06-01 11:16:16,NPC
Asokoro,7,110000000.0,Duplex,Detached Duplex,"Asokoro District, Abuja",2026-06-01 11:16:16,NPC
Wuye,2,22000000.0,Apartment,Apartment,"Wuye, Abuja",2026-06-01 11:16:16,NPC
Wuse,1,2550000.0,Apartment,Mini Flat,"Zone 3, Wuse, Abuja",2026-06-01 11:16:16,NPC
Lokogoma,3,5000000.0,Bungalow,Semi-detached Bungalow,"Lokogoma District, Abuja",2026-06-01 11:16:16,NPC
Gwarinpa,3,8500000.0,Apartment,Apartment,"Gwarimpa Extension, Gwarinpa, Abuja",2026-06-01 11:16:16,NPC
Mabushi,4,15000000.0,Duplex,Terraced Duplex,"Mabushi, Abuja",2026-06-01 11:16:16,NPC
Kaura,3,13000000.0,Apartment,Apartment,"By Games Village, Kaura, Abuja",2026-06-01 11:16:16,NPC
Jabi,2,6000000.0,Apartment,Apartment,"Ebitu-ukiwe Street, Jabi, Abuja",2026-06-01 11:16:16,NPC
Life Camp,3,12000000.0,Duplex,Semi-Detached Duplex,"Orchacho Estate, Life Camp, Abuja",2026-06-01 11:16:16,NPC
Katampe,3,8000000.0,Apartment,Apartment,"Katampe, Abuja",2026-06-01 11:16:16,NPC
Maitama,4,30000000.0,Duplex,Terraced Duplex,"Off Lake Chad, Maitama District, Abuja",2026-06-01 11:16:16,NPC
Maitama,4,75000000.0,Duplex,Terraced Duplex,"Ministers Hill, Maitama District, Abuja",2026-06-01 11:16:16,NPC
Maitama,1,6000000.0,Apartment,Apartment,"Maitama District, Abuja",2026-06-01 11:16:21,NPC
Wuye,3,13000000.0,Apartment,Apartment,"Wuye, Abuja",2026-06-01 11:16:21,NPC
Karu,1,2000000.0,Apartment,Self Contain,"Karu Phase 1, Karu, Abuja",2026-06-01 11:16:21,NPC
Katampe,8,175000000.0,Duplex,Terraced Duplex,"Katampe Extension, Katampe, Abuja",2026-06-01 11:16:21,NPC
Life Camp,3,8000000.0,Apartment,Apartment,"Life Camp, Abuja",2026-06-01 11:16:21,NPC
Maitama,3,30000000.0,Apartment,Apartment,"Maitama District, Abuja",2026-06-01 11:16:21,NPC
Guzape,3,10000000.0,Apartment,Apartment,"After Coza, Guzape District, Abuja",2026-06-01 11:16:21,NPC
Wuse,2,22000000.0,Apartment,Apartment,"Libreville, Wuse 2, Abuja",2026-06-01 11:16:21,NPC
Kukwaba,4,15000000.0,Duplex,Terraced Duplex,"Opposite Games Village, Kukwaba, Abuja",2026-06-01 11:16:21,NPC
Karmo,4,10000000.0,Duplex,Terraced Duplex,"Karmo-idu District. ( After Nizamiyel Hospital) Turkish Hospital, Karmo, Abuja",2026-06-01 11:16:21,NPC
Life Camp,4,9000000.0,House,House,"Paradise Estate, Life Camp, Abuja",2026-06-01 11:16:21,NPC
Gwarinpa,3,7000000.0,Apartment,Apartment,"2nd Avenue, Gwarinpa, Abuja",2026-06-01 11:16:21,NPC
Life Camp,3,4000000.0,Apartment,Apartment,"Life Camp, Abuja",2026-06-01 11:16:21,NPC
Katampe,4,16000000.0,Duplex,Terraced Duplex,"Diplomatic Zone, Katampe Extension, Katampe, Abuja",2026-06-01 11:16:21,NPC
Jabi,3,25000000.0,Apartment,Apartment,"Jabi, Abuja",2026-06-01 11:16:21,NPC
Katampe,4,16000000.0,Duplex,Terraced Duplex,"Diplomatic Zone., Katampe Extension, Katampe, Abuja",2026-06-01 11:16:21,NPC
Gwarinpa,1,1200000.0,Apartment,Self Contain,"Off Citizens Avenue, Dawaki, Gwarinpa, Abuja",2026-06-01 11:16:21,NPC
Gwarinpa,5,15000000.0,Duplex,Semi-Detached Duplex,"Off 7th Avenue, Gwarinpa, Abuja",2026-06-01 11:16:21,NPC
Gwarinpa,1,1100000.0,Apartment,Self Contain,"Dawaki District, Dawaki, Gwarinpa, Abuja",2026-06-01 11:16:21,NPC
Mabushi,3,8000000.0,Apartment,Apartment,"Mabushi, Abuja",2026-06-01 11:16:21,NPC
Maitama,1,6000000.0,Apartment,Apartment,"Maitama District, Abuja",2026-06-01 11:16:26,NPC
Wuye,2,20000000.0,Apartment,Apartment,"Wuye, Abuja",2026-06-01 11:16:26,NPC
Wuse,2,24000000.0,Apartment,Apartment,"By Libravile, Wuse 2, Abuja",2026-06-01 11:16:26,NPC
Gaduwa,2,5000000.0,Apartment,Apartment,"Gaduwa, Abuja",2026-06-01 11:16:26,NPC
Jabi,2,42000000.0,Apartment,Apartment,"Near Chida Hotel, Jabi, Abuja",2026-06-01 11:16:26,NPC
Jabi,3,48000000.0,Apartment,Apartment,"Near Shoprite, Jabi, Abuja",2026-06-01 11:16:26,NPC
Life Camp,4,20000000.0,Duplex,Terraced Duplex,"Life Camp, Abuja",2026-06-01 11:16:26,NPC
Utako,6,45000000000.0,Duplex,Detached Duplex,"Arab, Utako, Abuja",2026-06-01 11:16:26,NPC
Lokogoma,4,7500000.0,Duplex,Semi-Detached Duplex,"After Sunnyvale Estate, Lokogoma District, Abuja",2026-06-01 11:16:26,NPC
Katampe,3,15000000.0,Duplex,Terraced Duplex,"Katampe (Main), Katampe, Abuja",2026-06-01 11:16:26,NPC
Gwarinpa,3,6000000.0,Apartment,Apartment,"News Engineering, Dawaki, Gwarinpa, Abuja",2026-06-01 11:16:26,NPC
Gwarinpa,2,4500000.0,Duplex,Terraced Duplex,"News Engineering, Dawaki, Gwarinpa, Abuja",2026-06-01 11:16:26,NPC
Wuye,2,25000000.0,Apartment,Apartment,"Wuye, Abuja",2026-06-01 11:16:26,NPC
Wuse,3,13000000.0,Apartment,Apartment,"Wuse 2 By Efcc Office, Ademola Adetokunbo., Wuse 2, Abuja",2026-06-01 11:16:26,NPC
Apo,1,2500000.0,Apartment,Mini Flat,"Cedercrest Hospital, Nepa, Apo, Abuja",2026-06-01 11:16:26,NPC
Jahi,5,20000000.0,Duplex,Terraced Duplex,"Jahi, Abuja",2026-06-01 11:16:26,NPC
Life Camp,4,25000000.0,Duplex,Semi-Detached Duplex,"Life Camp, Abuja",2026-06-01 11:16:26,NPC
Kubwa,1,2500000.0,Apartment,Mini Flat,"Sagwari Layout Opposite F O 1, FO1 Layout, Kubwa, Abuja",2026-06-01 11:16:26,NPC
Maitama,1,6000000.0,Apartment,Apartment,"Maitama District, Abuja",2026-06-01 11:16:31,NPC
Kubwa,1,2000000.0,Apartment,Self Contain,"FO1 Layout, Kubwa, Abuja",2026-06-01 11:16:31,NPC
Jahi,3,12500000.0,House,House,"Gilmore, Jahi, Abuja",2026-06-01 11:16:31,NPC
Lugbe,2,10000000.0,Apartment,Apartment,"Lugbe District, Abuja",2026-06-01 11:16:31,NPC
Gwarinpa,4,25000000.0,Duplex,Semi-Detached Duplex,"3rd Avenue, Gwarinpa, Abuja",2026-06-01 11:16:31,NPC
Kabusa,1,1000000.0,Apartment,Apartment,"Close To Kabusa Gardens Estate Down Sunnyvale Junction Road., Lokogoma District, Abuja",2026-06-01 11:16:32,NPC
Asokoro,3,82225800.0,Duplex,Semi-Detached Duplex,"Asokoro District, Abuja",2026-06-01 11:16:32,NPC
Galadimawa,1,2500000.0,Apartment,Mini Flat,"Along Sunnyvale Expressway, Galadimawa, Abuja",2026-06-01 11:16:32,NPC
Maitama,8,120000000.0,Duplex,Detached Duplex,"Maitama District, Abuja",2026-06-01 11:16:32,NPC
Jahi,4,15000000.0,Duplex,Terraced Duplex,"Jahi, Abuja",2026-06-01 11:16:32,NPC
Kaura,5,15000000.0,Duplex,Detached Duplex,"In An Estate In Kaura, Kaura, Abuja",2026-06-01 11:16:32,NPC
Guzape,4,10000000.0,Duplex,Terraced Duplex,"Guzape District, Abuja",2026-06-01 11:16:32,NPC
Katampe,4,15000000.0,Duplex,Terraced Duplex,"Katampe (Main), Katampe, Abuja",2026-06-01 11:16:32,NPC
Jahi,4,15000000.0,Duplex,Terraced Duplex,"By Gilmore Construction Company., Jahi, Abuja",2026-06-01 11:16:32,NPC
Jahi,3,12500000.0,Apartment,Apartment,"By Gilmore Construction, Jahi, Abuja",2026-06-01 11:16:32,NPC
Guzape,3,13000000.0,Apartment,Apartment,"Guzape District, Abuja",2026-06-01 11:16:32,NPC
Guzape,5,40000000.0,Duplex,Detached Duplex,"Guzape District, Abuja",2026-06-01 11:16:32,NPC
Life Camp,2,4500000.0,Apartment,Apartment,"Close To Beger Yard, Life Camp, Abuja",2026-06-01 11:16:32,NPC
Lokogoma,2,67000000.0,Apartment,Apartment,"Lokogoma District, Abuja",2026-06-01 11:16:32,NPC
Katampe,4,30000000.0,Duplex,Terraced Duplex,"Katampe, Abuja",2026-06-01 11:16:32,NPC
Life Camp,3,13000000.0,Apartment,Apartment,"Life Camp, Abuja",2026-06-01 11:16:32,NPC
Maitama,1,9000000.0,Apartment,Apartment,"Maitama District, Abuja",2026-06-01 11:16:40,NPC
Life Camp,4,13000000.0,Duplex,Detached Duplex,"Life Camp, Abuja",2026-06-01 11:16:40,NPC
Wuye,2,23000000.0,Apartment,Apartment,"Wuye, Abuja",2026-06-01 11:16:40,NPC
Asokoro,7,110000000.0,Duplex,Detached Duplex,"Asokoro District, Abuja",2026-06-01 11:16:40,NPC
Katampe,3,8000000.0,Apartment,Apartment,"Katampe, Abuja",2026-06-01 11:16:40,NPC
Apo,4,10000000.0,Duplex,Terraced Duplex,"By Cedarcrest Hospital, Apo, Abuja",2026-06-01 11:16:40,NPC
Wuye,5,25000000.0,Duplex,Terraced Duplex,"Wuye, Abuja",2026-06-01 11:16:40,NPC
Maitama,4,30000000.0,Duplex,Terraced Duplex,"Maitama District, Abuja",2026-06-01 11:16:40,NPC
Maitama,1,6000000.0,Apartment,Apartment,"Maitama District, Abuja",2026-06-01 11:16:40,NPC
Guzape,4,35000000.0,Duplex,Terraced Duplex,"Guzape District, Abuja",2026-06-01 11:16:40,NPC
Asokoro,5,80000000.0,Duplex,Detached Duplex,"Asokoro District, Abuja",2026-06-01 11:16:40,NPC
Maitama,2,47965050.0,Apartment,Apartment,"Maitama District, Abuja",2026-06-01 11:16:41,NPC
Wuye,2,6500000.0,Apartment,Apartment,"Wuye, Abuja",2026-06-01 11:16:41,NPC
Jahi,3,10000000.0,Apartment,Apartment,"By Gilmore, Jahi, Abuja",2026-06-01 11:16:41,NPC
Guzape,18,100000000.0,Apartment,Apartment,"Guzape District, Abuja",2026-06-01 11:16:41,NPC
Jabi,3,13000000.0,Duplex,Terraced Duplex,"Jabi, Abuja",2026-06-01 11:16:41,NPC
Katampe,3,5500000.0,Apartment,Apartment,"Katampe (Main), Katampe, Abuja",2026-06-01 11:16:41,NPC
Jahi,2,8000000.0,Apartment,Apartment,"Jahi, Abuja",2026-06-01 11:16:41,NPC
Wuye,2,4500000.0,Apartment,Apartment,"Wuye, Abuja",2026-06-01 11:16:41,NPC
Kado,4,15000000.0,Duplex,Terraced Duplex,"Kado, Abuja",2026-06-01 11:16:41,NPC
Maitama,1,9000000.0,Apartment,Apartment,"Maitama District, Abuja",2026-06-01 11:16:47,NPC
Wuye,2,20000000.0,Apartment,Apartment,"Wuye, Abuja",2026-06-01 11:16:47,NPC
Katampe,2,23000000.0,Apartment,Apartment,"Katampe Extension, Katampe, Abuja",2026-06-01 11:16:47,NPC
Garki,2,4500000.0,Apartment,Apartment,"Old Secretariat, Garki Area 1, Durumi, Abuja",2026-06-01 11:16:47,NPC
Jahi,4,15000000.0,Duplex,Terraced Duplex,"Jahi, Abuja",2026-06-01 11:16:47,NPC
Asokoro,2,27000000.0,Apartment,Apartment,"Aso-villa, Asokoro District, Abuja",2026-06-01 11:16:47,NPC
Jahi,2,14000000.0,Apartment,Apartment,"Gilmore, Jahi, Abuja",2026-06-01 11:16:47,NPC
Maitama,6,90000000.0,Duplex,Detached Duplex,"F.c.t, Maitama District, Abuja",2026-06-01 11:16:47,NPC
Maitama,4,30000000.0,Duplex,Terraced Duplex,"Maitama Main, Maitama District, Abuja",2026-06-01 11:16:47,NPC
Wuse,6,45000000.0,Duplex,Detached Duplex,"Wuse 2, Abuja",2026-06-01 11:16:47,NPC
Gaduwa,3,6000000.0,Bungalow,Detached Bungalow,"Gaduwa, Abuja",2026-06-01 11:16:47,NPC
Katampe,1,10000000.0,Apartment,Apartment,"Katampe Extension, Katampe, Abuja",2026-06-01 11:16:47,NPC
Gaduwa,4,10000000.0,Duplex,Terraced Duplex,"Gaduwa, Abuja",2026-06-01 11:16:47,NPC
Maitama,4,50000000.0,Duplex,Terraced Duplex,"Maitama District, Abuja",2026-06-01 11:16:52,NPC
Maitama,8,100000000.0,Duplex,Detached Duplex,"Maitama District, Abuja",2026-06-01 11:16:52,NPC
Life Camp,2,5000000.0,Apartment,Apartment,"Life Camp, Abuja",2026-06-01 11:16:52,NPC
Jabi,5,35000000.0,Duplex,Detached Duplex,"Jabi, Abuja",2026-06-01 11:16:52,NPC
Life Camp,2,6000000.0,Apartment,Apartment,"Life Camp, Abuja",2026-06-01 11:16:52,NPC
Wuse,6,45000000.0,Duplex,Detached Duplex,"Off Ademola Adetokunbo Crescent., Wuse 2, Abuja",2026-06-01 11:16:52,NPC
Lugbe,2,2650000.0,Apartment,Apartment,"By Kapwa, Off Airport Road, FHA (F.H.A), Lugbe District, Abuja",2026-06-01 11:16:52,NPC
Katampe,1,2100000.0,Apartment,Mini Flat,"Uptown Estate, Katampe, Abuja",2026-06-01 11:16:52,NPC
Wuse,3,40000000.0,Apartment,Apartment,"British Village, Wuse 2, Abuja",2026-06-01 11:16:52,NPC
Kaura,5,14000000.0,Duplex,Detached Duplex,"Kaura, Abuja",2026-06-01 11:16:52,NPC
Kado,4,18000000.0,Duplex,Terraced Duplex,"Kado, Abuja",2026-06-01 11:16:52,NPC
Asokoro,1,7000000.0,Apartment,Apartment,"Harbour Apartment, Asokoro District, Abuja",2026-06-01 11:16:52,NPC
Wuse,10,250000000.0,Duplex,Detached Duplex,"Wuse 2, Abuja",2026-06-01 11:16:52,NPC
Wuse,3,15000000.0,Apartment,Apartment,"Wuse 2, Abuja",2026-06-01 11:16:52,NPC
Guzape,5,30000000.0,Duplex,Semi-Detached Duplex,"Guzape District, Abuja",2026-06-01 11:16:52,NPC
Gwarinpa,3,12000000.0,Duplex,Terraced Duplex,"Dantata Estate, Gwarinpa, Abuja",2026-06-01 11:16:52,NPC
Guzape,5,35000000.0,Duplex,Detached Duplex,"Guzape District, Abuja",2026-06-01 11:16:52,NPC
Wuye,5,25000000.0,Duplex,Terraced Duplex,"Wuye, Abuja",2026-06-01 11:16:52,NPC
Maitama,1,9000000.0,Apartment,Apartment,"Maitama District, Abuja",2026-06-01 11:16:59,NPC
Wuse,5,25000000.0,Duplex,Terraced Duplex,"Wuse, Abuja",2026-06-01 11:16:59,NPC
Wuse,5,25000000.0,Duplex,Terraced Duplex,"Wuse, Abuja",2026-06-01 11:16:59,NPC
Asokoro,2,7000000.0,House,House,"Naf, Valley Estate, Asokoro District, Abuja",2026-06-01 11:16:59,NPC
Life Camp,4,25000000.0,House,House,"Lifecamp Main, Life Camp, Abuja",2026-06-01 11:16:59,NPC
Wuse,3,13500000.0,Apartment,Apartment,"Wuse 2, Abuja",2026-06-01 11:16:59,NPC
Life Camp,4,8000000.0,Duplex,Terraced Duplex,"Brians And Hammers, Life Camp, Abuja",2026-06-01 11:16:59,NPC
Apo,2,5000000.0,Bungalow,Semi-detached Bungalow,"Along Cedercrest Hospital Road, Apo, Abuja",2026-06-01 11:16:59,NPC
Gwarinpa,2,4000000.0,Apartment,Apartment,"News Engineering, Dawaki, Gwarinpa, Abuja",2026-06-01 11:16:59,NPC
Gwarinpa,3,6000000.0,Apartment,Apartment,"News Engineering, Dawaki, Gwarinpa, Abuja",2026-06-01 11:16:59,NPC
Asokoro,2,20000000.0,Apartment,Apartment,"Aso-villa Residential Area, Asokoro District, Abuja",2026-06-01 11:16:59,NPC
Katampe,1,10000000.0,Apartment,Mini Flat,"Katampe Extension, Katampe, Abuja",2026-06-01 11:16:59,NPC
Katampe,2,12000000.0,Apartment,Apartment,"Katampe Extension, Katampe, Abuja",2026-06-01 11:16:59,NPC
Katampe,3,15000000.0,Apartment,Apartment,"Katampe Extension, Katampe, Abuja",2026-06-01 11:16:59,NPC
Asokoro,3,30000000.0,Duplex,Terraced Duplex,"Asokoro District, Abuja",2026-06-01 11:16:59,NPC
Life Camp,3,6000000.0,Apartment,Apartment,"Life Camp, Abuja",2026-06-01 11:16:59,NPC
Katampe,4,18000000.0,Duplex,Terraced Duplex,"Diplomatic Zone, Katampe Extension, Katampe, Abuja",2026-06-01 11:16:59,NPC
Maitama,4,40000000.0,Apartment,Apartment,"Maitama, Maitama District, Abuja",2026-06-01 11:16:59,NPC
Maitama,1,6000000.0,Apartment,Apartment,"Maitama District, Abuja",2026-06-01 11:17:05,NPC
Maitama,3,47965050.0,Apartment,Apartment,"Maitama, Maitama District, Abuja",2026-06-01 11:17:05,NPC
Wuse,3,13000000.0,Apartment,Apartment,"Wuse 2, Abuja",2026-06-01 11:17:05,NPC
Lugbe,4,5000000.0,Duplex,Terraced Duplex,"Estate By Jedo Junction, Lugbe District, Abuja",2026-06-01 11:17:05,NPC
Maitama,8,120000000.0,Duplex,Detached Duplex,"Maitama District, Abuja",2026-06-01 11:17:05,NPC
Asokoro,4,30000000.0,Duplex,Detached Duplex,"Navy Town, Admiralty Estate, Asokoro District, Abuja",2026-06-01 11:17:05,NPC
Maitama,1,54817200.0,Apartment,Apartment,"Diplomatic Zone, Maitama District, Abuja",2026-06-01 11:17:05,NPC
Maitama,2,89077950.0,Apartment,Apartment,"Diplomatic Zone, Maitama District, Abuja",2026-06-01 11:17:05,NPC
Life Camp,2,3500000.0,Apartment,Apartment,"Life Camp, Abuja",2026-06-01 11:17:05,NPC
Lugbe,5,8000000.0,Duplex,Detached Duplex,"Estate Behind Shafa Opposite Dunamis Dome, Lugbe District, Abuja",2026-06-01 11:17:05,NPC
Jahi,3,6000000.0,House,House,"Jahi-katampe Road, Jahi, Abuja",2026-06-01 11:17:05,NPC
Wuye,5,45000000.0,Duplex,Detached Duplex,"Wuye, Abuja",2026-06-01 11:17:05,NPC
Jahi,3,12500000.0,Apartment,Apartment,"Gilmore, Jahi, Abuja",2026-06-01 11:17:05,NPC
Guzape,4,15000000.0,Duplex,Terraced Duplex,"Guzape Hills, Guzape District, Abuja",2026-06-01 11:17:05,NPC
Guzape,4,13500000.0,Duplex,Terraced Duplex,"Off Nasir El Rufai, Guzape District, Abuja",2026-06-01 11:17:05,NPC
Guzape,3,10000000.0,House,House,"Guzape District, Abuja",2026-06-01 11:17:05,NPC
Guzape,5,15000000.0,Duplex,Terraced Duplex,"Guzape District, Abuja",2026-06-01 11:17:05,NPC
Mabushi,5,25000000.0,Duplex,Detached Duplex,"Mabushi, Abuja",2026-06-01 11:17:05,NPC
Katampe,3,180000000.0,Apartment,Apartment,"Katampe, Abuja",2026-06-01 11:17:05,NPC
Maitama,1,9000000.0,Apartment,Apartment,"Maitama District, Abuja",2026-06-01 11:17:12,NPC
Life Camp,3,4000000.0,Apartment,Apartment,"Brains And Hammers City, Life Camp, Abuja",2026-06-01 11:17:12,NPC
Mabushi,4,12000000.0,Duplex,Terraced Duplex,"Mabushi, Abuja",2026-06-01 11:17:12,NPC
Life Camp,4,8000000.0,Duplex,Semi-Detached Duplex,"Life Camp, Abuja",2026-06-01 11:17:12,NPC
Lugbe,2,4000000.0,Duplex,Semi-Detached Duplex,"Nut Road, Opposite River Park, Sabon Lugbe, Lugbe District, Abuja",2026-06-01 11:17:12,NPC
Life Camp,5,25000000.0,Duplex,Terraced Duplex,"Life Camp, Abuja",2026-06-01 11:17:12,NPC
Life Camp,4,15000000.0,Duplex,Terraced Duplex,"Life Camp, Abuja",2026-06-01 11:17:12,NPC
Life Camp,9,32000000.0,House,House,"Life Camp, Abuja",2026-06-01 11:17:12,NPC
Kubwa,2,4000000.0,Apartment,Apartment,"FO1 Layout, Kubwa, Abuja",2026-06-01 11:17:12,NPC
Mabushi,4,12000000.0,Duplex,Terraced Duplex,"Cosgrove Axis, Mabushi, Abuja",2026-06-01 11:17:12,NPC
Maitama,4,30000000.0,Duplex,Terraced Duplex,"Maitama Ministers Hill, Maitama District, Abuja",2026-06-01 11:17:12,NPC
Gwarinpa,4,10000000.0,Duplex,Terraced Duplex,"Gwarinpa, Abuja",2026-06-01 11:17:12,NPC
Maitama,3,47965050.0,Duplex,Terraced Duplex,"Maitama District, Abuja",2026-06-01 11:17:12,NPC
Wuse,5,80000000.0,Duplex,Detached Duplex,"Wuse 2, Abuja",2026-06-01 11:17:12,NPC
Wuye,2,6500000.0,Apartment,Apartment,"Wuye, Abuja",2026-06-01 11:17:12,NPC
Wuye,4,20000000.0,House,House,"Wuye, Abuja",2026-06-01 11:17:26,NPC
Wuse,3,15000000.0,Apartment,Apartment,"Off Ademola Adetokunbo Crescent, Wuse 2, Abuja",2026-06-01 11:17:26,NPC
Durumi,3,9000000.0,Apartment,Apartment,"By American International School, Durumi, Abuja",2026-06-01 11:17:26,NPC
Jabi,3,35000000.0,Apartment,Apartment,"Main, Jabi, Abuja",2026-06-01 11:17:26,NPC
Gwarinpa,3,5000000.0,Apartment,Apartment,"News Engineering, Dawaki, Gwarinpa, Abuja",2026-06-01 11:17:26,NPC
Asokoro,3,30000000.0,Duplex,Terraced Duplex,"Asokoro District, Abuja",2026-06-01 11:17:26,NPC
Jabi,4,19000000.0,Duplex,Terraced Duplex,"Jabi, Abuja",2026-06-01 11:17:26,NPC
Wuye,5,25000000.0,Bungalow,Terraced Bungalow,"Wuye, Abuja",2026-06-01 11:17:26,NPC
Wuse,2,19000000.0,Apartment,Apartment,"By Nitel Junction, Wuse 2, Abuja",2026-06-01 11:17:26,NPC
Maitama,5,60000000.0,Duplex,Detached Duplex,"Maitama District, Abuja",2026-06-01 11:17:26,NPC
Life Camp,5,25000000.0,Duplex,Detached Duplex,"Around Godab, Life Camp, Abuja",2026-06-01 11:17:26,NPC
Maitama,6,150000000.0,Duplex,Detached Duplex,"Maitama Main, Maitama District, Abuja",2026-06-01 11:17:26,NPC
Guzape,4,15000000.0,Duplex,Terraced Duplex,"Guzape District, Abuja",2026-06-01 11:17:26,NPC
Mabushi,4,15000000.0,Duplex,Terraced Duplex,"Mabushi, Abuja",2026-06-01 11:17:26,NPC
Life Camp,3,7000000.0,Duplex,Terraced Duplex,"Life Camp, Abuja",2026-06-01 11:17:26,NPC
Jahi,4,15000000.0,Duplex,Semi-Detached Duplex,"Ameyo Adadevoh Way, Jahi, Abuja",2026-06-01 11:17:26,NPC
Guzape,5,55000000.0,Duplex,Semi-Detached Duplex,"Guzape Main, Guzape District, Abuja",2026-06-01 11:17:26,NPC
Maitama,1,6000000.0,Apartment,Apartment,"Maitama District, Abuja",2026-06-01 11:17:32,NPC
Guzape,3,12000000.0,Apartment,Apartment,"Guzape District, Abuja",2026-06-01 11:17:32,NPC
Guzape,4,40000000.0,Duplex,Semi-Detached Duplex,"Guzape District, Abuja",2026-06-01 11:17:32,NPC
Garki,4,12000000.0,Duplex,Terraced Duplex,"Area 3, Garki, Abuja",2026-06-01 11:17:33,NPC
Guzape,4,15000000.0,Duplex,Terraced Duplex,"By H Medix, Guzape District, Abuja",2026-06-01 11:17:33,NPC
Jahi,4,15000000.0,Duplex,Terraced Duplex,"Jahi, Abuja",2026-06-01 11:17:33,NPC
Guzape,4,15000000.0,Duplex,Terraced Duplex,"Guzape Main, Guzape District, Abuja",2026-06-01 11:17:33,NPC
Asokoro,6,40000000.0,Duplex,Terraced Duplex,"Asokoro District, Abuja",2026-06-01 11:17:33,NPC
Life Camp,3,10000000.0,Duplex,Terraced Duplex,"Life Camp, Abuja",2026-06-01 11:17:33,NPC
Maitama,5,30000000.0,Duplex,Detached Duplex,"Maitama District, Abuja",2026-06-01 11:17:33,NPC
Life Camp,5,25000000.0,Duplex,Semi-Detached Duplex,"Life Camp, Abuja",2026-06-01 11:17:33,NPC
Mabushi,4,12000000.0,Duplex,Terraced Duplex,"Mabushi, Abuja",2026-06-01 11:17:33,NPC
Asokoro,5,50000000.0,Duplex,Detached Duplex,"Asokoro District, Abuja",2026-06-01 11:17:33,NPC
Guzape,5,80000000.0,Duplex,Detached Duplex,"Guzape, Guzape District, Abuja",2026-06-01 11:17:33,NPC
Wuse,2,15000000.0,Apartment,Apartment,"Ademola Adetokunbo, Wuse 2, Abuja",2026-06-01 11:17:33,NPC
Kukwaba,5,35000000.0,Duplex,Detached Duplex,"City Gate By Games Village, Kukwaba, Abuja",2026-06-01 11:17:33,NPC
Jahi,4,15000000.0,Duplex,Terraced Duplex,"Jahi, Abuja",2026-06-01 11:17:33,NPC
Lugbe,2,2000000.0,Apartment,Apartment,"Old Redeemed Church Street, Off Andrew Ighelli Street, FHA (F.H.A), Lugbe District, Abuja",2026-06-01 11:17:33,NPC
Jahi,4,15000000.0,Duplex,Terraced Duplex,"By Gilmore, Jahi, Abuja",2026-06-01 11:17:33,NPC
Guzape,4,15000000.0,Apartment,Apartment,"Guzape District, Abuja",2026-06-01 11:17:33,NPC
Katampe,3,40000000.0,Duplex,Terraced Duplex,"Katampe Extension, Katampe, Abuja",2026-06-01 11:17:40,NPC
Life Camp,2,5500000.0,Apartment,Apartment,"Life Camp, Abuja",2026-06-01 11:17:40,NPC
Maitama,3,12000000.0,Apartment,Apartment,"Maitama District, Abuja",2026-06-01 11:17:40,NPC
Kaura,4,10000000.0,Duplex,Terraced Duplex,"Kaura, Abuja",2026-06-01 11:17:40,NPC
Durumi,3,9000000.0,Apartment,Apartment,"Durumi, Abuja",2026-06-01 11:17:40,NPC
Apo,2,10000000.0,Apartment,Apartment,"Apo Legislative Quarters, Apo, Abuja",2026-06-01 11:17:40,NPC
Gaduwa,4,9000000.0,Duplex,Terraced Duplex,"After The Catholic Church, Gaduwa, Abuja",2026-06-01 11:17:40,NPC
Wuse,3,47965050.0,Apartment,Apartment,"Wuse 2, Abuja",2026-06-01 11:17:40,NPC
Maitama,6,80000000.0,Duplex,Detached Duplex,"Maitama District, Abuja",2026-06-01 11:17:40,NPC
Katampe,5,20000000.0,Duplex,Semi-Detached Duplex,"Katampe, Abuja",2026-06-01 11:17:40,NPC
Guzape,5,45000000.0,Duplex,Terraced Duplex,"Guzape District, Abuja",2026-06-01 11:17:40,NPC
Wuse,4,20000000.0,Duplex,Terraced Duplex,"Wuse 2, Abuja",2026-06-01 11:17:40,NPC
Wuse,4,14000000.0,Duplex,Terraced Duplex,"Mobil Fillings Station Before Wuse 2, Mabushi, Abuja",2026-06-01 11:17:40,NPC
Kubwa,3,3500000.0,House,House,"Arab Road, Behind Dunamis Church, Kubwa, Abuja",2026-06-01 11:17:40,NPC
Gwarinpa,4,350000000.0,Duplex,Detached Duplex,"Work's & Housing Estate, Gwarinpa, Abuja",2026-06-01 11:17:40,NPC
Wuye,4,12000000.0,Duplex,Terraced Duplex,"Wuye Main(tarred Rd, Wuye, Abuja",2026-06-01 11:17:48,NPC
Lugbe,1,800000.0,Apartment,Self Contain,"Sauka New Site Estate, FHA (F.H.A), Lugbe District, Abuja",2026-06-01 11:17:48,NPC
Asokoro,5,65000000.0,Duplex,Detached Duplex,"Asokoro District, Abuja",2026-06-01 11:17:48,NPC
Wuse,96,300000000.0,Apartment,Apartment,"Wuse 2, Abuja",2026-06-01 11:17:48,NPC
Asokoro,3,50000000.0,Duplex,Terraced Duplex,"Off Linda Chalker Street, Asokoro District, Abuja",2026-06-01 11:17:48,NPC
Katampe,6,25000000.0,Duplex,Semi-Detached Duplex,"Katampe (Main), Katampe, Abuja",2026-06-01 11:17:48,NPC
Jahi,3,20000000.0,Apartment,Apartment,"Jahi, Abuja",2026-06-01 11:17:48,NPC
Gwarinpa,4,20000000.0,Duplex,Detached Duplex,"3rd Avenue, Gwarinpa, Abuja",2026-06-01 11:17:48,NPC
Katampe,6,20000000.0,House,House,"Katampe (Main), Katampe, Abuja",2026-06-01 11:17:48,NPC
Mabushi,4,15000000.0,Duplex,Terraced Duplex,"Mabushi, Abuja",2026-06-01 11:17:48,NPC
Mabushi,4,15000000.0,Duplex,Terraced Duplex,"Mabushi, Mabushi, Abuja",2026-06-01 11:17:48,NPC
Jahi,3,10000000.0,Apartment,Apartment,"Jahi, Abuja",2026-06-01 11:17:48,NPC
Asokoro,3,15000000.0,Apartment,Apartment,"Asokoro District, Abuja",2026-06-01 11:17:48,NPC
Gwarinpa,3,6000000.0,Apartment,Apartment,"News Engineering, Dawaki, Gwarinpa, Abuja",2026-06-01 11:17:48,NPC
Life Camp,4,10000000.0,Duplex,Semi-Detached Duplex,"Orchacho Estate, Life Camp, Abuja",2026-06-01 11:17:48,NPC
Katampe,4,20000000.0,Duplex,Terraced Duplex,"Diplomatic Zone., Katampe Extension, Katampe, Abuja",2026-06-01 11:17:48,NPC
Maitama,1,6000000.0,Apartment,Apartment,"Maitama District, Abuja",2026-06-01 11:17:55,NPC
Lugbe,3,10000000.0,Apartment,Apartment,"Off River Park Estate, Airport Road, Lugbe District, Abuja",2026-06-01 11:17:55,NPC
Maitama,4,30000000.0,Duplex,Terraced Duplex,"Off Ibb Way, Maitama District, Abuja",2026-06-01 11:17:55,NPC
Lokogoma,11,16000000.0,Duplex,Detached Duplex,"Lokogoma District, Abuja",2026-06-01 11:17:55,NPC
Katampe,6,25000000.0,Duplex,Terraced Duplex,"Diplomatic Zone, Katampe Extension, Katampe, Abuja",2026-06-01 11:17:55,NPC
Life Camp,1,12000000.0,Apartment,Mini Flat,"Behind Godab Estate, Life Camp, Abuja",2026-06-01 11:17:55,NPC
Life Camp,1,8000000.0,Apartment,Mini Flat,"Behind Godab Estate, Life Camp, Abuja",2026-06-01 11:17:55,NPC
Galadimawa,3,5500000.0,Apartment,Apartment,"Galadimawa, Abuja",2026-06-01 11:17:55,NPC
Maitama,3,20000000.0,Apartment,Apartment,"Maitama District, Abuja",2026-06-01 11:18:05,NPC
Jahi,3,60000000.0,Apartment,Apartment,"Gilmore, Jahi, Abuja",2026-06-01 11:18:05,NPC
Maitama,5,82225800.0,Duplex,Terraced Duplex,"Maitama District, Abuja",2026-06-01 11:18:05,NPC
Karmo,4,6500000.0,Duplex,Terraced Duplex,"Nyzamiye Hospital, Karmo, Abuja",2026-06-01 11:18:05,NPC
Lokogoma,2,95000000.0,House,House,"Lokogoma District, Abuja",2026-06-01 11:18:05,NPC
Kaura,2,7000000.0,Apartment,Apartment,"Games Village, Kaura, Abuja",2026-06-01 11:18:05,NPC
Jabi,5,95000000.0,Duplex,Terraced Duplex,"Jabi, Abuja",2026-06-01 11:18:05,NPC
Katampe,4,25000000.0,Duplex,Detached Duplex,"Diplomatic Zone, Katampe Extension, Katampe, Abuja",2026-06-01 11:18:05,NPC
Guzape,3,10000000.0,Apartment,Apartment,"Guzape District, Abuja",2026-06-01 11:18:05,NPC
Katampe,3,10000000.0,Apartment,Apartment,"Diplomatic Zone, Katampe Extension, Katampe, Abuja",2026-06-01 11:18:05,NPC
Katampe,4,15000000.0,Duplex,Terraced Duplex,"Katampe (Main), Katampe, Abuja",2026-06-01 11:18:05,NPC
Wuye,1,8000000.0,Apartment,Self Contain,"Wuye, Abuja",2026-06-01 11:18:05,NPC
Kado,3,18000000.0,Bungalow,Detached Bungalow,"Kado Estate, Kado, Abuja",2026-06-01 11:18:05,NPC
Maitama,1,30000000.0,Apartment,Mini Flat,"Maitama District, Abuja",2026-06-01 11:18:05,NPC
Lugbe,1,1600000.0,Apartment,Apartment,"Cluster, River Park Estate Airport Road, Lugbe District, Abuja",2026-06-01 11:18:05,NPC
Maitama,4,60000000.0,Duplex,Terraced Duplex,"Maitama District, Abuja",2026-06-01 11:18:05,NPC
Guzape,5,60000000.0,Duplex,Detached Duplex,"Guzape District, Abuja",2026-06-01 11:18:05,NPC
Asokoro,10,150000000.0,Duplex,Detached Duplex,"Asokoro District, Abuja",2026-06-01 11:18:05,NPC
Lugbe,2,4000000.0,Apartment,Apartment,"Close To Dunamis Church Headquarters, Lugbe District, Abuja",2026-06-01 11:18:05,NPC
Wuye,3,7000000.0,Apartment,Apartment,"Wuye, Abuja",2026-06-01 11:18:13,NPC
Katampe,3,10000000.0,Apartment,Apartment,"Katampe (Main), Katampe, Abuja",2026-06-01 11:18:13,NPC
Lugbe,2,7500000.0,Apartment,Apartment,"Jedo Estate Road, Lugbe District, Abuja",2026-06-01 11:18:13,NPC
Maitama,2,47965050.0,Apartment,Apartment,"Maitama District, Abuja",2026-06-01 11:18:13,NPC
Kubwa,1,4000000.0,Apartment,Mini Flat,"Brick City Estate, Kubwa, Abuja",2026-06-01 11:18:13,NPC
Wuye,2,20000000.0,Apartment,Apartment,"Wuye, Abuja",2026-06-01 11:18:13,NPC
Gwarinpa,4,15000000.0,Duplex,Semi-Detached Duplex,"Gwarinpa, Abuja",2026-06-01 11:18:13,NPC
Maitama,6,50000000.0,Duplex,Detached Duplex,"Maitama District, Abuja",2026-06-01 11:18:13,NPC
Katampe,5,35000000.0,Duplex,Semi-Detached Duplex,"Katampe Extension, Katampe, Abuja",2026-06-01 11:18:13,NPC
Jahi,3,15000000.0,Duplex,Terraced Duplex,"Jahi, Abuja",2026-06-01 11:18:13,NPC
Jahi,3,10000000.0,Apartment,Apartment,"Jahi, Abuja",2026-06-01 11:18:13,NPC
Jabi,4,35000000.0,Duplex,Semi-Detached Duplex,"Jabi, Abuja",2026-06-01 11:18:13,NPC
Wuye,1,12000000.0,Apartment,Mini Flat,"Wuye, Abuja",2026-06-01 11:18:13,NPC
Guzape,5,25000000.0,Duplex,Semi-Detached Duplex,"Guzape District, Abuja",2026-06-01 11:18:13,NPC
Durumi,2,4500000.0,Apartment,Apartment,"American International School, Durumi, Abuja",2026-06-01 11:18:13,NPC
Maitama,1,6000000.0,Apartment,Apartment,"Maitama District, Abuja",2026-06-01 11:18:19,NPC
Wuye,2,6500000.0,Apartment,Apartment,"Wuye, Abuja",2026-06-01 11:18:19,NPC
Durumi,2,3500000.0,Apartment,Apartment,"Area 1 Axis., Durumi, Abuja",2026-06-01 11:18:19,NPC
Maitama,4,30000000.0,Duplex,Detached Duplex,"Maitama District, Abuja",2026-06-01 11:18:19,NPC
Maitama,5,50000000.0,Duplex,Detached Duplex,"Maitama District, Abuja",2026-06-01 11:18:19,NPC
Jahi,5,20000000.0,Duplex,Terraced Duplex,"Jahi, Abuja",2026-06-01 11:18:19,NPC
Katampe,5,30000000.0,Duplex,Detached Duplex,"Katampe Extension, Katampe, Abuja",2026-06-01 11:18:19,NPC
Katampe,5,30000000.0,Duplex,Semi-Detached Duplex,"Katampe Extension, Katampe, Abuja",2026-06-01 11:18:19,NPC
Maitama,3,40000000.0,Apartment,Apartment,"Maitama District, Abuja",2026-06-01 11:18:19,NPC
Jahi,4,9000000.0,Duplex,Terraced Duplex,"Jahi, Abuja",2026-06-01 11:18:19,NPC
Guzape,5,25000000.0,Duplex,Detached Duplex,"Guzape District, Abuja",2026-06-01 11:18:19,NPC
Gaduwa,4,10000000.0,Duplex,Detached Duplex,"Gaduwa, Abuja",2026-06-01 11:18:19,NPC
Durumi,2,5000000.0,Apartment,Apartment,"Area 1 Axis, Durumi, Abuja",2026-06-01 11:18:19,NPC
Gwarinpa,5,15000000.0,Duplex,Terraced Duplex,"3rd Avenue, Gwarinpa, Abuja",2026-06-01 11:18:19,NPC
Life Camp,4,10000000.0,Duplex,Terraced Duplex,"Life Camp, Abuja",2026-06-01 11:18:19,NPC
Katampe,28,120000000.0,Apartment,Apartment,"Katampe Extension, Katampe, Abuja",2026-06-01 11:18:19,NPC
Gwarinpa,1,3000000.0,Apartment,Mini Flat,"News Engineering, Dawaki, Gwarinpa, Abuja",2026-06-01 11:18:19,NPC
Wuse,4,25000000.0,Duplex,Terraced Duplex,"Wuse 2, Abuja",2026-06-01 11:18:19,NPC
Jabi,5,20000000.0,Duplex,Terraced Duplex,"Jabi, Abuja",2026-06-01 11:18:19,NPC
Gwarinpa,4,20000000.0,Duplex,Detached Duplex,"Brains And Hammer Estate By Expressway, Dawaki, Gwarinpa, Abuja",2026-06-01 11:18:19,NPC
Katampe,3,8500000.0,Apartment,Apartment,"Katampe Extension, Katampe, Abuja",2026-06-01 11:18:19,NPC
Maitama,1,9000000.0,Apartment,Apartment,"Maitama District, Abuja",2026-06-01 11:18:26,NPC
Katampe,5,35000000.0,Duplex,Detached Duplex,"Katampe Extension, Katampe, Abuja",2026-06-01 11:18:26,NPC
Lugbe,2,5000000.0,Apartment,Apartment,"River Park Estate, Lugbe District, Abuja",2026-06-01 11:18:26,NPC
Maitama,4,180000000.0,House,House,"Maitama Main, Maitama District, Abuja",2026-06-01 11:18:26,NPC
Jahi,4,12000000.0,Duplex,Terraced Duplex,"Off Aduvie School, Jahi, Abuja",2026-06-01 11:18:26,NPC
Guzape,3,12000000.0,House,House,"Enl, Guzape District, Abuja",2026-06-01 11:18:26,NPC
Jabi,4,41112900.0,Duplex,Terraced Duplex,"Jabi, Abuja",2026-06-01 11:18:26,NPC
Utako,4,18000000.0,Duplex,Terraced Duplex,"Utako, Abuja",2026-06-01 11:18:26,NPC
Gwarinpa,3,4500000.0,Apartment,Apartment,"Modern Market, Dawaki, Gwarinpa, Abuja",2026-06-01 11:18:26,NPC
Utako,4,18000000.0,Duplex,Terraced Duplex,"Utako, Abuja",2026-06-01 11:18:26,NPC
Durumi,1,8000000.0,House,House,"Durumi, Abuja",2026-06-01 11:18:26,NPC
Gwarinpa,2,3500000.0,Apartment,Apartment,"News Engineering, Dawaki, Gwarinpa, Abuja",2026-06-01 11:18:26,NPC
Gwarinpa,1,2500000.0,Apartment,Apartment,"News Engineering, Dawaki, Gwarinpa, Abuja",2026-06-01 11:18:26,NPC
Asokoro,4,35000000.0,Duplex,Terraced Duplex,"Off Ty Danjuma, Asokoro District, Abuja",2026-06-01 11:18:26,NPC
Lugbe,2,5000000.0,Apartment,Apartment,"River Park, Lugbe District, Abuja",2026-06-01 11:18:26,NPC
Jahi,3,9000000.0,Apartment,Apartment,"Jahi, Abuja",2026-06-01 11:18:26,NPC
Gwarinpa,2,12000000.0,Apartment,Apartment,"Off 3rd Avenue, Gwarinpa, Abuja",2026-06-01 11:18:26,NPC
Gaduwa,4,15000000.0,Apartment,Apartment,"Off Oladipo Diya Way, Gaduwa, Abuja",2026-06-01 11:18:26,NPC
Maitama,1,6000000.0,Apartment,Apartment,"Maitama District, Abuja",2026-06-01 11:18:33,NPC
Jahi,3,9000000.0,Apartment,Apartment,"Gilmore, Jahi, Abuja",2026-06-01 11:18:33,NPC
Guzape,3,15000000.0,Duplex,Terraced Duplex,"Guzape Main, Guzape District, Abuja",2026-06-01 11:18:33,NPC
Durumi,3,5500000.0,Apartment,Apartment,"Area 1 Axis., Durumi, Abuja",2026-06-01 11:18:33,NPC
Wuye,2,6000000.0,Apartment,Apartment,"By Shafa, Wuye, Abuja",2026-06-01 11:18:33,NPC
Gwarinpa,1,2500000.0,Apartment,Self Contain,"3rd Avenue, Gwarinpa, Abuja",2026-06-01 11:18:33,NPC
Wuye,4,15000000.0,Duplex,Terraced Duplex,"By Shafa, Wuye, Abuja",2026-06-01 11:18:33,NPC
Mabushi,1,4000000.0,Apartment,Mini Flat,"Mabushi, Abuja",2026-06-01 11:18:33,NPC
Jahi,3,10000000.0,Apartment,Apartment,"Jahi, Abuja",2026-06-01 11:18:33,NPC
Jahi,2,5000000.0,Apartment,Apartment,"Jahi, Abuja",2026-06-01 11:18:33,NPC
Wuye,1,5000000.0,Apartment,Apartment,"By Zartech( Tarred Rd), Wuye, Abuja",2026-06-01 11:18:33,NPC
Jabi,4,35000000.0,Duplex,Terraced Duplex,"Jabi, Abuja",2026-06-01 11:18:33,NPC
Guzape,4,28000000.0,Duplex,Terraced Duplex,"Adamu Aliero Crescent, Guzape District, Abuja",2026-06-01 11:18:33,NPC
Guzape,3,12000000.0,House,House,"Guzape District, Abuja",2026-06-01 11:18:33,NPC
Gwarinpa,3,6000000.0,Bungalow,Detached Bungalow,"Efab Estate, Gwarinpa, Abuja",2026-06-01 11:18:33,NPC
Jahi,4,15000000.0,Duplex,Terraced Duplex,"Jahi, Abuja",2026-06-01 11:18:33,NPC
Jahi,3,9000000.0,Apartment,Apartment,"Jahi, Abuja",2026-06-01 11:18:33,NPC
Gwarinpa,4,20000000.0,Duplex,Detached Duplex,"1st Avenue, Gwarinpa, Abuja",2026-06-01 11:18:33,NPC
Jahi,3,25000000.0,Apartment,Apartment,"Jahi, Abuja",2026-06-01 11:18:33,NPC
Kado,3,12000000.0,Bungalow,Detached Bungalow,"Kado, Abuja",2026-06-01 11:18:41,NPC
Life Camp,3,12000000.0,Bungalow,Detached Bungalow,"Life Camp, Abuja, Life Camp, Abuja",2026-06-01 11:18:41,NPC
Maitama,6,150000000.0,House,House,"Maitama District, Abuja",2026-06-01 11:18:41,NPC
Jahi,4,18000000.0,Duplex,Semi-Detached Duplex,"Jahi, Abuja",2026-06-01 11:18:41,NPC
Maitama,5,60000000.0,Duplex,Semi-Detached Duplex,"Maitama District, Abuja",2026-06-01 11:18:41,NPC
Jahi,4,12000000.0,Duplex,Terraced Duplex,"Jahi, Abuja",2026-06-01 11:18:41,NPC
Maitama,3,55000000.0,Duplex,Terraced Duplex,"Maitama District, Abuja",2026-06-01 11:18:41,NPC
Mabushi,4,25000000.0,Duplex,Detached Duplex,"Mabushi, Abuja",2026-06-01 11:18:41,NPC
Jahi,3,10000000.0,Duplex,Terraced Duplex,"By Living Faith Church, Jahi, Abuja",2026-06-01 11:18:41,NPC
Jabi,2,6000000.0,Apartment,Apartment,"By Shoprite, Jabi, Abuja",2026-06-01 11:18:41,NPC
Wuye,2,13000000.0,Apartment,Apartment,"Main, Wuye, Abuja",2026-06-01 11:18:41,NPC
Asokoro,3,16000000.0,Duplex,Semi-Detached Duplex,"Naf Valley Estate, Asokoro District, Abuja",2026-06-01 11:18:41,NPC
Life Camp,2,6500000.0,Apartment,Apartment,"Life Camp, Life Camp, Abuja",2026-06-01 11:18:41,NPC
Guzape,4,20000000.0,Duplex,Terraced Duplex,"Tarred Road, Guzape District, Abuja",2026-06-01 11:18:41,NPC
Lokogoma,1,2500000.0,Apartment,Self Contain,"Lokogoma, Lokogoma District, Abuja",2026-06-01 11:18:41,NPC
Maitama,1,9000000.0,Apartment,Apartment,"Maitama District, Abuja",2026-06-01 11:18:47,NPC
Katampe,4,20000000.0,Duplex,Terraced Duplex,"Tarred Road, Katampe Extension, Katampe, Abuja",2026-06-01 11:18:47,NPC
Gwarinpa,1,2500000.0,Apartment,Mini Flat,"Gwarinpa, Abuja",2026-06-01 11:18:47,NPC
Jahi,3,18000000.0,Apartment,Apartment,"Gilmore, Jahi, Abuja",2026-06-01 11:18:47,NPC
Gwarinpa,3,6500000.0,Bungalow,Detached Bungalow,"Efab Queens Estate, Gwarinpa, Abuja",2026-06-01 11:18:47,NPC
Wuye,2,25000000.0,Apartment,Apartment,"Main, Wuye, Abuja",2026-06-01 11:18:47,NPC
Galadimawa,4,10000000.0,Bungalow,Detached Bungalow,"Close To The Roundabout, Galadimawa, Abuja",2026-06-01 11:18:47,NPC
Jabi,3,8000000.0,Apartment,Apartment,"Tarred Road, Jabi, Abuja",2026-06-01 11:18:47,NPC
Asokoro,4,18000000.0,Duplex,Semi-Detached Duplex,"Naf Valley Estate, Asokoro District, Abuja",2026-06-01 11:18:47,NPC
Karu,3,5500000.0,Apartment,Apartment,"Karu, Abuja",2026-06-01 11:18:47,NPC
Asokoro,6,7000000.0,Duplex,Detached Duplex,"Asokoro District, Abuja",2026-06-01 11:18:47,NPC
Asokoro,2,25000000.0,Apartment,Apartment,"Asokoro District, Abuja",2026-06-01 11:18:47,NPC
Jahi,1,1000000.0,Apartment,Self Contain,"Jahi, Abuja",2026-06-01 11:18:47,NPC
Jabi,4,25000000.0,Duplex,Semi-Detached Duplex,"Tarred Road, Jabi, Abuja",2026-06-01 11:18:47,NPC
Karu,2,3500000.0,House,House,"Karu, Abuja",2026-06-01 11:18:47,NPC
Kubwa,1,900000.0,Apartment,Mini Flat,"Millenia Quarters Byazhin, Kubwa, Abuja",2026-06-01 11:18:47,NPC
Guzape,5,15000000.0,Duplex,Terraced Duplex,"Tarred Road, Guzape District, Abuja",2026-06-01 11:18:47,NPC
Maitama,1,9000000.0,Apartment,Apartment,"Maitama District, Abuja",2026-06-01 11:18:54,NPC
Idu,3,6000000.0,Bungalow,Detached Bungalow,"Idu Inside An Estate, Idu Industrial, Abuja",2026-06-01 11:18:54,NPC
Lokogoma,1,2500000.0,House,House,"By Minfa Estate, Lokogoma District, Abuja",2026-06-01 11:18:54,NPC
Maitama,4,40000000.0,Duplex,Semi-Detached Duplex,"Maitama District, Abuja",2026-06-01 11:18:54,NPC
Wuse,5,40000000.0,Duplex,Terraced Duplex,"Wuse 2, Abuja",2026-06-01 11:18:54,NPC
Wuye,5,25000000.0,Duplex,Detached Duplex,"In An Estate, Wuye, Abuja",2026-06-01 11:18:54,NPC
Katampe,3,8000000.0,Apartment,Apartment,"Katampe District, Katampe, Abuja",2026-06-01 11:18:54,NPC
Gwarinpa,1,3500000.0,Apartment,Mini Flat,"3rd Avenue, Gwarinpa, Abuja",2026-06-01 11:18:54,NPC
Katampe,1,4500000.0,Apartment,Mini Flat,"Mini Estate, Katampe, Abuja",2026-06-01 11:18:54,NPC
Gwarinpa,2,5000000.0,Apartment,Apartment,"2nd Avenue, Gwarinpa, Abuja",2026-06-01 11:18:54,NPC
Gwarinpa,2,5200000.0,Apartment,Apartment,"3rd Avenue, Gwarinpa, Abuja",2026-06-01 11:18:54,NPC
Gwarinpa,4,13000000.0,Duplex,Terraced Duplex,"Main, Gwarinpa, Abuja",2026-06-01 11:18:54,NPC
Gwarinpa,1,3500000.0,Apartment,Self Contain,"4th Avenue, Gwarinpa, Abuja",2026-06-01 11:18:54,NPC
Gwarinpa,1,4000000.0,Apartment,Mini Flat,"3rd Avenue, Gwarinpa, Abuja",2026-06-01 11:18:54,NPC
Gwarinpa,4,10000000.0,Duplex,Terraced Duplex,"Main, Gwarinpa, Abuja",2026-06-01 11:18:54,NPC
Guzape,5,50000000.0,Duplex,Detached Duplex,"Guzape District, Abuja",2026-06-01 11:18:54,NPC
Kubwa,3,3700000.0,Apartment,Apartment,"F01 By Ark Garden, FO1 Layout, Kubwa, Abuja",2026-06-01 11:18:54,NPC
Kubwa,2,4500000.0,Apartment,Apartment,"Main F01, FO1 Layout, Kubwa, Abuja",2026-06-01 11:18:54,NPC
Katampe,6,60000000.0,Duplex,Detached Duplex,"Tarred Road, Katampe Extension, Katampe, Abuja",2026-06-01 11:18:54,NPC
Jahi,4,20000000.0,Duplex,Detached Duplex,"By Adeduvie, Jahi, Abuja",2026-06-01 11:19:01,NPC
Jahi,4,17000000.0,Duplex,Terraced Duplex,"By Gilmore, Jahi, Abuja",2026-06-01 11:19:01,NPC
Wuye,4,7000000.0,Apartment,Apartment,"Wuye, Abuja",2026-06-01 11:19:01,NPC
Jabi,4,30000000.0,Duplex,Terraced Duplex,"Jabi, Abuja",2026-06-01 11:19:01,NPC
Gudu,4,8000000.0,Duplex,Terraced Duplex,"Legislative Quarters, Gudu, Abuja",2026-06-01 11:19:01,NPC
Guzape,5,60000000.0,Duplex,Detached Duplex,"Main, Guzape District, Abuja",2026-06-01 11:19:01,NPC
Life Camp,1,1200000.0,Apartment,Self Contain,"Emirate Estate, Life Camp, Abuja",2026-06-01 11:19:01,NPC
Katampe,3,8000000.0,Apartment,Apartment,"Katampe Main, Abuja, Katampe, Abuja",2026-06-01 11:19:01,NPC
Maitama,1,2500000.0,Apartment,Mini Flat,"Gishiri Community Opposite Maitama, Katampe (Main), Katampe, Abuja",2026-06-01 11:19:01,NPC
Katampe,2,4500000.0,Apartment,Apartment,"Gishiri Community, Katampe (Main), Katampe, Abuja",2026-06-01 11:19:01,NPC
Life Camp,3,4500000.0,Apartment,Apartment,"In An Estate, Abuja, Life Camp, Abuja",2026-06-01 11:19:01,NPC
Maitama,6,90000000.0,Duplex,Detached Duplex,"Abuja, Maitama District, Abuja",2026-06-01 11:19:01,NPC
Lugbe,2,4000000.0,Bungalow,Detached Bungalow,"By Von, Lugbe District, Abuja",2026-06-01 11:19:01,NPC
Gwarinpa,3,8000000.0,Apartment,Apartment,"Gwarinpa, Abuja",2026-06-01 11:19:01,NPC
Wuye,2,7000000.0,Apartment,Apartment,"Wuye, Abuja",2026-06-01 11:19:01,NPC
Lokogoma,1,900000.0,Apartment,Self Contain,"By First Generation Estate, Lokogoma District, Abuja",2026-06-01 11:19:01,NPC
Guzape,6,35000000.0,Duplex,Detached Duplex,"Tarred Road, Guzape District, Abuja",2026-06-01 11:19:01,NPC
Life Camp,4,13000000.0,Duplex,Semi-Detached Duplex,"Life Camp, Abuja",2026-06-01 11:19:01,NPC
Life Camp,3,7000000.0,Duplex,Terraced Duplex,"Life Camp, Abuja",2026-06-01 11:19:01,NPC
Maitama,1,6000000.0,Apartment,Apartment,"Maitama District, Abuja",2026-06-01 11:19:07,NPC
Jahi,4,18000000.0,Duplex,Semi-Detached Duplex,"Jahi, Abuja",2026-06-01 11:19:07,NPC
Lugbe,1,2800000.0,Apartment,Mini Flat,"Von Axis, Lugbe District, Abuja",2026-06-01 11:19:07,NPC
Jahi,4,10000000.0,Duplex,Terraced Duplex,"Jahi, Abuja",2026-06-01 11:19:07,NPC
Lugbe,2,3000000.0,Bungalow,Detached Bungalow,"Trade More, Lugbe District, Abuja",2026-06-01 11:19:07,NPC
Guzape,4,30000000.0,Duplex,Terraced Duplex,"Main, Guzape District, Abuja",2026-06-01 11:19:07,NPC
Lugbe,2,3000000.0,Apartment,Apartment,"Von Axis, Lugbe District, Abuja",2026-06-01 11:19:07,NPC
Life Camp,3,6000000.0,Apartment,Apartment,"Lifecamp (before Stella Marris), Life Camp, Abuja",2026-06-01 11:19:07,NPC
Lokogoma,1,2500000.0,Apartment,Self Contain,"Lokogoma District, Abuja",2026-06-01 11:19:07,NPC
Gwarinpa,3,7000000.0,Apartment,Apartment,"Dawaki, Gwarinpa, Abuja",2026-06-01 11:19:07,NPC
Apo,4,10000000.0,Duplex,Semi-Detached Duplex,"Apo, Abuja",2026-06-01 11:19:07,NPC
Apo,4,10000000.0,Bungalow,Semi-detached Bungalow,"Apo, Abuja",2026-06-01 11:19:07,NPC
Asokoro,6,80000000.0,Duplex,Detached Duplex,"Asokoro District, Abuja",2026-06-01 11:19:07,NPC
Lugbe,4,5000000.0,Duplex,Detached Duplex,"Blessed And Precious Academy Fha Lugbe, FHA (F.H.A), Lugbe District, Abuja",2026-06-01 11:19:07,NPC
Jahi,4,18000000.0,Duplex,Terraced Duplex,"By Aduvie, Jahi, Abuja",2026-06-01 11:19:07,NPC
Idu,3,6000000.0,Apartment,Apartment,"Lifecamp Axis, Idu Industrial, Abuja",2026-06-01 11:19:07,NPC
Jahi,3,8000000.0,House,House,"Jahi, Abuja",2026-06-01 11:19:07,NPC
Jabi,3,15000000.0,Duplex,Terraced Duplex,"Jabi, Abuja",2026-06-01 11:19:07,NPC
Maitama,1,9000000.0,Apartment,Apartment,"Maitama District, Abuja",2026-06-01 11:19:14,NPC
Jabi,3,15000000.0,Duplex,Terraced Duplex,"Jabi, Abuja",2026-06-01 11:19:14,NPC
Wuse,3,300000000.0,Apartment,Apartment,"Wuse 2, Abuja",2026-06-01 11:19:14,NPC
Wuye,3,10000000.0,Apartment,Apartment,"Main, Wuye, Abuja",2026-06-01 11:19:14,NPC
Lokogoma,4,7500000.0,Duplex,Terraced Duplex,"Sunnyvale Road, Lokogoma District, Abuja",2026-06-01 11:19:14,NPC
Asokoro,6,45000000.0,Duplex,Detached Duplex,"Asokoro District, Abuja",2026-06-01 11:19:14,NPC
Gwarinpa,3,8500000.0,Duplex,Terraced Duplex,"Dawaki, Gwarinpa, Abuja",2026-06-01 11:19:14,NPC
Katampe,3,9000000.0,Apartment,Apartment,"Katampe (Main), Katampe, Abuja",2026-06-01 11:19:14,NPC
Wuse,3,15000000.0,Apartment,Apartment,"Main, Wuse 2, Abuja",2026-06-01 11:19:14,NPC
Jabi,4,10000000.0,Duplex,Terraced Duplex,"Airport Road, Jabi, Abuja",2026-06-01 11:19:14,NPC
Life Camp,2,4500000.0,Apartment,Apartment,"Ochacho Axis, Life Camp, Abuja",2026-06-01 11:19:14,NPC
Jabi,4,10000000.0,Duplex,Terraced Duplex,"Jabi Airport Road Axis, Jabi, Abuja",2026-06-01 11:19:14,NPC
Lugbe,4,3500000.0,Bungalow,Detached Bungalow,"FHA (F.H.A), Lugbe District, Abuja",2026-06-01 11:19:14,NPC
Maitama,3,17000000.0,House,House,"Maitama Main, Maitama District, Abuja",2026-06-01 11:19:14,NPC
Apo,4,13000000.0,Duplex,Terraced Duplex,"Apo, Abuja",2026-06-01 11:19:14,NPC
Mabushi,4,12000000.0,Apartment,Apartment,"Mabushi, Abuja",2026-06-01 11:19:14,NPC
Jahi,4,20000000.0,Duplex,Terraced Duplex,"Jahi, Abuja",2026-06-01 11:19:14,NPC
Jabi,3,15000000.0,Apartment,Apartment,"Jabi Abuja, Jabi, Abuja",2026-06-01 11:19:14,NPC
Asokoro,2,10000000.0,Apartment,Apartment,"Naf Valley Estate Asokoro, Asokoro District, Abuja",2026-06-01 11:19:14,NPC
Gwarinpa,1,1600000.0,Apartment,Self Contain,"2nd Avenue, Gwarinpa, Abuja",2026-06-01 11:19:14,NPC
Life Camp,1,6000000.0,Apartment,Self Contain,"D Block Bilaad Estate By Bali Island Lifecamp Kafe District Abuja, Life Camp, Abuja",2026-06-01 11:19:14,NPC
Maitama,3,61669350.0,Apartment,Apartment,Maitama By Fruit Market Maitama Abuja,2026-06-01 11:33:21,PropertyPro
Mabushi,4,20000000.0,Duplex,Terraced Duplex,Mabushi Abuja,2026-06-01 11:33:21,PropertyPro
Life Camp,2,8500000.0,Apartment,Apartment,Nnpc Estate Life Camp Abuja,2026-06-01 11:33:21,PropertyPro
Katampe,4,20000000.0,Duplex,Terraced Duplex,Katampe Extention Diplomatic Zone Katampe Extension Katampe Abuja,2026-06-01 11:33:21,PropertyPro
Wuse,6,45000000.0,Duplex,Detached Duplex,Near Amigo Wuse 2 Abuja,2026-06-01 11:33:21,PropertyPro
Katampe,4,20000000.0,Duplex,Terraced Duplex,"Katampe Extention Diplomatic Zone, Katampe Extension Katampe Abuja",2026-06-01 11:33:21,PropertyPro
Guzape,4,15000000.0,Duplex,Terraced Duplex,Guzape Abuja,2026-06-01 11:33:21,PropertyPro
Durumi,4,12000000.0,Duplex,Terraced Duplex,Durumi Abuja,2026-06-01 11:33:21,PropertyPro
Durumi,4,15000000.0,Duplex,Terraced Duplex,"American International School, Durumi Abuja",2026-06-01 11:33:21,PropertyPro
Kado,4,16000000.0,Duplex,Terraced Duplex,Kado Kado Abuja,2026-06-01 11:33:21,PropertyPro
Life Camp,4,7500000.0,Duplex,Terraced Duplex,Life Camp Abuja,2026-06-01 11:33:21,PropertyPro
Durumi,4,60000000.0,Duplex,Semi-Detached Duplex,Area 1 Durumi Abuja,2026-06-01 11:33:21,PropertyPro
Life Camp,4,13000000.0,Duplex,Terraced Duplex,Life Camp Abuja,2026-06-01 11:33:21,PropertyPro
Jahi,3,10000000.0,Apartment,Apartment,Jahi By Aduvie Jahi Abuja,2026-06-01 11:33:21,PropertyPro
Gwarinpa,4,12000000.0,Duplex,Terraced Duplex,Gwarinpa Abuja,2026-06-01 11:33:21,PropertyPro
Life Camp,4,14000000.0,Duplex,Semi-Detached Duplex,Life Camp Abuja,2026-06-01 11:33:21,PropertyPro
Guzape,6,35000000.0,Duplex,Detached Duplex,Guzape Abuja,2026-06-01 11:33:21,PropertyPro
Jahi,4,16000000.0,Duplex,Terraced Duplex,Gilmore Jahi Abuja,2026-06-01 11:33:21,PropertyPro
Guzape,3,10000000.0,Apartment,Apartment,Guzape Abuja,2026-06-01 11:33:21,PropertyPro
Jahi,4,15000000.0,Duplex,Terraced Duplex,Jahi Abuja,2026-06-01 11:33:21,PropertyPro
Life Camp,1,1500000.0,Apartment,Self Contain,Life Camp Abuja,2026-06-01 11:33:21,PropertyPro
Maitama,3,61669350.0,Apartment,Apartment,Maitama By Fruit Market Maitama Abuja,2026-06-01 11:33:31,PropertyPro
Life Camp,4,9000000.0,Duplex,Terraced Duplex,Life Camp Abuja,2026-06-01 11:33:31,PropertyPro
Wuye,5,25000000.0,Duplex,Terraced Duplex,Wuye Abuja,2026-06-01 11:33:31,PropertyPro
Maitama,4,15000000.0,Apartment,Apartment,Maitama Abuja,2026-06-01 11:33:31,PropertyPro
Guzape,4,15000000.0,Duplex,Terraced Duplex,Near Coza Guzape Abuja,2026-06-01 11:33:31,PropertyPro
Jahi,3,72000000.0,Apartment,Apartment,Gilmore Jahi Abuja,2026-06-01 11:33:31,PropertyPro
Life Camp,4,10000000.0,Duplex,Terraced Duplex,Life Camp Life Camp Abuja,2026-06-01 11:33:31,PropertyPro
Katampe,6,25000000.0,Duplex,Terraced Duplex,"Katampe Extension, Katampe Abuja",2026-06-01 11:33:31,PropertyPro
Jahi,5,20000000.0,Duplex,Terraced Duplex,Jahi Abuja,2026-06-01 11:33:31,PropertyPro
Gaduwa,4,30000000.0,Duplex,Detached Duplex,"Close To Ncdc, Gaduwa Abuja",2026-06-01 11:33:31,PropertyPro
Kaura,4,10000000.0,Duplex,Semi-Detached Duplex,"Kaura, Close To Galadimawa Kaura (games Village) Abuja",2026-06-01 11:33:31,PropertyPro
Guzape,3,12000000.0,Apartment,Apartment,Near Coza Guzape Abuja,2026-06-01 11:33:31,PropertyPro
Katampe,3,8500000.0,Apartment,Apartment,Katampe Main Abuja,2026-06-01 11:33:31,PropertyPro
Kado,4,15000000.0,Duplex,Terraced Duplex,Kado Kado Abuja,2026-06-01 11:33:31,PropertyPro
Kado,4,15000000.0,Duplex,Terraced Duplex,"Kado, Kado Abuja",2026-06-01 11:33:31,PropertyPro
Katampe,4,16000000.0,Duplex,Terraced Duplex,(tarred Access Road) Katampe Main Abuja,2026-06-01 11:33:31,PropertyPro
Life Camp,4,9500000.0,Duplex,Terraced Duplex,Life Camp Life Camp Abuja,2026-06-01 11:33:31,PropertyPro
Maitama,4,50000000.0,Duplex,Terraced Duplex,Off Lake Chad Maitama Abuja,2026-06-01 11:33:31,PropertyPro
Mabushi,4,12000000.0,Duplex,Terraced Duplex,Mabushi Main Mabushi Abuja,2026-06-01 11:33:31,PropertyPro
Guzape,4,30000000.0,Duplex,Detached Duplex,Guzape Abuja,2026-06-01 11:33:41,PropertyPro
Jahi,2,6500000.0,Apartment,Apartment,By Gilmore Jahi Abuja,2026-06-01 11:33:41,PropertyPro
Apo,4,11000000.0,Duplex,Terraced Duplex,By Brains And Hammers Estate Apo Abuja,2026-06-01 11:33:41,PropertyPro
Gwarinpa,3,7000000.0,Apartment,Apartment,"6th Avenue, Gwarinpa Abuja",2026-06-01 11:33:41,PropertyPro
Gaduwa,4,10000000.0,Duplex,Terraced Duplex,Gaduwa Abuja,2026-06-01 11:33:41,PropertyPro
Kado,4,20000000.0,Duplex,Terraced Duplex,Kado Abuja,2026-06-01 11:33:41,PropertyPro
Wuse,3,20000000.0,Apartment,Apartment,Wuse 2 Abuja,2026-06-01 11:33:41,PropertyPro
Gaduwa,4,10000000.0,Duplex,Terraced Duplex,Gaduwa Abuja,2026-06-01 11:33:41,PropertyPro
Maitama,4,65000000.0,Duplex,Terraced Duplex,Maitama Abuja,2026-06-01 11:33:41,PropertyPro
Katampe,4,25000000.0,Duplex,Terraced Duplex,Katampe Abuja,2026-06-01 11:33:41,PropertyPro
Wuye,4,15000000.0,Duplex,Terraced Duplex,Wuye Abuja,2026-06-01 11:33:41,PropertyPro
Guzape,4,17000000.0,Duplex,Terraced Duplex,Guzape Abuja,2026-06-01 11:33:41,PropertyPro
Jahi,4,15000000.0,Duplex,Terraced Duplex,Jahi Abuja,2026-06-01 11:33:41,PropertyPro
Wuye,4,10000000.0,Duplex,Terraced Duplex,Wuye Abuja,2026-06-01 11:33:41,PropertyPro
Wuye,4,25000000.0,Apartment,Apartment,Wuye Abuja,2026-06-01 11:33:41,PropertyPro
Maitama,4,25000000.0,Duplex,Terraced Duplex,Maitama Abuja,2026-06-01 11:33:41,PropertyPro
Kado,4,10000000.0,Duplex,Terraced Duplex,Kado Abuja,2026-06-01 11:33:41,PropertyPro
Mabushi,4,15000000.0,Duplex,Terraced Duplex,Mabushi Abuja,2026-06-01 11:33:41,PropertyPro
Katampe,4,25000000.0,Duplex,Terraced Duplex,Katampe Extension Katampe Abuja,2026-06-01 11:33:41,PropertyPro
Guzape,4,15000000.0,Duplex,Terraced Duplex,Guzape Abuja,2026-06-01 11:33:41,PropertyPro
Gwarinpa,4,12000000.0,Duplex,Terraced Duplex,Gwarinpa Abuja,2026-06-01 11:33:41,PropertyPro
Maitama,3,61669350.0,Apartment,Apartment,Maitama By Fruit Market Maitama Abuja,2026-06-01 11:33:47,PropertyPro
Katampe,4,18000000.0,Duplex,Terraced Duplex,Katampe Extension Katampe Abuja,2026-06-01 11:33:47,PropertyPro
Life Camp,4,13000000.0,Duplex,Terraced Duplex,Life Camp Abuja,2026-06-01 11:33:47,PropertyPro
Katampe,4,20000000.0,Duplex,Detached Duplex,Katampe Abuja,2026-06-01 11:33:47,PropertyPro
Katampe,4,18000000.0,Duplex,Detached Duplex,Katampe Extension Katampe Abuja,2026-06-01 11:33:47,PropertyPro
Wuye,4,25000000.0,Duplex,Semi-Detached Duplex,Wuye Abuja,2026-06-01 11:33:47,PropertyPro
Asokoro,4,15000000.0,Duplex,Terraced Duplex,Asokoro Abuja,2026-06-01 11:33:47,PropertyPro
Kaura,4,12000000.0,Duplex,Terraced Duplex,"Games Village, Kaura (games Village) Abuja",2026-06-01 11:33:47,PropertyPro
Durumi,4,10000000.0,Duplex,Semi-Detached Duplex,Durumi Durumi Abuja,2026-06-01 11:33:47,PropertyPro
Mabushi,4,15000000.0,Duplex,Terraced Duplex,Mabushi Abuja,2026-06-01 11:33:47,PropertyPro
Katampe,4,15000000.0,Duplex,Terraced Duplex,Katampe Katampe Abuja,2026-06-01 11:33:47,PropertyPro
Jahi,3,8000000.0,Apartment,Apartment,Jahi Gilmore Jahi Abuja,2026-06-01 11:33:47,PropertyPro
Life Camp,4,25000000.0,Duplex,Detached Duplex,Life Camp Abuja,2026-06-01 11:33:47,PropertyPro
Maitama,4,25000000.0,Duplex,Terraced Duplex,Maitama Maitama Abuja,2026-06-01 11:33:47,PropertyPro
Garki,4,15000000.0,Duplex,Terraced Duplex,Garki Garki 2 Abuja,2026-06-01 11:33:47,PropertyPro
Katampe,4,16500000.0,Duplex,Terraced Duplex,Katampe Katampe Abuja,2026-06-01 11:33:47,PropertyPro
Life Camp,4,15000000000.0,Duplex,Terraced Duplex,Life Camp Life Camp Abuja,2026-06-01 11:33:47,PropertyPro
Maitama,4,75000000.0,Duplex,Detached Duplex,Maitama Maitama Abuja,2026-06-01 11:33:47,PropertyPro
Jahi,4,15000000.0,Duplex,Terraced Duplex,Jahi Abuja,2026-06-01 11:33:47,PropertyPro
Wuye,2,30000000.0,Apartment,Apartment,Wuye Abuja,2026-06-01 11:33:47,PropertyPro
Guzape,4,30000000.0,Duplex,Detached Duplex,Guzape Abuja,2026-06-01 11:33:47,PropertyPro
Maitama,3,61669350.0,Apartment,Apartment,Maitama By Fruit Market Maitama Abuja,2026-06-01 11:33:58,PropertyPro
Gwarinpa,4,11000000.0,Duplex,Terraced Duplex,Gwarimpa Main Gwarinpa Abuja,2026-06-01 11:33:58,PropertyPro
Jahi,3,9000000.0,Apartment,Apartment,Jahi Gilmore Jahi Abuja,2026-06-01 11:33:58,PropertyPro
Idu,1,3500000.0,Apartment,Apartment,Idu By Nizamiya Hospt Idu Abuja,2026-06-01 11:33:58,PropertyPro
Mabushi,4,13500000.0,Duplex,Terraced Duplex,Mabushi Abuja,2026-06-01 11:33:58,PropertyPro
Mabushi,4,15000000.0,Duplex,Terraced Duplex,Mabushi Abuja,2026-06-01 11:33:58,PropertyPro
Mabushi,4,12000000.0,Duplex,Terraced Duplex,Mabushi Abuja,2026-06-01 11:33:58,PropertyPro
Jahi,4,13000000.0,Duplex,Terraced Duplex,Jahi By Gilmore Jahi Abuja,2026-06-01 11:33:58,PropertyPro
Life Camp,3,5000000.0,Apartment,Apartment,Tarred Road Life Camp Life Camp Abuja,2026-06-01 11:33:58,PropertyPro
Galadimawa,2,5500000.0,Apartment,Apartment,Galadimawa Galadimawa Abuja,2026-06-01 11:33:58,PropertyPro
Idu,6,22000000.0,Duplex,Detached Duplex,Adjacent Nizamiye Hospital Idu Abuja,2026-06-01 11:33:58,PropertyPro
Life Camp,1,2500000.0,Apartment,Apartment,Lifecamp Life Camp Abuja,2026-06-01 11:33:58,PropertyPro
Lokogoma,4,7000000.0,Duplex,Detached Duplex,"Lokogoma Dakwo, Lokogoma, Abuja Lokogoma Abuja",2026-06-01 11:33:58,PropertyPro
Katampe,3,7500000.0,Apartment,Apartment,Katampe Extension Katampe Abuja,2026-06-01 11:33:58,PropertyPro
Wuye,4,7500000.0,Apartment,Apartment,Wuye Abuja Wuye Abuja,2026-06-01 11:33:58,PropertyPro
Wuye,1,2500000.0,Apartment,Self Contain,Wuye Abuja,2026-06-01 11:33:58,PropertyPro
Life Camp,6,12500000.0,Duplex,Detached Duplex,"Life Camp By Stella Maris School, Life Camp Abuja Life Camp Abuja",2026-06-01 11:33:58,PropertyPro
Guzape,4,30000000.0,Duplex,Detached Duplex,Guzape Abuja,2026-06-01 11:34:05,PropertyPro
Wuse,10,50000000.0,Duplex,Detached Duplex,"Wuse Zone,wuse, Abuja Wuse 1 Abuja",2026-06-01 11:34:05,PropertyPro
Wuye,4,12000000.0,Duplex,Semi-Detached Duplex,Close To Wuye Utako Abuja,2026-06-01 11:34:05,PropertyPro
Gwarinpa,6,30000000.0,Duplex,Detached Duplex,"6th Avenue, Gwarinpa Abuja",2026-06-01 11:34:05,PropertyPro
Lugbe,2,1100000.0,Apartment,Apartment,"Federal Housing, Lugbe, Abuja Lugbe Abuja",2026-06-01 11:34:05,PropertyPro
Life Camp,1,2500000.0,Apartment,Apartment,"Efab Estate, Life Camp, Abuja Life Camp Abuja",2026-06-01 11:34:05,PropertyPro
Jahi,2,5000000.0,Apartment,Apartment,"Jahi, Abuja Jahi Abuja",2026-06-01 11:34:05,PropertyPro
Jahi,2,2400000.0,Apartment,Apartment,"Jahi By Royal Court, Jahi, Abuja Jahi Abuja",2026-06-01 11:34:05,PropertyPro
Guzape,3,6500000.0,Apartment,Apartment,"Guzape Main, Guzape, Abuja Guzape Abuja",2026-06-01 11:34:05,PropertyPro
Life Camp,3,5500000.0,Apartment,Apartment,Life Camp By Berger Clinic Life Camp Abuja,2026-06-01 11:34:05,PropertyPro
Wuye,2,4000000.0,Apartment,Apartment,"Wuye, Abuja Wuye Abuja",2026-06-01 11:34:05,PropertyPro
Katampe,3,7000000.0,Apartment,Apartment,"Katampe Main, Katampe Abuja",2026-06-01 11:34:05,PropertyPro
Durumi,2,3000000.0,Apartment,Apartment,"Durumi By Area1, Durumi Abuja Durumi Abuja",2026-06-01 11:34:05,PropertyPro
Lokogoma,3,3500000.0,Apartment,Apartment,Lokogoma Abuja Lokogoma Abuja,2026-06-01 11:34:05,PropertyPro
Maitama,3,61669350.0,Apartment,Apartment,Maitama By Fruit Market Maitama Abuja,2026-06-01 11:34:13,PropertyPro
Wuye,3,8000000.0,Apartment,Apartment,"Wuye, Abuja Wuye Abuja",2026-06-01 11:34:13,PropertyPro
Apo,2,4000000.0,Apartment,Apartment,"Zone E, Apo Resettlement, Apo, Abuja Apo Abuja",2026-06-01 11:34:13,PropertyPro
Jahi,3,6500000.0,Apartment,Apartment,Jahi Abuja Jahi Abuja,2026-06-01 11:34:13,PropertyPro
Jahi,3,8000000.0,Apartment,Apartment,"Jahi Main, Jahi, Abuja Jahi Abuja",2026-06-01 11:34:13,PropertyPro
Mabushi,3,6000000.0,Apartment,Apartment,"Mabushi Close To Wuse2 By Banex, Mabushi, Abuja Mabushi Abuja",2026-06-01 11:34:13,PropertyPro
Maitama,3,61669350.0,Apartment,Apartment,Maitama By Fruit Market Maitama Abuja,2026-06-01 11:34:13,PropertyPro
Durumi,2,5000000.0,Apartment,Apartment,"Durumi By Area1, Durumi Abuja Durumi Abuja",2026-06-01 11:34:13,PropertyPro
Jabi,3,15000000.0,Apartment,Apartment,"Jabi Main, Jabi, Abuja Jabi Abuja",2026-06-01 11:34:13,PropertyPro
Life Camp,4,8000000.0,Duplex,Detached Duplex,"Cannan Estate, Life Camp, Abuja Life Camp Abuja",2026-06-01 11:34:13,PropertyPro
Galadimawa,3,4500000.0,Bungalow,Detached Bungalow,"By Sunnyvale, Galadimawa Abuja",2026-06-01 11:34:13,PropertyPro
Jabi,3,8000000.0,Apartment,Apartment,"Jabi, Abuja Jabi Abuja",2026-06-01 11:34:13,PropertyPro
Life Camp,1,3600000.0,Apartment,Apartment,"Life Camp, Abuja Life Camp Abuja",2026-06-01 11:34:13,PropertyPro
Guzape,4,30000000.0,Duplex,Detached Duplex,Guzape Abuja,2026-06-01 11:34:21,PropertyPro
Wuye,2,10000000.0,Apartment,Apartment,Wuye Abuja,2026-06-01 11:34:21,PropertyPro
Asokoro,1,40000000.0,Duplex,Detached Duplex,"Asokoro, Abuja Asokoro Abuja",2026-06-01 11:34:21,PropertyPro
Katampe,5,25000000.0,Duplex,Detached Duplex,"Katampe Close To Maitama, Katampe, Abuja Katampe Abuja",2026-06-01 11:34:21,PropertyPro
Gwarinpa,2,4000000.0,Apartment,Apartment,Gwarinpa Abuja,2026-06-01 11:34:21,PropertyPro
Gaduwa,4,10500000.0,Duplex,Detached Duplex,"Gaduwa, Abuja Gaduwa Abuja",2026-06-01 11:34:21,PropertyPro
Durumi,2,4500000.0,Apartment,Apartment,"Durumi By Area1, Durumi Abuja Durumi Abuja",2026-06-01 11:34:21,PropertyPro
Lokogoma,1,2800000.0,Apartment,Apartment,"Peace Court Estate, Lokogoma, Abuja Lokogoma Abuja",2026-06-01 11:34:21,PropertyPro
Garki,1,2500000.0,Apartment,Self Contain,"Area1, Garki, Abuja Garki 1 Abuja",2026-06-01 11:34:21,PropertyPro
Jahi,3,7000000.0,Apartment,Apartment,Main Jahi Abuja,2026-06-01 11:34:21,PropertyPro
Garki,2,5000000.0,Apartment,Apartment,"Garki Area11, Garki, Abuja Garki 1 Abuja",2026-06-01 11:34:21,PropertyPro
Durumi,1,1500000.0,Apartment,Self Contain,"Durumi By Area1, Durumi Abuja Durumi Abuja",2026-06-01 11:34:21,PropertyPro
Katampe,3,7000000.0,Apartment,Apartment,Main Katampe Abuja,2026-06-01 11:34:21,PropertyPro
Lokogoma,1,1000000.0,Apartment,Self Contain,"Lokogoma By Wumba Road, Lokogoma, Abuja Lokogoma Abuja",2026-06-01 11:34:21,PropertyPro
Jahi,2,7000000.0,Apartment,Apartment,"Gilmore, Jahi Abuja",2026-06-01 11:34:21,PropertyPro
Guzape,4,30000000.0,Duplex,Detached Duplex,Guzape Abuja,2026-06-01 11:34:30,PropertyPro
Lokogoma,1,1300000.0,Apartment,Self Contain,Lokogoma Abuja Lokogoma Abuja,2026-06-01 11:34:30,PropertyPro
Asokoro,2,15000000.0,Apartment,Apartment,Asokoro Abuja Asokoro Abuja,2026-06-01 11:34:30,PropertyPro
Jahi,2,10000000.0,Apartment,Apartment,"Jahi Gilmore, Jahi Abuja",2026-06-01 11:34:30,PropertyPro
Lokogoma,2,2700000.0,Apartment,Apartment,Lokogoma Abuja,2026-06-01 11:34:30,PropertyPro
Jahi,1,2000000.0,Apartment,Self Contain,"Jahi By Living Faith, Jahi, Abuja Jahi Abuja",2026-06-01 11:34:30,PropertyPro
Garki,1,2500000.0,Apartment,Self Contain,Area 1 Garki 1 Abuja,2026-06-01 11:34:30,PropertyPro
Maitama,4,30000000.0,Duplex,Terraced Duplex,Maitama Abuja,2026-06-01 11:34:30,PropertyPro
Apo,1,1800000.0,Apartment,Self Contain,"Apo Resettlement, Apo, Abuja Apo Abuja",2026-06-01 11:34:30,PropertyPro
Lokogoma,1,4000000.0,Bungalow,Detached Bungalow,"By Lokogoma Apo Express, Lokogoma, Abuja Lokogoma Abuja",2026-06-01 11:34:30,PropertyPro
Wuye,1,2500000.0,Apartment,Self Contain,"Wuye, Abuja Wuye Abuja",2026-06-01 11:34:30,PropertyPro
Utako,4,12000000.0,Duplex,Semi-Detached Duplex,"Utako By Wuye, Utako Abuja",2026-06-01 11:34:30,PropertyPro
Guzape,4,20000000.0,Duplex,Terraced Duplex,Guzape Abuja,2026-06-01 11:34:30,PropertyPro
Jabi,3,8000000.0,Apartment,Apartment,"Jabi Main, Jabi, Abuja Jabi Abuja",2026-06-01 11:34:30,PropertyPro
Mabushi,3,8000000.0,Apartment,Apartment,"Mabushi, Abuja Mabushi Abuja",2026-06-01 11:34:30,PropertyPro
Maitama,3,61669350.0,Apartment,Apartment,Maitama By Fruit Market Maitama Abuja,2026-06-01 11:34:39,PropertyPro
Durumi,1,1500000.0,Apartment,Self Contain,"Durumi By Area1, Durumi Abuja Durumi Abuja",2026-06-01 11:34:39,PropertyPro
Lokogoma,2,4000000.0,Apartment,Apartment,Lokogoma Abuja Lokogoma Abuja,2026-06-01 11:34:39,PropertyPro
Life Camp,1,2500000.0,Apartment,Apartment,"Life Camp By Godab, Life Camp, Abuja Life Camp Abuja",2026-06-01 11:34:39,PropertyPro
Katampe,3,7000000.0,Apartment,Apartment,"Katampe Main, Abuja, Lagos Katampe Abuja",2026-06-01 11:34:39,PropertyPro
Wuse,5,15000099.0,Duplex,Detached Duplex,"Wuse 2, Abuja Wuse 2 Abuja",2026-06-01 11:34:39,PropertyPro
Katampe,1,2500000.0,Apartment,Self Contain,Katampe Extension Katampe Abuja,2026-06-01 11:34:39,PropertyPro
Utako,4,12000000.0,Duplex,Detached Duplex,"Utako By Wuye, Utako, Abuja Utako Abuja",2026-06-01 11:34:39,PropertyPro
Jahi,3,12000000.0,Apartment,Apartment,"Gilmore, Jahi Abuja",2026-06-01 11:34:39,PropertyPro
Gwarinpa,3,9000000.0,Apartment,Apartment,"Gwarinpa Extension, Gwarinpa Abuja",2026-06-01 11:34:39,PropertyPro
Durumi,1,2000000.0,Apartment,Self Contain,"Area1 By Old Secretariats, Durumi Area1, Abuja Garki 1 Abuja",2026-06-01 11:34:39,PropertyPro
Guzape,4,13000000.0,Duplex,Detached Duplex,Guzape Abuja Guzape Abuja,2026-06-01 11:34:39,PropertyPro
Life Camp,3,4000000.0,Duplex,Detached Duplex,"Brains And Harmer City Estate, Life Camp, Abuja Life Camp Abuja",2026-06-01 11:34:39,PropertyPro
Durumi,2,4000000.0,Apartment,Apartment,"Durumi By Area1, Durumi Abuja",2026-06-01 11:34:39,PropertyPro
Maitama,4,30000000.0,Duplex,Detached Duplex,Maitama Abuja,2026-06-01 11:34:39,PropertyPro
Wuse,1,1900000.0,Apartment,Self Contain,"Wuse Zone, Wuse 1 Abuja",2026-06-01 11:34:39,PropertyPro
Maitama,3,61669350.0,Apartment,Apartment,Maitama By Fruit Market Maitama Abuja,2026-06-01 11:34:48,PropertyPro
Lokogoma,1,1000000.0,Apartment,Self Contain,"Lokogoma By Wumba Road, Lokogoma, Abuja Lokogoma Abuja",2026-06-01 11:34:48,PropertyPro
Durumi,4,5000000.0,Apartment,Apartment,By Area 1 Durumi Abuja,2026-06-01 11:34:48,PropertyPro
Life Camp,1,2000000.0,Apartment,Apartment,"Life Camp, Abuja Life Camp Abuja",2026-06-01 11:34:48,PropertyPro
Katampe,6,750000000.0,Duplex,Detached Duplex,"Katampe Ext Diplomatic Zone, Katampe Extension Katampe Abuja",2026-06-01 11:34:48,PropertyPro
Life Camp,2,8500000.0,Apartment,Apartment,"By Stella Maris School, Life Camp Abuja",2026-06-01 11:34:48,PropertyPro
Gudu,2,3500000.0,Apartment,Apartment,"Gudu, Abuja Apo Abuja",2026-06-01 11:34:48,PropertyPro
Wuye,2,6000000.0,Apartment,Apartment,"Wuye Main, Wuye, Abuja Wuye Abuja",2026-06-01 11:34:48,PropertyPro
Kubwa,2,7000000.0,Duplex,Semi-Detached Duplex,"F01, Kubwa Abuja",2026-06-01 11:34:48,PropertyPro
Apo,4,13500000.0,Duplex,Detached Duplex,Cedar Crest Hospital Apo Dutse Abuja,2026-06-01 11:34:48,PropertyPro
Apo,4,13500000.0,Duplex,Detached Duplex,Cedar Crest Hospital Apo Dutse Abuja,2026-06-01 11:34:48,PropertyPro
Guzape,4,18000000.0,Duplex,Terraced Duplex,Guzape Abuja,2026-06-01 11:34:48,PropertyPro
Wuse,5,50000000.0,Duplex,Detached Duplex,Wuse 2 Abuja,2026-06-01 11:34:48,PropertyPro
Kubwa,2,3500000.0,Apartment,Apartment,"F01, Kubwa Abuja",2026-06-01 11:34:48,PropertyPro
Kubwa,2,3500000.0,Apartment,Apartment,"Fo1, Kubwa Abuja",2026-06-01 11:34:48,PropertyPro
Maitama,3,61669350.0,Apartment,Apartment,Maitama By Fruit Market Maitama Abuja,2026-06-01 11:34:55,PropertyPro
Idu,3,6000000.0,Apartment,Apartment,Idu Abuja,2026-06-01 11:34:55,PropertyPro
Guzape,3,10000000.0,Apartment,Apartment,Main Guzape Abuja,2026-06-01 11:34:55,PropertyPro
Jabi,3,11000000.0,Duplex,Terraced Duplex,Main Jabi Abuja,2026-06-01 11:34:55,PropertyPro
Kubwa,2,3000000.0,Apartment,Apartment,"Fo1, Kubwa Abuja",2026-06-01 11:34:55,PropertyPro
Jahi,3,7500000.0,Apartment,Apartment,Main Jahi Abuja,2026-06-01 11:34:55,PropertyPro
Guzape,5,35000000.0,Duplex,Detached Duplex,Guzape Guzape Abuja,2026-06-01 11:34:55,PropertyPro
Garki,2,6000000.0,Apartment,Apartment,Garki 1 Abuja,2026-06-01 11:34:55,PropertyPro
Mabushi,4,25000000.0,Duplex,Semi-Detached Duplex,Mabushi Abuja,2026-06-01 11:34:55,PropertyPro
Kubwa,3,4000000.0,Duplex,Semi-Detached Duplex,"F14, Kubwa Abuja",2026-06-01 11:34:55,PropertyPro
Idu,1,2500000.0,Apartment,Apartment,Idu Industrial (institution And Research) Abuja,2026-06-01 11:34:55,PropertyPro
Galadimawa,1,1500000.0,Apartment,Self Contain,Galadimawa Roundabout Galadimawa Abuja,2026-06-01 11:34:55,PropertyPro
Guzape,4,15000000.0,Duplex,Terraced Duplex,Guzape Guzape Abuja,2026-06-01 11:34:55,PropertyPro
Garki,3,15000000.0,Apartment,Apartment,Garki 2 Abuja,2026-06-01 11:34:55,PropertyPro
Life Camp,4,5500000.0,Duplex,Terraced Duplex,Life Camp Life Camp Abuja,2026-06-01 11:34:55,PropertyPro
Guzape,3,15000000.0,Apartment,Apartment,Guzape Guzape Abuja,2026-06-01 11:34:55,PropertyPro
Guzape,4,18000000.0,Duplex,Terraced Duplex,Guzape Abuja,2026-06-01 11:34:55,PropertyPro
Jahi,3,11000000.0,Duplex,Terraced Duplex,Main Jahi Abuja,2026-06-01 11:34:55,PropertyPro
Kubwa,2,3000000.0,Apartment,Apartment,F01 Kubwa Abuja,2026-06-01 11:34:55,PropertyPro
Maitama,3,61669350.0,Apartment,Apartment,Maitama By Fruit Market Maitama Abuja,2026-06-01 11:35:03,PropertyPro
Wuse,5,75000000.0,Duplex,Detached Duplex,Wuse 2 Abuja,2026-06-01 11:35:03,PropertyPro
Gwarinpa,3,7000000.0,Bungalow,Detached Bungalow,Gwarinpa Abuja,2026-06-01 11:35:03,PropertyPro
Garki,3,15000000.0,Apartment,Apartment,Garki 2 Abuja,2026-06-01 11:35:03,PropertyPro
Kubwa,3,6500000.0,Duplex,Semi-Detached Duplex,"Fo1, Kubwa Abuja",2026-06-01 11:35:03,PropertyPro
Guzape,4,13000000.0,Duplex,Terraced Duplex,Guzape Guzape Abuja,2026-06-01 11:35:03,PropertyPro
Guzape,3,12000000.0,Apartment,Apartment,Guzape Abuja,2026-06-01 11:35:03,PropertyPro
Mabushi,4,12000000.0,Apartment,Apartment,Mabushi Abuja,2026-06-01 11:35:03,PropertyPro
Wuse,3,15000000.0,Apartment,Apartment,Wuse 2 Abuja,2026-06-01 11:35:03,PropertyPro
Katampe,6,750000000.0,Duplex,Detached Duplex,"Katampe Ext Diplomatic Zone, Katampe Extension Katampe Abuja",2026-06-01 11:35:03,PropertyPro
Jabi,3,12000000.0,Apartment,Apartment,Jabi Abuja,2026-06-01 11:35:03,PropertyPro
Lokogoma,1,550000.0,Apartment,Self Contain,Behind Efab Estate Lokogoma Abuja,2026-06-01 11:35:03,PropertyPro
Lokogoma,1,400000.0,Apartment,Self Contain,Near Megzy Hotel Lokogoma Abuja,2026-06-01 11:35:03,PropertyPro
Idu,3,5000000.0,Apartment,Apartment,Idu Industrial (institution And Research) Abuja,2026-06-01 11:35:03,PropertyPro
Garki,3,8500000.0,Apartment,Apartment,Garki 2 Abuja,2026-06-01 11:35:03,PropertyPro
Guzape,4,17000000.0,Duplex,Terraced Duplex,Guzape Abuja,2026-06-01 11:35:03,PropertyPro
Lugbe,4,4500000.0,Duplex,Detached Duplex,Von Lugbe Abuja,2026-06-01 11:35:03,PropertyPro
Garki,3,7000000.0,Apartment,Apartment,Garki 2 Abuja,2026-06-01 11:35:03,PropertyPro
Kubwa,2,3500000.0,Apartment,Apartment,"Fo1, Kubwa Abuja",2026-06-01 11:35:03,PropertyPro
Maitama,3,61669350.0,Apartment,Apartment,Maitama By Fruit Market Maitama Abuja,2026-06-01 11:35:10,PropertyPro
Kubwa,2,7000000.0,Duplex,Semi-Detached Duplex,F01 Kubwa Abuja,2026-06-01 11:35:10,PropertyPro
Kubwa,2,2500000.0,Apartment,Apartment,"Fo1, Kubwa Abuja",2026-06-01 11:35:10,PropertyPro
Galadimawa,1,1000000.0,Apartment,Self Contain,Behind Suncity Estate Galadimawa Abuja,2026-06-01 11:35:10,PropertyPro
Kubwa,2,3500000.0,Apartment,Apartment,"Fo1, Kubwa Abuja",2026-06-01 11:35:10,PropertyPro
Asokoro,4,20000000.0,Apartment,Apartment,Asokoro Abuja,2026-06-01 11:35:10,PropertyPro
Wuse,3,13000000.0,Apartment,Apartment,Wuse 2 Abuja,2026-06-01 11:35:10,PropertyPro
Mabushi,4,25000000.0,Duplex,Semi-Detached Duplex,Mabushi Abuja,2026-06-01 11:35:10,PropertyPro
Idu,1,1500000.0,Apartment,Self Contain,Idu Industrial (institution And Research) Abuja,2026-06-01 11:35:10,PropertyPro
Jahi,3,8000000.0,Apartment,Apartment,Gilmore Jahi Abuja,2026-06-01 11:35:10,PropertyPro
Kubwa,4,5500000.0,Duplex,Terraced Duplex,Fo1 Kubwa Abuja,2026-06-01 11:35:10,PropertyPro
Jabi,4,54817200.0,Apartment,Apartment,Jabi Abuja,2026-06-01 11:35:10,PropertyPro
Kubwa,4,5500000.0,Duplex,Terraced Duplex,Fo1 Kubwa Abuja,2026-06-01 11:35:10,PropertyPro
Katampe,4,16000000.0,Duplex,Terraced Duplex,Main Katampe Abuja,2026-06-01 11:35:10,PropertyPro
Wuse,3,13000000.0,Apartment,Apartment,Wuse 2 Abuja,2026-06-01 11:35:10,PropertyPro
Asokoro,3,25000000.0,Apartment,Apartment,Ask Drive Asokoro Abuja,2026-06-01 11:35:10,PropertyPro
Jahi,1,2000000.0,Apartment,Self Contain,Ben Ayade Cresent Jahi Abuja,2026-06-01 11:35:10,PropertyPro
Idu,3,6000000.0,Apartment,Apartment,Idu Industrial (institution And Research) Abuja,2026-06-01 11:35:10,PropertyPro
Mabushi,4,12000000.0,Duplex,Terraced Duplex,Mabushi Abuja,2026-06-01 11:35:10,PropertyPro
Guzape,4,20000000.0,Duplex,Terraced Duplex,Guzape Guzape Abuja,2026-06-01 11:35:10,PropertyPro
Kubwa,2,3000000.0,Apartment,Apartment,"Fo1, Kubwa Abuja",2026-06-01 11:35:10,PropertyPro
Guzape,4,30000000.0,Duplex,Detached Duplex,Guzape Abuja,2026-06-01 11:35:20,PropertyPro
Kubwa,2,3500000.0,Apartment,Apartment,Fo1 Kubwa Abuja,2026-06-01 11:35:20,PropertyPro
Guzape,4,15000000.0,Duplex,Terraced Duplex,Guzape Abuja,2026-06-01 11:35:20,PropertyPro
Guzape,4,17000000.0,Duplex,Terraced Duplex,Guzape Guzape Abuja,2026-06-01 11:35:20,PropertyPro
Lokogoma,1,600000.0,Apartment,Self Contain,Near Redeem Church Lokogoma Abuja,2026-06-01 11:35:20,PropertyPro
Apo,4,10000000.0,Duplex,Detached Duplex,Cedar Crest Hospital Apo Dutse Abuja,2026-06-01 11:35:20,PropertyPro
Kubwa,2,3500000.0,Apartment,Apartment,Fo1 Kubwa Abuja,2026-06-01 11:35:20,PropertyPro
Kubwa,2,2500000.0,Apartment,Apartment,Kubwa Abuja,2026-06-01 11:35:20,PropertyPro
Kubwa,3,4000000.0,Duplex,Semi-Detached Duplex,F14 Kubwa Abuja,2026-06-01 11:35:20,PropertyPro
Jahi,3,9000000.0,Apartment,Apartment,Living Faith Jahi Katampe Main Abuja,2026-06-01 11:35:20,PropertyPro
Katampe,7,70000000.0,Duplex,Detached Duplex,Katampe Extension Katampe Abuja,2026-06-01 11:35:20,PropertyPro
Jahi,5,20000000.0,Duplex,Detached Duplex,Gilmore Jahi Abuja,2026-06-01 11:35:20,PropertyPro
Maitama,3,61669350.0,Apartment,Apartment,Maitama By Fruit Market Maitama Abuja,2026-06-01 11:35:29,PropertyPro
Garki,3,15000000.0,Apartment,Apartment,Garki 2 Abuja,2026-06-01 11:35:29,PropertyPro
Kubwa,1,2500000.0,Apartment,Apartment,"Fo1, Kubwa Abuja",2026-06-01 11:35:29,PropertyPro
Idu,1,2500000.0,Apartment,Self Contain,Idu Industrial (institution And Research) Abuja,2026-06-01 11:35:29,PropertyPro
Jahi,2,6500000.0,Apartment,Apartment,"Gilmore, Jahi Abuja",2026-06-01 11:35:29,PropertyPro
Asokoro,9,90000000.0,Duplex,Detached Duplex,Asokoro Asokoro Abuja,2026-06-01 11:35:29,PropertyPro
Kubwa,2,3000000.0,Apartment,Apartment,"Fo1, Kubwa Abuja",2026-06-01 11:35:29,PropertyPro
Wuse,5,75000000.0,Duplex,Detached Duplex,Wuse 2 Abuja,2026-06-01 11:35:29,PropertyPro
Jahi,3,72000000.0,Apartment,Apartment,Jahi Abuja,2026-06-01 11:35:29,PropertyPro
Life Camp,4,10000000.0,Duplex,Terraced Duplex,"Life Camp In A Secured And Serene Estate, Life Camp Abuja",2026-06-01 11:35:29,PropertyPro
Jahi,4,15000000.0,Duplex,Detached Duplex,Jahi Gilmor Jahi Abuja,2026-06-01 11:35:29,PropertyPro
Mabushi,4,12000000.0,Duplex,Terraced Duplex,By Vio Office Mabushi Abuja,2026-06-01 11:35:29,PropertyPro
Life Camp,4,8500000000.0,Duplex,Terraced Duplex,Life Camp Life Camp Abuja,2026-06-01 11:35:29,PropertyPro
Life Camp,4,8500000000.0,Duplex,Terraced Duplex,Life Camp Life Camp Abuja,2026-06-01 11:35:29,PropertyPro
Jahi,2,6500000.0,Apartment,Apartment,Jahi Abuja,2026-06-01 11:35:29,PropertyPro
Maitama,12,80000000.0,Duplex,Detached Duplex,Maitama Main Maitama Abuja,2026-06-01 11:35:29,PropertyPro
Maitama,5,75000000.0,Duplex,Detached Duplex,Maitama District Abuja. Maitama Abuja,2026-06-01 11:35:29,PropertyPro
Katampe,4,20000000.0,Duplex,Terraced Duplex,Diplomatic Zone. Katampe Extension Katampe Abuja,2026-06-01 11:35:29,PropertyPro
Katampe,2,8000000.0,Apartment,Apartment,Katampe Extension Katampe Abuja,2026-06-01 11:35:29,PropertyPro
Guzape,4,30000000.0,Duplex,Detached Duplex,Guzape Abuja,2026-06-01 11:35:43,PropertyPro
Maitama,4,15000000.0,Duplex,Terraced Duplex,Maitama District Abuja. (video Of The House Is Attached) Mabushi Abuja,2026-06-01 11:35:43,PropertyPro
Wuse,3,9000000.0,Apartment,Apartment,"Wuse, Zone 3, Abuja. Zone 3 Wuse 1 Abuja",2026-06-01 11:35:43,PropertyPro
Guzape,4,13000000.0,Duplex,Terraced Duplex,Guzape Guzape Abuja,2026-06-01 11:35:43,PropertyPro
Wuse,1,5000000.0,Apartment,Apartment,Wuse Zone Wuse 1 Abuja,2026-06-01 11:35:43,PropertyPro
Guzape,2,9000000.0,Apartment,Apartment,Guzape Guzape Abuja,2026-06-01 11:35:43,PropertyPro
Life Camp,2,7000000.0,Apartment,Apartment,"Lifecamp, Abuja Life Camp Abuja",2026-06-01 11:35:43,PropertyPro
Jahi,4,15000000.0,Duplex,Terraced Duplex,Jahi Abuja,2026-06-01 11:35:43,PropertyPro
Maitama,4,40000000.0,Duplex,Terraced Duplex,Maitama District Abuja. Maitama Abuja,2026-06-01 11:35:43,PropertyPro
Maitama,5,50000000.0,Duplex,Detached Duplex,Maitama District Abuja. Maitama Abuja,2026-06-01 11:35:43,PropertyPro
Gwarinpa,2,6000000.0,Duplex,Semi-Detached Duplex,4th Avenue Gwarinpa Abuja,2026-06-01 11:35:43,PropertyPro
Jahi,2,7000000.0,Apartment,Apartment,"Jahi Gilmore, Abuja Jahi Abuja",2026-06-01 11:35:43,PropertyPro
Utako,4,13000000.0,Duplex,Semi-Detached Duplex,Utako Abuja,2026-06-01 11:35:43,PropertyPro
Life Camp,2,5000000.0,Apartment,Apartment,Life Camp Abuja,2026-06-01 11:35:43,PropertyPro
Katampe,3,11000000.0,Apartment,Apartment,Katampe Main Abuja,2026-06-01 11:35:43,PropertyPro
Wuye,2,6500000.0,Apartment,Apartment,Wuye Abuja,2026-06-01 11:35:43,PropertyPro
Gwarinpa,3,6500000.0,Apartment,Apartment,Gwarinpa Extension Gwarinpa Abuja,2026-06-01 11:35:43,PropertyPro
Maitama,3,9000000.0,Apartment,Apartment,"Close To Nicon Junction, Maitama Abuja. Katampe Main Abuja",2026-06-01 11:35:43,PropertyPro
Asokoro,2,7000000.0,Duplex,Terraced Duplex,Naf Valley Estate Asokoro Asokoro Abuja,2026-06-01 11:35:43,PropertyPro
Asokoro,2,5000000.0,Apartment,Apartment,Naf Valley Estate Asokoro Asokoro Abuja,2026-06-01 11:35:43,PropertyPro
Lokogoma,3,7500000.0,Duplex,Semi-Detached Duplex,"Sun City Estate, Lokogoma District Abuja. Lokogoma Abuja",2026-06-01 11:35:43,PropertyPro
Guzape,4,30000000.0,Duplex,Detached Duplex,Guzape Abuja,2026-06-01 11:35:53,PropertyPro
Life Camp,1,4000000.0,Apartment,Apartment,"In An Estate Around Paradise 1 Lifecamp, Abuja Life Camp Abuja",2026-06-01 11:35:53,PropertyPro
Garki,5,17000000.0,Duplex,Semi-Detached Duplex,Garki Area 11 Garki 2 Abuja,2026-06-01 11:35:53,PropertyPro
Maitama,5,30000000.0,Duplex,Terraced Duplex,Maitama Abuja Maitama Abuja,2026-06-01 11:35:53,PropertyPro
Asokoro,5,30000000.0,Duplex,Detached Duplex,Asokoro Asokoro Abuja,2026-06-01 11:35:53,PropertyPro
Gwarinpa,2,4000000.0,Apartment,Apartment,62 Road Gwarinpa Abuja,2026-06-01 11:35:53,PropertyPro
Gaduwa,4,6000000.0,Duplex,Semi-Detached Duplex,Gaduwa Abuja,2026-06-01 11:35:53,PropertyPro
Maitama,3,35000.0,Apartment,Apartment,Maitama District Abuja. Maitama Abuja,2026-06-01 11:35:53,PropertyPro
Life Camp,3,6500000.0,Apartment,Apartment,"Close To Stella Maris School Lifecamp, Abuja Life Camp Abuja",2026-06-01 11:35:53,PropertyPro
Idu,3,5500000.0,Apartment,Apartment,Idu Abuja,2026-06-01 11:35:53,PropertyPro
Katampe,6,750000000.0,Duplex,Detached Duplex,"Katampe Ext Diplomatic Zone, Katampe Extension Katampe Abuja",2026-06-01 11:35:53,PropertyPro
Life Camp,3,3700000.0,Apartment,Apartment,Life Camp Abuja,2026-06-01 11:35:53,PropertyPro
Apo,1,1500000.0,Apartment,Self Contain,Apo After Shoprite Heading To Apo Mechanic Apo Abuja,2026-06-01 11:35:53,PropertyPro
Jahi,4,30000000.0,Duplex,Terraced Duplex,Jahi District Abuja (video Is Available On Request) Jahi Abuja,2026-06-01 11:35:53,PropertyPro
Jahi,4,18000000.0,Duplex,Terraced Duplex,Gilmore Jahi Abuja,2026-06-01 11:35:53,PropertyPro
Apo,2,3500000.0,Apartment,Apartment,Apo Resettlement Apo Resettlement Apo Abuja,2026-06-01 11:35:53,PropertyPro
Life Camp,3,4000000.0,Apartment,Apartment,Brains And Hammers Life Camp Abuja,2026-06-01 11:35:53,PropertyPro
Life Camp,4,9000000.0,Duplex,Terraced Duplex,"I'm An Estate Around Godab Lifecamp, Abuja Life Camp Abuja",2026-06-01 11:35:53,PropertyPro
Guzape,3,6500000.0,Apartment,Apartment,Guzape Guzape Abuja,2026-06-01 11:35:53,PropertyPro
Life Camp,4,10000000.0,Duplex,Detached Duplex,Life Camp Abuja,2026-06-01 11:35:53,PropertyPro
Idu,3,6000000.0,Apartment,Apartment,"Idu Karmo Abuja, After Nizamiyel Hospital ( Turkish Hospital) Idu Abuja",2026-06-01 11:35:53,PropertyPro
Guzape,4,30000000.0,Duplex,Detached Duplex,Guzape District Abuja (video Is Available) Guzape Abuja,2026-06-01 11:35:53,PropertyPro
Guzape,4,30000000.0,Duplex,Detached Duplex,Guzape Abuja,2026-06-01 11:36:02,PropertyPro
Wuse,5,25000000.0,Duplex,Terraced Duplex,Wuse District Abuja. Wuse 1 Abuja,2026-06-01 11:36:02,PropertyPro
Kubwa,1,2500000.0,Bungalow,Detached Bungalow,Fo1 Kubwa Kubwa Abuja,2026-06-01 11:36:02,PropertyPro
Guzape,4,12500000.0,Duplex,Terraced Duplex,Fha Guzape Guzape Abuja,2026-06-01 11:36:02,PropertyPro
Asokoro,3,12000000.0,Duplex,Terraced Duplex,Asokoro Asokoro Abuja,2026-06-01 11:36:02,PropertyPro
Guzape,2,6000000.0,Apartment,Apartment,Fha/enl Estate Guzape Abuja,2026-06-01 11:36:02,PropertyPro
Maitama,4,25000000.0,Duplex,Terraced Duplex,Maitama Maitama Abuja,2026-06-01 11:36:02,PropertyPro
Life Camp,3,5500000.0,Apartment,Apartment,Lifecamp Life Camp Abuja,2026-06-01 11:36:02,PropertyPro
Jahi,2,8500000.0,Apartment,Apartment,"Jahi Gilmore, Abuja Jahi Abuja",2026-06-01 11:36:02,PropertyPro
Gwarinpa,6,20000000.0,Duplex,Detached Duplex,69 Road Gwarinpa Abuja,2026-06-01 11:36:02,PropertyPro
Gwarinpa,6,10000000.0,Duplex,Detached Duplex,Gwarimpa Extension Gwarinpa Abuja,2026-06-01 11:36:02,PropertyPro
Jahi,3,10000000.0,Duplex,Terraced Duplex,Jahi District Abuja. Jahi Abuja,2026-06-01 11:36:02,PropertyPro
Karsana,5,15000000.0,Duplex,Detached Duplex,Gwarimpa Extension Karsana Gwarinpa Abuja,2026-06-01 11:36:02,PropertyPro
Life Camp,3,4000000.0,Apartment,Apartment,Life Camp Abuja,2026-06-01 11:36:02,PropertyPro
Asokoro,3,15000000.0,Duplex,Terraced Duplex,Naf Valley Estate Asokoro Asokoro Abuja,2026-06-01 11:36:02,PropertyPro
Kubwa,1,4500000.0,Apartment,Apartment,"Kubwa, Abuja Kubwa Abuja",2026-06-01 11:36:02,PropertyPro
Gwarinpa,1,2500000.0,Apartment,Apartment,Gwarinpa Gwarinpa Abuja,2026-06-01 11:36:02,PropertyPro
Life Camp,1,2800000.0,Apartment,Apartment,After Godab Lifecamp Life Camp Abuja,2026-06-01 11:36:02,PropertyPro
Life Camp,4,11000000.0,Duplex,Terraced Duplex,Life Camp Abuja,2026-06-01 11:36:02,PropertyPro
Maitama,3,61669350.0,Apartment,Apartment,Maitama By Fruit Market Maitama Abuja,2026-06-01 11:36:09,PropertyPro
Life Camp,3,6000000.0,Apartment,Apartment,Lifecamp District Abuja Life Camp Abuja,2026-06-01 11:36:09,PropertyPro
Maitama,2,30000.0,Apartment,Apartment,Maitama Abuja,2026-06-01 11:36:09,PropertyPro
Gwarinpa,2,5000000.0,Apartment,Apartment,Dantata Estate Gwarinpa Abuja,2026-06-01 11:36:09,PropertyPro
Life Camp,4,8000000.0,Duplex,Detached Duplex,"In An Estate Lifecamp, Abuja Life Camp Abuja",2026-06-01 11:36:09,PropertyPro
Karsana,3,7500000.0,Duplex,Terraced Duplex,Gwarimpa Extension Karsana Abuja,2026-06-01 11:36:09,PropertyPro
Apo,5,15000000.0,Duplex,Detached Duplex,Close To Cedarcrest Hospital Gude Apo Abuja,2026-06-01 11:36:09,PropertyPro
Life Camp,2,7000000.0,Apartment,Apartment,"Lifecamp, Abuja Life Camp Abuja",2026-06-01 11:36:09,PropertyPro
Gwarinpa,3,7000000.0,Bungalow,Detached Bungalow,"Gwarimpa Extension, Gwarinpa Abuja",2026-06-01 11:36:09,PropertyPro
Gwarinpa,2,4000000.0,Apartment,Apartment,"62 Road, Gwarinpa Abuja",2026-06-01 11:36:09,PropertyPro
Life Camp,3,8000000.0,Duplex,Terraced Duplex,Around Godab Life Camp Abuja,2026-06-01 11:36:09,PropertyPro
Gwarinpa,1,1200000.0,Apartment,Self Contain,Gwarinpa Gwarinpa Abuja,2026-06-01 11:36:09,PropertyPro
Gwarinpa,5,15000000.0,Duplex,Detached Duplex,Mab Global Estate Gwarinpa Abuja,2026-06-01 11:36:09,PropertyPro
Guzape,4,14000000.0,Duplex,Terraced Duplex,Guzape Guzape Abuja,2026-06-01 11:36:09,PropertyPro
Life Camp,4,25000000.0,Duplex,Detached Duplex,Bilard Estate Lifecamp Life Camp Abuja,2026-06-01 11:36:09,PropertyPro
Guzape,2,9000000.0,Apartment,Apartment,Guzape Guzape Abuja,2026-06-01 11:36:09,PropertyPro
Garki,2,6000000.0,Apartment,Apartment,Area 1 By Old Secretariat Garki 1 Abuja,2026-06-01 11:36:09,PropertyPro
Guzape,4,30000000.0,Duplex,Terraced Duplex,Guzape Abuja Guzape Abuja,2026-06-01 11:36:09,PropertyPro
Idu,4,10000000.0,Duplex,Detached Duplex,"Idu Karmo Abuja, After Nizamiyel Hospital ( Turkish Hospital) Idu Abuja",2026-06-01 11:36:09,PropertyPro
Karsana,3,7500000.0,Duplex,Terraced Duplex,"Gwarimpa Extension, Karsana Abuja",2026-06-01 11:36:09,PropertyPro
Maitama,6,100000000.0,Duplex,Detached Duplex,Maitama Main Maitama Abuja,2026-06-01 11:36:09,PropertyPro
Maitama,3,61669350.0,Apartment,Apartment,Maitama By Fruit Market Maitama Abuja,2026-06-01 11:36:17,PropertyPro
Maitama,4,100000000.0,Duplex,Detached Duplex,Maitama Main Maitama Abuja,2026-06-01 11:36:17,PropertyPro
Life Camp,5,15000000.0,Duplex,Terraced Duplex,"Close To Beger Yard, Life Camp Abuja",2026-06-01 11:36:17,PropertyPro
Life Camp,4,8000000.0,Duplex,Terraced Duplex,"Lifecamp Junction, Life Camp Abuja",2026-06-01 11:36:17,PropertyPro
Asokoro,6,60000000.0,Duplex,Detached Duplex,Asokoro Asokoro Abuja,2026-06-01 11:36:17,PropertyPro
Guzape,2,7000000.0,Apartment,Apartment,Guzape Guzape Abuja,2026-06-01 11:36:17,PropertyPro
Guzape,3,6500000.0,Apartment,Apartment,Guzape Guzape Abuja,2026-06-01 11:36:17,PropertyPro
Maitama,3,25000000.0,Apartment,Apartment,Maitama District Abuja. Maitama Abuja,2026-06-01 11:36:17,PropertyPro
Life Camp,2,4000000.0,Apartment,Apartment,Lifecamp Close To Stella Maris Life Camp Abuja,2026-06-01 11:36:17,PropertyPro
Jahi,2,6500000.0,Apartment,Apartment,Jahi District Abuja. Jahi Abuja,2026-06-01 11:36:17,PropertyPro
Katampe,6,35000000.0,Duplex,Detached Duplex,Diplomatic Zone. Katampe Extension Katampe Abuja,2026-06-01 11:36:17,PropertyPro
Jahi,2,8000000.0,Apartment,Apartment,"Jahi District, By Gilmore Construction. Jahi Abuja",2026-06-01 11:36:17,PropertyPro
Maitama,5,75000000.0,Duplex,Detached Duplex,Maitama Maitama Abuja,2026-06-01 11:36:17,PropertyPro
Jahi,3,12000000.0,Apartment,Apartment,"Jahi Gilmore, Abuja Jahi Abuja",2026-06-01 11:36:17,PropertyPro
Gwarinpa,5,15000000.0,Bungalow,Detached Bungalow,"Off 3rd Avenue, Gwarinpa Abuja",2026-06-01 11:36:17,PropertyPro
Katampe,3,8000000.0,Apartment,Apartment,With Good Road And Secured Environment. Katampe Main Abuja,2026-06-01 11:36:17,PropertyPro
Apo,3,10000000.0,Duplex,Terraced Duplex,"Apo By Gudu Junction, Close To Cedarcrest Hospital. Apo Abuja",2026-06-01 11:36:17,PropertyPro
Katampe,3,8000000.0,Apartment,Apartment,Katampe Main Katampe Main Abuja,2026-06-01 11:36:17,PropertyPro
Galadimawa,6,10000000.0,Duplex,Detached Duplex,Estate Galadimawa Abuja,2026-06-01 11:36:17,PropertyPro
Gwarinpa,2,4000000.0,Apartment,Apartment,3rd Avenue Gwarinpa Abuja,2026-06-01 11:36:17,PropertyPro
Guzape,4,30000000.0,Duplex,Detached Duplex,Guzape Abuja,2026-06-01 11:36:25,PropertyPro
Lokogoma,1,2500000.0,Apartment,Apartment,Sahara Estate Lokogoma Abuja,2026-06-01 11:36:25,PropertyPro
Lokogoma,2,4000000.0,Apartment,Apartment,Estate Close To Lokogoma Junction Lokogoma Abuja,2026-06-01 11:36:25,PropertyPro
Jahi,3,8000000.0,Apartment,Apartment,Jahi Abuja Jahi Abuja,2026-06-01 11:36:25,PropertyPro
Jahi,3,7500000.0,Apartment,Apartment,Jahi District Abuja Jahi Abuja,2026-06-01 11:36:25,PropertyPro
Katampe,4,16000000.0,Duplex,Terraced Duplex,Diplomatic Zone. Katampe Extension Katampe Abuja,2026-06-01 11:36:25,PropertyPro
Jahi,3,12000000.0,Apartment,Apartment,"Jahi Gilmore, Abuja Jahi Abuja",2026-06-01 11:36:25,PropertyPro
Idu,2,2500000.0,Apartment,Apartment,Mab Global Estate Idu Idu Abuja,2026-06-01 11:36:25,PropertyPro
Life Camp,2,4500000.0,Apartment,Apartment,Close To Beger Yard Life Camp Abuja,2026-06-01 11:36:25,PropertyPro
Garki,1,5500000.0,Apartment,Apartment,Area 11 Garki 2 Abuja,2026-06-01 11:36:25,PropertyPro
Jahi,4,18000000.0,Duplex,Terraced Duplex,"Gilmore, Jahi Abuja",2026-06-01 11:36:25,PropertyPro
Idu,4,8000000.0,Duplex,Terraced Duplex,"Idu Karmo Abuja, After Nizamiyel Hospital ( Turkish Hospital) Idu Abuja",2026-06-01 11:36:25,PropertyPro
Jahi,2,8000000.0,Apartment,Apartment,Jahi Abuja,2026-06-01 11:36:25,PropertyPro
Maitama,4,40000000.0,Duplex,Terraced Duplex,Maitama Maitama Abuja,2026-06-01 11:36:25,PropertyPro
Katampe,3,9000000.0,Apartment,Apartment,Katampe Main Katampe Main Abuja,2026-06-01 11:36:25,PropertyPro
Kado,5,20000000.0,Duplex,Detached Duplex,"Kado District, Abuja. Close To Next Cash & Carry. Kado Abuja",2026-06-01 11:36:25,PropertyPro
Jahi,2,8000000.0,Apartment,Apartment,"Jahi District, Abuja. Jahi Abuja",2026-06-01 11:36:25,PropertyPro
Gwarinpa,3,10000000.0,Apartment,Apartment,"Gwarinpa Main, Abuja Gwarinpa Abuja",2026-06-01 11:36:25,PropertyPro
Katampe,4,23000000.0,Duplex,Terraced Duplex,"Diplomatic Zone, Katampe Extension Katampe Abuja",2026-06-01 11:36:25,PropertyPro
Maitama,3,61669350.0,Apartment,Apartment,Maitama By Fruit Market Maitama Abuja,2026-06-01 11:36:34,PropertyPro
Garki,1,3500000.0,Apartment,Apartment,Garki2 Garki 2 Abuja,2026-06-01 11:36:34,PropertyPro
Life Camp,3,8000000.0,Apartment,Apartment,"Close To Stella Maris Lifecamp, Abuja Life Camp Abuja",2026-06-01 11:36:34,PropertyPro
Maitama,5,25000000.0,Duplex,Detached Duplex,"Opposite Nicon Junction, Maitama. (video Is Available) Katampe Main Abuja",2026-06-01 11:36:34,PropertyPro
Guzape,5,25000000.0,Duplex,Semi-Detached Duplex,Guzape Guzape Abuja,2026-06-01 11:36:34,PropertyPro
Apo,4,10000000.0,Duplex,Terraced Duplex,Apo Legislative Quaters. ( Video Is Available) Apo Abuja,2026-06-01 11:36:34,PropertyPro
Asokoro,5,60000000.0,Duplex,Detached Duplex,Asokoro District Abuja Asokoro Abuja,2026-06-01 11:36:34,PropertyPro
Katampe,2,7000000.0,Apartment,Apartment,Diplomatic Zone. (video Of The Apartment Is Available) Katampe Extension Katampe Abuja,2026-06-01 11:36:34,PropertyPro
Wuse,1,1800000.0,Apartment,Self Contain,Wuse Zone Wuse 2 Abuja,2026-06-01 11:36:34,PropertyPro
Utako,1,1800000.0,Apartment,Self Contain,Utako Utako Abuja,2026-06-01 11:36:34,PropertyPro
Maitama,3,17000000.0,Apartment,Apartment,Maitama District Abuja. (video Of The House Is Available) Maitama Abuja,2026-06-01 11:36:34,PropertyPro
Garki,2,6000000.0,Apartment,Apartment,Area 11 Garki 1 Abuja,2026-06-01 11:36:34,PropertyPro
Gwarinpa,5,15000000.0,Duplex,Detached Duplex,Gwarimpa Extension Gwarinpa Abuja,2026-06-01 11:36:34,PropertyPro
Galadimawa,3,4000000.0,Bungalow,Detached Bungalow,"Estate,galadimawa Extension Tarred Road Galadimawa Abuja",2026-06-01 11:36:34,PropertyPro
Kubwa,2,4500000.0,Apartment,Apartment,"Fo1, Kubwa Abuja",2026-06-01 11:36:34,PropertyPro
Asokoro,1,3000000.0,Apartment,Apartment,Asokoro Main Asokoro Abuja,2026-06-01 11:36:34,PropertyPro
Guzape,1,1500000.0,Apartment,Self Contain,Guzape Guzape Abuja,2026-06-01 11:36:34,PropertyPro
Gwarinpa,3,10000000.0,Apartment,Apartment,"Gwarinpa Main, Abuja Gwarinpa Abuja",2026-06-01 11:36:34,PropertyPro
Guzape,4,12000000.0,Duplex,Terraced Duplex,Guzape Guzape Abuja,2026-06-01 11:36:34,PropertyPro
Maitama,3,61669350.0,Apartment,Apartment,Maitama By Fruit Market Maitama Abuja,2026-06-01 11:36:41,PropertyPro
Guzape,4,15000000.0,Duplex,Terraced Duplex,Guzape Guzape Abuja,2026-06-01 11:36:41,PropertyPro
Gwarinpa,2,6000000.0,Apartment,Apartment,Gwarinpa Gwarinpa Abuja,2026-06-01 11:36:41,PropertyPro
Karmo,2,4500000.0,Apartment,Apartment,Associated Estate Karmo After Lifecamp Karmo Abuja,2026-06-01 11:36:41,PropertyPro
Jahi,3,12000000.0,Duplex,Terraced Duplex,Jahi By Living Faith Jahi Abuja,2026-06-01 11:36:41,PropertyPro
Jahi,3,10000000.0,Apartment,Apartment,Jahi Jahi Abuja,2026-06-01 11:36:41,PropertyPro
Apo,5,17000000.0,Duplex,Semi-Detached Duplex,Apo Legislative Quaters. Apo Abuja,2026-06-01 11:36:41,PropertyPro
Life Camp,4,6000000.0,Duplex,Terraced Duplex,Brains And Hammers Life Camp Abuja,2026-06-01 11:36:41,PropertyPro
Gwarinpa,2,5000000.0,Apartment,Apartment,4th Avenue Gwarinpa Abuja,2026-06-01 11:36:41,PropertyPro
Jahi,2,8500000.0,Apartment,Apartment,"Gilmore, Jahi Abuja",2026-06-01 11:36:41,PropertyPro
Kubwa,4,6000000.0,Duplex,Semi-Detached Duplex,Kubwa Abuja,2026-06-01 11:36:41,PropertyPro
Idu,3,4500000.0,Apartment,Apartment,Idu Abuja,2026-06-01 11:36:41,PropertyPro
Lugbe,2,3500000.0,Apartment,Apartment,"Lugbe Dunimis Side, Lugbe Abuja",2026-06-01 11:36:41,PropertyPro
Life Camp,1,3500000.0,Apartment,Apartment,Lifecamp Life Camp Abuja,2026-06-01 11:36:41,PropertyPro
Life Camp,2,3200000.0,Apartment,Apartment,Life Camp Abuja,2026-06-01 11:36:41,PropertyPro
Gwarinpa,3,7000000.0,Apartment,Apartment,"6th Avenue, Gwarinpa Abuja",2026-06-01 11:36:41,PropertyPro
Galadimawa,4,8000000.0,Duplex,Terraced Duplex,Close To Galadimawa Round About Galadimawa Abuja,2026-06-01 11:36:41,PropertyPro
Asokoro,3,8000000.0,Apartment,Apartment,Inside An Estate Asokoro Asokoro Abuja,2026-06-01 11:36:41,PropertyPro
Asokoro,3,8000000.0,Apartment,Apartment,Asokoro Asokoro Abuja,2026-06-01 11:36:41,PropertyPro
Guzape,4,30000000.0,Duplex,Detached Duplex,Guzape Abuja,2026-06-01 11:36:50,PropertyPro
Asokoro,6,100000000.0,Duplex,Detached Duplex,Asokoro District Abuja Asokoro Abuja,2026-06-01 11:36:50,PropertyPro
Asokoro,4,45000000.0,Duplex,Detached Duplex,Asokoro District Abuja. Asokoro Abuja,2026-06-01 11:36:50,PropertyPro
Gwarinpa,5,15000000.0,Duplex,Semi-Detached Duplex,"Off 7th Avenue, Gwarinpa Abuja",2026-06-01 11:36:50,PropertyPro
Idu,4,10000000.0,Duplex,Terraced Duplex,"Idu Karmo District, After Nizamiyel Hospital (turkish Hospital) Idu Abuja",2026-06-01 11:36:50,PropertyPro
Life Camp,4,15000000.0,Duplex,Terraced Duplex,"After The Catholic Church, Lifecamp Abuja. Life Camp Abuja",2026-06-01 11:36:50,PropertyPro
Maitama,3,25000000.0,Apartment,Apartment,"Aso Drive, Maitama Abuja Maitama Abuja",2026-06-01 11:36:50,PropertyPro
Gwarinpa,4,15000000.0,Duplex,Detached Duplex,Main Gwarinpa Abuja,2026-06-01 11:36:50,PropertyPro
Gwarinpa,4,12000000.0,Duplex,Semi-Detached Duplex,Off 3rd Avenue Gwarinpa Abuja,2026-06-01 11:36:50,PropertyPro
Maitama,5,20000000.0,Duplex,Detached Duplex,Maitama District Abuja. Mabushi Abuja,2026-06-01 11:36:50,PropertyPro
Katampe,3,9000000.0,Apartment,Apartment,By Aso Radio. ( Video Is Available) Katampe Main Abuja,2026-06-01 11:36:50,PropertyPro
Gudu,3,7000000.0,Apartment,Apartment,After Gudu Junction. ( Video Is Available) Gudu Phase 2 Abuja,2026-06-01 11:36:50,PropertyPro
Gwarinpa,2,5000000.0,Duplex,Terraced Duplex,Team 7 Gwarinpa Abuja,2026-06-01 11:36:50,PropertyPro
Kado,4,13000000.0,Duplex,Semi-Detached Duplex,Kado Abuja,2026-06-01 11:36:50,PropertyPro
Asokoro,2,7000000.0,Duplex,Terraced Duplex,Naf Estate Asokoro Abuja,2026-06-01 11:36:50,PropertyPro
Garki,2,5000000.0,Apartment,Apartment,Garki Area 1 By Old Secretariat Garki 1 Abuja,2026-06-01 11:36:50,PropertyPro
Gwarinpa,5,20000000.0,Duplex,Detached Duplex,Efab Metropolis Gwarinpa Abuja,2026-06-01 11:36:50,PropertyPro
Gwarinpa,2,4000000.0,Apartment,Apartment,Gwarinpa Abuja,2026-06-01 11:36:50,PropertyPro
Gwarinpa,3,6500000.0,Duplex,Terraced Duplex,Gwarimpa Extension Gwarinpa Abuja,2026-06-01 11:36:50,PropertyPro
Gwarinpa,1,1350000.0,Apartment,Self Contain,Gwarinpa Gwarinpa Abuja,2026-06-01 11:36:50,PropertyPro
Guzape,4,30000000.0,Duplex,Detached Duplex,Guzape Abuja,2026-06-01 11:36:57,PropertyPro
Gwarinpa,1,1000000.0,Apartment,Self Contain,Gwarinpa Gwarinpa Abuja,2026-06-01 11:36:57,PropertyPro
Galadimawa,2,4500000.0,Apartment,Apartment,Suncity Estate Galadimawa Abuja,2026-06-01 11:36:57,PropertyPro
Jahi,3,15000000.0,Apartment,Apartment,Jahi Abuja,2026-06-01 11:36:57,PropertyPro
Galadimawa,2,6000000.0,Apartment,Apartment,Brooklyn Estate By Amsco Galadimawa Abuja,2026-06-01 11:36:57,PropertyPro
Galadimawa,2,5000000.0,Apartment,Apartment,"City Homes Estate, Galadimawa Abuja",2026-06-01 11:36:57,PropertyPro
Asokoro,1,2000000.0,Apartment,Self Contain,Asokoro Abuja,2026-06-01 11:36:57,PropertyPro
Lugbe,2,2500000.0,Apartment,Apartment,Lugbe By Zenith Bank Lugbe Abuja,2026-06-01 11:36:57,PropertyPro
Life Camp,3,7000000.0,Apartment,Apartment,Life Camp Life Camp Abuja,2026-06-01 11:36:57,PropertyPro
Life Camp,2,5000000.0,Apartment,Apartment,Life Camp Life Camp Abuja,2026-06-01 11:36:57,PropertyPro
Kubwa,2,2500000.0,Apartment,Apartment,Ushafa After Dutse Kubwa Abuja,2026-06-01 11:36:57,PropertyPro
Jabi,3,16000000.0,Apartment,Apartment,Jabi Main Jabi Abuja,2026-06-01 11:36:57,PropertyPro
Garki,3,6500000.0,Apartment,Apartment,Garki Garki 1 Abuja,2026-06-01 11:36:57,PropertyPro
Katampe,3,7500000.0,Apartment,Apartment,Katampe Main Tarred Road Katampe Main Abuja,2026-06-01 11:36:57,PropertyPro
Gwarinpa,3,4500000.0,Apartment,Apartment,Dawaki Opposite Gwarinpa Gwarinpa Abuja,2026-06-01 11:36:57,PropertyPro
Life Camp,2,5000000.0,Apartment,Apartment,Life Camp Life Camp Abuja,2026-06-01 11:36:57,PropertyPro
Jahi,4,13500000.0,Apartment,Apartment,Jahi Abuja,2026-06-01 11:36:57,PropertyPro
Katampe,2,23000000.0,Apartment,Apartment,Katampe Main Katampe Abuja,2026-06-01 11:36:57,PropertyPro
Guzape,4,30000000.0,Duplex,Detached Duplex,Guzape Abuja,2026-06-01 11:37:05,PropertyPro
Maitama,5,90000000.0,Duplex,Detached Duplex,Maitama Abuja,2026-06-01 11:37:05,PropertyPro
Asokoro,4,30000000.0,Duplex,Detached Duplex,Asokoro Main Close To Catholic Church Asokoro Abuja,2026-06-01 11:37:05,PropertyPro
Asokoro,5,50000000.0,Duplex,Detached Duplex,Asokoro Main Asokoro Abuja,2026-06-01 11:37:05,PropertyPro
Jahi,4,13000000.0,Duplex,Terraced Duplex,Jahi By Gilmor Jahi Abuja,2026-06-01 11:37:05,PropertyPro
Guzape,4,17000000.0,Duplex,Detached Duplex,Guzape Main By H Medix Guzape Abuja,2026-06-01 11:37:05,PropertyPro
Guzape,4,20000000.0,Duplex,Detached Duplex,Guzape Main Guzape Abuja,2026-06-01 11:37:05,PropertyPro
Jahi,3,20000000.0,Apartment,Apartment,Jahi Gilmor Jahi Abuja,2026-06-01 11:37:05,PropertyPro
Asokoro,4,40000000.0,Duplex,Terraced Duplex,Asokoro Main Asokoro Abuja,2026-06-01 11:37:05,PropertyPro
Guzape,4,15000000.0,Duplex,Terraced Duplex,Guzape Main Guzape Abuja,2026-06-01 11:37:05,PropertyPro
Guzape,4,15000000.0,Duplex,Terraced Duplex,Guzape Main By Nnpc Guzape Abuja,2026-06-01 11:37:05,PropertyPro
Kado,4,15000000.0,Duplex,Terraced Duplex,Kado Gwarimpa Kado Abuja,2026-06-01 11:37:05,PropertyPro
Guzape,4,15000000.0,Duplex,Terraced Duplex,Guzape Main Behind Coza Guzape Abuja,2026-06-01 11:37:05,PropertyPro
Durumi,4,13000000.0,Duplex,Detached Duplex,Durumi By American University Durumi Abuja,2026-06-01 11:37:05,PropertyPro
Jabi,2,10000000.0,Apartment,Apartment,Jabi Lake Jabi Abuja,2026-06-01 11:37:05,PropertyPro
Wuye,5,20000000.0,Duplex,Terraced Duplex,Wuye Abuja,2026-06-01 11:37:05,PropertyPro
Jahi,4,18000000.0,Duplex,Terraced Duplex,Jahi Jahi Abuja,2026-06-01 11:37:05,PropertyPro
Maitama,3,61669350.0,Apartment,Apartment,Maitama By Fruit Market Maitama Abuja,2026-06-01 11:37:12,PropertyPro
Lokogoma,2,4500000.0,Apartment,Apartment,Lokogoma Abuja,2026-06-01 11:37:12,PropertyPro
Durumi,6,25000000.0,Duplex,Semi-Detached Duplex,Durumi Abuja,2026-06-01 11:37:12,PropertyPro
Lokogoma,2,10000000.0,Duplex,Terraced Duplex,Lokogoma Abuja,2026-06-01 11:37:12,PropertyPro
Galadimawa,4,8500000.0,Duplex,Detached Duplex,Galadimawa Abuja,2026-06-01 11:37:12,PropertyPro
Asokoro,5,20000000.0,Duplex,Semi-Detached Duplex,Asokoro Abuja,2026-06-01 11:37:12,PropertyPro
Wuse,4,20000000.0,Duplex,Terraced Duplex,Wuse 1 Abuja,2026-06-01 11:37:12,PropertyPro
Lugbe,1,1800000.0,Apartment,Apartment,Pyakasa Lugbe Lugbe Abuja,2026-06-01 11:37:12,PropertyPro
Lugbe,3,3500000.0,Bungalow,Detached Bungalow,Trade More Estate Lugbe Abuja,2026-06-01 11:37:12,PropertyPro
Lugbe,2,3500000.0,Apartment,Apartment,Aso Lugbe Lugbe Abuja,2026-06-01 11:37:12,PropertyPro
Lugbe,2,2500000.0,Apartment,Apartment,Aco Estate Lugbe Lugbe Abuja,2026-06-01 11:37:12,PropertyPro
Lugbe,2,3500000.0,Apartment,Apartment,Along Von Garden Estate Road Lugbe Abuja,2026-06-01 11:37:12,PropertyPro
Lugbe,4,6500000.0,Duplex,Terraced Duplex,Along Von Garden Estate Road Lugbe Abuja,2026-06-01 11:37:12,PropertyPro
Lugbe,4,7000000.0,Duplex,Detached Duplex,Airport Road Lugbe Abuja,2026-06-01 11:37:12,PropertyPro
Lugbe,2,2700000.0,Apartment,Apartment,"Along Von Garden Estate Road, Lugbe Abuja",2026-06-01 11:37:12,PropertyPro
Lugbe,2,2000000.0,Apartment,Apartment,Sauka New Site Estate Lugbe Abuja,2026-06-01 11:37:12,PropertyPro
Lugbe,1,700000.0,Apartment,Self Contain,Fha Lugbe Lugbe Abuja,2026-06-01 11:37:12,PropertyPro
Lugbe,1,600000.0,Apartment,Self Contain,Fha Extension Lugbe Abuja,2026-06-01 11:37:12,PropertyPro
Lugbe,2,2500000.0,Apartment,Apartment,Fha Lugbe Abuja,2026-06-01 11:37:12,PropertyPro
Lugbe,4,5500000.0,Duplex,Terraced Duplex,Lugbe Airport Road Lugbe Abuja,2026-06-01 11:37:12,PropertyPro
Maitama,3,61669350.0,Apartment,Apartment,Maitama By Fruit Market Maitama Abuja,2026-06-01 11:37:20,PropertyPro
Lugbe,3,6500000.0,Duplex,Terraced Duplex,Fha Lugbe Abuja,2026-06-01 11:37:20,PropertyPro
Lugbe,2,4500000.0,Duplex,Semi-Detached Duplex,Along Von Garden Estate Road Lugbe Abuja,2026-06-01 11:37:20,PropertyPro
Lugbe,2,3000000.0,Apartment,Apartment,Jedo Estate Road Lugbe Abuja,2026-06-01 11:37:20,PropertyPro
Lugbe,4,7000000.0,Duplex,Detached Duplex,Jedo Area Lugbe Abuja,2026-06-01 11:37:20,PropertyPro
Lugbe,1,1500000.0,Apartment,Apartment,Pyakasa Lugbe Lugbe Abuja,2026-06-01 11:37:20,PropertyPro
Lugbe,3,3200000.0,Duplex,Terraced Duplex,Nut Axis Lugbe Abuja,2026-06-01 11:37:20,PropertyPro
Lugbe,5,8500000.0,Duplex,Detached Duplex,Von Garden Estate Lugbe Abuja,2026-06-01 11:37:20,PropertyPro
Lugbe,4,7000000.0,Duplex,Detached Duplex,Aso Lugbe Lugbe Abuja,2026-06-01 11:37:20,PropertyPro
Lugbe,3,4000000.0,Duplex,Detached Duplex,Fortress Estate Lugbe Abuja,2026-06-01 11:37:20,PropertyPro
Lugbe,2,2500000.0,Apartment,Apartment,Along Von Garden Estate Road Lugbe Abuja,2026-06-01 11:37:20,PropertyPro
Lugbe,4,10000000.0,Duplex,Detached Duplex,River Park Estate Airport Road Lugbe Lugbe Abuja,2026-06-01 11:37:20,PropertyPro
Lugbe,2,3500000.0,Apartment,Apartment,"Along Von Garden Estate Road, Lugbe Abuja",2026-06-01 11:37:20,PropertyPro
Lugbe,4,9000000.0,Duplex,Semi-Detached Duplex,River Park Estate Lugbe Abuja,2026-06-01 11:37:20,PropertyPro
Lugbe,2,3500000.0,Apartment,Apartment,Jedo Estate Road Lugbe Abuja,2026-06-01 11:37:20,PropertyPro
Lugbe,2,4500000.0,Duplex,Terraced Duplex,Aso Estate Lugbe Abuja,2026-06-01 11:37:20,PropertyPro
Lugbe,2,3000000.0,Apartment,Apartment,Along Von Garden Estate Road Lugbe Abuja,2026-06-01 11:37:20,PropertyPro
Lugbe,3,4500000.0,Apartment,Apartment,Aso Estate Lugbe Lugbe Abuja,2026-06-01 11:37:20,PropertyPro
Lugbe,2,2800000.0,Bungalow,Detached Bungalow,Pyakasa Lugbe Lugbe Abuja,2026-06-01 11:37:20,PropertyPro
Lugbe,2,3000000.0,Apartment,Apartment,Lugbe Airport Road Lugbe Abuja,2026-06-01 11:37:20,PropertyPro
Durumi,4,15000000.0,Duplex,Semi-Detached Duplex,Area 1 Durumi Hd Home Durumi Abuja,2026-06-01 11:37:20,PropertyPro
Maitama,3,61669350.0,Apartment,Apartment,Maitama By Fruit Market Maitama Abuja,2026-06-01 11:37:34,PropertyPro
Kubwa,3,3000000.0,Bungalow,Detached Bungalow,Yellow Mosque Mango Tree Arab Road Fo1 Layout Kubwa Abuja,2026-06-01 11:37:34,PropertyPro
Garki,1,1500000.0,Apartment,Self Contain,Area 1 Garki 1 Abuja,2026-06-01 11:37:34,PropertyPro
Garki,1,600000.0,Apartment,Self Contain,Street Area 1 Garki 1 Abuja,2026-06-01 11:37:34,PropertyPro
Wuse,4,25000000.0,Duplex,Semi-Detached Duplex,Wuse 2 Abuja,2026-06-01 11:37:34,PropertyPro
Wuse,4,25000000.0,Duplex,Terraced Duplex,Wuse 2 Abuja,2026-06-01 11:37:34,PropertyPro
Galadimawa,3,6000000.0,Bungalow,Detached Bungalow,Galadimawa Abuja,2026-06-01 11:37:34,PropertyPro
Guzape,4,17000000.0,Duplex,Terraced Duplex,Guzape Abuja,2026-06-01 11:37:34,PropertyPro
Asokoro,2,89077950.0,Apartment,Apartment,Asokoro Abuja,2026-06-01 11:37:34,PropertyPro
Jabi,3,15000000.0,Duplex,Terraced Duplex,Jabi Abuja,2026-06-01 11:37:34,PropertyPro
Jabi,2,50705910.0,Apartment,Apartment,Jabi Abuja,2026-06-01 11:37:34,PropertyPro
Apo,3,10000000.0,Duplex,Terraced Duplex,Apo Abuja,2026-06-01 11:37:34,PropertyPro
Jabi,2,21926880.0,Apartment,Apartment,Jabi Abuja,2026-06-01 11:37:34,PropertyPro
Guzape,5,15000000.0,Duplex,Detached Duplex,Guzape Abuja,2026-06-01 11:37:34,PropertyPro
Guzape,4,30000000.0,Duplex,Detached Duplex,Guzape Abuja,2026-06-01 11:37:48,PropertyPro
Kubwa,2,4500000.0,Apartment,Apartment,F01 Tarred Road Fo1 Layout Kubwa Abuja,2026-06-01 11:37:48,PropertyPro
Katampe,2,4000000.0,Apartment,Apartment,By Aso Road Katampe Main Abuja,2026-06-01 11:37:48,PropertyPro
Kubwa,2,3500000.0,Apartment,Apartment,F01 By Dunamis Church Dutse Kubwa Abuja,2026-06-01 11:37:48,PropertyPro
Kubwa,2,2700000.0,Apartment,Apartment,F14 District Kubwa Abuja,2026-06-01 11:37:48,PropertyPro
Kubwa,1,2200000.0,Apartment,Self Contain,Pension Board F01 Fo1 Layout Kubwa Abuja,2026-06-01 11:37:48,PropertyPro
Kubwa,3,3000000.0,Bungalow,Detached Bungalow,Fcda Kubwa Abuja,2026-06-01 11:37:48,PropertyPro
Kubwa,2,4500000.0,Duplex,Terraced Duplex,F14 District Close To Dantata Estate Kubwa Abuja,2026-06-01 11:37:48,PropertyPro
Kubwa,3,3000000.0,Bungalow,Detached Bungalow,"Phase 2 Site 2, Foreign Affairs Quarters Kubwa Abuja",2026-06-01 11:37:48,PropertyPro
Life Camp,2,5000000.0,Apartment,Apartment,"Lifecamp, Estate Life Camp Abuja",2026-06-01 11:37:48,PropertyPro
Kubwa,2,3500000.0,Apartment,Apartment,F01 By Military Pension Board Kubwa Abuja,2026-06-01 11:37:48,PropertyPro
Kubwa,1,1500000.0,Apartment,Self Contain,F14 District Kubwa Abuja,2026-06-01 11:37:48,PropertyPro
Kubwa,2,4000000.0,Apartment,Apartment,F01 Fo1 Layout Kubwa Abuja,2026-06-01 11:37:48,PropertyPro
Kubwa,3,3500000.0,Apartment,Apartment,Phase 4 Kubwa Abuja,2026-06-01 11:37:48,PropertyPro
Idu,4,8000000.0,Duplex,Terraced Duplex,By Nizamiye Hospital Idu Abuja,2026-06-01 11:37:48,PropertyPro
Life Camp,2,5000000.0,Apartment,Apartment,Estate Life Camp Abuja,2026-06-01 11:37:48,PropertyPro
Kubwa,2,3500000.0,Apartment,Apartment,"Phase 4, District Centre/ Dunamis Estate Kubwa Abuja",2026-06-01 11:37:48,PropertyPro
Kubwa,2,4500000.0,Duplex,Terraced Duplex,"Phase 4, F14 District Kubwa Abuja",2026-06-01 11:37:48,PropertyPro
Maitama,3,61669350.0,Apartment,Apartment,Maitama By Fruit Market Maitama Abuja,2026-06-01 11:38:00,PropertyPro
Asokoro,2,10000000.0,Apartment,Apartment,Asokoro Abuja,2026-06-01 11:38:00,PropertyPro
Life Camp,4,25000000.0,Duplex,Semi-Detached Duplex,Life Camp Abuja,2026-06-01 11:38:00,PropertyPro
Jahi,4,18000000.0,Duplex,Terraced Duplex,Jahi Abuja,2026-06-01 11:38:00,PropertyPro
Guzape,4,15000000.0,Duplex,Terraced Duplex,Guzape Abuja,2026-06-01 11:38:00,PropertyPro
Maitama,4,18500000.0,Duplex,Detached Duplex,Maitama Abuja,2026-06-01 11:38:00,PropertyPro
Guzape,4,18000000.0,Duplex,Terraced Duplex,Guzape Abuja,2026-06-01 11:38:00,PropertyPro
Guzape,4,19000000.0,Duplex,Terraced Duplex,Guzape Abuja,2026-06-01 11:38:00,PropertyPro
Lugbe,3,7000000.0,Apartment,Apartment,River Park Estate Lugbe Abuja,2026-06-01 11:38:00,PropertyPro
Jahi,4,10000000.0,Duplex,Terraced Duplex,Jahi Abuja,2026-06-01 11:38:00,PropertyPro
Asokoro,4,25000000.0,Duplex,Terraced Duplex,Asokoro Abuja,2026-06-01 11:38:00,PropertyPro
Jahi,4,18000000.0,Duplex,Terraced Duplex,Jahi Abuja,2026-06-01 11:38:00,PropertyPro
Mabushi,4,15000000.0,Duplex,Terraced Duplex,Mabushi Abuja,2026-06-01 11:38:00,PropertyPro
Guzape,4,30000000.0,Duplex,Detached Duplex,Guzape Abuja,2026-06-01 11:38:11,PropertyPro
Guzape,4,15000000.0,Duplex,Terraced Duplex,Guzape Abuja,2026-06-01 11:38:11,PropertyPro
Guzape,4,18000000.0,Duplex,Terraced Duplex,Guzape Abuja,2026-06-01 11:38:11,PropertyPro
Jahi,4,15000000.0,Duplex,Terraced Duplex,Jahi Abuja,2026-06-01 11:38:11,PropertyPro
Jahi,4,20000000.0,Duplex,Detached Duplex,"Gilmore, Jahi Abuja",2026-06-01 11:38:11,PropertyPro
Gwarinpa,4,9000000.0,Duplex,Terraced Duplex,Gwarinpa Abuja,2026-06-01 11:38:11,PropertyPro
Katampe,4,16500000.0,Duplex,Terraced Duplex,Katampe Extension Katampe Abuja,2026-06-01 11:38:11,PropertyPro
Katampe,4,25000000.0,Duplex,Terraced Duplex,Katampe Extension Katampe Abuja,2026-06-01 11:38:11,PropertyPro
Katampe,4,15000000.0,Duplex,Terraced Duplex,Katampe Extension Katampe Abuja,2026-06-01 11:38:11,PropertyPro
Katampe,4,20000000.0,Duplex,Terraced Duplex,Katampe Extension Katampe Abuja,2026-06-01 11:38:11,PropertyPro
Katampe,4,15000000.0,Duplex,Terraced Duplex,Katampe Extension Katampe Abuja,2026-06-01 11:38:11,PropertyPro
Katampe,4,16500000.0,Duplex,Terraced Duplex,Katampe Extension Katampe Abuja,2026-06-01 11:38:11,PropertyPro
Katampe,4,16500000.0,Duplex,Terraced Duplex,Katampe Extension Katampe Abuja,2026-06-01 11:38:11,PropertyPro
Jahi,5,22000000.0,Duplex,Terraced Duplex,Jahi Gilmore Abuja Jahi Abuja,2026-06-01 11:38:11,PropertyPro
Lugbe,4,10000000.0,Duplex,Semi-Detached Duplex,"River Park Estate Airport Road, Lugbe Abuja",2026-06-01 11:38:11,PropertyPro
Gwarinpa,4,9000000.0,Duplex,Terraced Duplex,1st Avenue Gwarimpa By Dbb Plaza Gwarinpa Abuja,2026-06-01 11:38:11,PropertyPro
Maitama,4,25000000.0,Duplex,Terraced Duplex,Maitama Abuja,2026-06-01 11:38:11,PropertyPro
Mabushi,5,25000000.0,Duplex,Detached Duplex,Mabushi Abuja,2026-06-01 11:38:11,PropertyPro
Katampe,4,20000000.0,Duplex,Terraced Duplex,Katampe Extension Katampe Abuja,2026-06-01 11:38:11,PropertyPro
Lugbe,4,10000000.0,Duplex,Semi-Detached Duplex,"River Park Estate Airport Road, Lugbe Abuja",2026-06-01 11:38:11,PropertyPro
Guzape,4,30000000.0,Duplex,Detached Duplex,Guzape Abuja,2026-06-01 11:38:25,PropertyPro
Jahi,4,18000000.0,Duplex,Terraced Duplex,Jahi Abuja,2026-06-01 11:38:25,PropertyPro
Asokoro,4,20000000.0,Duplex,Terraced Duplex,Asokoro Abuja,2026-06-01 11:38:25,PropertyPro
Jahi,4,18000000.0,Duplex,Terraced Duplex,Jahi Abuja,2026-06-01 11:38:25,PropertyPro
Katampe,4,20000000.0,Duplex,Terraced Duplex,Katampe Extension Katampe Abuja,2026-06-01 11:38:25,PropertyPro
Jahi,4,20000000.0,Duplex,Terraced Duplex,Jahi Abuja,2026-06-01 11:38:25,PropertyPro
Guzape,4,15000000.0,Duplex,Terraced Duplex,Guzape Abuja,2026-06-01 11:38:25,PropertyPro
Jahi,4,15000000.0,Duplex,Terraced Duplex,Jahi Gilmore Jahi Abuja,2026-06-01 11:38:25,PropertyPro
Galadimawa,3,6000000.0,Apartment,Apartment,Galadimawa Abuja,2026-06-01 11:38:25,PropertyPro
Lugbe,4,10000000.0,Duplex,Semi-Detached Duplex,River Park Estate Abuja Lugbe Abuja,2026-06-01 11:38:25,PropertyPro
Mabushi,4,15000000.0,Duplex,Terraced Duplex,Mabushi Abuja,2026-06-01 11:38:25,PropertyPro
Asokoro,4,25000000.0,Duplex,Terraced Duplex,Asokoro Abuja,2026-06-01 11:38:25,PropertyPro
Apo,3,10000000.0,Duplex,Terraced Duplex,Apo By Cedar Crest Hospital Apo Abuja,2026-06-01 11:38:25,PropertyPro
Jahi,5,20000000.0,Duplex,Detached Duplex,Jahi Gilmore Abuja Jahi Abuja,2026-06-01 11:38:25,PropertyPro
Jahi,5,20000000.0,Duplex,Terraced Duplex,Gilmore Jahi Abuja,2026-06-01 11:38:25,PropertyPro
Lugbe,4,10000000.0,Duplex,Semi-Detached Duplex,"River Park Estate Airport Road, Lugbe Abuja",2026-06-01 11:38:25,PropertyPro
Wuye,4,25000000.0,Duplex,Detached Duplex,Wuye Abuja,2026-06-01 11:38:25,PropertyPro
Wuye,5,25000000.0,Duplex,Terraced Duplex,Wuye Main Wuye Abuja,2026-06-01 11:38:25,PropertyPro
Mabushi,4,15000000.0,Duplex,Terraced Duplex,Mabushi Abuja,2026-06-01 11:38:25,PropertyPro
Wuye,4,25000000.0,Duplex,Detached Duplex,Wuye Abuja,2026-06-01 11:38:25,PropertyPro
Maitama,3,61669350.0,Apartment,Apartment,Maitama By Fruit Market Maitama Abuja,2026-06-01 11:38:34,PropertyPro
Asokoro,4,20000000.0,Duplex,Terraced Duplex,Asokoro Abuja,2026-06-01 11:38:34,PropertyPro
Asokoro,4,20000000.0,Duplex,Terraced Duplex,Asokoro Abuja,2026-06-01 11:38:34,PropertyPro
Jahi,3,15000000.0,Apartment,Apartment,Jahi Abuja,2026-06-01 11:38:34,PropertyPro
Lugbe,4,10000000.0,Duplex,Semi-Detached Duplex,"River Park Estate Airport Road, Lugbe Abuja",2026-06-01 11:38:34,PropertyPro
Katampe,4,16500000.0,Duplex,Terraced Duplex,Katampe Extension Katampe Abuja,2026-06-01 11:38:34,PropertyPro
Katampe,4,20000000.0,Duplex,Terraced Duplex,Katampe Extension Katampe Abuja,2026-06-01 11:38:34,PropertyPro
Lugbe,5,12000000.0,Duplex,Detached Duplex,River Park Estate Abuja Lugbe Abuja,2026-06-01 11:38:34,PropertyPro
Mabushi,4,15000000.0,Duplex,Terraced Duplex,Mabushi Abuja,2026-06-01 11:38:34,PropertyPro
Guzape,4,15000000.0,Duplex,Terraced Duplex,Guzape Abuja,2026-06-01 11:38:34,PropertyPro
Jahi,3,15000000.0,Duplex,Terraced Duplex,Jahi Gilmore Jahi Abuja,2026-06-01 11:38:34,PropertyPro
Jahi,4,15000000.0,Duplex,Terraced Duplex,Jahi Abuja,2026-06-01 11:38:34,PropertyPro
Jahi,4,18000000.0,Duplex,Terraced Duplex,Jahi Abuja,2026-06-01 11:38:34,PropertyPro
Katampe,4,15000000.0,Duplex,Terraced Duplex,Katampe Extension Katampe Abuja,2026-06-01 11:38:34,PropertyPro
Wuye,4,25000000.0,Duplex,Detached Duplex,Wuye Abuja,2026-06-01 11:38:34,PropertyPro
Wuye,4,25000000.0,Duplex,Detached Duplex,Wuye Abuja,2026-06-01 11:38:34,PropertyPro
Wuye,4,25000000.0,Duplex,Detached Duplex,Wuye Abuja,2026-06-01 11:38:34,PropertyPro
Asokoro,4,25000000.0,Duplex,Terraced Duplex,Asokoro Abuja,2026-06-01 11:38:34,PropertyPro
Katampe,4,15000000.0,Duplex,Terraced Duplex,Katampe Extension Katampe Abuja,2026-06-01 11:38:35,PropertyPro
Guzape,4,15000000.0,Duplex,Terraced Duplex,Guzape Abuja,2026-06-01 11:38:35,PropertyPro
Katampe,4,25000000.0,Duplex,Terraced Duplex,Katampe Extension Katampe Abuja,2026-06-01 11:38:35,PropertyPro
Guzape,4,30000000.0,Duplex,Detached Duplex,Guzape Abuja,2026-06-01 11:38:43,PropertyPro
Katampe,4,25000000.0,Duplex,Terraced Duplex,Katampe Extension Katampe Abuja,2026-06-01 11:38:43,PropertyPro
Guzape,4,15000000.0,Duplex,Terraced Duplex,Guzape Abuja,2026-06-01 11:38:43,PropertyPro
Jahi,4,18000000.0,Duplex,Terraced Duplex,Jahi Abuja,2026-06-01 11:38:43,PropertyPro
Jahi,3,9000000.0,Apartment,Apartment,Jahi Gilmore Abuja Jahi Abuja,2026-06-01 11:38:43,PropertyPro
Mabushi,4,15000000.0,Duplex,Terraced Duplex,Mabushi Abuja,2026-06-01 11:38:43,PropertyPro
Mabushi,4,15000000.0,Duplex,Terraced Duplex,Mabushi Abuja,2026-06-01 11:38:43,PropertyPro
Asokoro,4,25000000.0,Duplex,Terraced Duplex,Asokoro Abuja,2026-06-01 11:38:43,PropertyPro
Mabushi,4,20000000.0,Duplex,Terraced Duplex,Mabushi Abuja,2026-06-01 11:38:43,PropertyPro
Mabushi,4,15000000.0,Duplex,Terraced Duplex,Mabushi Abuja,2026-06-01 11:38:43,PropertyPro
Guzape,4,40000000.0,Duplex,Terraced Duplex,Guzape Abuja,2026-06-01 11:38:43,PropertyPro
Katampe,4,20000000.0,Duplex,Terraced Duplex,Katampe Extension Katampe Abuja,2026-06-01 11:38:43,PropertyPro
Asokoro,4,25000000.0,Duplex,Terraced Duplex,Asokoro Abuja,2026-06-01 11:38:43,PropertyPro
Lugbe,4,10000000.0,Duplex,Semi-Detached Duplex,"River Park Estate Airport Road, Lugbe Abuja",2026-06-01 11:38:43,PropertyPro
Jahi,4,18000000.0,Duplex,Terraced Duplex,Jahi Abuja,2026-06-01 11:38:43,PropertyPro
Asokoro,4,20000000.0,Duplex,Terraced Duplex,Asokoro Abuja,2026-06-01 11:38:43,PropertyPro
Katampe,4,25000000.0,Duplex,Terraced Duplex,Katampe Extension Katampe Abuja,2026-06-01 11:38:43,PropertyPro
Jahi,4,15000000.0,Duplex,Terraced Duplex,Jahi Gilmore Jahi Abuja,2026-06-01 11:38:43,PropertyPro
Wuye,4,25000000.0,Duplex,Detached Duplex,Wuye Abuja,2026-06-01 11:38:43,PropertyPro
Katampe,4,25000000.0,Duplex,Terraced Duplex,Katampe Extension Katampe Abuja,2026-06-01 11:38:43,PropertyPro
Maitama,3,61669350.0,Apartment,Apartment,Maitama By Fruit Market Maitama Abuja,2026-06-01 11:38:52,PropertyPro
Asokoro,4,25000000.0,Duplex,Terraced Duplex,Asokoro Abuja,2026-06-01 11:38:52,PropertyPro
Katampe,4,15000000.0,Duplex,Terraced Duplex,Katampe Extension Katampe Abuja,2026-06-01 11:38:52,PropertyPro
Katampe,4,16500000.0,Duplex,Terraced Duplex,Katampe Extension Katampe Abuja,2026-06-01 11:38:52,PropertyPro
Katampe,4,25000000.0,Duplex,Terraced Duplex,Katampe Extension Katampe Abuja,2026-06-01 11:38:52,PropertyPro
Jahi,4,13000000.0,Duplex,Terraced Duplex,Jahi Gilmore Jahi Abuja,2026-06-01 11:38:52,PropertyPro
Jahi,3,13500000.0,Apartment,Apartment,Jahi Gilmore Jahi Abuja,2026-06-01 11:38:52,PropertyPro
Guzape,4,20000000.0,Duplex,Terraced Duplex,Guzape Abuja,2026-06-01 11:38:52,PropertyPro
Wuse,3,15000000.0,Apartment,Apartment,Wuse 2 Abuja,2026-06-01 11:38:52,PropertyPro
Jahi,2,8000000.0,Apartment,Apartment,Jahi Gilmore Abuja Jahi Abuja,2026-06-01 11:38:52,PropertyPro
Katampe,3,20000000.0,Apartment,Apartment,Katampe Extension Katampe Abuja,2026-06-01 11:38:52,PropertyPro
Asokoro,4,20000000.0,Duplex,Terraced Duplex,Asokoro Abuja,2026-06-01 11:38:52,PropertyPro
Jahi,2,18000000.0,Apartment,Apartment,Babatope Jahi Abuja,2026-06-01 11:38:52,PropertyPro
Asokoro,2,14000000.0,Apartment,Apartment,Asokoro Main Asokoro Abuja,2026-06-01 11:38:52,PropertyPro
Katampe,4,23000000.0,Duplex,Terraced Duplex,Katampe Extension. Katampe Extension Katampe Abuja,2026-06-01 11:38:52,PropertyPro
Jahi,1,6500000.0,Apartment,Apartment,Jahi Gilmore Jahi Abuja,2026-06-01 11:38:52,PropertyPro
Kado,4,25000000.0,Duplex,Semi-Detached Duplex,Kado Abuja,2026-06-01 11:38:52,PropertyPro
Jahi,4,14000000.0,Duplex,Terraced Duplex,Jahi Abuja,2026-06-01 11:38:52,PropertyPro
Jahi,4,15000000.0,Duplex,Terraced Duplex,Gilmore Jahi Abuja,2026-06-01 11:38:52,PropertyPro
Guzape,4,30000000.0,Duplex,Detached Duplex,Guzape Abuja,2026-06-01 11:39:01,PropertyPro
Katampe,4,12000000.0,Duplex,Terraced Duplex,Katampe Main Katampe Main Abuja,2026-06-01 11:39:01,PropertyPro
Mabushi,4,17000000.0,Duplex,Terraced Duplex,Mabushi Mabushi Abuja,2026-06-01 11:39:01,PropertyPro
Jahi,3,8000000.0,Apartment,Apartment,Jahi Jahi Abuja,2026-06-01 11:39:01,PropertyPro
Katampe,4,15000000.0,Duplex,Terraced Duplex,Katampe Ext Katampe Extension Katampe Abuja,2026-06-01 11:39:01,PropertyPro
Katampe,2,85000000.0,Apartment,Apartment,Katampe Main Katampe Main Abuja,2026-06-01 11:39:01,PropertyPro
Jahi,3,12000000.0,Apartment,Apartment,Jahi Jahi Abuja,2026-06-01 11:39:01,PropertyPro
Guzape,5,30000000.0,Duplex,Detached Duplex,Guzape Guzape Abuja,2026-06-01 11:39:01,PropertyPro
Guzape,4,13000000.0,Duplex,Terraced Duplex,Guzape Guzape Abuja,2026-06-01 11:39:01,PropertyPro
Guzape,3,15000000.0,Duplex,Terraced Duplex,Guzape Guzape Abuja,2026-06-01 11:39:01,PropertyPro
Katampe,2,7000000.0,Apartment,Apartment,Katampe Extension Katampe Extension Katampe Abuja,2026-06-01 11:39:01,PropertyPro
Katampe,4,10000000.0,Duplex,Terraced Duplex,Katampe Main Abuja,2026-06-01 11:39:01,PropertyPro
Mabushi,4,12000000.0,Duplex,Terraced Duplex,Mabushi Abuja,2026-06-01 11:39:01,PropertyPro
Lugbe,3,7000000.0,Apartment,Apartment,River Park Lugbe Abuja,2026-06-01 11:39:01,PropertyPro
Katampe,1,5000000.0,Apartment,Apartment,Katampe Main Katampe Main Abuja,2026-06-01 11:39:01,PropertyPro
Jahi,4,18000000.0,Duplex,Semi-Detached Duplex,Gilmore Jahi Abuja,2026-06-01 11:39:01,PropertyPro
Jahi,4,16000000.0,Duplex,Terraced Duplex,Jahi Gilmore Jahi Abuja,2026-06-01 11:39:01,PropertyPro
Guzape,4,30000000.0,Duplex,Detached Duplex,Guzape Abuja,2026-06-01 11:39:10,PropertyPro
Lugbe,5,15000000.0,Apartment,Apartment,Lugbe Abuja,2026-06-01 11:39:10,PropertyPro
Guzape,4,15000000.0,Apartment,Apartment,Guzape Abuja,2026-06-01 11:39:10,PropertyPro
Asokoro,4,80000000.0,Duplex,Semi-Detached Duplex,Asokoro Abuja,2026-06-01 11:39:10,PropertyPro
Guzape,4,15000000.0,Duplex,Terraced Duplex,Guzape Abuja,2026-06-01 11:39:10,PropertyPro
Wuse,3,25000000.0,Duplex,Terraced Duplex,Off Ademola Adetokunbo. Crescent Wuse 2 Abuja,2026-06-01 11:39:10,PropertyPro
Katampe,4,25000000.0,Duplex,Terraced Duplex,Katampe Extension Katampe Abuja,2026-06-01 11:39:10,PropertyPro
Katampe,4,25000000.0,Duplex,Semi-Detached Duplex,Katampe Extension Katampe Abuja,2026-06-01 11:39:10,PropertyPro
Mabushi,4,15000000.0,Duplex,Terraced Duplex,Mabushi Abuja,2026-06-01 11:39:10,PropertyPro
Jahi,4,15000000.0,Duplex,Terraced Duplex,Jahi Abuja,2026-06-01 11:39:10,PropertyPro
Guzape,4,13000000.0,Duplex,Terraced Duplex,Guzape Abuja,2026-06-01 11:39:10,PropertyPro
Jahi,4,15000000.0,Duplex,Terraced Duplex,"Jahi Gilmore, Jahi Abuja",2026-06-01 11:39:10,PropertyPro
Life Camp,4,15000000.0,Duplex,Terraced Duplex,Life Camp Life Camp Abuja,2026-06-01 11:39:10,PropertyPro
Katampe,4,15000000.0,Duplex,Terraced Duplex,Katampe Extension Katampe Abuja,2026-06-01 11:39:10,PropertyPro
Guzape,5,120000000.0,Duplex,Detached Duplex,Guzape Main After Urban Shelter Estate Guzape Abuja,2026-06-01 11:39:10,PropertyPro
Guzape,5,40000000.0,Duplex,Detached Duplex,After Coza Church Guzape Abuja,2026-06-01 11:39:10,PropertyPro
Jabi,3,15000000.0,Duplex,Detached Duplex,Jabi Main Jabi Abuja,2026-06-01 11:39:10,PropertyPro
Utako,3,12000000.0,Apartment,Apartment,Utako Main Utako Abuja,2026-06-01 11:39:10,PropertyPro
Guzape,4,30000000.0,Duplex,Detached Duplex,Guzape Abuja,2026-06-01 11:39:19,PropertyPro
Gwarinpa,1,2000000.0,Apartment,Self Contain,69 Road Gwarinpa Abuja,2026-06-01 11:39:19,PropertyPro
Guzape,6,40000000.0,Duplex,Detached Duplex,Guzape Abuja,2026-06-01 11:39:19,PropertyPro
Lokogoma,3,5000000.0,Bungalow,Detached Bungalow,Lokogoma Abuja,2026-06-01 11:39:19,PropertyPro
Asokoro,3,18000000.0,Duplex,Terraced Duplex,Naf Valley Estate Asokoro Abuja Asokoro Abuja,2026-06-01 11:39:19,PropertyPro
Jahi,4,12000000.0,Duplex,Terraced Duplex,Jahi Abuja,2026-06-01 11:39:19,PropertyPro
Mabushi,4,20000000.0,Duplex,Terraced Duplex,Not Far From Road Safety Office Mabushi Abuja,2026-06-01 11:39:19,PropertyPro
Maitama,4,40000000.0,Duplex,Semi-Detached Duplex,In The Heart Of Maitama Maitama Abuja,2026-06-01 11:39:19,PropertyPro
Wuse,5,40000000.0,Duplex,Terraced Duplex,Heart Of Wuse 2 Wuse 2 Abuja,2026-06-01 11:39:19,PropertyPro
Mabushi,1,2000000.0,Apartment,Self Contain,Mabushi Mabushi Abuja,2026-06-01 11:39:19,PropertyPro
Asokoro,4,100000000.0,Duplex,Detached Duplex,Asokoro Asokoro Abuja,2026-06-01 11:39:19,PropertyPro
Life Camp,4,12000000.0,Duplex,Semi-Detached Duplex,Life Camp In An Estate Life Camp Abuja,2026-06-01 11:39:19,PropertyPro
Garki,1,3500000.0,Apartment,Apartment,Garki 2 Garki 2 Abuja,2026-06-01 11:39:19,PropertyPro
Gwarinpa,1,1500000.0,Apartment,Self Contain,Around 3rd Avenue Gwarinpa Abuja,2026-06-01 11:39:19,PropertyPro
Jabi,3,8000000.0,Apartment,Apartment,Jabi Main Tarred Road Jabi Abuja,2026-06-01 11:39:19,PropertyPro
Lugbe,2,3000000.0,Apartment,Apartment,Fha Lugbe Lugbe Abuja,2026-06-01 11:39:19,PropertyPro
Lugbe,5,6500000.0,Duplex,Detached Duplex,Along Von Garden Estate Road Lugbe Abuja,2026-06-01 11:39:19,PropertyPro
Maitama,3,61669350.0,Apartment,Apartment,Maitama By Fruit Market Maitama Abuja,2026-06-01 11:39:27,PropertyPro
Lugbe,3,3500000.0,Bungalow,Detached Bungalow,Fha Lugbe Lugbe Abuja,2026-06-01 11:39:27,PropertyPro
Lugbe,3,3500000.0,Bungalow,Detached Bungalow,Federal Housing Authority Fha Lugbe Lugbe Abuja,2026-06-01 11:39:27,PropertyPro
Wuye,1,2500000.0,Apartment,Self Contain,Wuye Wuye Abuja,2026-06-01 11:39:27,PropertyPro
Kaura,4,12500000.0,Duplex,Detached Duplex,Kaura (games Village) Abuja,2026-06-01 11:39:27,PropertyPro
Maitama,5,60000000.0,Duplex,Detached Duplex,Maitama Abuja,2026-06-01 11:39:27,PropertyPro
Guzape,4,15000000.0,Duplex,Terraced Duplex,Guzape Abuja,2026-06-01 11:39:27,PropertyPro
Maitama,3,17000000.0,Apartment,Apartment,Maitama Abuja,2026-06-01 11:39:27,PropertyPro
Maitama,5,50000000.0,Duplex,Semi-Detached Duplex,Maitama Maitama Abuja,2026-06-01 11:39:27,PropertyPro
Garki,3,60000000.0,Apartment,Apartment,Garki2 Garki 2 Abuja,2026-06-01 11:39:27,PropertyPro
Asokoro,1,6000000.0,Apartment,Apartment,Naf Valley Estate Asokoro Asokoro Abuja,2026-06-01 11:39:27,PropertyPro
Garki,3,13000000.0,Apartment,Apartment,Area 11 Garki 2 Abuja,2026-06-01 11:39:27,PropertyPro
Gwarinpa,1,1500000.0,Apartment,Self Contain,Gwarinpa Abuja,2026-06-01 11:39:27,PropertyPro
Mabushi,1,1500000.0,Apartment,Self Contain,"Mabushi, Abuja Mabushi Abuja",2026-06-01 11:39:27,PropertyPro
Durumi,2,4000000.0,Apartment,Apartment,"Durumi By America International School, Durumi, Abuja Durumi Abuja",2026-06-01 11:39:27,PropertyPro
Wuye,1,2500000.0,Apartment,Self Contain,"Wuye, Abuja Wuye Abuja",2026-06-01 11:39:27,PropertyPro
Katampe,3,7000000.0,Apartment,Apartment,"Katampe Extension, Abuja Katampe Abuja",2026-06-01 11:39:27,PropertyPro
Galadimawa,4,9000000.0,Duplex,Detached Duplex,Galadimawa Abuja,2026-06-01 11:39:27,PropertyPro
Durumi,4,12000000.0,Duplex,Terraced Duplex,Durumi Abuja,2026-06-01 11:39:27,PropertyPro
Guzape,4,30000000.0,Duplex,Detached Duplex,Guzape Abuja,2026-06-01 11:39:37,PropertyPro
Durumi,4,12000000.0,Duplex,Terraced Duplex,Durumi Abuja,2026-06-01 11:39:37,PropertyPro
Gwarinpa,4,12000000.0,Duplex,Detached Duplex,"4th Avenue, Gwarinpa, Abuja Gwarinpa Abuja",2026-06-01 11:39:37,PropertyPro
Life Camp,4,25000000.0,Duplex,Detached Duplex,"Life Camp By Stella Maris School, Life Camp Abuja",2026-06-01 11:39:37,PropertyPro
Life Camp,4,25000000.0,Duplex,Terraced Duplex,"Life Camp By Stella Maris School, Life Camp Abuja",2026-06-01 11:39:37,PropertyPro
Maitama,4,25000000.0,Duplex,Detached Duplex,Maitama Abuja,2026-06-01 11:39:37,PropertyPro
Life Camp,4,8500000.0,Duplex,Detached Duplex,"Life Camp By Godab, Life Camp, Abuja Life Camp Abuja",2026-06-01 11:39:37,PropertyPro
Apo,4,8000000.0,Duplex,Semi-Detached Duplex,"By Copa Cabana, Apo Lokogoma Express, Apo Abuja",2026-06-01 11:39:37,PropertyPro
Life Camp,4,7000000.0,Duplex,Detached Duplex,Brains And Harmer City Estate Life Camp Abuja,2026-06-01 11:39:37,PropertyPro
Jahi,3,6500000.0,Apartment,Apartment,Jahi Abuja,2026-06-01 11:39:37,PropertyPro
Jabi,4,10000000.0,Duplex,Detached Duplex,"Jabi Airport Road, Jabi, Abuja Jabi Abuja",2026-06-01 11:39:37,PropertyPro
Guzape,4,15000000.0,Duplex,Terraced Duplex,Guzape Abuja,2026-06-01 11:39:37,PropertyPro
Galadimawa,4,6000000.0,Duplex,Detached Duplex,Galadimawa Abuja,2026-06-01 11:39:37,PropertyPro
Durumi,4,12000000.0,Duplex,Terraced Duplex,Durumi Abuja,2026-06-01 11:39:37,PropertyPro
Apo,4,7000000.0,Duplex,Detached Duplex,Apo Abuja,2026-06-01 11:39:37,PropertyPro
Apo,4,14000000.0,Duplex,Detached Duplex,"Apo Legislative Quarters, Apo Abuja",2026-06-01 11:39:37,PropertyPro
Life Camp,4,5000000.0,Duplex,Detached Duplex,"Brains And Harmer City Estate, Life Camp, Abuja Life Camp Abuja",2026-06-01 11:39:37,PropertyPro
Jabi,4,15000000.0,Duplex,Semi-Detached Duplex,"Jabi Main, Jabi Abuja",2026-06-01 11:39:37,PropertyPro
Wuse,4,25000000.0,Duplex,Detached Duplex,"Wuse Zone, Wuse, Abuja Wuse 1 Abuja",2026-06-01 11:39:37,PropertyPro
Maitama,3,61669350.0,Apartment,Apartment,Maitama By Fruit Market Maitama Abuja,2026-06-01 11:39:47,PropertyPro
Life Camp,2,8000000.0,Apartment,Apartment,"Life Camp By Stella Maris School, Life Camp Abuja",2026-06-01 11:39:47,PropertyPro
Jabi,4,9000000.0,Duplex,Detached Duplex,"Jabi Airport Road, Jabi, Abuja Jabi Abuja",2026-06-01 11:39:47,PropertyPro
Lokogoma,4,5000000.0,Duplex,Detached Duplex,"By Lokogoma Express, Lokogoma Abuja",2026-06-01 11:39:47,PropertyPro
Durumi,4,12000000.0,Duplex,Terraced Duplex,Durumi Abuja,2026-06-01 11:39:47,PropertyPro
Katampe,3,48000000.0,Apartment,Apartment,"Katampe By Maitama, Katampe Abuja",2026-06-01 11:39:47,PropertyPro
Durumi,4,12000000.0,Duplex,Detached Duplex,"Durumi By America International School, Durumi, Abuja Durumi Abuja",2026-06-01 11:39:47,PropertyPro
Life Camp,4,13000000.0,Duplex,Detached Duplex,"Life Camp, Abuja Life Camp Abuja",2026-06-01 11:39:47,PropertyPro
Wuye,4,16000000.0,Duplex,Detached Duplex,"Wuye, Abuja Wuye Abuja",2026-06-01 11:39:47,PropertyPro
Mabushi,4,15000000.0,Duplex,Detached Duplex,"Mabushi Close To Wuse2 By Banex, Mabushi Abuja",2026-06-01 11:39:47,PropertyPro
Kubwa,4,7500000.0,Duplex,Detached Duplex,Kubwa Fo1 Kubwa Abuja,2026-06-01 11:39:47,PropertyPro
Jabi,4,25000000.0,Duplex,Semi-Detached Duplex,Jabi Abuja,2026-06-01 11:39:47,PropertyPro
Mabushi,4,15000000.0,Duplex,Terraced Duplex,"Mabushi By Banex Close To Wuse 2, Mabushi Abuja",2026-06-01 11:39:47,PropertyPro
Jabi,4,15000000.0,Duplex,Detached Duplex,"Jabi Main, Jabi, Abuja Jabi Abuja",2026-06-01 11:39:47,PropertyPro
Wuse,2,17000000.0,Apartment,Apartment,Wuse 2 Abuja,2026-06-01 11:39:47,PropertyPro
Apo,2,2500000.0,Apartment,Apartment,"By Apo Nepa, Apo, Abuja Apo Abuja",2026-06-01 11:39:47,PropertyPro
Utako,3,6000000.0,Apartment,Apartment,Utako Abuja,2026-06-01 11:39:47,PropertyPro
Lugbe,4,5500000.0,Duplex,Detached Duplex,"Von Road, Airport Road, Lugbe Abuja",2026-06-01 11:39:47,PropertyPro
Karmo,3,4000000.0,Duplex,Detached Duplex,Karmo Abuja,2026-06-01 11:39:47,PropertyPro
Guzape,4,30000000.0,Duplex,Detached Duplex,Guzape Abuja,2026-06-01 11:39:57,PropertyPro
Life Camp,4,10000000.0,Duplex,Detached Duplex,"Life Camp, Abuja Life Camp Abuja",2026-06-01 11:39:57,PropertyPro
Wuye,4,25000000.0,Duplex,Detached Duplex,"Wuye, Abuja Wuye Abuja",2026-06-01 11:39:57,PropertyPro
Guzape,4,15000000.0,Duplex,Detached Duplex,Guzape Abuja,2026-06-01 11:39:57,PropertyPro
Mabushi,4,12000000.0,Duplex,Detached Duplex,"Mabushi, Abuja Mabushi Abuja",2026-06-01 11:39:57,PropertyPro
Gwarinpa,4,12000000.0,Duplex,Detached Duplex,"4th Avenue, Gwarinpa, Abuja Gwarinpa Abuja",2026-06-01 11:39:57,PropertyPro
Durumi,4,12000000.0,Duplex,Terraced Duplex,Durumi Abuja,2026-06-01 11:39:57,PropertyPro
Jahi,4,12000000.0,Duplex,Detached Duplex,"Gilmore, Jahi Abuja",2026-06-01 11:39:57,PropertyPro
Life Camp,4,8000000.0,Duplex,Detached Duplex,"Life Camp, Abuja Life Camp Abuja",2026-06-01 11:39:57,PropertyPro
Utako,3,12000000.0,Duplex,Terraced Duplex,Utako Abuja,2026-06-01 11:39:57,PropertyPro
Garki,2,4000000.0,Apartment,Apartment,Garki Abuja Garki 2 Abuja,2026-06-01 11:39:57,PropertyPro
Life Camp,2,8500000.0,Apartment,Apartment,"By Stella Maris School, Life Camp Abuja",2026-06-01 11:39:57,PropertyPro
Mabushi,4,15000000.0,Duplex,Terraced Duplex,"Mabushi By Banex Close To Wuse 2, Mabushi Abuja",2026-06-01 11:39:57,PropertyPro
Wuye,4,15000000.0,Duplex,Detached Duplex,"Wuye Main, Wuye, Abuja Wuye Abuja",2026-06-01 11:39:57,PropertyPro
Lokogoma,2,3500000.0,Apartment,Apartment,Lokogoma Abuja,2026-06-01 11:39:57,PropertyPro
Guzape,4,17000000.0,Duplex,Detached Duplex,Guzape Abuja Guzape Abuja,2026-06-01 11:39:57,PropertyPro
Lokogoma,1,1300000.0,Apartment,Apartment,Around Marigold Hotel Lokogoma Abuja,2026-06-01 11:39:57,PropertyPro
Mabushi,6,25000000.0,Duplex,Terraced Duplex,Mabushi Abuja,2026-06-01 11:39:57,PropertyPro
Wuye,4,20000000.0,Duplex,Terraced Duplex,Wuye Abuja,2026-06-01 11:39:57,PropertyPro
Maitama,3,61669350.0,Apartment,Apartment,Maitama By Fruit Market Maitama Abuja,2026-06-01 11:40:07,PropertyPro
Apo,3,5000000.0,Duplex,Detached Duplex,Apo Wumba Axis Apo Abuja,2026-06-01 11:40:07,PropertyPro
Kaura,4,6000000.0,Duplex,Detached Duplex,"Opposite Suncity Estate, Kaura (games Village) Abuja",2026-06-01 11:40:07,PropertyPro
Wuse,4,35000000.0,Duplex,Terraced Duplex,Wuse 2 Abuja,2026-06-01 11:40:07,PropertyPro
Asokoro,4,20000000.0,Apartment,Apartment,Asokoro Abuja,2026-06-01 11:40:07,PropertyPro
Jahi,4,15000000.0,Duplex,Terraced Duplex,Jahi Abuja,2026-06-01 11:40:07,PropertyPro
Wuse,4,25000000.0,Duplex,Semi-Detached Duplex,Wuse 2 Abuja,2026-06-01 11:40:07,PropertyPro
Katampe,3,8000000.0,Apartment,Apartment,Katampe Main Abuja,2026-06-01 11:40:07,PropertyPro
Kubwa,4,6000000.0,Duplex,Semi-Detached Duplex,"Fo1, Kubwa Abuja",2026-06-01 11:40:07,PropertyPro
Jahi,4,18000000.0,Duplex,Semi-Detached Duplex,"Gilmore, Jahi Abuja",2026-06-01 11:40:07,PropertyPro
Kubwa,4,5000000.0,Duplex,Semi-Detached Duplex,"F14 District, Kubwa Abuja",2026-06-01 11:40:07,PropertyPro
Wuye,4,20000000.0,Duplex,Terraced Duplex,Wuye Abuja,2026-06-01 11:40:07,PropertyPro
Wuse,3,180000000.0,Apartment,Apartment,Wuse 2 Abuja,2026-06-01 11:40:07,PropertyPro
Gwarinpa,3,9500000.0,Bungalow,Detached Bungalow,Gwarinpa Abuja,2026-06-01 11:40:07,PropertyPro
Kubwa,4,10000000.0,Duplex,Detached Duplex,"Fo1, Kubwa Abuja",2026-06-01 11:40:07,PropertyPro
Life Camp,4,15000000.0,Duplex,Semi-Detached Duplex,Life Camp Abuja,2026-06-01 11:40:07,PropertyPro
Mabushi,4,12000000.0,Duplex,Terraced Duplex,Mabushi Abuja,2026-06-01 11:40:07,PropertyPro
Maitama,4,75000000.0,Duplex,Terraced Duplex,Maitama Abuja,2026-06-01 11:40:07,PropertyPro
Life Camp,4,8000000.0,Duplex,Detached Duplex,Life Camp Abuja,2026-06-01 11:40:07,PropertyPro
Maitama,4,50000000.0,Duplex,Terraced Duplex,Maitama Abuja,2026-06-01 11:40:07,PropertyPro
Maitama,3,61669350.0,Apartment,Apartment,Maitama By Fruit Market Maitama Abuja,2026-06-01 11:40:18,PropertyPro
Lokogoma,3,5500000.0,Bungalow,Detached Bungalow,Lokogoma Abuja,2026-06-01 11:40:18,PropertyPro
Durumi,4,20000000.0,Duplex,Terraced Duplex,Durumi Abuja,2026-06-01 11:40:18,PropertyPro
Jahi,3,10000000.0,Apartment,Apartment,Jahi Abuja,2026-06-01 11:40:18,PropertyPro
Gwarinpa,3,8000000.0,Apartment,Apartment,Gwarinpa Abuja,2026-06-01 11:40:18,PropertyPro
Jahi,5,22000000.0,Duplex,Terraced Duplex,Gilmore Jahi Abuja,2026-06-01 11:40:18,PropertyPro
Maitama,5,100000000.0,Duplex,Detached Duplex,Maitama Abuja,2026-06-01 11:40:18,PropertyPro
Kubwa,2,3000000.0,Apartment,Apartment,F14 Kubwa Abuja,2026-06-01 11:40:18,PropertyPro
Asokoro,4,2200000000.0,Duplex,Terraced Duplex,Linder Chucker Crescent Close To Minister's House Asokoro Abuja,2026-06-01 11:40:18,PropertyPro
Wuse,3,61669350.0,Apartment,Apartment,Mini Estate Wuse 2 Abuja,2026-06-01 11:40:18,PropertyPro
Kubwa,2,3500000.0,Apartment,Apartment,Fo1 Kubwa Abuja,2026-06-01 11:40:18,PropertyPro
Kubwa,3,6000000.0,Apartment,Apartment,Fo1 Kubwa Abuja,2026-06-01 11:40:18,PropertyPro
Jahi,4,13000000.0,Duplex,Terraced Duplex,Jahi Abuja,2026-06-01 11:40:18,PropertyPro
Lugbe,4,8000000.0,Duplex,Detached Duplex,River Park Estate Lugbe Abuja,2026-06-01 11:40:18,PropertyPro
Guzape,4,15000000.0,Duplex,Terraced Duplex,Guzape Abuja,2026-06-01 11:40:18,PropertyPro
Kubwa,4,7000000.0,Duplex,Semi-Detached Duplex,"Fo1, Kubwa Abuja",2026-06-01 11:40:18,PropertyPro
Kubwa,3,6500000.0,Duplex,Semi-Detached Duplex,Fo1 Kubwa Abuja,2026-06-01 11:40:18,PropertyPro
Gwarinpa,1,1500000.0,Apartment,Self Contain,Gwarinpa Abuja,2026-06-01 11:40:18,PropertyPro
Jahi,4,15000000.0,Duplex,Terraced Duplex,"Gilmore, Jahi Abuja",2026-06-01 11:40:18,PropertyPro
Maitama,3,61669350.0,Apartment,Apartment,Maitama By Fruit Market Maitama Abuja,2026-06-01 11:40:37,PropertyPro
Maitama,6,50000000.0,Duplex,Detached Duplex,Maitama Abuja,2026-06-01 11:40:37,PropertyPro
Lokogoma,4,13000000.0,Duplex,Detached Duplex,Lokogoma/apo Axis Lokogoma Abuja,2026-06-01 11:40:37,PropertyPro
Lokogoma,1,600000.0,Apartment,Self Contain,Lokogoma Abuja,2026-06-01 11:40:37,PropertyPro
Maitama,4,35000000.0,Duplex,Terraced Duplex,Maitama Abuja,2026-06-01 11:40:37,PropertyPro
Apo,3,5000000.0,Bungalow,Detached Bungalow,Apo Wumba Axis Apo Abuja,2026-06-01 11:40:37,PropertyPro
Kubwa,2,3000000.0,Apartment,Apartment,"F14, Kubwa Abuja",2026-06-01 11:40:37,PropertyPro
Kubwa,2,2500000.0,Apartment,Apartment,Fcda Kubwa Abuja,2026-06-01 11:40:37,PropertyPro
Kubwa,2,3500000.0,Apartment,Apartment,Fo1 Kubwa Abuja,2026-06-01 11:40:37,PropertyPro
Mabushi,4,10000000.0,Duplex,Terraced Duplex,Mabushi Abuja,2026-06-01 11:40:37,PropertyPro
Guzape,4,15000000.0,Duplex,Terraced Duplex,Guzape Abuja,2026-06-01 11:40:37,PropertyPro
Jahi,4,15000000.0,Duplex,Terraced Duplex,"Gilmore, Jahi Abuja",2026-06-01 11:40:37,PropertyPro
Mabushi,3,9000000.0,Apartment,Apartment,Mabushi Abuja,2026-06-01 11:40:37,PropertyPro
Jahi,3,75000000.0,Apartment,Apartment,"Gilmore, Jahi Abuja",2026-06-01 11:40:37,PropertyPro
Guzape,4,30000000.0,Duplex,Detached Duplex,Guzape Abuja,2026-06-01 11:40:45,PropertyPro
Life Camp,4,8000000.0,Duplex,Detached Duplex,Life Camp Abuja,2026-06-01 11:40:45,PropertyPro
Jahi,4,13000000.0,Duplex,Terraced Duplex,"Gilmore, Jahi Abuja",2026-06-01 11:40:45,PropertyPro
Mabushi,4,10000000.0,Duplex,Terraced Duplex,Mabushi Abuja,2026-06-01 11:40:45,PropertyPro
Guzape,4,15000000.0,Duplex,Terraced Duplex,Guzape Abuja,2026-06-01 11:40:45,PropertyPro
Jabi,4,25000000.0,Duplex,Semi-Detached Duplex,Jabi Abuja,2026-06-01 11:40:45,PropertyPro
Maitama,5,50000000.0,Duplex,Detached Duplex,Maitama Abuja,2026-06-01 11:40:45,PropertyPro
Wuye,4,25000000.0,Duplex,Detached Duplex,Wuye Abuja,2026-06-01 11:40:45,PropertyPro
Guzape,4,15000000.0,Duplex,Terraced Duplex,Guzape Abuja,2026-06-01 11:40:45,PropertyPro
Life Camp,4,7500000.0,Apartment,Apartment,Life Camp Abuja,2026-06-01 11:40:45,PropertyPro
Idu,4,9000000.0,Apartment,Apartment,Idu Abuja,2026-06-01 11:40:45,PropertyPro
Asokoro,4,20000000.0,Apartment,Apartment,Asokoro Abuja,2026-06-01 11:40:45,PropertyPro
Guzape,4,35000000.0,Apartment,Apartment,Guzape Abuja,2026-06-01 11:40:45,PropertyPro
Katampe,4,23000000.0,Duplex,Detached Duplex,Katampe Extension Katampe Abuja,2026-06-01 11:40:45,PropertyPro
Katampe,3,7000000.0,Apartment,Apartment,Katampe Main Abuja,2026-06-01 11:40:45,PropertyPro
Kubwa,3,4000000.0,Apartment,Apartment,"Fo1, Kubwa Abuja",2026-06-01 11:40:45,PropertyPro
Lokogoma,1,700000.0,Apartment,Self Contain,"Behind Efab Estate, Lokogoma Abuja",2026-06-01 11:40:45,PropertyPro
Guzape,4,30000000.0,Duplex,Detached Duplex,Guzape Abuja,2026-06-01 11:40:55,PropertyPro
Wuse,3,25000000.0,Apartment,Apartment,Wuse 2 Abuja,2026-06-01 11:40:55,PropertyPro
Gwarinpa,1,2000000.0,Apartment,Self Contain,Gwarinpa Abuja,2026-06-01 11:40:55,PropertyPro
Guzape,4,25000000.0,Duplex,Terraced Duplex,Guzape Abuja,2026-06-01 11:40:55,PropertyPro
Jahi,4,18000000.0,Duplex,Semi-Detached Duplex,Jahi Abuja,2026-06-01 11:40:55,PropertyPro
Jahi,4,13000000.0,Duplex,Terraced Duplex,"Gilmore, Jahi Abuja",2026-06-01 11:40:55,PropertyPro
Jahi,4,15000000.0,Duplex,Terraced Duplex,Gilmore Jahi Abuja,2026-06-01 11:40:55,PropertyPro
Wuse,3,35000000.0,Apartment,Apartment,Wuse 2 Abuja,2026-06-01 11:40:55,PropertyPro
Wuse,3,10000000.0,Apartment,Apartment,Wuse 2 Abuja,2026-06-01 11:40:55,PropertyPro
Jahi,4,12000000.0,Duplex,Terraced Duplex,Gilmore Jahi Abuja,2026-06-01 11:40:55,PropertyPro
Jahi,4,15000000.0,Duplex,Terraced Duplex,Jahi Abuja,2026-06-01 11:40:55,PropertyPro
Kubwa,2,3500000.0,Apartment,Apartment,Fo1 Kubwa Abuja,2026-06-01 11:40:55,PropertyPro
Kubwa,4,5000000.0,Duplex,Semi-Detached Duplex,"F14, Phase 4, Kubwa Abuja",2026-06-01 11:40:55,PropertyPro
Kubwa,2,3000000.0,Apartment,Apartment,Kubwa Abuja,2026-06-01 11:40:55,PropertyPro
Maitama,3,61669350.0,Apartment,Apartment,Maitama By Fruit Market Maitama Abuja,2026-06-01 11:41:04,PropertyPro
Kubwa,4,6500000.0,Duplex,Terraced Duplex,"Fo1, Kubwa Abuja",2026-06-01 11:41:04,PropertyPro
Kubwa,2,3500000.0,Apartment,Apartment,"F01, Kubwa Abuja",2026-06-01 11:41:04,PropertyPro
Kubwa,2,4000000.0,Apartment,Apartment,"Fo1, Kubwa Abuja",2026-06-01 11:41:04,PropertyPro
Mabushi,4,12000000.0,Duplex,Terraced Duplex,Mabushi Abuja,2026-06-01 11:41:04,PropertyPro
Kubwa,4,7000000.0,Duplex,Semi-Detached Duplex,"Fo1, Kubwa Abuja",2026-06-01 11:41:04,PropertyPro
Asokoro,4,27000000.0,Duplex,Terraced Duplex,Asokoro Abuja,2026-06-01 11:41:04,PropertyPro
Jahi,4,15000000.0,Duplex,Terraced Duplex,Jahi Abuja,2026-06-01 11:41:04,PropertyPro
Jabi,4,20000000.0,Duplex,Terraced Duplex,Jabi Abuja,2026-06-01 11:41:04,PropertyPro
Asokoro,4,2200000000.0,Duplex,Terraced Duplex,Linder Chucker Crescent Close To Minister's House Asokoro Abuja,2026-06-01 11:41:04,PropertyPro
Jahi,3,54000000.0,Apartment,Apartment,"Gilmore, Jahi Abuja",2026-06-01 11:41:04,PropertyPro
Jahi,3,10000000.0,Apartment,Apartment,Gilmore Jahi Abuja,2026-06-01 11:41:04,PropertyPro
Katampe,3,7000000.0,Apartment,Apartment,Katampe Main Abuja,2026-06-01 11:41:04,PropertyPro
Gaduwa,4,10000000.0,Duplex,Detached Duplex,Gaduwa Junction Gaduwa Abuja,2026-06-01 11:41:04,PropertyPro
Gaduwa,4,9000000.0,Duplex,Detached Duplex,Gaduwa Estate Junction Gaduwa Abuja,2026-06-01 11:41:04,PropertyPro
Kabusa,2,6500000.0,Duplex,Terraced Duplex,Kabusa Kabusa Abuja,2026-06-01 11:41:04,PropertyPro
Jahi,4,15000000.0,Duplex,Terraced Duplex,Main Jahi Abuja,2026-06-01 11:41:04,PropertyPro
Jahi,4,13000000.0,Duplex,Terraced Duplex,Jahi Abuja,2026-06-01 11:41:04,PropertyPro
Asokoro,3,70000000.0,Duplex,Detached Duplex,Asokoro Abuja,2026-06-01 11:41:04,PropertyPro
Guzape,4,30000000.0,Duplex,Detached Duplex,Guzape Abuja,2026-06-01 11:41:11,PropertyPro
Mabushi,4,15000000.0,Duplex,Terraced Duplex,Mabushi Abuja,2026-06-01 11:41:11,PropertyPro
Karsana,3,8500000.0,Bungalow,Detached Bungalow,Karsana Abuja,2026-06-01 11:41:11,PropertyPro
Galadimawa,1,2500000.0,Apartment,Apartment,Near Lavista Court Estate Galadimawa Abuja,2026-06-01 11:41:11,PropertyPro
Kubwa,2,3500000.0,Apartment,Apartment,Fo1 Kubwa Abuja,2026-06-01 11:41:11,PropertyPro
Life Camp,4,7000000.0,Duplex,Terraced Duplex,Life Camp Abuja,2026-06-01 11:41:11,PropertyPro
Kubwa,4,6500000.0,Duplex,Semi-Detached Duplex,"Fo1, Kubwa Abuja",2026-06-01 11:41:11,PropertyPro
Kubwa,4,10000000.0,Duplex,Detached Duplex,"Fo1, Kubwa Abuja",2026-06-01 11:41:11,PropertyPro
Kubwa,2,4000000.0,Apartment,Apartment,"Fo1, Kubwa Abuja",2026-06-01 11:41:11,PropertyPro
Lugbe,3,3000000.0,Duplex,Terraced Duplex,Lugbe Lugbe Abuja,2026-06-01 11:41:11,PropertyPro
Apo,4,15000000.0,Duplex,Semi-Detached Duplex,Apo Abuja,2026-06-01 11:41:11,PropertyPro
Wuse,4,20000000.0,Duplex,Terraced Duplex,Wuse 2 Abuja,2026-06-01 11:41:11,PropertyPro
Kubwa,4,15000000.0,Duplex,Detached Duplex,Fo1 Kubwa Abuja,2026-06-01 11:41:11,PropertyPro
Wuse,5,25000000.0,Duplex,Terraced Duplex,"Wuse Zones, Wuse 1 Abuja",2026-06-01 11:41:11,PropertyPro
Kubwa,2,3000000.0,Apartment,Apartment,"Fo1, Kubwa Abuja",2026-06-01 11:41:11,PropertyPro
Maitama,4,50000000.0,Duplex,Detached Duplex,Maitama Abuja,2026-06-01 11:41:11,PropertyPro
Wuye,4,20000000.0,Duplex,Terraced Duplex,Wuye Abuja,2026-06-01 11:41:11,PropertyPro
Life Camp,4,15000000.0,Duplex,Semi-Detached Duplex,Life Camp Abuja,2026-06-01 11:41:11,PropertyPro
Kubwa,4,6500000.0,Duplex,Semi-Detached Duplex,"Fo1, Kubwa Abuja",2026-06-01 11:41:11,PropertyPro
Guzape,4,30000000.0,Duplex,Detached Duplex,Guzape Abuja,2026-06-01 11:41:20,PropertyPro
Guzape,4,12000000.0,Duplex,Terraced Duplex,Guzape Abuja,2026-06-01 11:41:20,PropertyPro
Wuse,4,20000000.0,Duplex,Semi-Detached Duplex,Wuse 1 Abuja,2026-06-01 11:41:20,PropertyPro
Galadimawa,4,10000000.0,Apartment,Apartment,Galadimawa Abuja,2026-06-01 11:41:20,PropertyPro
Wuse,4,30000000.0,Duplex,Semi-Detached Duplex,Wuse 2 Abuja,2026-06-01 11:41:20,PropertyPro
Katampe,3,11000000.0,Apartment,Apartment,Katampe Main Abuja,2026-06-01 11:41:20,PropertyPro
Jahi,4,13000000.0,Duplex,Detached Duplex,Aduvie International Jahi Abuja,2026-06-01 11:41:20,PropertyPro
Kubwa,4,15000000.0,Duplex,Detached Duplex,"Fo1, Kubwa Abuja",2026-06-01 11:41:20,PropertyPro
Guzape,3,8000000.0,Apartment,Apartment,Guzape Abuja,2026-06-01 11:41:20,PropertyPro
Lokogoma,2,3500000.0,Apartment,Apartment,Pengasson Estate Lokogoma Abuja,2026-06-01 11:41:20,PropertyPro
Jabi,4,25000000.0,Duplex,Semi-Detached Duplex,Jabi Abuja,2026-06-01 11:41:20,PropertyPro
Guzape,3,10000000.0,Apartment,Apartment,Guzape Guzape Abuja,2026-06-01 11:41:20,PropertyPro
Guzape,4,18000000.0,Duplex,Terraced Duplex,Guzape Abuja,2026-06-01 11:41:20,PropertyPro
Kubwa,1,2500000.0,Apartment,Apartment,Fo1 Kubwa Abuja,2026-06-01 11:41:20,PropertyPro
Jahi,3,8000000.0,Apartment,Apartment,Jahi Abuja,2026-06-01 11:41:20,PropertyPro
Guzape,4,30000000.0,Duplex,Detached Duplex,Guzape Abuja,2026-06-01 11:41:29,PropertyPro
Kubwa,2,4500000.0,Apartment,Apartment,Fo1 Kubwa Abuja,2026-06-01 11:41:29,PropertyPro
Guzape,5,17000000.0,Duplex,Terraced Duplex,Guzape Abuja,2026-06-01 11:41:29,PropertyPro
Apo,3,7000000.0,Duplex,Terraced Duplex,Wumba Axis Apo Abuja,2026-06-01 11:41:29,PropertyPro
Galadimawa,1,1500000.0,Apartment,Self Contain,Near Lavista Court Estate Galadimawa Abuja,2026-06-01 11:41:29,PropertyPro
Lokogoma,1,1500000.0,Apartment,Apartment,Lokogoma Abuja,2026-06-01 11:41:29,PropertyPro
Jahi,4,16000000.0,Duplex,Terraced Duplex,Jahi Abuja,2026-06-01 11:41:29,PropertyPro
Wuye,4,15000000.0,Duplex,Terraced Duplex,Wuye Abuja,2026-06-01 11:41:29,PropertyPro
Kubwa,2,3000000.0,Apartment,Apartment,Kubwa Abuja,2026-06-01 11:41:29,PropertyPro
Kubwa,2,2500000.0,Apartment,Apartment,"Fcda, Kubwa Abuja",2026-06-01 11:41:29,PropertyPro
Guzape,4,15000000.0,Duplex,Terraced Duplex,Guzape Abuja,2026-06-01 11:41:29,PropertyPro
Jahi,1,2000000.0,Apartment,Self Contain,Ben Ayade Cresent Jahi Jahi Abuja,2026-06-01 11:41:29,PropertyPro
Kubwa,2,4000000.0,Apartment,Apartment,Fo1 Kubwa Abuja,2026-06-01 11:41:29,PropertyPro
Life Camp,4,25000000.0,Duplex,Semi-Detached Duplex,Life Camp Abuja,2026-06-01 11:41:29,PropertyPro
Kubwa,2,3300000.0,Apartment,Apartment,Fo1 Kubwa Abuja,2026-06-01 11:41:29,PropertyPro
Jahi,4,12000000.0,Duplex,Terraced Duplex,"Gilmore, Jahi Abuja",2026-06-01 11:41:29,PropertyPro
Katampe,1,10000000.0,Apartment,Apartment,Katampe Extension Katampe Abuja,2026-06-01 11:41:29,PropertyPro
Lokogoma,1,700000.0,Apartment,Self Contain,Dogongada Behind Efab Estate Lokogoma Abuja,2026-06-01 11:41:29,PropertyPro
Guzape,4,30000000.0,Duplex,Detached Duplex,Guzape Abuja,2026-06-01 11:41:36,PropertyPro
Katampe,4,18000000.0,Duplex,Terraced Duplex,Katampe Main Abuja,2026-06-01 11:41:36,PropertyPro
Kaura,4,8000000.0,Duplex,Detached Duplex,Shelter Estate Kaura (games Village) Abuja,2026-06-01 11:41:36,PropertyPro
Kubwa,2,4000000.0,Apartment,Apartment,"Fo1, Kubwa Abuja",2026-06-01 11:41:36,PropertyPro
Maitama,4,50000000.0,Duplex,Terraced Duplex,Maitama Abuja,2026-06-01 11:41:36,PropertyPro
Gwarinpa,3,8000000.0,Apartment,Apartment,Gwarinpa Abuja,2026-06-01 11:41:36,PropertyPro
Wuye,4,15000000.0,Duplex,Terraced Duplex,Wuye Abuja,2026-06-01 11:41:36,PropertyPro
Wuye,4,20000000.0,Duplex,Terraced Duplex,Wuye Abuja,2026-06-01 11:41:36,PropertyPro
Guzape,4,12000000.0,Duplex,Terraced Duplex,Guzape Abuja,2026-06-01 11:41:36,PropertyPro
Guzape,4,15000000.0,Duplex,Detached Duplex,Guzape Abuja,2026-06-01 11:41:36,PropertyPro
Maitama,4,50000000.0,Duplex,Terraced Duplex,Maitama Abuja,2026-06-01 11:41:36,PropertyPro
Jahi,4,15000000.0,Duplex,Terraced Duplex,Gilmore Jahi Abuja,2026-06-01 11:41:36,PropertyPro
Jahi,4,15000000.0,Duplex,Terraced Duplex,Jahi Abuja,2026-06-01 11:41:36,PropertyPro
Guzape,4,12000000.0,Duplex,Terraced Duplex,Guzape Abuja,2026-06-01 11:41:36,PropertyPro
Jabi,4,55000000.0,Duplex,Terraced Duplex,Jabi Abuja,2026-06-01 11:41:36,PropertyPro
Garki,2,4500000.0,Apartment,Apartment,Garki 1 Abuja,2026-06-01 11:41:36,PropertyPro
Apo,4,8500000.0,Duplex,Detached Duplex,Near Cedar Crest Hospital Apo Dutse Abuja,2026-06-01 11:41:36,PropertyPro
Galadimawa,3,5000000.0,Bungalow,Detached Bungalow,Near Shafa Filling Station Galadimawa Abuja,2026-06-01 11:41:36,PropertyPro
Kubwa,2,3500000.0,Apartment,Apartment,Fo1 Kubwa Abuja,2026-06-01 11:41:36,PropertyPro
Katampe,4,19000000.0,Duplex,Detached Duplex,Katampe Abuja,2026-06-01 11:41:36,PropertyPro
Guzape,4,30000000.0,Duplex,Detached Duplex,Guzape Abuja,2026-06-01 11:41:45,PropertyPro
Katampe,4,19000000.0,Duplex,Detached Duplex,Katampe Abuja,2026-06-01 11:41:45,PropertyPro
Lokogoma,1,500000.0,Apartment,Self Contain,Behind Efab Estate Lokogoma Abuja,2026-06-01 11:41:45,PropertyPro
Kubwa,2,3500000.0,Apartment,Apartment,"Fo1, Kubwa Abuja",2026-06-01 11:41:45,PropertyPro
Kabusa,1,1000000.0,Apartment,Self Contain,Jubilation Estate By Kabusa Garden Estate Dakwo Abuja,2026-06-01 11:41:45,PropertyPro
Kubwa,2,4500000.0,Apartment,Apartment,Fo1 Kubwa Abuja,2026-06-01 11:41:45,PropertyPro
Lokogoma,2,5000000.0,Bungalow,Detached Bungalow,Near Peace Court Estate Lokogoma Abuja,2026-06-01 11:41:45,PropertyPro
Idu,4,8000000.0,Duplex,Detached Duplex,Nyzamiye Hospital Idu Abuja,2026-06-01 11:41:45,PropertyPro
Jahi,4,13000000.0,Duplex,Terraced Duplex,By Gilmore Jahi Abuja,2026-06-01 11:41:45,PropertyPro
Life Camp,1,7000000.0,Apartment,Apartment,Behind Paradise Estate Life Camp Abuja,2026-06-01 11:41:45,PropertyPro
Maitama,3,61669350.0,Apartment,Apartment,Maitama Behind Fruit Market Maitama Abuja,2026-06-01 11:41:45,PropertyPro
Jahi,4,18000000.0,Duplex,Terraced Duplex,Jahi By Aduvie Jahi Abuja,2026-06-01 11:41:45,PropertyPro
Maitama,2,47965050.0,Apartment,Apartment,Maitama By Fruit Market Maitama Abuja,2026-06-01 11:41:45,PropertyPro
Maitama,3,61669350.0,Apartment,Apartment,Maitama By Fruit Market Maitama Abuja,2026-06-01 11:41:45,PropertyPro
Wuse,6,45000000.0,Duplex,Detached Duplex,Wuse 2 Abuja,2026-06-01 11:41:45,PropertyPro
Life Camp,4,15000000.0,Duplex,Terraced Duplex,"Lifecamp District, Life Camp Abuja",2026-06-01 11:41:45,PropertyPro
Garki,3,8000000.0,Apartment,Apartment,By Zoological Garden Area 1 Garki 1 Abuja,2026-06-01 11:41:45,PropertyPro
Maitama,3,61669350.0,Apartment,Apartment,Maitama By Fruit Market Maitama Abuja,2026-06-01 11:41:53,PropertyPro
Gwarinpa,4,15000000.0,Duplex,Semi-Detached Duplex,Gwarinpa District Abuja ( Video Is Attached) Gwarinpa Abuja,2026-06-01 11:41:53,PropertyPro
Guzape,4,15000000.0,Duplex,Terraced Duplex,Guzape District Abuja ( Video Is Available) Guzape Abuja,2026-06-01 11:41:53,PropertyPro
Maitama,4,50000000.0,Duplex,Terraced Duplex,Maitama Abuja,2026-06-01 11:41:53,PropertyPro
Wuye,4,10000000.0,Apartment,Apartment,Wuye Wuye Abuja,2026-06-01 11:41:53,PropertyPro
Guzape,4,12000000.0,Apartment,Apartment,Guzape Guzape Abuja,2026-06-01 11:41:53,PropertyPro
Gwarinpa,1,2000000.0,Apartment,Self Contain,Gwarinpa Gwarinpa Abuja,2026-06-01 11:41:53,PropertyPro
Guzape,4,15000000.0,Duplex,Terraced Duplex,Guzape Guzape Abuja,2026-06-01 11:41:53,PropertyPro
Guzape,4,15000000.0,Duplex,Terraced Duplex,Guzape Guzape Abuja,2026-06-01 11:41:53,PropertyPro
Life Camp,4,15000000.0,Duplex,Terraced Duplex,"Lifecamp, Abuja Life Camp Abuja",2026-06-01 11:41:53,PropertyPro
Wuse,1,2000000.0,Apartment,Self Contain,Wuse Zone Wuse 1 Abuja,2026-06-01 11:41:53,PropertyPro
Gwarinpa,4,7000000.0,Duplex,Terraced Duplex,Brookshore Estate Gwarinpa Abuja,2026-06-01 11:41:53,PropertyPro
Katampe,4,13000000.0,Duplex,Terraced Duplex,Katampe Main Abuja,2026-06-01 11:41:53,PropertyPro
Utako,4,18000000.0,Duplex,Terraced Duplex,Utako Abuja,2026-06-01 11:41:53,PropertyPro
Guzape,4,15000000.0,Duplex,Terraced Duplex,Guzape Abuja,2026-06-01 11:41:53,PropertyPro
Maitama,4,28000000.0,Duplex,Terraced Duplex,Maitama Abuja,2026-06-01 11:41:53,PropertyPro
Asokoro,6,140000000.0,Duplex,Detached Duplex,Asokoro Asokoro Abuja,2026-06-01 11:41:53,PropertyPro
Asokoro,4,25000000.0,Duplex,Terraced Duplex,By Sunrise Hills Asokoro Abuja,2026-06-01 11:41:53,PropertyPro
Gwarinpa,1,1700000.0,Apartment,Self Contain,Gwarinpa Gwarinpa Abuja,2026-06-01 11:41:53,PropertyPro
Mabushi,4,20000000.0,Duplex,Terraced Duplex,Mabushi Mabushi Abuja,2026-06-01 11:41:53,PropertyPro
Maitama,3,61669350.0,Apartment,Apartment,Maitama By Fruit Market Maitama Abuja,2026-06-01 11:42:01,PropertyPro
Gwarinpa,4,7000000.0,Duplex,Semi-Detached Duplex,"In An Estate Gwarinpa Extension, Abuja Gwarinpa Abuja",2026-06-01 11:42:01,PropertyPro
Life Camp,2,4500000.0,Apartment,Apartment,"Close To Beger Yard Lifecamp, Abuja Life Camp Abuja",2026-06-01 11:42:01,PropertyPro
Gaduwa,3,10000000.0,Duplex,Terraced Duplex,"Gaduwa, Abuja Gaduwa Abuja",2026-06-01 11:42:01,PropertyPro
Gwarinpa,4,12000000.0,Duplex,Terraced Duplex,Main Gwarinpa Abuja,2026-06-01 11:42:01,PropertyPro
Maitama,4,30000000.0,Duplex,Terraced Duplex,Maitama Abuja Maitama Abuja,2026-06-01 11:42:01,PropertyPro
Garki,4,30000000.0,Duplex,Semi-Detached Duplex,Garki 2 Abuja,2026-06-01 11:42:01,PropertyPro
Asokoro,4,17000000.0,Duplex,Terraced Duplex,Asokoro Abuja,2026-06-01 11:42:01,PropertyPro
Guzape,5,28000000.0,Duplex,Detached Duplex,Guzape Abuja,2026-06-01 11:42:01,PropertyPro
Wuye,4,20000000.0,Duplex,Terraced Duplex,Wuye Wuye Abuja,2026-06-01 11:42:01,PropertyPro
Wuse,4,20000000.0,Duplex,Terraced Duplex,"Wuse2 District, Wuse 2 Abuja",2026-06-01 11:42:01,PropertyPro
Katampe,3,10000000.0,Apartment,Apartment,Katampe Main Abuja,2026-06-01 11:42:01,PropertyPro
Gwarinpa,1,1600000.0,Apartment,Self Contain,Gwarinpa Abuja,2026-06-01 11:42:01,PropertyPro
Gwarinpa,1,1500000.0,Apartment,Self Contain,Gwarinpa Gwarinpa Abuja,2026-06-01 11:42:01,PropertyPro
Gwarinpa,1,1700000.0,Apartment,Self Contain,"Gwarinpa Extension, Gwarinpa Abuja",2026-06-01 11:42:01,PropertyPro
Gwarinpa,1,1500000.0,Apartment,Self Contain,Gwarimpa Extension Gwarinpa Abuja,2026-06-01 11:42:01,PropertyPro
Asokoro,3,12000000.0,Apartment,Apartment,Admiralty Estate Asokoro Asokoro Abuja,2026-06-01 11:42:01,PropertyPro
Garki,3,8000000.0,Apartment,Apartment,Garki 2 Abuja,2026-06-01 11:42:01,PropertyPro
Wuye,1,2500000.0,Apartment,Self Contain,Wuye Wuye Abuja,2026-06-01 11:42:01,PropertyPro
Maitama,3,61669350.0,Apartment,Apartment,Maitama By Fruit Market Maitama Abuja,2026-06-01 11:42:10,PropertyPro
Gwarinpa,1,1600000.0,Apartment,Self Contain,Gwarinpa Abuja,2026-06-01 11:42:10,PropertyPro
Gwarinpa,1,1500000.0,Apartment,Self Contain,Gwarinpa Abuja,2026-06-01 11:42:10,PropertyPro
Asokoro,6,75000000.0,Duplex,Terraced Duplex,"Aso Villa, Asokoro, Asokoro Abuja",2026-06-01 11:42:10,PropertyPro
Apo,4,13000000.0,Duplex,Terraced Duplex,"Apo By Gudu Junction, By Ceadercrest Hospital Apo Abuja",2026-06-01 11:42:10,PropertyPro
Guzape,2,7000000.0,Apartment,Apartment,Fha/enl Estate Guzape Abuja,2026-06-01 11:42:10,PropertyPro
Wuse,5,40000000.0,Duplex,Terraced Duplex,An Estate Wuse 2 Abuja,2026-06-01 11:42:10,PropertyPro
Gaduwa,3,10000000.0,Duplex,Terraced Duplex,Gaduwa District Abuja. ( Video Is Available) Gaduwa Abuja,2026-06-01 11:42:10,PropertyPro
Mabushi,4,20000000.0,Duplex,Detached Duplex,Mabushi Mabushi Abuja,2026-06-01 11:42:10,PropertyPro
Gwarinpa,1,1500000.0,Apartment,Self Contain,Gwarinpa Gwarinpa Abuja,2026-06-01 11:42:10,PropertyPro
Guzape,4,15000000.0,Duplex,Terraced Duplex,Guzape Guzape Abuja,2026-06-01 11:42:10,PropertyPro
Gwarinpa,1,1500000.0,Apartment,Self Contain,Gwarinpa Gwarinpa Abuja,2026-06-01 11:42:10,PropertyPro
Garki,5,25000000.0,Duplex,Detached Duplex,Garki2 Garki 2 Abuja,2026-06-01 11:42:10,PropertyPro
Gwarinpa,1,1500000.0,Apartment,Self Contain,Gwarinpa Gwarinpa Abuja,2026-06-01 11:42:10,PropertyPro
Guzape,5,35000000.0,Duplex,Detached Duplex,Guzape Abuja,2026-06-01 11:42:10,PropertyPro
Guzape,3,15000000.0,Duplex,Terraced Duplex,Guzape Abuja,2026-06-01 11:42:10,PropertyPro
Garki,6,30000000.0,Duplex,Detached Duplex,Area 11 Garki 2 Abuja,2026-06-01 11:42:10,PropertyPro
Asokoro,2,10000000.0,Apartment,Apartment,Asokoro Asokoro Abuja,2026-06-01 11:42:10,PropertyPro
Guzape,3,10000000.0,Apartment,Apartment,Guzape Abuja,2026-06-01 11:42:10,PropertyPro
Guzape,4,30000000.0,Duplex,Detached Duplex,Guzape Abuja,2026-06-01 11:42:17,PropertyPro
Garki,1,3000000.0,Apartment,Apartment,Area 11 Garki 2 Abuja,2026-06-01 11:42:17,PropertyPro
Guzape,4,20000000.0,Duplex,Terraced Duplex,Guzape Abuja,2026-06-01 11:42:17,PropertyPro
Wuse,3,15000000.0,Apartment,Apartment,Wuse2 Wuse 2 Abuja,2026-06-01 11:42:17,PropertyPro
Wuse,2,6000000.0,Apartment,Apartment,Wuse2 Wuse 2 Abuja,2026-06-01 11:42:17,PropertyPro
Life Camp,1,1200000.0,Apartment,Self Contain,Lifecamp Life Camp Abuja,2026-06-01 11:42:17,PropertyPro
Gwarinpa,1,1400000.0,Apartment,Self Contain,Gwarinpa Abuja,2026-06-01 11:42:17,PropertyPro
Wuse,2,8000000.0,Apartment,Apartment,Wuse Zone 6 Wuse 1 Abuja,2026-06-01 11:42:17,PropertyPro
Guzape,4,25000000.0,Duplex,Terraced Duplex,Guzape Abuja,2026-06-01 11:42:17,PropertyPro
Wuse,6,45000000.0,Duplex,Detached Duplex,Wuse 2 Abuja,2026-06-01 11:42:17,PropertyPro
Gwarinpa,3,6000000.0,Apartment,Apartment,Gwarinpa Gwarinpa Abuja,2026-06-01 11:42:17,PropertyPro
Wuse,5,50000000.0,Duplex,Detached Duplex,Wuse2 Wuse 2 Abuja,2026-06-01 11:42:17,PropertyPro
Garki,3,13000000.0,Apartment,Apartment,By Cbn Quarters Garki 2 Abuja,2026-06-01 11:42:17,PropertyPro
Gwarinpa,4,10000000.0,Duplex,Detached Duplex,"2nd Avenue, Gwarinpa Abuja",2026-06-01 11:42:17,PropertyPro
Life Camp,4,15000000.0,Duplex,Terraced Duplex,By Catholic Church Life Camp Abuja,2026-06-01 11:42:17,PropertyPro
Jabi,4,35000000.0,Duplex,Semi-Detached Duplex,Jabi District Abuja. Jabi Abuja,2026-06-01 11:42:17,PropertyPro
Durumi,4,15000000.0,Duplex,Terraced Duplex,By America School Durumi Abuja,2026-06-01 11:42:17,PropertyPro
Maitama,3,61669350.0,Apartment,Apartment,Maitama By Fruit Market Maitama Abuja,2026-06-01 11:42:27,PropertyPro
Gwarinpa,4,7000000.0,Duplex,Semi-Detached Duplex,In An Estate Gwarinpa Extension Gwarinpa Abuja,2026-06-01 11:42:27,PropertyPro
Karsana,4,8000000.0,Duplex,Terraced Duplex,Gwarimpa Extension Karsana Gwarinpa Abuja,2026-06-01 11:42:27,PropertyPro
Gaduwa,4,9000000.0,Duplex,Terraced Duplex,After The Catholic Church Gaduwa Abuja,2026-06-01 11:42:27,PropertyPro
Katampe,4,15000000.0,Duplex,Terraced Duplex,Katampe Main Katampe Main Abuja,2026-06-01 11:42:27,PropertyPro
Asokoro,2,27000000.0,Apartment,Apartment,"Aso Villa, Asokoro Abuja",2026-06-01 11:42:27,PropertyPro
Katampe,3,7000000.0,Apartment,Apartment,Diplomatic Zone. (video Of The Apartment Is Available) Katampe Extension Katampe Abuja,2026-06-01 11:42:27,PropertyPro
Jahi,3,10000000.0,Apartment,Apartment,Gilmore Construction Jahi Abuja,2026-06-01 11:42:27,PropertyPro
Wuse,2,20000000.0,Apartment,Apartment,"Wuse2, Abuja. Wuse 2 Abuja",2026-06-01 11:42:27,PropertyPro
Jahi,3,10000000.0,Apartment,Apartment,By Gilmore Jahi Abuja,2026-06-01 11:42:27,PropertyPro
Life Camp,4,13000000.0,Duplex,Semi-Detached Duplex,Life Camp Abuja,2026-06-01 11:42:27,PropertyPro
Life Camp,4,15000000.0,Duplex,Detached Duplex,Life Camp Abuja,2026-06-01 11:42:27,PropertyPro
Gwarinpa,4,12000000.0,Duplex,Semi-Detached Duplex,3rd Avenue Gwarinpa Abuja,2026-06-01 11:42:27,PropertyPro
Gwarinpa,1,1700000.0,Apartment,Self Contain,"Efab Queens Estate, Gwarinpa Abuja",2026-06-01 11:42:27,PropertyPro
Guzape,4,25000000.0,Duplex,Detached Duplex,Guzape Abuja,2026-06-01 11:42:27,PropertyPro
Guzape,4,16000000.0,Duplex,Terraced Duplex,Guzape Abuja,2026-06-01 11:42:27,PropertyPro
Life Camp,4,12000000.0,Duplex,Terraced Duplex,After Berger Clinic Life Camp Abuja,2026-06-01 11:42:27,PropertyPro
Gwarinpa,1,1900000.0,Apartment,Self Contain,Gwarinpa Abuja,2026-06-01 11:42:27,PropertyPro
Maitama,3,61669350.0,Apartment,Apartment,Maitama By Fruit Market Maitama Abuja,2026-06-01 11:42:34,PropertyPro
Katampe,4,15000000.0,Duplex,Terraced Duplex,Katampe Main Katampe Main Abuja,2026-06-01 11:42:34,PropertyPro
Gwarinpa,3,7500000.0,Apartment,Apartment,Gwarinpa Gwarinpa Abuja,2026-06-01 11:42:34,PropertyPro
Wuse,1,1800000.0,Apartment,Self Contain,Wuse 1 Abuja,2026-06-01 11:42:34,PropertyPro
Wuse,5,20000000.0,Duplex,Detached Duplex,Wuse Zone 6 Wuse 1 Abuja,2026-06-01 11:42:34,PropertyPro
Gwarinpa,4,10000000.0,Duplex,Terraced Duplex,"Gwarinpa Inside Dantata Estate, Gwarinpa Abuja",2026-06-01 11:42:34,PropertyPro
Gwarinpa,1,1500000.0,Apartment,Self Contain,Efab Estate / Gwarimpa Extension Gwarinpa Abuja,2026-06-01 11:42:34,PropertyPro
Jahi,3,8000000.0,Apartment,Apartment,Jahi By Living Faith Jahi Abuja,2026-06-01 11:42:34,PropertyPro
Mabushi,3,7000000.0,Apartment,Apartment,Mabushi Mabushi Abuja,2026-06-01 11:42:34,PropertyPro
Wuse,4,50000000.0,Duplex,Detached Duplex,Wuse 2 Abuja,2026-06-01 11:42:34,PropertyPro
Gwarinpa,1,2500000.0,Apartment,Apartment,Gwarinpa Gwarinpa Abuja,2026-06-01 11:42:34,PropertyPro
Guzape,4,19000000.0,Duplex,Terraced Duplex,Guzape Abuja,2026-06-01 11:42:34,PropertyPro
Guzape,3,10500000.0,Apartment,Apartment,Guzape Abuja,2026-06-01 11:42:34,PropertyPro
Kado,5,20000000.0,Duplex,Detached Duplex,Kado Kado Abuja,2026-06-01 11:42:34,PropertyPro
Life Camp,3,7000000.0,Apartment,Apartment,Lifecamp Life Camp Abuja,2026-06-01 11:42:34,PropertyPro
Life Camp,2,4500000.0,Apartment,Apartment,Nnpc Estate Life Camp Abuja,2026-06-01 11:42:34,PropertyPro
Jahi,4,15000000.0,Duplex,Semi-Detached Duplex,Jahi Jahi Abuja,2026-06-01 11:42:34,PropertyPro
Gwarinpa,4,20000000.0,Duplex,Terraced Duplex,Gwarinpa Abuja,2026-06-01 11:42:34,PropertyPro
Garki,3,7000000.0,Apartment,Apartment,Area 11 Garki 2 Abuja,2026-06-01 11:42:34,PropertyPro
Guzape,4,30000000.0,Duplex,Detached Duplex,Guzape Abuja,2026-06-01 11:42:43,PropertyPro
Jahi,3,15000000.0,Apartment,Apartment,"Jahi Gilmore, Abuja Jahi Abuja",2026-06-01 11:42:43,PropertyPro
Guzape,2,7000000.0,Apartment,Apartment,Fha Guzape Abuja,2026-06-01 11:42:43,PropertyPro
Gwarinpa,1,3500000.0,Apartment,Apartment,Gwarinpa Abuja,2026-06-01 11:42:43,PropertyPro
Asokoro,3,70000000.0,Duplex,Detached Duplex,"Presidential Villa, Asokoro Abuja",2026-06-01 11:42:43,PropertyPro
Gwarinpa,1,1300000.0,Apartment,Self Contain,Gwarinpa Abuja,2026-06-01 11:42:43,PropertyPro
Wuse,1,4000000.0,Apartment,Apartment,Wuse 2 Abuja,2026-06-01 11:42:43,PropertyPro
Mabushi,1,4000000.0,Apartment,Apartment,Mabushi Mabushi Abuja,2026-06-01 11:42:43,PropertyPro
Mabushi,4,15000000.0,Duplex,Terraced Duplex,Mabushi Mabushi Abuja,2026-06-01 11:42:43,PropertyPro
Life Camp,1,3500000.0,Apartment,Apartment,Billard Estate Lifecamp Life Camp Abuja,2026-06-01 11:42:43,PropertyPro
Wuye,1,5000000.0,Apartment,Apartment,Wuye Abuja,2026-06-01 11:42:43,PropertyPro
Apo,4,15000000.0,Duplex,Terraced Duplex,"Apo Gudu District, By Ceadercrest Hospital Apo Abuja",2026-06-01 11:42:43,PropertyPro
Gwarinpa,4,12000000.0,Duplex,Detached Duplex,"Work And Housing Estate, Gwarinpa Abuja",2026-06-01 11:42:43,PropertyPro
Gwarinpa,1,1500000.0,Apartment,Self Contain,69 Road Gwarinpa Abuja,2026-06-01 11:42:43,PropertyPro
Jabi,4,15000000.0,Duplex,Terraced Duplex,By Citec Mbora District After Jabi. Mbora (nbora) Abuja,2026-06-01 11:42:43,PropertyPro
Mabushi,4,50000000.0,Duplex,Terraced Duplex,Mabushi District Abuja (video Of The House Is Attached Maitama Abuja,2026-06-01 11:42:43,PropertyPro
Katampe,4,20000000.0,Duplex,Terraced Duplex,Diplomatic Zone Katampe Extension Katampe Abuja,2026-06-01 11:42:43,PropertyPro
Maitama,4,36000000.0,Duplex,Terraced Duplex,Maitama Abuja,2026-06-01 11:42:43,PropertyPro
Life Camp,4,7000000.0,Duplex,Terraced Duplex,Brains And Hammers Life Camp Abuja,2026-06-01 11:42:43,PropertyPro
Maitama,3,61669350.0,Apartment,Apartment,Maitama By Fruit Market Maitama Abuja,2026-06-01 11:42:49,PropertyPro
Guzape,3,10000000.0,Apartment,Apartment,Guzape Abuja,2026-06-01 11:42:49,PropertyPro
Wuye,3,8000000.0,Apartment,Apartment,Wuye Abuja,2026-06-01 11:42:49,PropertyPro
Maitama,4,50000000.0,Duplex,Semi-Detached Duplex,Maitama Maitama Abuja,2026-06-01 11:42:49,PropertyPro
Gwarinpa,3,10000000.0,Bungalow,Detached Bungalow,Gwarinpa Extension Gwarinpa Abuja,2026-06-01 11:42:49,PropertyPro
Guzape,4,35000000.0,Duplex,Terraced Duplex,Guzape Guzape Abuja,2026-06-01 11:42:49,PropertyPro
Garki,3,60000000.0,Apartment,Apartment,Garki 2 Abuja,2026-06-01 11:42:49,PropertyPro
Wuse,1,2000000.0,Apartment,Self Contain,Wuse Zone 1 Wuse 1 Abuja,2026-06-01 11:42:49,PropertyPro
Asokoro,1,5000000.0,Apartment,Apartment,Naf Valley Estate Asokoro Asokoro Abuja,2026-06-01 11:42:49,PropertyPro
Wuse,5,60000000.0,Duplex,Detached Duplex,Wuse2 Wuse 2 Abuja,2026-06-01 11:42:49,PropertyPro
Mabushi,2,8000000.0,Apartment,Apartment,Mabushi Mabushi Abuja,2026-06-01 11:42:49,PropertyPro
Wuse,4,25000000.0,Bungalow,Detached Bungalow,Zone 7 Wuse 1 Abuja,2026-06-01 11:42:49,PropertyPro
Asokoro,3,65000000.0,Duplex,Detached Duplex,"Aso Villa, Asokoro Abuja",2026-06-01 11:42:49,PropertyPro
Asokoro,4,25000000.0,Duplex,Semi-Detached Duplex,Asokoro Abuja,2026-06-01 11:42:49,PropertyPro
Life Camp,4,13000000.0,Duplex,Terraced Duplex,Lifecamp District Abuja. Life Camp Abuja,2026-06-01 11:42:49,PropertyPro
Jahi,4,15000000.0,Duplex,Terraced Duplex,"Jahi District, By Gilmore Construction. Jahi Abuja",2026-06-01 11:42:49,PropertyPro
Gwarinpa,4,7000000.0,Duplex,Semi-Detached Duplex,"In An Estate Gwarinpa Extension, Abuja Gwarinpa Abuja",2026-06-01 11:42:49,PropertyPro
Gwarinpa,5,20000000.0,Duplex,Detached Duplex,Efab Metropolis Gwarinpa Abuja,2026-06-01 11:42:49,PropertyPro
Maitama,3,61669350.0,Apartment,Apartment,Maitama By Fruit Market Maitama Abuja,2026-06-01 11:42:57,PropertyPro
Gwarinpa,4,12000000.0,Duplex,Detached Duplex,"2nd Avenue, Gwarinpa Abuja",2026-06-01 11:42:57,PropertyPro
Gwarinpa,4,10000000.0,Duplex,Terraced Duplex,Ipent7 By Map Global Estate Gwarinpa Abuja,2026-06-01 11:42:57,PropertyPro
Life Camp,4,8000000.0,Duplex,Semi-Detached Duplex,"Life Camp, Abuja Life Camp Abuja",2026-06-01 11:42:57,PropertyPro
Utako,1,4500000.0,Apartment,Apartment,Utako Abuja,2026-06-01 11:42:57,PropertyPro
Gwarinpa,4,10000000.0,Duplex,Terraced Duplex,Dantata Estate Gwarimpa Gwarinpa Abuja,2026-06-01 11:42:57,PropertyPro
Guzape,4,30000000.0,Duplex,Semi-Detached Duplex,Guzape Abuja,2026-06-01 11:42:57,PropertyPro
Apo,4,285000000.0,Duplex,Detached Duplex,"Carlton Gate Estate, Beside Kolapo Ishola Gra Akobo Ibadan Oyo",2026-06-01 11:42:57,PropertyPro
Asokoro,4,18000000.0,Duplex,Semi-Detached Duplex,Naf Valley Estate Asokoro Abuja,2026-06-01 11:42:57,PropertyPro
Jahi,1,3500000.0,Apartment,Apartment,Jahi Abuja,2026-06-01 11:42:57,PropertyPro
Wuye,1,2000000.0,Apartment,Self Contain,Wuye Abuja,2026-06-01 11:42:57,PropertyPro
Garki,3,20000000.0,Apartment,Apartment,Garki 2 Abuja,2026-06-01 11:42:57,PropertyPro
Garki,3,7000000.0,Apartment,Apartment,Garki 2 Abuja,2026-06-01 11:42:57,PropertyPro
Gwarinpa,1,1500000.0,Apartment,Self Contain,Gwarinpa Abuja,2026-06-01 11:42:57,PropertyPro
Gwarinpa,4,10000000.0,Duplex,Terraced Duplex,Gwarinpa Abuja,2026-06-01 11:42:57,PropertyPro
Mabushi,5,35000000.0,Duplex,Detached Duplex,Mabushi Mabushi Abuja,2026-06-01 11:42:57,PropertyPro
Wuse,3,7500000.0,Apartment,Apartment,Wuse Zone Wuse 1 Abuja,2026-06-01 11:42:57,PropertyPro
Gaduwa,4,10000000.0,Duplex,Terraced Duplex,"Gaduwa District, Gaduwa Abuja",2026-06-01 11:42:57,PropertyPro
Asokoro,4,25000000.0,Duplex,Detached Duplex,Naf Valley Estate Asokoro Asokoro Abuja,2026-06-01 11:42:57,PropertyPro
Guzape,4,30000000.0,Duplex,Detached Duplex,Guzape Abuja,2026-06-01 11:43:03,PropertyPro
Idu,1,3000000.0,Apartment,Apartment,Close To Turkish Hospital Idu Abuja,2026-06-01 11:43:03,PropertyPro
Wuse,5,40000000.0,Duplex,Terraced Duplex,An Estate Wuse 2 Abuja,2026-06-01 11:43:03,PropertyPro
Wuse,5,40000000.0,Duplex,Terraced Duplex,An Estate Wuse 2 Abuja,2026-06-01 11:43:03,PropertyPro
Katampe,4,15000000.0,Duplex,Terraced Duplex,Katampe Main Abuja,2026-06-01 11:43:03,PropertyPro
Katampe,4,18000000.0,Duplex,Terraced Duplex,Katampe Main By Nicon Katampe Main Abuja,2026-06-01 11:43:03,PropertyPro
Katampe,3,8000000.0,Apartment,Apartment,"Katampe Main, Abuja Katampe Main Abuja",2026-06-01 11:43:03,PropertyPro
Gwarinpa,1,3000000.0,Apartment,Apartment,Gwarinpa Abuja,2026-06-01 11:43:03,PropertyPro
Guzape,3,10000000.0,Apartment,Apartment,Guzape Guzape Abuja,2026-06-01 11:43:03,PropertyPro
Gwarinpa,1,2500000.0,Apartment,Apartment,Gwarinpa Gwarinpa Abuja,2026-06-01 11:43:03,PropertyPro
Maitama,1,1500000.0,Apartment,Self Contain,Maitama Abuja,2026-06-01 11:43:03,PropertyPro
Gaduwa,4,8000000.0,Duplex,Terraced Duplex,Gaduwa Abuja,2026-06-01 11:43:03,PropertyPro
Asokoro,1,7000000.0,Bungalow,Detached Bungalow,Asokoro Asokoro Abuja,2026-06-01 11:43:03,PropertyPro
Maitama,7,90000000.0,Duplex,Detached Duplex,Maitama Maitama Abuja,2026-06-01 11:43:03,PropertyPro
Utako,6,40000000.0,Duplex,Detached Duplex,Utako Abuja,2026-06-01 11:43:03,PropertyPro
Wuse,3,13000000.0,Apartment,Apartment,Wuse 2 Abuja,2026-06-01 11:43:03,PropertyPro
Gwarinpa,1,1800000.0,Apartment,Self Contain,Gwarinpa Gwarinpa Abuja,2026-06-01 11:43:03,PropertyPro
Asokoro,3,12500000.0,Duplex,Terraced Duplex,"Admiralty Estate, Asokoro Abuja",2026-06-01 11:43:03,PropertyPro
Asokoro,1,6500000.0,Apartment,Apartment,Asokoro Main Asokoro Abuja,2026-06-01 11:43:03,PropertyPro
Maitama,3,61669350.0,Apartment,Apartment,Maitama By Fruit Market Maitama Abuja,2026-06-01 11:43:11,PropertyPro
Jabi,3,13000000.0,Duplex,Terraced Duplex,Jabi Abuja,2026-06-01 11:43:11,PropertyPro
Guzape,4,15000000.0,Duplex,Terraced Duplex,Guzape Guzape Abuja,2026-06-01 11:43:11,PropertyPro
Guzape,4,15000000.0,Duplex,Terraced Duplex,Guzape Guzape Abuja,2026-06-01 11:43:11,PropertyPro
Life Camp,3,5500000.0,Apartment,Apartment,Lifecamp Life Camp Abuja,2026-06-01 11:43:11,PropertyPro
Wuse,5,45000000.0,Duplex,Detached Duplex,"Wuse2, Abuja. Wuse 2 Abuja",2026-06-01 11:43:11,PropertyPro
Asokoro,1,2500000.0,Apartment,Self Contain,Naf Valley Estate Asokoro Abuja,2026-06-01 11:43:11,PropertyPro
Asokoro,1,2200000.0,Apartment,Self Contain,Naf Valley Estate Asokoro Abuja,2026-06-01 11:43:11,PropertyPro
Guzape,5,15000000.0,Duplex,Terraced Duplex,Guzape Guzape Abuja,2026-06-01 11:43:11,PropertyPro
Wuye,1,2750000.0,Apartment,Self Contain,Wuye Wuye Abuja,2026-06-01 11:43:11,PropertyPro
Jabi,4,19000000.0,Duplex,Terraced Duplex,Jabi Abuja Jabi Abuja,2026-06-01 11:43:11,PropertyPro
Gwarinpa,1,1600000.0,Apartment,Self Contain,Gwarimpa Extension Gwarinpa Abuja,2026-06-01 11:43:11,PropertyPro
Gwarinpa,1,1500000.0,Apartment,Self Contain,Gwarimpa Extension Gwarinpa Abuja,2026-06-01 11:43:11,PropertyPro
Katampe,4,25000000.0,Duplex,Terraced Duplex,Diplomatic Zone Katampe Extension Katampe Abuja,2026-06-01 11:43:11,PropertyPro
Jahi,3,12500000.0,Apartment,Apartment,"Jahi District, By Gilmore Construction. Jahi Abuja",2026-06-01 11:43:11,PropertyPro
Life Camp,4,25000000.0,Duplex,Semi-Detached Duplex,"Lifecamp District, Life Camp Abuja",2026-06-01 11:43:11,PropertyPro
Guzape,4,30000000.0,Duplex,Terraced Duplex,Guzape Guzape Abuja,2026-06-01 11:43:11,PropertyPro
Guzape,4,30000000.0,Duplex,Detached Duplex,Guzape Abuja,2026-06-01 11:43:19,PropertyPro
Guzape,4,30000000.0,Duplex,Terraced Duplex,Guzape Guzape Abuja,2026-06-01 11:43:19,PropertyPro
Wuse,10,50000000.0,Duplex,Detached Duplex,Wuse Zone 3 Wuse 1 Abuja,2026-06-01 11:43:19,PropertyPro
Life Camp,2,4200000.0,Apartment,Apartment,Berger Clinic Life Camp Abuja,2026-06-01 11:43:19,PropertyPro
Katampe,4,20000000.0,Duplex,Detached Duplex,Diplomatic Zone Katampe Abuja,2026-06-01 11:43:19,PropertyPro
Gwarinpa,3,8000000.0,Apartment,Apartment,6th Avenue Gwarimpa Gwarinpa Abuja,2026-06-01 11:43:19,PropertyPro
Katampe,3,7000000.0,Apartment,Apartment,Katampe Extension Katampe Abuja,2026-06-01 11:43:19,PropertyPro
Asokoro,4,25000000.0,Duplex,Detached Duplex,Asokoro Abuja,2026-06-01 11:43:19,PropertyPro
Life Camp,4,10000000.0,Duplex,Terraced Duplex,Main Life Camp Abuja,2026-06-01 11:43:19,PropertyPro
Life Camp,2,4500000.0,Apartment,Apartment,"In An Estate Lifecamp, Abuja Life Camp Abuja",2026-06-01 11:43:19,PropertyPro
Mabushi,3,8000000.0,Apartment,Apartment,Mabushi Abuja,2026-06-01 11:43:19,PropertyPro
Gwarinpa,1,1700000.0,Apartment,Self Contain,Main Gwarinpa Abuja,2026-06-01 11:43:19,PropertyPro
Guzape,5,13500000.0,Duplex,Terraced Duplex,Guzape Guzape Abuja,2026-06-01 11:43:19,PropertyPro
Gwarinpa,1,1900000.0,Apartment,Self Contain,Gwarinpa Gwarinpa Abuja,2026-06-01 11:43:19,PropertyPro
Jabi,3,7000000.0,Apartment,Apartment,Jabi Abuja,2026-06-01 11:43:19,PropertyPro
Jabi,3,8000000.0,Apartment,Apartment,Jabi Jabi Abuja,2026-06-01 11:43:19,PropertyPro
Wuye,1,2500000.0,Apartment,Self Contain,Wuye Wuye Abuja,2026-06-01 11:43:19,PropertyPro
Asokoro,1,3000000.0,Apartment,Self Contain,Asokoro Main Asokoro Abuja,2026-06-01 11:43:19,PropertyPro
Maitama,4,30000000.0,Duplex,Terraced Duplex,Maitama Abuja,2026-06-01 11:43:19,PropertyPro
Apo,4,15000000.0,Duplex,Semi-Detached Duplex,Near Cedar Crest Hospital Apo Apo Abuja,2026-06-01 11:43:19,PropertyPro
Wuse,4,30000000.0,Duplex,Semi-Detached Duplex,Wuse Zone Abuja Wuse 1 Abuja,2026-06-01 11:43:19,PropertyPro
Maitama,3,61669350.0,Apartment,Apartment,Maitama By Fruit Market Maitama Abuja,2026-06-01 11:43:27,PropertyPro
Life Camp,4,15000000.0,Duplex,Terraced Duplex,"Lifecamp District, Life Camp Abuja",2026-06-01 11:43:27,PropertyPro
Maitama,4,30000000.0,Duplex,Terraced Duplex,Off Ibb Way ( Video Is Available) Maitama Abuja,2026-06-01 11:43:27,PropertyPro
Utako,1,2000000.0,Apartment,Self Contain,Utako Utako Abuja,2026-06-01 11:43:27,PropertyPro
Gwarinpa,4,12000000.0,Duplex,Detached Duplex,In An Estate Gwarinpa Gwarinpa Abuja,2026-06-01 11:43:27,PropertyPro
Guzape,4,13000000.0,Duplex,Terraced Duplex,Guzape Guzape Abuja,2026-06-01 11:43:27,PropertyPro
Kukwaba,2,7500000.0,Apartment,Apartment,Apex Garden Estate Kukwaba Abuja,2026-06-01 11:43:27,PropertyPro
Wuse,5,28000000.0,Duplex,Terraced Duplex,Zone Wuse 1 Abuja,2026-06-01 11:43:27,PropertyPro
Asokoro,3,14000000.0,Duplex,Terraced Duplex,Naf Valley Estate Asokoro Asokoro Abuja,2026-06-01 11:43:27,PropertyPro
Life Camp,3,10000000.0,Duplex,Terraced Duplex,Life Camp Abuja,2026-06-01 11:43:27,PropertyPro
Gwarinpa,4,8000000.0,Duplex,Detached Duplex,Off 3rd Avenue Gwarinpa Abuja,2026-06-01 11:43:27,PropertyPro
Asokoro,2,7000000.0,Apartment,Apartment,Naf Valley Estate Asokoro Abuja,2026-06-01 11:43:27,PropertyPro
Lokogoma,3,6000000.0,Bungalow,Detached Bungalow,"Sunnyvale Estate, Lokogoma Abuja",2026-06-01 11:43:27,PropertyPro
Guzape,5,25000000.0,Duplex,Semi-Detached Duplex,Guzape Guzape Abuja,2026-06-01 11:43:27,PropertyPro
Jahi,1,6000000.0,Apartment,Apartment,Jahi Abuja,2026-06-01 11:43:27,PropertyPro
Asokoro,4,20000000.0,Duplex,Semi-Detached Duplex,"Naf Valley Estate, Asokoro Abuja",2026-06-01 11:43:27,PropertyPro
Wuse,4,25000000.0,Duplex,Terraced Duplex,Wuse 2 Abuja Wuse 2 Abuja,2026-06-01 11:43:27,PropertyPro
Jahi,2,8500000.0,Apartment,Apartment,Jahi Jahi Abuja,2026-06-01 11:43:27,PropertyPro
Asokoro,4,30000000.0,Duplex,Detached Duplex,Admiralty Estate (navy Estate) Asokoro Abuja,2026-06-01 11:43:27,PropertyPro
Maitama,3,61669350.0,Apartment,Apartment,Maitama By Fruit Market Maitama Abuja,2026-06-01 11:43:35,PropertyPro
Maitama,1,2000000.0,Apartment,Self Contain,Maitama Maitama Abuja,2026-06-01 11:43:35,PropertyPro
Gwarinpa,1,1500000.0,Apartment,Self Contain,Gwarinpa Gwarinpa Abuja,2026-06-01 11:43:35,PropertyPro
Asokoro,3,8000000.0,Apartment,Apartment,Asokoro Abuja,2026-06-01 11:43:35,PropertyPro
Gwarinpa,1,1500000.0,Apartment,Self Contain,Gwarinpa Abuja,2026-06-01 11:43:35,PropertyPro
Asokoro,3,12000000.0,Duplex,Terraced Duplex,Asokoro Main Asokoro Abuja,2026-06-01 11:43:35,PropertyPro
Asokoro,5,100000000.0,Duplex,Detached Duplex,Asokoro Asokoro Abuja,2026-06-01 11:43:35,PropertyPro
Guzape,4,35000000.0,Duplex,Detached Duplex,Guzape Guzape Abuja,2026-06-01 11:43:35,PropertyPro
Wuse,5,40000000.0,Duplex,Terraced Duplex,An Estate Wuse 2 Abuja,2026-06-01 11:43:35,PropertyPro
Kubwa,2,3500000.0,Apartment,Apartment,Kubwa Abuja,2026-06-01 11:43:35,PropertyPro
Guzape,2,8000000.0,Duplex,Detached Duplex,Guzape Abuja,2026-06-01 11:43:35,PropertyPro
Kubwa,1,1500000.0,Apartment,Apartment,Arab Road Kubwa Kubwa Abuja,2026-06-01 11:43:35,PropertyPro
Wuye,1,3500000.0,Apartment,Apartment,Wuye Wuye Abuja,2026-06-01 11:43:35,PropertyPro
Wuse,4,30000000.0,Duplex,Semi-Detached Duplex,Wuse Wuse 1 Abuja,2026-06-01 11:43:35,PropertyPro
Mabushi,5,12000000.0,Duplex,Terraced Duplex,Mabushi District Abuja Mabushi Abuja,2026-06-01 11:43:35,PropertyPro
Gwarinpa,1,1800000.0,Apartment,Self Contain,Gwarinpa Gwarinpa Abuja,2026-06-01 11:43:35,PropertyPro
Gwarinpa,1,1000000.0,Apartment,Self Contain,Gwarinpa Abuja,2026-06-01 11:43:35,PropertyPro
Maitama,3,61669350.0,Apartment,Apartment,Maitama By Fruit Market Maitama Abuja,2026-06-01 11:43:42,PropertyPro
Asokoro,2,6000000.0,Apartment,Apartment,Asokoro Asokoro Abuja,2026-06-01 11:43:42,PropertyPro
Wuse,3,25000000.0,Bungalow,Detached Bungalow,Wuse Zone 3 Wuse 1 Abuja,2026-06-01 11:43:42,PropertyPro
Guzape,3,10000000.0,Apartment,Apartment,Guzape Abuja,2026-06-01 11:43:42,PropertyPro
Wuse,2,6000000.0,Apartment,Apartment,Wuse 2 Abuja,2026-06-01 11:43:42,PropertyPro
Life Camp,3,4500000.0,Apartment,Apartment,"In An Estate Lifecamp, Abuja Life Camp Abuja",2026-06-01 11:43:42,PropertyPro
Asokoro,1,2000000.0,Apartment,Self Contain,"Naf Valley Estate, Asokoro Abuja",2026-06-01 11:43:42,PropertyPro
Life Camp,3,8000000.0,Apartment,Apartment,Paradise Estate 1 Lifecamp Life Camp Abuja,2026-06-01 11:43:42,PropertyPro
Asokoro,2,10000000.0,Apartment,Apartment,Asokoro Asokoro Abuja,2026-06-01 11:43:42,PropertyPro
Maitama,5,60000000.0,Duplex,Detached Duplex,Maitama Maitama Abuja,2026-06-01 11:43:42,PropertyPro
Durumi,3,7000000.0,Apartment,Apartment,Durumi By American International... Durumi Abuja,2026-06-01 11:43:42,PropertyPro
Garki,3,8000000.0,Apartment,Apartment,Garki2 Garki 2 Abuja,2026-06-01 11:43:42,PropertyPro
Asokoro,4,20000000.0,Duplex,Terraced Duplex,Asokoro Asokoro Abuja,2026-06-01 11:43:42,PropertyPro
Life Camp,3,5500000.0,Apartment,Apartment,By Berger Clinic Life Camp Abuja,2026-06-01 11:43:42,PropertyPro
Lugbe,4,10000000.0,Duplex,Detached Duplex,River Park Estate Lugbe Lugbe Abuja,2026-06-01 11:43:42,PropertyPro
Asokoro,1,2500000.0,Apartment,Self Contain,Asokoro Abuja,2026-06-01 11:43:42,PropertyPro
Life Camp,2,4000000.0,Apartment,Apartment,Life Camp Abuja,2026-06-01 11:43:42,PropertyPro
Gwarinpa,1,2000000.0,Apartment,Apartment,"In An Estate Gwarinpa Extension, Abuja Gwarinpa Abuja",2026-06-01 11:43:42,PropertyPro
Apo,4,10000000.0,Duplex,Terraced Duplex,"Apo Gudu District,( By Cedarcrest Hospital) Apo Abuja",2026-06-01 11:43:42,PropertyPro
Guzape,4,30000000.0,Duplex,Detached Duplex,Guzape Abuja,2026-06-01 11:43:51,PropertyPro
Asokoro,4,18000000.0,Duplex,Semi-Detached Duplex,Naf Estate Asokoro Abuja,2026-06-01 11:43:51,PropertyPro
Wuse,1,1800000.0,Apartment,Self Contain,"Wuse Zone, Wuse 1 Abuja",2026-06-01 11:43:51,PropertyPro
Kubwa,2,2500000.0,Bungalow,Detached Bungalow,2/1 Kubwa Abuja,2026-06-01 11:43:51,PropertyPro
Life Camp,4,8000000.0,Duplex,Semi-Detached Duplex,"In An Estate Lifecamp,abuja Life Camp Abuja",2026-06-01 11:43:51,PropertyPro
Asokoro,1,7000000.0,Apartment,Apartment,Asokoro Abuja,2026-06-01 11:43:51,PropertyPro
Kubwa,1,1500000.0,Apartment,Apartment,Arab Road Kubwa Kubwa Abuja,2026-06-01 11:43:51,PropertyPro
Gwarinpa,1,3000000.0,Apartment,Apartment,Gwarinpa Gwarinpa Abuja,2026-06-01 11:43:51,PropertyPro
Wuse,4,30000000.0,Bungalow,Detached Bungalow,Wuse Zone 2 Wuse 1 Abuja,2026-06-01 11:43:51,PropertyPro
Maitama,5,30000000.0,Duplex,Detached Duplex,Maitama Abuja Maitama Abuja,2026-06-01 11:43:51,PropertyPro
Wuse,1,2000000.0,Apartment,Self Contain,Wuse 1 Abuja,2026-06-01 11:43:51,PropertyPro
Jahi,4,15000000.0,Duplex,Terraced Duplex,Jahi Abuja,2026-06-01 11:43:51,PropertyPro
Life Camp,4,8500000.0,Duplex,Terraced Duplex,In An Estate Around Godab Life Camp Abuja,2026-06-01 11:43:51,PropertyPro
Life Camp,2,4500000.0,Apartment,Apartment,"In An Estate Lifecamp, Abuja Life Camp Abuja",2026-06-01 11:43:51,PropertyPro
Maitama,4,40000000.0,Duplex,Semi-Detached Duplex,"Minster Hill, Maitama, Abuja Maitama Abuja",2026-06-01 11:43:51,PropertyPro
Lokogoma,4,8000000.0,Duplex,Semi-Detached Duplex,Lokogoma District Abuja. Lokogoma Abuja,2026-06-01 11:43:51,PropertyPro
Life Camp,2,8000000.0,Apartment,Apartment,"Lifecamp, Abuja Life Camp Abuja",2026-06-01 11:43:51,PropertyPro
Wuse,4,30000000.0,Duplex,Semi-Detached Duplex,"Wuse Zone 4, Wuse 1 Abuja",2026-06-01 11:43:51,PropertyPro
Life Camp,2,6000000.0,Apartment,Apartment,"Billard Estate, Life Camp Abuja",2026-06-01 11:43:51,PropertyPro
Guzape,4,30000000.0,Duplex,Detached Duplex,Guzape Abuja,2026-06-01 11:43:57,PropertyPro
Katampe,4,18000000.0,Duplex,Terraced Duplex,Katampe Extension Katampe Abuja,2026-06-01 11:43:57,PropertyPro
Katampe,4,22000000.0,Duplex,Terraced Duplex,"Diplomatic Zone, Katampe Extension Katampe Abuja",2026-06-01 11:43:57,PropertyPro
Life Camp,4,20000000.0,Duplex,Terraced Duplex,After The Magistrate Court. Life Camp Abuja,2026-06-01 11:43:57,PropertyPro
Asokoro,7,130000000.0,Duplex,Detached Duplex,Asokoro Abuja Asokoro Abuja,2026-06-01 11:43:57,PropertyPro
Katampe,4,16000000.0,Duplex,Terraced Duplex,Katampe Main District Abuja. Katampe Main Abuja,2026-06-01 11:43:57,PropertyPro
Asokoro,4,20000000.0,Duplex,Terraced Duplex,Naf Valley Estate Asokoro Abuja,2026-06-01 11:43:57,PropertyPro
Gwarinpa,1,1500000.0,Apartment,Self Contain,Gwarinpa Abuja,2026-06-01 11:43:57,PropertyPro
Asokoro,4,40000000.0,Duplex,Detached Duplex,Asokoro Abuja,2026-06-01 11:43:57,PropertyPro
Garki,5,14000000.0,Duplex,Terraced Duplex,Garki2 Garki 2 Abuja,2026-06-01 11:43:57,PropertyPro
Asokoro,3,15000000.0,Apartment,Apartment,"Admiralty Estate, Asokoro Abuja",2026-06-01 11:43:57,PropertyPro
Wuse,4,25000000.0,Duplex,Terraced Duplex,Wuse Zone4 Wuse 1 Abuja,2026-06-01 11:43:57,PropertyPro
Gwarinpa,2,5000000.0,Apartment,Apartment,Off 3rd Avenue Gwarinpa Abuja,2026-06-01 11:43:57,PropertyPro
Life Camp,4,10000000.0,Duplex,Terraced Duplex,In An Estate Around Godab Life Camp Abuja,2026-06-01 11:43:57,PropertyPro
Asokoro,5,30000000.0,Duplex,Detached Duplex,Admiralty Estate Asokoro Abuja,2026-06-01 11:43:57,PropertyPro
Maitama,3,61669350.0,Apartment,Apartment,Maitama By Fruit Market Maitama Abuja,2026-06-01 11:44:03,PropertyPro
Maitama,1,3000000.0,Apartment,Apartment,Maitama Maitama Abuja,2026-06-01 11:44:03,PropertyPro
Life Camp,1,1500000.0,Apartment,Self Contain,Life Camp Abuja,2026-06-01 11:44:03,PropertyPro
Wuse,1,4000000.0,Apartment,Apartment,Wuse Zone 6 Wuse 1 Abuja,2026-06-01 11:44:03,PropertyPro
Life Camp,4,9000000.0,Duplex,Terraced Duplex,Life Camp Abuja,2026-06-01 11:44:03,PropertyPro
Gwarinpa,1,1000000.0,Apartment,Self Contain,Gwarinpa Abuja,2026-06-01 11:44:03,PropertyPro
Mabushi,1,1500000.0,Apartment,Self Contain,Mabushi Mabushi Abuja,2026-06-01 11:44:03,PropertyPro
Asokoro,1,4000000.0,Apartment,Apartment,Naf Valley Estate Asokoro Asokoro Abuja,2026-06-01 11:44:03,PropertyPro
Gwarinpa,4,10000000.0,Duplex,Detached Duplex,Gwarinpa Abuja,2026-06-01 11:44:03,PropertyPro
Wuse,5,40000000.0,Duplex,Terraced Duplex,An Estate Wuse 2 Abuja,2026-06-01 11:44:03,PropertyPro
Gwarinpa,1,2500000.0,Apartment,Apartment,Gwarinpa Abuja,2026-06-01 11:44:03,PropertyPro
Asokoro,4,15000000.0,Duplex,Terraced Duplex,"Navy Estate, Asokoro Abuja",2026-06-01 11:44:03,PropertyPro
Wuse,4,30000000.0,Duplex,Detached Duplex,Wuse Zone 1 Wuse 1 Abuja,2026-06-01 11:44:03,PropertyPro
Life Camp,5,25000000.0,Duplex,Detached Duplex,Lifecamp District Abuja ( Video Of The House Is (available) Life Camp Abuja,2026-06-01 11:44:03,PropertyPro
Wuse,3,10000000.0,Apartment,Apartment,"Wuse Zone 6, Wuse 1 Abuja",2026-06-01 11:44:03,PropertyPro
Wuse,3,15000000.0,Apartment,Apartment,Wuse 2 Abuja,2026-06-01 11:44:03,PropertyPro
Wuse,2,7500000.0,Apartment,Apartment,Wuse2 Wuse 2 Abuja,2026-06-01 11:44:03,PropertyPro
Life Camp,2,4500000.0,Apartment,Apartment,"After Berger Clinic, Life Camp Abuja",2026-06-01 11:44:03,PropertyPro
Guzape,4,30000000.0,Duplex,Detached Duplex,Guzape Abuja,2026-06-01 11:44:12,PropertyPro
Wuse,3,12000000.0,Apartment,Apartment,Wuse2 Wuse 2 Abuja,2026-06-01 11:44:12,PropertyPro
Asokoro,1,2000000.0,Apartment,Self Contain,Asokoro Asokoro Abuja,2026-06-01 11:44:12,PropertyPro
Wuye,1,2000000.0,Apartment,Self Contain,Wuye Abuja,2026-06-01 11:44:12,PropertyPro
Wuye,4,15000000.0,Duplex,Detached Duplex,Close To Family Worship Wuye Abuja,2026-06-01 11:44:12,PropertyPro
Wuye,2,7000000.0,Apartment,Apartment,Wuye Main Wuye Abuja,2026-06-01 11:44:12,PropertyPro
Life Camp,4,7000000.0,Duplex,Detached Duplex,Life Camp Life Camp Abuja,2026-06-01 11:44:12,PropertyPro
Mabushi,4,25000000.0,Duplex,Semi-Detached Duplex,Mabushi Mabushi Abuja,2026-06-01 11:44:12,PropertyPro
Jabi,2,6000000.0,Apartment,Apartment,Jabi Main Jabi Abuja,2026-06-01 11:44:12,PropertyPro
Mabushi,3,12000000.0,Apartment,Apartment,Mabushi Mabushi Abuja,2026-06-01 11:44:12,PropertyPro
Maitama,5,50000000.0,Duplex,Semi-Detached Duplex,Maitama Main Maitama Abuja,2026-06-01 11:44:12,PropertyPro
Guzape,3,7000000.0,Apartment,Apartment,Guzape Fha Guzape Abuja,2026-06-01 11:44:12,PropertyPro
Mabushi,1,4000000.0,Apartment,Apartment,Mabushi Mabushi Abuja,2026-06-01 11:44:12,PropertyPro
Asokoro,2,10000000.0,Bungalow,Detached Bungalow,Diplomatic Zone Asokoro Abuja,2026-06-01 11:44:12,PropertyPro
Wuse,3,8000000.0,Apartment,Apartment,Around Aminu Kano Crescent Wuse 2 Wuse 2 Abuja,2026-06-01 11:44:12,PropertyPro
Kubwa,2,2700000.0,Duplex,Terraced Duplex,"Ushafa Scc Road, Kubwa Abuja",2026-06-01 11:44:12,PropertyPro
Galadimawa,2,4500000.0,Apartment,Apartment,Galadimawa Galadimawa Abuja,2026-06-01 11:44:12,PropertyPro
Mabushi,4,15000000.0,Duplex,Terraced Duplex,Mabushi Mabushi Abuja,2026-06-01 11:44:12,PropertyPro
Idu,3,6000000.0,Apartment,Apartment,Idu By Turkish Hospital Idu Abuja,2026-06-01 11:44:12,PropertyPro
Galadimawa,4,13000000.0,Duplex,Detached Duplex,In An Estate Galadimawa Abuja,2026-06-01 11:44:12,PropertyPro
Maitama,3,61669350.0,Apartment,Apartment,Maitama By Fruit Market Maitama Abuja,2026-06-01 11:44:18,PropertyPro
Wuye,2,7000000.0,Apartment,Apartment,Wuye Main Wuye Abuja,2026-06-01 11:44:18,PropertyPro
Kado,3,7000000.0,Apartment,Apartment,Kado Next Cash And Carry Kado Abuja,2026-06-01 11:44:18,PropertyPro
Idu,4,15000000.0,Duplex,Detached Duplex,By Nizamiye Hospital Idu Abuja,2026-06-01 11:44:18,PropertyPro
Mabushi,3,8000000.0,Apartment,Apartment,Mabushi Mabushi Abuja,2026-06-01 11:44:18,PropertyPro
Galadimawa,1,3000000.0,Apartment,Apartment,In An Estate Galadimawa Abuja,2026-06-01 11:44:18,PropertyPro
Gwarinpa,1,3200000.0,Apartment,Apartment,Dawaki By News Engineering Gwarinpa Abuja,2026-06-01 11:44:18,PropertyPro
Gwarinpa,1,3000000.0,Apartment,Apartment,Dawaki By News Engineering Gwarinpa Abuja,2026-06-01 11:44:18,PropertyPro
Durumi,2,4500000.0,Apartment,Apartment,Durumi District Durumi Abuja,2026-06-01 11:44:18,PropertyPro
Wuye,1,5000000.0,Apartment,Apartment,Wuye Main Wuye Abuja,2026-06-01 11:44:18,PropertyPro
Garki,2,5000000.0,Apartment,Apartment,Area 11 Garki 1 Abuja,2026-06-01 11:44:18,PropertyPro
Apo,1,2000000.0,Apartment,Self Contain,Apo Legislative Qtrs Apo Abuja,2026-06-01 11:44:18,PropertyPro
Jahi,4,25000000.0,Duplex,Terraced Duplex,Jahi Gilmore Jahi Abuja,2026-06-01 11:44:18,PropertyPro
Life Camp,4,15000000.0,Duplex,Terraced Duplex,Life Camp Main Life Camp Abuja,2026-06-01 11:44:18,PropertyPro
Mabushi,4,12000000.0,Duplex,Terraced Duplex,Mabushi Mabushi Abuja,2026-06-01 11:44:18,PropertyPro
Gwarinpa,2,5000000.0,Apartment,Apartment,Dawaki News Engineering Road Gwarinpa Abuja,2026-06-01 11:44:18,PropertyPro
Life Camp,2,5000000.0,Duplex,Terraced Duplex,Life Camp Life Camp Abuja,2026-06-01 11:44:18,PropertyPro
Lugbe,2,4000000.0,Duplex,Detached Duplex,Von Road Lugbe Lugbe Abuja,2026-06-01 11:44:18,PropertyPro
Life Camp,1,1500000.0,Apartment,Apartment,By Ghana Intl School Life Camp Abuja,2026-06-01 11:44:18,PropertyPro
Gwarinpa,3,7000000.0,Duplex,Terraced Duplex,Gwarinpa Abuja,2026-06-01 11:44:18,PropertyPro
Maitama,3,61669350.0,Apartment,Apartment,Maitama By Fruit Market Maitama Abuja,2026-06-01 11:44:24,PropertyPro
Mabushi,4,12000000.0,Apartment,Apartment,Mabushi Mabushi Abuja,2026-06-01 11:44:24,PropertyPro
Garki,2,6000000.0,Apartment,Apartment,Area 11 Garki 1 Abuja,2026-06-01 11:44:24,PropertyPro
Durumi,3,6000000.0,Apartment,Apartment,Durumi Durumi Abuja,2026-06-01 11:44:24,PropertyPro
Katampe,2,3000000.0,Apartment,Apartment,"Katampe Main By Nicon Junction, Katampe Main Abuja",2026-06-01 11:44:24,PropertyPro
Utako,4,15000000.0,Duplex,Semi-Detached Duplex,Utako District Utako Abuja,2026-06-01 11:44:24,PropertyPro
Jahi,2,4500000.0,Apartment,Apartment,Jahi District By Aduve Jahi Abuja,2026-06-01 11:44:24,PropertyPro
Wuse,2,4000000.0,Apartment,Apartment,Wuse 1 Abuja,2026-06-01 11:44:24,PropertyPro
Mabushi,2,14500000.0,Apartment,Apartment,Mabushi District Mabushi Abuja,2026-06-01 11:44:24,PropertyPro
Wuse,2,4000000.0,Apartment,Apartment,Wuse Zone1 Zone 1 Wuse 1 Abuja,2026-06-01 11:44:24,PropertyPro
Katampe,3,3000000.0,Apartment,Apartment,Katampe Main Katampe Main Abuja,2026-06-01 11:44:24,PropertyPro
Jabi,4,15000000.0,Duplex,Semi-Detached Duplex,Jabi District Jabi Abuja,2026-06-01 11:44:24,PropertyPro
Utako,3,8000000.0,Apartment,Apartment,Utako District Utako Abuja,2026-06-01 11:44:24,PropertyPro
Jabi,3,30000000.0,Apartment,Apartment,Jabi Jabi Abuja,2026-06-01 11:44:24,PropertyPro
Katampe,4,15000000.0,Duplex,Terraced Duplex,Katampe Main Katampe Main Abuja,2026-06-01 11:44:24,PropertyPro
Utako,1,4500000.0,Apartment,Apartment,Utako District Utako Abuja,2026-06-01 11:44:24,PropertyPro
Wuye,3,7500000.0,Apartment,Apartment,Wuye Abuja,2026-06-01 11:44:24,PropertyPro
Wuse,1,4500000.0,Apartment,Apartment,Wuse2 Wuse 2 Abuja,2026-06-01 11:44:24,PropertyPro
Mabushi,4,15000000.0,Duplex,Terraced Duplex,By V I O Mabushi Abuja,2026-06-01 11:44:24,PropertyPro
Maitama,3,61669350.0,Apartment,Apartment,Maitama By Fruit Market Maitama Abuja,2026-06-01 11:44:31,PropertyPro
Wuse,3,15000000.0,Bungalow,Detached Bungalow,Wuse Zone6 Wuse 1 Abuja,2026-06-01 11:44:31,PropertyPro
Katampe,3,9000000.0,Apartment,Apartment,Katampe Main By Aso Radio Katampe Main Abuja,2026-06-01 11:44:31,PropertyPro
Guzape,4,30000000.0,Duplex,Terraced Duplex,Guzape District Guzape Abuja,2026-06-01 11:44:31,PropertyPro
Maitama,4,35000000.0,Duplex,Detached Duplex,Maitama Abuja,2026-06-01 11:44:31,PropertyPro
Maitama,5,80000000.0,Duplex,Detached Duplex,Maitama Abuja,2026-06-01 11:44:31,PropertyPro
Kado,4,20000000.0,Duplex,Terraced Duplex,Kado Abuja,2026-06-01 11:44:31,PropertyPro
Apo,3,10000000.0,Duplex,Terraced Duplex,"Cedar Crest Hospital, Apo Fct Abuja. Zone B Apo Abuja",2026-06-01 11:44:31,PropertyPro
Wuse,3,40000000.0,Apartment,Apartment,"Wuse 2 District Fct, Wuse 2 Abuja",2026-06-01 11:44:31,PropertyPro
Jahi,3,10000000.0,Apartment,Apartment,Gilmore District Jahi Abuja,2026-06-01 11:44:31,PropertyPro
Mabushi,3,10000000.0,Apartment,Apartment,Mabushi Abuja,2026-06-01 11:44:31,PropertyPro
Asokoro,2,7000000.0,Duplex,Terraced Duplex,"Naf Valley Estate, Asokoro Fct Abuja. Asokoro Abuja",2026-06-01 11:44:31,PropertyPro
Katampe,5,25000000.0,Duplex,Detached Duplex,Extention Katampe Extension Katampe Abuja,2026-06-01 11:44:31,PropertyPro
Guzape,4,17000000.0,Duplex,Terraced Duplex,Guzape Main Guzape Abuja,2026-06-01 11:44:31,PropertyPro
Guzape,3,13000000.0,Apartment,Apartment,Guzape Main Guzape Abuja,2026-06-01 11:44:31,PropertyPro
Guzape,4,15000000.0,Duplex,Detached Duplex,Guzape Main Guzape Abuja,2026-06-01 11:44:31,PropertyPro
Guzape,4,16000000.0,Duplex,Detached Duplex,Guzape Main Guzape Abuja,2026-06-01 11:44:31,PropertyPro
Guzape,4,25000000.0,Duplex,Detached Duplex,Guzape Main Guzape Abuja,2026-06-01 11:44:31,PropertyPro
Asokoro,3,15000000.0,Bungalow,Detached Bungalow,Asokoro Main Asokoro Abuja,2026-06-01 11:44:31,PropertyPro
Mabushi,4,11000000.0,Duplex,Detached Duplex,In A Mini Estate Mabushi Abuja,2026-06-01 11:44:31,PropertyPro
Wuye,4,30000000.0,Duplex,Detached Duplex,Wuye Main In A Mini Estate Wuye Abuja,2026-06-01 11:44:31,PropertyPro
Guzape,4,30000000.0,Duplex,Detached Duplex,Guzape Abuja,2026-06-01 11:44:38,PropertyPro
Guzape,4,40000000.0,Duplex,Detached Duplex,Guzape Main Guzape Abuja,2026-06-01 11:44:38,PropertyPro
Maitama,4,40000000.0,Duplex,Detached Duplex,Maitama Main Maitama Abuja,2026-06-01 11:44:38,PropertyPro
Jahi,3,15000000.0,Apartment,Apartment,Jahi Abuja,2026-06-01 11:44:38,PropertyPro
Jahi,4,20000000.0,Duplex,Detached Duplex,Lakeview Jahi Jahi Abuja,2026-06-01 11:44:38,PropertyPro
Guzape,4,15000000.0,Duplex,Terraced Duplex,Guzape By Hmedix Guzape Abuja,2026-06-01 11:44:38,PropertyPro
Katampe,4,20000000.0,Duplex,Terraced Duplex,Katampe Extension Katampe Extension Katampe Abuja,2026-06-01 11:44:38,PropertyPro
Guzape,8,80000000.0,Duplex,Detached Duplex,Guzape Main Guzape Abuja,2026-06-01 11:44:38,PropertyPro
Guzape,5,25000000.0,Duplex,Terraced Duplex,Guzape Main Guzape Abuja,2026-06-01 11:44:38,PropertyPro
Gaduwa,4,10000000.0,Duplex,Terraced Duplex,In An Estate Gaduwa Abuja,2026-06-01 11:44:38,PropertyPro
Asokoro,5,40000000.0,Duplex,Detached Duplex,Asokoro Main Asokoro Abuja,2026-06-01 11:44:38,PropertyPro
Guzape,4,25000000.0,Duplex,Semi-Detached Duplex,Guzape Main Guzape Abuja,2026-06-01 11:44:38,PropertyPro
Asokoro,3,18000000.0,Duplex,Terraced Duplex,Naf Valley Asokoro Asokoro Abuja,2026-06-01 11:44:38,PropertyPro
Garki,4,20000000.0,Duplex,Terraced Duplex,Garki Area One Axis Area 1 Garki 1 Abuja,2026-06-01 11:44:38,PropertyPro
Apo,4,15000000.0,Duplex,Detached Duplex,Apo Legislative By Dme Apo Abuja,2026-06-01 11:44:38,PropertyPro
Guzape,5,25000000.0,Duplex,Terraced Duplex,Guzape Main Mini Estate Guzape Abuja,2026-06-01 11:44:38,PropertyPro
Guzape,4,30000000.0,Duplex,Terraced Duplex,Guzape Main Guzape Abuja,2026-06-01 11:44:38,PropertyPro
Apo,4,12000000.0,Duplex,Terraced Duplex,Apo Legislative Zone B Apo Abuja,2026-06-01 11:44:38,PropertyPro
Maitama,5,80000000.0,Duplex,Detached Duplex,Maitama Main Maitama Abuja,2026-06-01 11:44:38,PropertyPro
Wuse,4,30000000.0,Duplex,Detached Duplex,Wuse 2 Abuja,2026-06-01 11:44:38,PropertyPro
Maitama,3,61669350.0,Apartment,Apartment,Maitama By Fruit Market Maitama Abuja,2026-06-01 11:44:47,PropertyPro
Jabi,3,15000000.0,Duplex,Detached Duplex,Jabi Abuja,2026-06-01 11:44:47,PropertyPro
Apo,4,13000000.0,Duplex,Detached Duplex,Apo Lokogoma Axis By Copa Cabana Estate Apo Abuja,2026-06-01 11:44:47,PropertyPro
Kado,4,20000000.0,Duplex,Terraced Duplex,Kado Abuja,2026-06-01 11:44:47,PropertyPro
Lokogoma,3,6000000.0,Bungalow,Detached Bungalow,Lokogoma Abuja,2026-06-01 11:44:47,PropertyPro
Kaura,3,8500000.0,Apartment,Apartment,Kaura (games Village) Abuja,2026-06-01 11:44:47,PropertyPro
Wuse,4,35000000.0,Duplex,Semi-Detached Duplex,Wuse 2 Abuja,2026-06-01 11:44:47,PropertyPro
Mabushi,4,15000000.0,Duplex,Terraced Duplex,Mabushi Abuja,2026-06-01 11:44:47,PropertyPro
Life Camp,3,7000000.0,Duplex,Terraced Duplex,Life Camp Abuja,2026-06-01 11:44:47,PropertyPro
Apo,4,10000000.0,Duplex,Semi-Detached Duplex,Apo Dutse Abuja,2026-06-01 11:44:47,PropertyPro
Maitama,3,50000000.0,Duplex,Detached Duplex,Maitama Abuja,2026-06-01 11:44:47,PropertyPro
Wuse,3,61669350.0,Apartment,Apartment,Wuse 2 Abuja,2026-06-01 11:44:47,PropertyPro
Asokoro,6,45000000.0,Duplex,Detached Duplex,Asokoro Asokoro Abuja,2026-06-01 11:44:47,PropertyPro
Apo,3,10000000.0,Duplex,Terraced Duplex,Apo Abuja,2026-06-01 11:44:47,PropertyPro
Apo,4,6500000.0,Duplex,Terraced Duplex,Apo Resettlement Apo Abuja,2026-06-01 11:44:47,PropertyPro
Guzape,4,30000000.0,Duplex,Detached Duplex,Guzape Abuja,2026-06-01 11:44:53,PropertyPro
Idu,4,9000000.0,Duplex,Terraced Duplex,Idu Abuja,2026-06-01 11:44:53,PropertyPro
Katampe,6,35000000.0,Duplex,Detached Duplex,Katampe Extension Katampe Abuja,2026-06-01 11:44:53,PropertyPro
Lokogoma,4,6000000.0,Duplex,Detached Duplex,Lokogoma Abuja,2026-06-01 11:44:53,PropertyPro
Jabi,6,25000000.0,Duplex,Detached Duplex,Jabi Abuja,2026-06-01 11:44:53,PropertyPro
Durumi,3,5500000.0,Apartment,Apartment,Durumi Abuja,2026-06-01 11:44:53,PropertyPro
Lokogoma,1,2500000.0,Apartment,Self Contain,Lokogoma Abuja,2026-06-01 11:44:53,PropertyPro
Apo,4,10000000.0,Duplex,Semi-Detached Duplex,Apo Dutse Abuja,2026-06-01 11:44:53,PropertyPro
Apo,4,10000000.0,Duplex,Terraced Duplex,Apo By Cedar Crest Apo Abuja,2026-06-01 11:44:53,PropertyPro
Maitama,4,25000000.0,Duplex,Detached Duplex,Maitama Abuja,2026-06-01 11:44:53,PropertyPro
Apo,4,6500000.0,Duplex,Terraced Duplex,Apo Legislative Apo Abuja,2026-06-01 11:44:53,PropertyPro
Maitama,4,35000000.0,Duplex,Terraced Duplex,Maitama Abuja,2026-06-01 11:44:53,PropertyPro
Asokoro,6,45000000.0,Duplex,Detached Duplex,Asokoro Abuja,2026-06-01 11:44:53,PropertyPro
Asokoro,6,45000000.0,Duplex,Detached Duplex,Asokoro Asokoro Abuja,2026-06-01 11:44:53,PropertyPro
Lugbe,2,3000000.0,Apartment,Apartment,Airport Road Lugbe Abuja,2026-06-01 11:44:53,PropertyPro
Lugbe,4,7000000.0,Duplex,Detached Duplex,Nut Axis Lugbe Lugbe Abuja,2026-06-01 11:44:53,PropertyPro
Lugbe,2,4000000.0,Apartment,Apartment,Along Von Garden Estate Road Lugbe Abuja,2026-06-01 11:44:53,PropertyPro
Lugbe,4,7000000.0,Duplex,Terraced Duplex,Seaman Estate Lugbe Abuja,2026-06-01 11:44:53,PropertyPro
Maitama,3,61669350.0,Apartment,Apartment,Maitama By Fruit Market Maitama Abuja,2026-06-01 11:45:01,PropertyPro
Lugbe,3,6000000.0,Bungalow,Detached Bungalow,"Von Garden Estate, Lugbe Abuja",2026-06-01 11:45:01,PropertyPro
Lugbe,3,3500000.0,Apartment,Apartment,Aso Estate Lugbe Lugbe Abuja,2026-06-01 11:45:01,PropertyPro
Lugbe,3,5500000.0,Bungalow,Detached Bungalow,Along Von Garden Estate Road Lugbe Abuja,2026-06-01 11:45:01,PropertyPro
Lugbe,4,6500000.0,Duplex,Detached Duplex,Along Von Garden Estate Road Lugbe Abuja,2026-06-01 11:45:01,PropertyPro
Lugbe,3,4000000.0,Bungalow,Detached Bungalow,Pyakasa Lugbe Lugbe Abuja,2026-06-01 11:45:01,PropertyPro
Lugbe,1,1000000.0,Apartment,Self Contain,Pyakasa Lugbe Abuja,2026-06-01 11:45:01,PropertyPro
Lugbe,1,2000000.0,Apartment,Apartment,Pyakasa Lugbe Lugbe Abuja,2026-06-01 11:45:01,PropertyPro
Lugbe,1,1500000.0,Apartment,Apartment,Fha Lugbe Lugbe Abuja,2026-06-01 11:45:01,PropertyPro
Lugbe,3,5000000.0,Apartment,Apartment,"River Park Estate, Lugbe Abuja",2026-06-01 11:45:01,PropertyPro
Lugbe,1,2000000.0,Apartment,Apartment,Pyakasa Lugbe Lugbe Abuja,2026-06-01 11:45:01,PropertyPro
Lugbe,1,900000.0,Apartment,Self Contain,"Pyakasa, Lugbe Abuja",2026-06-01 11:45:01,PropertyPro
Lugbe,2,2400000.0,Apartment,Apartment,Sauka New Site Estate Lugbe Abuja,2026-06-01 11:45:01,PropertyPro
Lugbe,1,650000.0,Apartment,Self Contain,Fha Extension Lugbe Abuja,2026-06-01 11:45:01,PropertyPro
Lugbe,4,6500000.0,Duplex,Detached Duplex,Behind Dunamis Glory Dome Church Lugbe Abuja,2026-06-01 11:45:01,PropertyPro
Lugbe,2,2800000.0,Apartment,Apartment,"Fha, Lugbe Abuja",2026-06-01 11:45:01,PropertyPro
Jahi,4,13000000.0,Duplex,Terraced Duplex,Jahi Gilmore Lugbe Abuja,2026-06-01 11:45:01,PropertyPro
Lugbe,3,7500000.0,Duplex,Semi-Detached Duplex,"River Park Estate, Lugbe Abuja",2026-06-01 11:45:01,PropertyPro
Lugbe,4,10000000.0,Duplex,Detached Duplex,Behind Shafa Filling Station Lugbe Lugbe Abuja,2026-06-01 11:45:01,PropertyPro
Lugbe,4,10000000.0,Duplex,Detached Duplex,River Park Estate Lugbe Abuja,2026-06-01 11:45:01,PropertyPro
Lugbe,4,6000000.0,Duplex,Detached Duplex,"Along Von Garden Estate Road, Lugbe Abuja",2026-06-01 11:45:01,PropertyPro
Maitama,3,61669350.0,Apartment,Apartment,Maitama By Fruit Market Maitama Abuja,2026-06-01 11:45:08,PropertyPro
Lugbe,4,10000000.0,Duplex,Detached Duplex,"River Park Estate, Lugbe Abuja",2026-06-01 11:45:08,PropertyPro
Lugbe,1,1700000.0,Apartment,Apartment,Along Von Garden Estate Road Lugbe Abuja,2026-06-01 11:45:08,PropertyPro
Lugbe,1,2500000.0,Apartment,Apartment,"Before Dunamis Glory Dome Church, Lugbe Abuja",2026-06-01 11:45:08,PropertyPro
Lugbe,1,750000.0,Apartment,Self Contain,"Fha Extension, Lugbe Abuja",2026-06-01 11:45:08,PropertyPro
Lugbe,2,2000000.0,Apartment,Apartment,Fha Lugbe Lugbe Abuja,2026-06-01 11:45:08,PropertyPro
Lugbe,4,4500000.0,Duplex,Detached Duplex,Along Von Garden Estate Road Lugbe Abuja,2026-06-01 11:45:08,PropertyPro
Lugbe,4,5500000.0,Duplex,Terraced Duplex,Along Von Garden Estate Road Lugbe Abuja,2026-06-01 11:45:08,PropertyPro
Lugbe,3,4000000.0,Bungalow,Detached Bungalow,"Von Garden Estate, Lugbe Abuja",2026-06-01 11:45:08,PropertyPro
Lugbe,3,4700000.0,Bungalow,Detached Bungalow,Kapua Lugbe Abuja,2026-06-01 11:45:08,PropertyPro
Maitama,3,61669350.0,Apartment,Apartment,Maitama By Fruit Market Maitama Abuja,2026-06-01 11:45:08,PropertyPro
Lugbe,1,2000000.0,Apartment,Apartment,Pyakasa Lugbe Lugbe Abuja,2026-06-01 11:45:08,PropertyPro
Lugbe,1,850000.0,Apartment,Self Contain,Fha Extension Lugbe Lugbe Abuja,2026-06-01 11:45:08,PropertyPro
Lugbe,2,3500000.0,Apartment,Apartment,Lugbe Abuja,2026-06-01 11:45:08,PropertyPro
Lugbe,3,4500000.0,Apartment,Apartment,Along Von Garden Estate Road Lugbe Abuja,2026-06-01 11:45:08,PropertyPro
Lugbe,4,5000000.0,Duplex,Terraced Duplex,"Opposite Dunamis Glory Dome Church, Lugbe Abuja",2026-06-01 11:45:08,PropertyPro
Lugbe,1,700000.0,Apartment,Self Contain,Lugbe Abuja Lugbe Abuja,2026-06-01 11:45:08,PropertyPro
Lugbe,3,3000000.0,Apartment,Apartment,Behind Dunamis Glory Dome Church Lugbe Abuja,2026-06-01 11:45:08,PropertyPro
Lugbe,2,2200000.0,Apartment,Apartment,Fha Lugbe Abuja,2026-06-01 11:45:08,PropertyPro
Lugbe,1,900000.0,Apartment,Self Contain,Fha Axis Lugbe Lugbe Abuja,2026-06-01 11:45:08,PropertyPro
Lugbe,2,2000000.0,Apartment,Apartment,Fha Lugbe Lugbe Abuja,2026-06-01 11:45:08,PropertyPro
Guzape,4,30000000.0,Duplex,Detached Duplex,Guzape Abuja,2026-06-01 11:45:15,PropertyPro
Lugbe,4,200000000.0,Duplex,Detached Duplex,"Lugbe Airport Road, Lugbe Abuja",2026-06-01 11:45:15,PropertyPro
Lugbe,1,1000000.0,Apartment,Self Contain,Pyakasa Lugbe Lugbe Abuja,2026-06-01 11:45:15,PropertyPro
Lugbe,4,5000000.0,Duplex,Terraced Duplex,Along Von Garden Estate Road Lugbe Abuja,2026-06-01 11:45:15,PropertyPro
Lugbe,4,4000000.0,Apartment,Apartment,Dunamis Glory Dome Axis Lugbe Abuja,2026-06-01 11:45:15,PropertyPro
Lugbe,1,2000000.0,Apartment,Apartment,Pyakasa Lugbe Lugbe Abuja,2026-06-01 11:45:15,PropertyPro
Lugbe,2,4000000.0,Apartment,Apartment,Nut Axis Lugbe Abuja,2026-06-01 11:45:15,PropertyPro
Lugbe,2,4000000.0,Apartment,Apartment,"Behind Dunamis Glory Dome Church, Lugbe Abuja",2026-06-01 11:45:15,PropertyPro
Lugbe,2,2000000.0,Apartment,Apartment,Crd Fha Lugbe Lugbe Abuja,2026-06-01 11:45:15,PropertyPro
Lugbe,1,900000.0,Apartment,Self Contain,"Samaglobal Estate, Lugbe Abuja",2026-06-01 11:45:15,PropertyPro
Lugbe,1,700000.0,Apartment,Self Contain,Fha Extension Lugbe Lugbe Abuja,2026-06-01 11:45:15,PropertyPro
Lugbe,1,700000.0,Apartment,Self Contain,Peace Village Fha Lugbe Lugbe Abuja,2026-06-01 11:45:15,PropertyPro
Lugbe,3,5000000.0,Bungalow,Detached Bungalow,"Von Garden Estate, Lugbe Abuja",2026-06-01 11:45:15,PropertyPro
Mabushi,4,15000000.0,Duplex,Terraced Duplex,Mabushi Abuja,2026-06-01 11:45:15,PropertyPro
Lugbe,2,5000000.0,Apartment,Apartment,River Park Estate Lugbe Abuja,2026-06-01 11:45:15,PropertyPro
Lugbe,1,1000000.0,Apartment,Self Contain,"Fha, Lugbe Abuja",2026-06-01 11:45:15,PropertyPro
Lugbe,1,1000000.0,Apartment,Self Contain,Fha Lugbe Abuja,2026-06-01 11:45:15,PropertyPro
Lugbe,1,2000000.0,Apartment,Apartment,Pyakasa Lugbe Lugbe Abuja,2026-06-01 11:45:15,PropertyPro
Lugbe,4,9000000.0,Duplex,Terraced Duplex,"River Park Estate, Lugbe Abuja",2026-06-01 11:45:15,PropertyPro
Life Camp,4,13000000.0,Duplex,Terraced Duplex,Life Camp Abuja Life Camp Abuja,2026-06-01 11:45:15,PropertyPro
Guzape,4,30000000.0,Duplex,Detached Duplex,Guzape Abuja,2026-06-01 11:45:22,PropertyPro
Lugbe,2,5000000.0,Apartment,Apartment,River Park Estate Lugbe Abuja,2026-06-01 11:45:22,PropertyPro
Lugbe,4,3500000.0,Bungalow,Detached Bungalow,Trade More Estate Lugbe Abuja,2026-06-01 11:45:22,PropertyPro
Lugbe,1,2500000.0,Apartment,Apartment,Dunamis Glory Dome Church Axis Lugbe Abuja,2026-06-01 11:45:22,PropertyPro
Lugbe,2,4000000.0,Apartment,Apartment,Dunamis Glory Dome Axis Lugbe Lugbe Abuja,2026-06-01 11:45:22,PropertyPro
Lugbe,2,2200000.0,Apartment,Apartment,Crd Fha Lugbe Lugbe Abuja,2026-06-01 11:45:22,PropertyPro
Lugbe,4,9000000.0,Duplex,Terraced Duplex,Nut Axis Lugbe Abuja,2026-06-01 11:45:22,PropertyPro
Lugbe,2,3500000.0,Apartment,Apartment,Jedo/dunamis Area Lugbe Abuja,2026-06-01 11:45:22,PropertyPro
Lugbe,4,8000000.0,Duplex,Detached Duplex,Nut Axis Behind Shafa Filling Station Lugbe Abuja,2026-06-01 11:45:22,PropertyPro
Lugbe,4,5500000.0,Duplex,Terraced Duplex,Along Von Garden Estate Road Lugbe Abuja,2026-06-01 11:45:22,PropertyPro
Lugbe,4,5000000.0,Duplex,Terraced Duplex,Lugbe Airport Road Lugbe Abuja,2026-06-01 11:45:22,PropertyPro
Lugbe,5,5000000.0,Duplex,Detached Duplex,Seaman Estate Lugbe Abuja,2026-06-01 11:45:22,PropertyPro
Lugbe,2,2500000.0,Bungalow,Detached Bungalow,Pyakasa Lugbe Lugbe Abuja,2026-06-01 11:45:22,PropertyPro
Lugbe,4,6000000.0,Duplex,Terraced Duplex,"Seaman Estate, Lugbe Abuja",2026-06-01 11:45:22,PropertyPro
Lugbe,2,6000000.0,Apartment,Apartment,River Park Estate Lugbe Abuja,2026-06-01 11:45:22,PropertyPro
Lugbe,4,5000000.0,Duplex,Terraced Duplex,Along Von Garden Estate Road Lugbe Abuja,2026-06-01 11:45:22,PropertyPro
Lugbe,1,850000.0,Apartment,Self Contain,Fha Extension Lugbe Lugbe Abuja,2026-06-01 11:45:22,PropertyPro
Mabushi,4,25000000.0,Duplex,Detached Duplex,Mabushi Abuja,2026-06-01 11:45:22,PropertyPro
Lugbe,3,7000000.0,Apartment,Apartment,Forth Royal Estate Lugbe Abuja,2026-06-01 11:45:22,PropertyPro
Guzape,4,30000000.0,Duplex,Detached Duplex,Guzape Abuja,2026-06-01 11:45:31,PropertyPro
Maitama,4,50000000.0,Duplex,Detached Duplex,Maitama Abuja,2026-06-01 11:45:31,PropertyPro
Maitama,3,20000000.0,Apartment,Apartment,Maitama Abuja,2026-06-01 11:45:31,PropertyPro
Maitama,4,45000000.0,Duplex,Semi-Detached Duplex,Maitama Abuja,2026-06-01 11:45:31,PropertyPro
Asokoro,3,1800000000.0,Apartment,Apartment,Asokoro Abuja,2026-06-01 11:45:31,PropertyPro
Idu,4,10000000.0,Apartment,Apartment,Idu Abuja,2026-06-01 11:45:31,PropertyPro
Lugbe,2,4500000.0,Apartment,Apartment,River Park Estate Lugbe Abuja,2026-06-01 11:45:31,PropertyPro
Idu,4,6500000.0,Apartment,Apartment,By Railway Idu Abuja,2026-06-01 11:45:31,PropertyPro
Life Camp,4,15000000.0,Duplex,Terraced Duplex,Life Camp Abuja,2026-06-01 11:45:31,PropertyPro
Wuye,5,30000000.0,Duplex,Detached Duplex,Wuye Abuja,2026-06-01 11:45:31,PropertyPro
Life Camp,2,4500000.0,Apartment,Apartment,Life Camp Abuja,2026-06-01 11:45:31,PropertyPro
Maitama,3,25000000.0,Apartment,Apartment,Aso Drive Maitama Abuja,2026-06-01 11:45:31,PropertyPro
Mabushi,4,12000000.0,Duplex,Terraced Duplex,Vio Mabushi Abuja,2026-06-01 11:45:31,PropertyPro
Maitama,3,61669350.0,Apartment,Apartment,Maitama By Fruit Market Maitama Abuja,2026-06-01 11:45:40,PropertyPro
Kukwaba,2,7500000.0,Apartment,Apartment,Wonder Land Estate Kukwaba Abuja,2026-06-01 11:45:40,PropertyPro
Jabi,2,25000000.0,Apartment,Apartment,Shoprite Jabi Abuja,2026-06-01 11:45:40,PropertyPro
Lugbe,4,7000000.0,Duplex,Detached Duplex,Behind Dunamis Lugbe Abuja,2026-06-01 11:45:40,PropertyPro
Wuse,5,25000000.0,Duplex,Terraced Duplex,"Wuse Zone, Wuse 1 Abuja",2026-06-01 11:45:40,PropertyPro
Garki,2,3700000.0,Apartment,Apartment,Garki 1 Abuja,2026-06-01 11:45:40,PropertyPro
Katampe,3,8000000.0,Apartment,Apartment,Katampe Main Abuja,2026-06-01 11:45:40,PropertyPro
Garki,2,3700000.0,Apartment,Apartment,Garki 1 Abuja,2026-06-01 11:45:40,PropertyPro
Maitama,3,61669350.0,Apartment,Apartment,Maitama By Fruit Market Maitama Abuja,2026-06-01 11:45:59,PropertyPro
Wuse,2,7500000.0,Apartment,Apartment,Wuse 2 Abuja,2026-06-01 11:45:59,PropertyPro
Katampe,4,30000000.0,Duplex,Terraced Duplex,Katampe Main Abuja,2026-06-01 11:45:59,PropertyPro
Katampe,3,9000000.0,Apartment,Apartment,Tarred Road Katampe Main Abuja,2026-06-01 11:45:59,PropertyPro
Katampe,3,7000000.0,Apartment,Apartment,Katampe Extension Katampe Abuja,2026-06-01 11:45:59,PropertyPro
Life Camp,4,15000000.0,Duplex,Terraced Duplex,Life Camp Abuja,2026-06-01 11:45:59,PropertyPro
Guzape,4,18000000.0,Duplex,Terraced Duplex,Guzape Abuja,2026-06-01 11:45:59,PropertyPro
Maitama,3,61669350.0,Apartment,Apartment,Maitama By Fruit Market Maitama Abuja,2026-06-01 11:46:07,PropertyPro
Kubwa,2,3000000.0,Duplex,Terraced Duplex,"F01 , Untarred Road Fo1 Layout Kubwa Abuja",2026-06-01 11:46:07,PropertyPro
Idu,4,8000000.0,Duplex,Terraced Duplex,Estate Idu Abuja,2026-06-01 11:46:07,PropertyPro
Kubwa,4,8000000.0,Duplex,Detached Duplex,By Military Pension Board Fo1 Layout Kubwa Abuja,2026-06-01 11:46:07,PropertyPro
Kubwa,2,3000000.0,Apartment,Apartment,Fcda Kubwa Abuja,2026-06-01 11:46:07,PropertyPro
Life Camp,2,6000000.0,Apartment,Apartment,Estate Life Camp Abuja,2026-06-01 11:46:07,PropertyPro
Kubwa,2,4500000.0,Apartment,Apartment,Hillview Estate Kubwa Abuja,2026-06-01 11:46:07,PropertyPro
Kubwa,2,3000000.0,Apartment,Apartment,Fo1 Layout Kubwa Abuja,2026-06-01 11:46:07,PropertyPro
Guzape,4,35000000.0,Duplex,Terraced Duplex,Guzape Main Guzape Abuja,2026-06-01 11:46:07,PropertyPro
Katampe,4,16000000.0,Duplex,Terraced Duplex,Katempe Extension Katampe Extension Katampe Abuja,2026-06-01 11:46:07,PropertyPro
Kubwa,3,3500000.0,Apartment,Apartment,Nepa Road Kubwa Abuja,2026-06-01 11:46:07,PropertyPro
Kubwa,4,8000000.0,Duplex,Terraced Duplex,F01 Tarred Road Kubwa Abuja,2026-06-01 11:46:07,PropertyPro
Kubwa,2,2500000.0,Apartment,Apartment,F14 District Kubwa Abuja,2026-06-01 11:46:07,PropertyPro
Kubwa,3,5000000.0,Bungalow,Detached Bungalow,Fcda Layout Kubwa Abuja,2026-06-01 11:46:07,PropertyPro
Lugbe,4,7500000.0,Duplex,Terraced Duplex,Seaman Estate Lugbe Abuja,2026-06-01 11:46:07,PropertyPro
Maitama,5,100000000.0,Duplex,Detached Duplex,Maitama Main Maitama Abuja,2026-06-01 11:46:07,PropertyPro
Maitama,3,61669350.0,Apartment,Apartment,Maitama By Fruit Market Maitama Abuja,2026-06-01 11:46:15,PropertyPro
Guzape,5,60000000.0,Duplex,Detached Duplex,Guzape Abuja,2026-06-01 11:46:15,PropertyPro
Maitama,5,100000000.0,Duplex,Detached Duplex,Maitama Abuja,2026-06-01 11:46:15,PropertyPro
Guzape,4,28000000.0,Duplex,Terraced Duplex,By Hmedix And Guzape Mall Guzape Abuja,2026-06-01 11:46:15,PropertyPro
Guzape,4,25000000.0,Duplex,Terraced Duplex,By Hmedix And Guzape Mall Guzape Abuja,2026-06-01 11:46:15,PropertyPro
Durumi,4,9000000.0,Duplex,Terraced Duplex,Durumi Abuja,2026-06-01 11:46:15,PropertyPro
Galadimawa,2,4500000.0,Apartment,Apartment,Extension Galadimawa Abuja,2026-06-01 11:46:15,PropertyPro
Gwarinpa,3,7000000.0,Bungalow,Detached Bungalow,Efab Queens Estate Gwarinpa Extension Gwarinpa Abuja,2026-06-01 11:46:15,PropertyPro
Galadimawa,2,3000000.0,Apartment,Apartment,Pengasson 3 Estate Galadimawa Galadimawa Abuja,2026-06-01 11:46:15,PropertyPro
Guzape,4,17000000.0,Duplex,Terraced Duplex,Guzape Abuja,2026-06-01 11:46:15,PropertyPro
Jahi,4,13000000.0,Duplex,Terraced Duplex,Jahi Abuja,2026-06-01 11:46:15,PropertyPro
Lugbe,4,10000000.0,Duplex,Semi-Detached Duplex,Lugbe Abuja,2026-06-01 11:46:15,PropertyPro
Wuye,2,7000000.0,Apartment,Apartment,Wuye Abuja,2026-06-01 11:46:15,PropertyPro
Life Camp,4,15000000.0,Duplex,Terraced Duplex,Life Camp Abuja,2026-06-01 11:46:15,PropertyPro
Life Camp,4,8000000.0,Duplex,Terraced Duplex,Life Camp Abuja,2026-06-01 11:46:15,PropertyPro
Jahi,2,7000000.0,Apartment,Apartment,Jahi Abuja,2026-06-01 11:46:15,PropertyPro
Jahi,5,20000000.0,Duplex,Detached Duplex,By Gilmore Jahi Abuja,2026-06-01 11:46:15,PropertyPro
Maitama,3,61669350.0,Apartment,Apartment,Maitama By Fruit Market Maitama Abuja,2026-06-01 11:46:25,PropertyPro
Life Camp,3,6000000.0,Apartment,Apartment,Life Camp Abuja,2026-06-01 11:46:25,PropertyPro
Wuye,4,27000000.0,Duplex,Detached Duplex,Wuye Abuja,2026-06-01 11:46:25,PropertyPro
Wuse,3,10000000.0,Apartment,Apartment,Wuse 2 Abuja,2026-06-01 11:46:25,PropertyPro
Life Camp,3,7000000.0,Apartment,Apartment,Life Camp Abuja,2026-06-01 11:46:25,PropertyPro
Life Camp,4,11000000.0,Duplex,Terraced Duplex,Life Camp Abuja,2026-06-01 11:46:25,PropertyPro
Life Camp,4,15000000.0,Duplex,Terraced Duplex,Life Camp Abuja,2026-06-01 11:46:25,PropertyPro
Jahi,3,9000000.0,Apartment,Apartment,Jahi Abuja,2026-06-01 11:46:25,PropertyPro
Jahi,3,6500000.0,Apartment,Apartment,Jahi Abuja,2026-06-01 11:46:25,PropertyPro
Jahi,3,12000000.0,Apartment,Apartment,Jahi Abuja,2026-06-01 11:46:25,PropertyPro
Wuse,2,6000000.0,Apartment,Apartment,"Zone 3, Wuse 1 Abuja",2026-06-01 11:46:25,PropertyPro
Jahi,3,12000000.0,Apartment,Apartment,Jahi Abuja,2026-06-01 11:46:25,PropertyPro
Jabi,2,22000000.0,Apartment,Apartment,Jabi Abuja,2026-06-01 11:46:25,PropertyPro
Jahi,3,12500000.0,Apartment,Apartment,Jahi Abuja,2026-06-01 11:46:25,PropertyPro
Jahi,3,9000000.0,Apartment,Apartment,Jahi Abuja,2026-06-01 11:46:25,PropertyPro
Kado,5,25000000.0,Duplex,Terraced Duplex,Kado Abuja,2026-06-01 11:46:25,PropertyPro
Guzape,4,30000000.0,Duplex,Detached Duplex,Guzape Abuja,2026-06-01 11:46:35,PropertyPro
Kado,7,30000000.0,Duplex,Semi-Detached Duplex,Kado Abuja,2026-06-01 11:46:35,PropertyPro
Jahi,3,20000000.0,Apartment,Apartment,Jahi Abuja,2026-06-01 11:46:35,PropertyPro
Maitama,4,37000000.0,Duplex,Terraced Duplex,Maitama Abuja,2026-06-01 11:46:35,PropertyPro
Life Camp,4,12000000.0,Duplex,Terraced Duplex,Life Camp Abuja,2026-06-01 11:46:35,PropertyPro
Jahi,4,15000000.0,Duplex,Terraced Duplex,Jahi Abuja,2026-06-01 11:46:35,PropertyPro
Life Camp,4,7000000.0,Duplex,Terraced Duplex,Life Camp Abuja,2026-06-01 11:46:35,PropertyPro
Wuse,2,8000000.0,Apartment,Apartment,"Zone 3, Wuse 1 Abuja",2026-06-01 11:46:35,PropertyPro
Life Camp,3,6000000.0,Apartment,Apartment,Life Camp Abuja,2026-06-01 11:46:35,PropertyPro
Jahi,5,22000000.0,Duplex,Detached Duplex,"Jahi, Gilmore Axis, Jahi Abuja",2026-06-01 11:46:35,PropertyPro
Kado,5,35000000.0,Duplex,Detached Duplex,Kado Abuja,2026-06-01 11:46:35,PropertyPro
Kaura,4,7500000.0,Duplex,Terraced Duplex,Kaura (games Village) Abuja,2026-06-01 11:46:35,PropertyPro
Katampe,4,20000000.0,Duplex,Terraced Duplex,Katampe Main Abuja,2026-06-01 11:46:35,PropertyPro
Katampe,4,12000000.0,Duplex,Terraced Duplex,Katampe Main Abuja,2026-06-01 11:46:35,PropertyPro
Jahi,2,8500000.0,Apartment,Apartment,Jahi Abuja,2026-06-01 11:46:35,PropertyPro
Gwarinpa,4,10000000.0,Duplex,Terraced Duplex,Dantata Estate Gwarinpa Abuja,2026-06-01 11:46:35,PropertyPro
Guzape,4,30000000.0,Duplex,Detached Duplex,Guzape Abuja,2026-06-01 11:46:42,PropertyPro
Wuye,4,12000000.0,Duplex,Detached Duplex,Wuye Dakibiyu Abuja,2026-06-01 11:46:42,PropertyPro
Life Camp,4,13000000.0,Duplex,Terraced Duplex,Life Camp Abuja,2026-06-01 11:46:42,PropertyPro
Mabushi,4,13500000.0,Duplex,Terraced Duplex,Mabushi Abuja,2026-06-01 11:46:42,PropertyPro
Jahi,4,15000000.0,Duplex,Terraced Duplex,"Jahi Gilmore, Jahi Abuja",2026-06-01 11:46:42,PropertyPro
Wuse,3,8000000.0,Apartment,Apartment,"Zone 3, Wuse 1 Abuja",2026-06-01 11:46:42,PropertyPro
Jahi,4,15000000.0,Duplex,Terraced Duplex,By Gilmore Jahi Abuja,2026-06-01 11:46:42,PropertyPro
Maitama,1,10000000.0,Apartment,Apartment,Maitama Abuja,2026-06-01 11:46:42,PropertyPro
Lugbe,4,4500000.0,Duplex,Semi-Detached Duplex,Von Road Goza Lugbe Abuja,2026-06-01 11:46:42,PropertyPro
Jabi,4,20000000.0,Duplex,Terraced Duplex,Jabi Jabi Abuja,2026-06-01 11:46:42,PropertyPro
Kado,3,7500000.0,Apartment,Apartment,Kado Kado Abuja,2026-06-01 11:46:42,PropertyPro
Apo,3,10000000.0,Duplex,Terraced Duplex,Apo Apo Abuja,2026-06-01 11:46:42,PropertyPro
Guzape,4,16000000.0,Duplex,Terraced Duplex,Guzape Guzape Abuja,2026-06-01 11:46:42,PropertyPro
Galadimawa,4,8000000.0,Duplex,Terraced Duplex,Near Galadimawa Roundabout Galadimawa Abuja,2026-06-01 11:46:42,PropertyPro
Asokoro,4,18000000.0,Duplex,Semi-Detached Duplex,Asokoro Asokoro Abuja,2026-06-01 11:46:42,PropertyPro
Jahi,3,8000000.0,Apartment,Apartment,Jahi Jahi Abuja,2026-06-01 11:46:42,PropertyPro
Katampe,4,20000000.0,Duplex,Terraced Duplex,Katampe Main Katampe Main Katampe Abuja,2026-06-01 11:46:42,PropertyPro
Maitama,3,61669350.0,Apartment,Apartment,Maitama By Fruit Market Maitama Abuja,2026-06-01 11:46:48,PropertyPro
Apo,4,10000000.0,Duplex,Terraced Duplex,Apo Apo Abuja,2026-06-01 11:46:48,PropertyPro
Gwarinpa,4,7000000.0,Duplex,Semi-Detached Duplex,Gwarinpa Extension Gwarinpa Abuja,2026-06-01 11:46:48,PropertyPro
Jahi,1,7000000.0,Apartment,Apartment,Jahi By Gilmore Abuja Jahi Abuja,2026-06-01 11:46:48,PropertyPro
Jahi,5,20000000.0,Duplex,Terraced Duplex,Jahi By Gilmore Abuja Jahi Abuja,2026-06-01 11:46:48,PropertyPro
Mabushi,4,20000000.0,Duplex,Terraced Duplex,Mabushi Mabushi Abuja,2026-06-01 11:46:48,PropertyPro
Life Camp,5,14000000.0,Duplex,Terraced Duplex,Life Camp Life Camp Abuja,2026-06-01 11:46:48,PropertyPro
Mabushi,2,8000000.0,Apartment,Apartment,Mabushi Abuja,2026-06-01 11:46:49,PropertyPro
Katampe,4,20000000.0,Duplex,Terraced Duplex,Katampe Extension Katampe Abuja,2026-06-01 11:46:49,PropertyPro
Wuye,4,15000000.0,Duplex,Terraced Duplex,Wuye Abuja,2026-06-01 11:46:49,PropertyPro
Kado,4,25000000.0,Duplex,Terraced Duplex,Kado Abuja,2026-06-01 11:46:49,PropertyPro
Wuye,4,30000000.0,Duplex,Terraced Duplex,Wuye Abuja,2026-06-01 11:46:49,PropertyPro
Lugbe,4,10000000.0,Duplex,Semi-Detached Duplex,River Park Estate Airport Road Lugbe Abuja,2026-06-01 11:46:49,PropertyPro
Gwarinpa,4,9000000.0,Duplex,Terraced Duplex,Gwarimpa Main By Dbb Plaza Gwarinpa Abuja,2026-06-01 11:46:49,PropertyPro
Maitama,4,25000000.0,Duplex,Terraced Duplex,Maitama Abuja,2026-06-01 11:46:49,PropertyPro
Katampe,4,20000000.0,Duplex,Terraced Duplex,Katampe Extension Katampe Abuja,2026-06-01 11:46:49,PropertyPro
Katampe,4,20000000.0,Duplex,Terraced Duplex,Katampe Extension Katampe Abuja,2026-06-01 11:46:49,PropertyPro
Lugbe,2,6000000.0,Apartment,Apartment,River Park Estate Abuja Lugbe Abuja,2026-06-01 11:46:49,PropertyPro
Wuse,3,15000000.0,Apartment,Apartment,Wuse 2 Abuja,2026-06-01 11:46:49,PropertyPro
Guzape,4,30000000.0,Duplex,Detached Duplex,Guzape Abuja,2026-06-01 11:46:56,PropertyPro
Lugbe,3,4500000.0,Apartment,Apartment,River Park Estate Abuja Lugbe Abuja,2026-06-01 11:46:56,PropertyPro
Lugbe,2,6000000.0,Apartment,Apartment,River Park Estate Abuja Lugbe Abuja,2026-06-01 11:46:56,PropertyPro
Lugbe,4,9000000.0,Duplex,Terraced Duplex,River Park Estate Lugbe Abuja,2026-06-01 11:46:56,PropertyPro
Katampe,4,18000000.0,Duplex,Terraced Duplex,Katampe Extension Katampe Abuja,2026-06-01 11:46:56,PropertyPro
Lugbe,4,10000000.0,Duplex,Semi-Detached Duplex,River Park Estate Airport Road Lugbe Abuja,2026-06-01 11:46:56,PropertyPro
Guzape,4,20000000.0,Duplex,Terraced Duplex,Guzape Abuja,2026-06-01 11:46:56,PropertyPro
Wuye,4,22000000.0,Duplex,Terraced Duplex,Wuye Abuja,2026-06-01 11:46:56,PropertyPro
Wuye,4,15000000.0,Duplex,Terraced Duplex,Wuye Abuja,2026-06-01 11:46:56,PropertyPro
Jahi,4,18000000.0,Duplex,Terraced Duplex,Jahi Abuja,2026-06-01 11:46:56,PropertyPro
Jahi,4,18000000.0,Duplex,Terraced Duplex,Jahi Abuja,2026-06-01 11:46:56,PropertyPro
Lugbe,4,10000000.0,Duplex,Semi-Detached Duplex,"River Park Estate Airport Road, Lugbe Abuja",2026-06-01 11:46:56,PropertyPro
Lugbe,4,6500000.0,Duplex,Terraced Duplex,"Fortroyal Home Estate, Lugbe Abuja",2026-06-01 11:46:56,PropertyPro
Maitama,4,25000000.0,Duplex,Terraced Duplex,Maitama Abuja,2026-06-01 11:46:56,PropertyPro
Maitama,4,25000000.0,Duplex,Terraced Duplex,Maitama Abuja,2026-06-01 11:46:56,PropertyPro
Maitama,4,25000000.0,Duplex,Terraced Duplex,Maitama Abuja,2026-06-01 11:46:56,PropertyPro
Jahi,4,20000000.0,Duplex,Detached Duplex,Jahi Abuja,2026-06-01 11:46:56,PropertyPro
Maitama,4,30000000.0,Duplex,Terraced Duplex,Maitama Abuja,2026-06-01 11:46:56,PropertyPro
Guzape,4,12000000.0,Duplex,Terraced Duplex,Guzape Abuja,2026-06-01 11:46:56,PropertyPro
Jahi,4,15000000.0,Duplex,Terraced Duplex,Jahi Abuja,2026-06-01 11:46:56,PropertyPro
Guzape,4,30000000.0,Duplex,Detached Duplex,Guzape Abuja,2026-06-01 11:47:05,PropertyPro
Maitama,4,25000000.0,Duplex,Terraced Duplex,Maitama Abuja,2026-06-01 11:47:05,PropertyPro
Wuse,3,15000000.0,Apartment,Apartment,Wuse 2 Abuja,2026-06-01 11:47:05,PropertyPro
Jahi,4,9000000.0,Duplex,Terraced Duplex,Jahi Abuja,2026-06-01 11:47:05,PropertyPro
Lugbe,4,10000000.0,Duplex,Semi-Detached Duplex,River Park Estate Abuja Lugbe Abuja,2026-06-01 11:47:05,PropertyPro
Lugbe,4,12000000.0,Duplex,Detached Duplex,River Park Estate Airport Road Lugbe Abuja,2026-06-01 11:47:05,PropertyPro
Life Camp,4,7000000.0,Duplex,Terraced Duplex,Lifecamp Brains And Hammers Estate Life Camp Abuja,2026-06-01 11:47:05,PropertyPro
Katampe,4,17000000.0,Duplex,Terraced Duplex,Close To Nicon Junction Katampe Main Abuja,2026-06-01 11:47:05,PropertyPro
Wuse,7,40000000.0,Duplex,Detached Duplex,Off Amino Kano Crescent Wuse 2 Abuja,2026-06-01 11:47:05,PropertyPro
Guzape,5,13500000.0,Duplex,Terraced Duplex,Guzape Main Guzape Abuja,2026-06-01 11:47:05,PropertyPro
Mabushi,4,24000000.0,Duplex,Terraced Duplex,Mabushi After Vio In An Estate Mabushi Abuja,2026-06-01 11:47:05,PropertyPro
Apo,2,20000000.0,Bungalow,Detached Bungalow,Apo Resettlement Zone A Apo Resettlement Apo Abuja,2026-06-01 11:47:05,PropertyPro
Guzape,4,25000000.0,Duplex,Terraced Duplex,Guzape Main After Hmedix Guzape Abuja,2026-06-01 11:47:05,PropertyPro
Durumi,4,9500000.0,Duplex,Terraced Duplex,By American International School Durumi Abuja,2026-06-01 11:47:05,PropertyPro
Kaura,1,2000000.0,Apartment,Self Contain,By Sunnyvale Junction In An Estate Kaura (games Village) Abuja,2026-06-01 11:47:05,PropertyPro
Maitama,3,25000000.0,Apartment,Apartment,Maitama Main Off Ibb Boulevard Maitama Abuja,2026-06-01 11:47:05,PropertyPro
Katampe,1,6000000.0,Apartment,Apartment,Katampe Main Katampe Main Abuja,2026-06-01 11:47:05,PropertyPro
Jahi,1,7500000.0,Apartment,Apartment,Jahi Gilmore Jahi Abuja,2026-06-01 11:47:05,PropertyPro
Jahi,4,9000000.0,Duplex,Terraced Duplex,Jahi Jahi Abuja,2026-06-01 11:47:05,PropertyPro
Jahi,4,9000000.0,Duplex,Terraced Duplex,Jahi Jahi Abuja,2026-06-01 11:47:05,PropertyPro
Guzape,4,30000000.0,Duplex,Detached Duplex,Guzape Abuja,2026-06-01 11:47:12,PropertyPro
Jahi,4,9000000.0,Duplex,Terraced Duplex,Jahi Jahi Abuja,2026-06-01 11:47:12,PropertyPro
Jahi,4,9000000.0,Duplex,Terraced Duplex,Jahi Jahi Abuja,2026-06-01 11:47:12,PropertyPro
Jahi,4,9000000.0,Duplex,Terraced Duplex,Jahi Jahi Abuja,2026-06-01 11:47:12,PropertyPro
Jahi,4,9000000.0,Duplex,Terraced Duplex,Jahi Jahi Abuja,2026-06-01 11:47:12,PropertyPro
Jahi,4,9000000.0,Duplex,Terraced Duplex,Jahi Jahi Abuja,2026-06-01 11:47:12,PropertyPro
Life Camp,3,6500000.0,Apartment,Apartment,Lifecamp Before Stella Marris Life Camp Abuja,2026-06-01 11:47:12,PropertyPro
Maitama,1,3000000.0,Apartment,Apartment,Maitama District Maitama Abuja,2026-06-01 11:47:12,PropertyPro
Maitama,3,1700000.0,Apartment,Apartment,Maitama Maitama Abuja,2026-06-01 11:47:12,PropertyPro
Katampe,2,4700000.0,Apartment,Apartment,By Katampe Road Jahi Abuja,2026-06-01 11:47:12,PropertyPro
Wuse,3,15000000.0,Bungalow,Detached Bungalow,Wuse Zone6 Wuse 1 Abuja,2026-06-01 11:47:12,PropertyPro
Mabushi,5,17000000.0,Duplex,Semi-Detached Duplex,Mabushi Abuja,2026-06-01 11:47:12,PropertyPro
Asokoro,4,30000000.0,Apartment,Apartment,Main Asokoro Abuja,2026-06-01 11:47:12,PropertyPro
Mabushi,4,20000000.0,Duplex,Terraced Duplex,Mabushi Abuja,2026-06-01 11:47:12,PropertyPro
Life Camp,1,2500000.0,Apartment,Apartment,Nnpc Estate Life Camp Abuja,2026-06-01 11:47:12,PropertyPro
Katampe,3,8000000.0,Apartment,Apartment,Katampe Main Abuja,2026-06-01 11:47:12,PropertyPro
Kukwaba,5,15000000.0,Apartment,Apartment,Royal Anchor Estate Kukwaba Abuja,2026-06-01 11:47:12,PropertyPro
Guzape,4,30000000.0,Duplex,Detached Duplex,Guzape Abuja,2026-06-01 11:47:19,PropertyPro
Maitama,5,90000000.0,Duplex,Detached Duplex,Maitama Abuja,2026-06-01 11:47:19,PropertyPro
Gwarinpa,5,20000000.0,Duplex,Detached Duplex,Gwarinpa Abuja,2026-06-01 11:47:19,PropertyPro
Lugbe,4,7000000.0,Duplex,Semi-Detached Duplex,River Park Estate Lugbe Abuja,2026-06-01 11:47:19,PropertyPro
Lugbe,4,5000000.0,Duplex,Detached Duplex,Kyc Estate Lugbe Abuja,2026-06-01 11:47:19,PropertyPro
Guzape,4,15000000.0,Duplex,Terraced Duplex,Guzape Abuja Guzape Abuja,2026-06-01 11:47:19,PropertyPro
Guzape,4,25000000.0,Duplex,Terraced Duplex,Close To H Medix Guzape Guzape Abuja,2026-06-01 11:47:19,PropertyPro
Guzape,4,17000000.0,Duplex,Terraced Duplex,Guzape Guzape Abuja,2026-06-01 11:47:19,PropertyPro
Garki,2,4500000.0,Apartment,Apartment,Garki 1 Abuja,2026-06-01 11:47:19,PropertyPro
Guzape,4,10000000.0,Duplex,Terraced Duplex,Guzape Abuja,2026-06-01 11:47:19,PropertyPro
Wuse,3,15000000.0,Apartment,Apartment,Wuse 2 Abuja,2026-06-01 11:47:19,PropertyPro
Guzape,4,30000000.0,Duplex,Detached Duplex,Guzape Abuja,2026-06-01 11:47:28,PropertyPro
Wuse,3,10000000.0,Apartment,Apartment,Zone 6 Wuse 1 Abuja,2026-06-01 11:47:28,PropertyPro
Asokoro,5,30000000.0,Duplex,Detached Duplex,Main Asokoro Abuja,2026-06-01 11:47:28,PropertyPro
Lugbe,4,7000000.0,Duplex,Detached Duplex,Along Von Garden Estate Road Lugbe Abuja,2026-06-01 11:47:28,PropertyPro
Wuye,2,6500000.0,Apartment,Apartment,Inside Estate In Wuye Wuye Abuja,2026-06-01 11:47:28,PropertyPro
Jahi,2,7000000.0,Apartment,Apartment,Gilmore Jahi Abuja,2026-06-01 11:47:28,PropertyPro
Garki,1,1200000.0,Apartment,Self Contain,Area 2 Garki 1 Abuja,2026-06-01 11:47:28,PropertyPro
Garki,1,1500000.0,Apartment,Self Contain,Area 1 Garki 1 Abuja,2026-06-01 11:47:28,PropertyPro
Garki,2,4000000.0,Apartment,Apartment,Garki 1 Abuja,2026-06-01 11:47:28,PropertyPro
Lugbe,4,9000000.0,Duplex,Semi-Detached Duplex,River Park Estate Cluster 3 Lugbe Abuja,2026-06-01 11:47:28,PropertyPro
Kabusa,2,5000000.0,Bungalow,Detached Bungalow,By Sunnyvale Junction Kabusa Abuja,2026-06-01 11:47:28,PropertyPro
Kado,3,18000000.0,Bungalow,Detached Bungalow,Kado Abuja,2026-06-01 11:47:28,PropertyPro
Kado,3,20000000.0,Bungalow,Detached Bungalow,Kado Phase 1 Kado Abuja,2026-06-01 11:47:28,PropertyPro
Maitama,3,61669350.0,Apartment,Apartment,Maitama By Fruit Market Maitama Abuja,2026-06-01 11:47:36,PropertyPro
Katampe,6,25000000.0,Duplex,Terraced Duplex,Katampe Main Abuja,2026-06-01 11:47:36,PropertyPro
Gaduwa,3,10000000.0,Duplex,Terraced Duplex,In An Estate In Gaduwa Gaduwa Abuja,2026-06-01 11:47:36,PropertyPro
Mabushi,5,17000000.0,Apartment,Apartment,Mabushi District By V I O Abuja Mabushi Abuja,2026-06-01 11:47:36,PropertyPro
Kaura,4,20000000.0,Apartment,Apartment,Kaura (games Village) Abuja,2026-06-01 11:47:36,PropertyPro
Maitama,3,25000000.0,Apartment,Apartment,Maitama Abuja,2026-06-01 11:47:36,PropertyPro
Katampe,3,9000000.0,Apartment,Apartment,Katampe Main Katampe Main Abuja,2026-06-01 11:47:36,PropertyPro
Mabushi,4,15000000.0,Duplex,Terraced Duplex,Mabushi Abuja,2026-06-01 11:47:36,PropertyPro
Wuse,3,20000000.0,Duplex,Terraced Duplex,Wuse2 Wuse 2 Abuja,2026-06-01 11:47:36,PropertyPro
Galadimawa,3,7000000.0,Apartment,Apartment,Galadimawa Abuja,2026-06-01 11:47:36,PropertyPro
Garki,1,1200000.0,Apartment,Self Contain,Garki 2 Abuja,2026-06-01 11:47:36,PropertyPro
Mabushi,1,1500000.0,Apartment,Self Contain,Mabushi District Mabushi Abuja,2026-06-01 11:47:36,PropertyPro
