District,Bedrooms,Price (Per Annum),Property Category,Property Type,Location,Scraped_At
Jabi,2,6000000.0,Apartment,Apartment,"Jabi, Abuja",2026-06-01 11:07:00
Kado,3,12000000.0,Bungalow,Detached Bungalow,"Lifecamp Main By Kado Round About, Life Camp, Abuja",2026-06-01 11:07:00
Idu,3,6000000.0,Apartment,Apartment,"Idu Industrial, Abuja",2026-06-01 11:07:00
Jabi,5,15000000.0,Duplex,Terraced Duplex,"Citec, Jabi, Abuja",2026-06-01 11:07:00
Lugbe,4,5000000.0,Duplex,Terraced Duplex,"Von Axis, Lugbe District, Abuja",2026-06-01 11:07:00
Jabi,3,15000000.0,Duplex,Terraced Duplex,"Jabi, Abuja",2026-06-01 11:07:00
Idu,2,4000000.0,Apartment,Apartment,"Before The Turkish Hospital, Idu Industrial, Abuja",2026-06-01 11:07:00
Gwarinpa,1,2500000.0,Apartment,Apartment,"News Engineering, Dawaki, Gwarinpa, Abuja",2026-06-01 11:07:00
Life Camp,1,4000000.0,Apartment,Mini Flat,"Brains And Hammer City, Life Camp, Abuja",2026-06-01 11:07:00
Jahi,3,15000000.0,Apartment,Apartment,"Jahi, Jahi, Abuja",2026-06-01 11:07:00
Wuse,1,5500000.0,Apartment,Apartment,"Wuse Zone 5, Wuse, Abuja",2026-06-01 11:07:00
Lugbe,2,2800000.0,Bungalow,Detached Bungalow,"Light Gold Estate Lugbe Abuja, Sabon Lugbe, Lugbe District, Abuja",2026-06-01 11:07:00
Maitama,4,10000000.0,Duplex,Terraced Duplex,"Mpape, Maitama 2, Maitama District, Abuja",2026-06-01 11:07:00
Lugbe,2,5700000.0,Apartment,Apartment,"Estate Scheme 1)* Opposite The Abuja Intl Airport Flyover Bridge, Lugbe District, Abuja",2026-06-01 11:07:00
Katampe,4,20000000.0,Duplex,Detached Duplex,"Katampe Extension, Katampe Extension, Katampe, Abuja",2026-06-01 11:07:00
Katampe,6,25000000.0,Duplex,Terraced Duplex,"Katampe Extension, Katampe, Abuja",2026-06-01 11:07:00
Apo,4,13500000.0,Duplex,Terraced Duplex,"Apo Dutse Opposite Cedarcrest Hospital, Apo, Abuja",2026-06-01 11:07:00
Katampe,2,5500000.0,Apartment,Apartment,"Katampe Main Behind Aso Radio, Katampe, Abuja",2026-06-01 11:07:00
Apo,4,10000000.0,Duplex,Terraced Duplex,"Legistlative Quatres, Apo, Abuja",2026-06-01 11:07:08
Asokoro,4,25000000.0,Duplex,Terraced Duplex,"Asokoro District, Abuja",2026-06-01 11:07:08
Durumi,3,5000000.0,Apartment,Apartment,"By American International School, Durumi, Abuja",2026-06-01 11:07:08
Mabushi,4,15000000.0,Duplex,Terraced Duplex,"Mabushi, Abuja",2026-06-01 11:07:08
Apo,3,10000000.0,Duplex,Terraced Duplex,"By Cedacrest, Apo, Abuja",2026-06-01 11:07:08
Mabushi,4,12000000.0,Duplex,Terraced Duplex,"Mabushi, Abuja",2026-06-01 11:07:08
Mabushi,4,12000000.0,Duplex,Terraced Duplex,"Mabushi, Abuja",2026-06-01 11:07:08
Jahi,3,12000000.0,Duplex,Terraced Duplex,"Gilmore Area, Jahi, Abuja",2026-06-01 11:07:08
Mabushi,3,5000000.0,Apartment,Apartment,"Mabushi, Abuja",2026-06-01 11:07:08
Jabi,3,13000000.0,Apartment,Apartment,"Jabi, Abuja",2026-06-01 11:07:08
Jabi,3,10000000.0,Apartment,Apartment,"Jabi, Abuja",2026-06-01 11:07:08
Wuye,2,6000000.0,Apartment,Apartment,"Wuye, Abuja",2026-06-01 11:07:08
Life Camp,2,4500000.0,Apartment,Apartment,"Life Camp, Abuja",2026-06-01 11:07:08
Guzape,5,15000000.0,Duplex,Terraced Duplex,"Guzape District, Abuja",2026-06-01 11:07:08
Apo,3,10000000.0,Duplex,Semi-Detached Duplex,"Apo, Apo, Abuja",2026-06-01 11:07:08
Galadimawa,1,3000000.0,Apartment,Mini Flat,"Bitmore Estate Behind Suncity, Galadimawa, Abuja",2026-06-01 11:07:08
Kubwa,1,1500000.0,Apartment,Mini Flat,"Kubwa, Abuja",2026-06-01 11:07:08
Jahi,2,7500000.0,Apartment,Apartment,"Jahi, Abuja",2026-06-01 11:07:08
Apo,4,11000000.0,Duplex,Terraced Duplex,"Close To Apo Legislative Quarters, Gudu, Abuja",2026-06-01 11:07:08
Wuse,1,1500000.0,Apartment,Self Contain,"Zone 2, Wuse, Abuja",2026-06-01 11:07:08
Katampe,3,8000000.0,Apartment,Apartment,"Katampe Main, Katampe, Abuja",2026-06-01 11:07:15
Apo,2,4500000.0,Apartment,Apartment,"Apo-dutse By Cedacrest Hospital, Apo, Abuja",2026-06-01 11:07:15
Jabi,2,6000000.0,Apartment,Apartment,"Jabi, Abuja",2026-06-01 11:07:15
Maitama,1,4000000.0,Apartment,Apartment,"By El Amin School, Maitama District, Abuja",2026-06-01 11:07:15
Katampe,5,20000000.0,Apartment,Apartment,"Diplomatic Zones, Katampe Extension, Katampe, Abuja",2026-06-01 11:07:15
Maitama,5,100000000.0,Duplex,Detached Duplex,"Maitama District, Abuja",2026-06-01 11:07:15
Apo,3,10000000.0,Duplex,Semi-Detached Duplex,"Apo, Apo, Abuja",2026-06-01 11:07:15
Jahi,4,18000000.0,Duplex,Terraced Duplex,"Jahi, Abuja",2026-06-01 11:07:15
Gwarinpa,1,2000000.0,Apartment,Self Contain,"Sahara Estate, Gwarinpa, Abuja",2026-06-01 11:07:15
Kubwa,1,1500000.0,Apartment,Apartment,"FO1 Layout, Kubwa, Abuja",2026-06-01 11:07:15
Karu,1,2300000.0,Apartment,Apartment,"Karu, Abuja",2026-06-01 11:07:15
Katampe,3,13000000.0,Apartment,Apartment,"By Diplomatic Zone, Katampe Extension, Katampe, Abuja",2026-06-01 11:07:15
Kabusa,1,650000.0,Apartment,Self Contain,"Close To Kabusa Gardens Estate Along Sunnyvale Junction Road, Lokogoma District, Abuja",2026-06-01 11:07:15
Apo,3,5000000.0,Bungalow,Detached Bungalow,"Efab Sunshine Apo Wasa After Primary, Apo, Abuja",2026-06-01 11:07:15
Katampe,3,11000000.0,House,House,"Katampe (Main), Katampe, Abuja",2026-06-01 11:07:15
Jahi,4,17000000.0,Duplex,Terraced Duplex,"Jahi Gilmore, Jahi, Abuja",2026-06-01 11:07:15
Jahi,3,7500000.0,Apartment,Apartment,"Jahi, Abuja",2026-06-01 11:07:15
Jahi,3,10000000.0,Apartment,Apartment,"Jahi, Abuja",2026-06-01 11:07:15
Jahi,2,4500000.0,Apartment,Apartment,"Jahi, Abuja",2026-06-01 11:07:15
Apo,3,10000000.0,Duplex,Semi-Detached Duplex,"Apo Abuja, Apo, Abuja",2026-06-01 11:07:22
Apo,2,6000000.0,Apartment,Apartment,"Inside A Well Secured Estate In Apo Nepa By Cedercrest Hospital, Apo, Abuja",2026-06-01 11:07:22
Gudu,4,11000000.0,Duplex,Semi-Detached Duplex,"Gudu, Abuja",2026-06-01 11:07:22
Jabi,2,6000000.0,Apartment,Apartment,"Jabi, Abuja",2026-06-01 11:07:22
Lugbe,1,1000000.0,Apartment,Self Contain,"Seman Estate Behind Dunamis Church, Lugbe, Lugbe District, Abuja",2026-06-01 11:07:22
Kukwaba,5,15000000.0,Duplex,Detached Duplex,"Citygate Estate, Kukwaba, Abuja",2026-06-01 11:07:22
Katampe,3,9000000.0,Apartment,Apartment,"Katampe (Main), Katampe, Abuja",2026-06-01 11:07:22
Katampe,2,5000000.0,Apartment,Apartment,"Katampe, Abuja",2026-06-01 11:07:22
Guzape,3,15000000.0,Apartment,Apartment,"Guzape District, Abuja",2026-06-01 11:07:22
Wuse,3,10000000.0,Apartment,Apartment,"Wuse 2, Abuja",2026-06-01 11:07:22
Lokogoma,4,10000000.0,Duplex,Detached Duplex,"Estate Tarred Road Near Main Road, Lokogoma District, Abuja",2026-06-01 11:07:22
Guzape,3,9500000.0,Apartment,Apartment,"In A Secured Estate, Guzape District, Abuja",2026-06-01 11:07:22
Guzape,4,20000000.0,Duplex,Terraced Duplex,"Guzape District, Abuja",2026-06-01 11:07:22
Guzape,5,35000000.0,Duplex,Terraced Duplex,"Guzape District, Abuja",2026-06-01 11:07:22
Guzape,5,30000000.0,Duplex,Terraced Duplex,"Guzape District, Abuja",2026-06-01 11:07:22
Life Camp,5,18000000.0,Duplex,Detached Duplex,"Godab Estate, Life Camp, Abuja",2026-06-01 11:07:22
Gwarinpa,5,12000000.0,Duplex,Detached Duplex,"4th Avenue, Gwarinpa, Abuja",2026-06-01 11:07:22
Jabi,3,15000000.0,Duplex,Detached Duplex,"Jabi Main, Jabi, Abuja",2026-06-01 11:07:22
Jahi,3,10000000.0,Apartment,Apartment,"Jahi, Abuja",2026-06-01 11:07:22
Lokogoma,4,10000000.0,Duplex,Detached Duplex,"Lokogoma District, Abuja",2026-06-01 11:07:22
Maitama,1,9000000.0,Apartment,Apartment,"Maitama District, Abuja",2026-06-01 11:07:29
Jabi,4,9000000.0,Duplex,Terraced Duplex,"Peachville Estate, Beside Kingscourt Estate, Dakibiyu, Jabi, Abuja",2026-06-01 11:07:29
Jahi,3,7500000.0,Apartment,Apartment,"Jahi, Abuja",2026-06-01 11:07:29
Maitama,3,20000000.0,Duplex,Terraced Duplex,"Maitama District, Abuja",2026-06-01 11:07:29
Kado,7,30000000.0,Duplex,Semi-Detached Duplex,"By Next Mall, Kado, Abuja",2026-06-01 11:07:29
Katampe,1,3000000.0,Apartment,Self Contain,"Katampe Extension, Katampe, Abuja",2026-06-01 11:07:29
Lokogoma,1,1500000.0,Apartment,Self Contain,"Efab Estate, Lokogoma District, Abuja",2026-06-01 11:07:29
Lugbe,1,1700000.0,Apartment,Mini Flat,"Living Faith Axis, Lugbe District, Abuja",2026-06-01 11:07:29
Gwarinpa,2,3500000.0,Apartment,Apartment,"News Engineering Dawaki, Dawaki, Gwarinpa, Abuja",2026-06-01 11:07:29
Jabi,4,30000000.0,Duplex,Terraced Duplex,"Jabi, Abuja",2026-06-01 11:07:29
Katampe,4,15000000.0,Apartment,Apartment,"Katampe (Main), Katampe, Abuja",2026-06-01 11:07:29
Jahi,4,15000000.0,Apartment,Apartment,"Jahi, Abuja",2026-06-01 11:07:29
Wuye,2,6500000.0,Apartment,Apartment,"Wuye Main(tarred Rd), Wuye, Abuja",2026-06-01 11:07:29
Gwarinpa,1,3700000.0,Apartment,Mini Flat,"Queens Estate Gwarinpa Extension, Gwarinpa, Abuja",2026-06-01 11:07:29
Jabi,4,25000000.0,Duplex,Terraced Duplex,"Jabi, Abuja",2026-06-01 11:07:29
Gudu,4,8500000.0,Duplex,Terraced Duplex,"By National Assembly Quarters, Gudu, Abuja",2026-06-01 11:07:29
Asokoro,1,2500000.0,Apartment,Mini Flat,"Kugbo Gra ,along Nyanya Road., Asokoro District, Abuja",2026-06-01 11:07:29
Asokoro,4,20000000.0,Duplex,Semi-Detached Duplex,"Admiralty Estate, Asokoro District, Abuja",2026-06-01 11:07:29
Asokoro,5,50000000.0,Duplex,Detached Duplex,"Asokoro District, Abuja",2026-06-01 11:07:29
Wuse,2,12000000.0,Apartment,Apartment,"Wuse 2, Abuja",2026-06-01 11:07:29
Gwarinpa,1,4000000.0,Apartment,Apartment,"News Engineering, Dawaki, Gwarinpa, Abuja",2026-06-01 11:07:38
Lugbe,2,5000000.0,Apartment,Apartment,"River Park Estate, Lugbe District, Abuja",2026-06-01 11:07:38
Galadimawa,1,1800000.0,Apartment,Self Contain,"Inside Estate Galadimawa, Galadimawa, Abuja",2026-06-01 11:07:38
Katampe,1,3000000.0,Apartment,Apartment,"Katampe Extension, Katampe, Abuja",2026-06-01 11:07:38
Guzape,5,25000000.0,Duplex,Terraced Duplex,"Guzape Main, Guzape District, Abuja",2026-06-01 11:07:38
Durumi,2,5500000.0,Apartment,Apartment,"By American  Intâl School, Durumi, Abuja",2026-06-01 11:07:38
Jabi,3,15000000.0,Duplex,Terraced Duplex,"Jabi, Abuja",2026-06-01 11:07:38
Life Camp,3,1500000.0,Apartment,Apartment,"Life Camp, Life Camp, Abuja",2026-06-01 11:07:38
Jahi,3,7500000.0,Apartment,Apartment,"Jahi, Jahi, Abuja",2026-06-01 11:07:38
Lugbe,2,3000000.0,Duplex,Terraced Duplex,"Crd Iron Bridge, FHA (F.H.A), Lugbe District, Abuja",2026-06-01 11:07:38
Guzape,3,7000000.0,Apartment,Apartment,"Guzape District, Abuja",2026-06-01 11:07:38
Jabi,3,15000000.0,Duplex,Terraced Duplex,"Jabi, Abuja",2026-06-01 11:07:38
Apo,3,10000000.0,Duplex,Semi-Detached Duplex,"Apo Abuja, Apo, Abuja",2026-06-01 11:07:38
Guzape,3,7000000.0,Apartment,Apartment,"Plot 1274 Ahmed Isah Yuguda Street, Guzape District, Abuja",2026-06-01 11:07:38
Lugbe,1,2000000.0,Apartment,Mini Flat,"Von Axis, Lugbe District, Abuja",2026-06-01 11:07:38
Katampe,3,8000000.0,Apartment,Apartment,"Katampe (Main), Katampe, Abuja",2026-06-01 11:07:38
Galadimawa,3,5000000.0,Bungalow,Detached Bungalow,"Few Minutes Away From Same Global, Galadimawa, Abuja",2026-06-01 11:07:38
Kabusa,3,4500000.0,Duplex,Detached Duplex,"Few Minutes Away From Kabusa Garden Estate, Galadimawa, Abuja",2026-06-01 11:07:38
Kabusa,2,4500000.0,Bungalow,Semi-detached Bungalow,"Few Minutes Away From Kabusa Garden Estate, Galadimawa, Abuja",2026-06-01 11:07:38
Katampe,5,19000000.0,Duplex,Terraced Duplex,"Katampe Extension, Katampe, Abuja",2026-06-01 11:07:38
Maitama,1,9000000.0,Apartment,Apartment,"Maitama District, Abuja",2026-06-01 11:07:46
Asokoro,4,20000000.0,Duplex,Detached Duplex,"Asokoro District, Abuja",2026-06-01 11:07:46
Maitama,3,25000000.0,Apartment,Apartment,"Off Ibb Way, Maitama District, Abuja",2026-06-01 11:07:46
Gaduwa,4,8000000.0,Duplex,Terraced Duplex,"Ncdc, Gaduwa, Abuja",2026-06-01 11:07:46
Lugbe,4,10000000.0,Duplex,Detached Duplex,"River Park Estate, Lugbe District, Abuja",2026-06-01 11:07:46
Gwarinpa,3,8000000.0,Apartment,Apartment,"Gwarinpa, Abuja",2026-06-01 11:07:46
Gwarinpa,4,8000000.0,Duplex,Terraced Duplex,"News Engineering, Dawaki, Gwarinpa, Abuja",2026-06-01 11:07:46
Katampe,1,1500000.0,Apartment,Mini Flat,"Katampe Extension, Katampe, Abuja",2026-06-01 11:07:46
Wuse,1,5000000.0,Apartment,Self Contain,"Parakou Crescent, Wuse 2, Abuja",2026-06-01 11:07:46
Garki,1,2200000.0,Apartment,Apartment,"Garki 2, Garki, Abuja",2026-06-01 11:07:46
Katampe,1,4000000.0,Apartment,Apartment,"Katampe Main, Katampe, Abuja",2026-06-01 11:07:46
Apo,1,3500000.0,Apartment,Mini Flat,"Apo Dutse By Shoprite Axis ,cedar Crest Hospital, Apo, Abuja",2026-06-01 11:07:46
Kado,4,15000000.0,Duplex,Terraced Duplex,"Kado, Abuja",2026-06-01 11:07:46
Galadimawa,3,5500000.0,Bungalow,Detached Bungalow,"Galadimawa, Abuja",2026-06-01 11:07:46
Apo,4,12000000.0,Duplex,Terraced Duplex,"Apo, Abuja",2026-06-01 11:07:46
Idu,4,8000000.0,Duplex,Terraced Duplex,"Turkish Hospital Nzamiye, Idu Industrial, Abuja",2026-06-01 11:07:46
Lugbe,1,1500000.0,Apartment,Apartment,"By Corner Shop, FHA (F.H.A), Lugbe District, Abuja",2026-06-01 11:07:46
Wuse,4,205564500.0,House,House,"Wuse 2, Abuja",2026-06-01 11:07:46
Wuse,3,61669350.0,House,House,"Wuse 2, Abuja",2026-06-01 11:07:55
Wuse,2,47965050.0,House,House,"Wuse 2, Abuja",2026-06-01 11:07:55
Maitama,4,35000000.0,Duplex,Terraced Duplex,"Maitama District, Abuja",2026-06-01 11:07:55
Guzape,4,13000000.0,Duplex,Terraced Duplex,"Guzape Main, Guzape District, Abuja",2026-06-01 11:07:55
Guzape,4,16000000.0,Duplex,Terraced Duplex,"Guzape District, Abuja",2026-06-01 11:07:55
Asokoro,7,90000000.0,Duplex,Detached Duplex,"Asokoro District, Abuja",2026-06-01 11:07:55
Garki,1,3000000.0,Apartment,Self Contain,"Garki 2, Garki, Abuja",2026-06-01 11:07:55
Jabi,4,25000000.0,Duplex,Detached Duplex,"Jabi, Abuja",2026-06-01 11:07:55
Garki,1,5000000.0,Apartment,Apartment,"Garki 2, Garki, Abuja",2026-06-01 11:07:55
Jahi,5,10000000.0,Duplex,Terraced Duplex,"By Aduvie, Jahi, Abuja",2026-06-01 11:07:55
Lugbe,2,1800000.0,Bungalow,Semi-detached Bungalow,"FHA (F.H.A), Lugbe District, Abuja",2026-06-01 11:07:55
Wuye,1,5000000.0,Apartment,Mini Flat,"Close To Police Station, Wuye, Abuja",2026-06-01 11:07:55
Katampe,3,7000000.0,Apartment,Apartment,"Diplomatic Zone (video Of The Apartment Is Attached), Katampe Extension, Katampe, Abuja",2026-06-01 11:07:55
Katampe,2,5500000.0,Apartment,Apartment,"Katampe (Main), Katampe, Abuja",2026-06-01 11:07:55
Lokogoma,1,1800000.0,Apartment,Self Contain,"Estate By The Express, Lokogoma District, Abuja",2026-06-01 11:07:55
Galadimawa,1,2500000.0,Apartment,Apartment,"Galadimawa, Abuja",2026-06-01 11:07:55
Kaura,1,1200000.0,Apartment,Self Contain,"Kaura, Abuja",2026-06-01 11:07:55
Kubwa,2,2500000.0,Apartment,Apartment,"Phase 4, Close To Gtbank, Kubwa, Abuja",2026-06-01 11:07:55
Karmo,4,14000000.0,Duplex,Detached Duplex,"By Nizamiye Hospital, Karmo, Abuja",2026-06-01 11:07:55
Jabi,3,30000000.0,Apartment,Apartment,"Shoprite Axis, Jabi, Abuja",2026-06-01 11:08:04
Wuye,3,18000000.0,Duplex,Terraced Duplex,"Barumak Estate, Wuye, Abuja",2026-06-01 11:08:04
Mabushi,4,12000000.0,Apartment,Apartment,"Mabushi, Abuja",2026-06-01 11:08:04
Katampe,6,35000000.0,Duplex,Detached Duplex,"Katampe Extension, Katampe, Abuja",2026-06-01 11:08:04
Wuse,3,10000000.0,Apartment,Apartment,"Wuse 2, Abuja",2026-06-01 11:08:04
Mabushi,4,15000000.0,House,House,"Mabushi, Abuja",2026-06-01 11:08:04
Guzape,2,6500000.0,Apartment,Apartment,"Guzape District, Abuja",2026-06-01 11:08:04
Guzape,8,40000000.0,Duplex,Detached Duplex,"Off Aliyu Modibbo Street, Guzape District, Abuja",2026-06-01 11:08:04
Maitama,4,40000000.0,Apartment,Apartment,"Ibrahim Babangida Blvd, Maitama District, Abuja",2026-06-01 11:08:04
Maitama,3,45000000.0,Apartment,Apartment,"Off Mtn Office, Maitama District, Abuja",2026-06-01 11:08:04
Jabi,6,60000000.0,Duplex,Detached Duplex,"Jabi, Abuja",2026-06-01 11:08:04
Katampe,3,9000000.0,Apartment,Apartment,"Katampe, Abuja",2026-06-01 11:08:04
Idu,3,6000000.0,Apartment,Apartment,"Idu Industrial, Abuja",2026-06-01 11:08:04
Apo,3,10000000.0,Duplex,Semi-Detached Duplex,"Apo, Abuja",2026-06-01 11:08:04
Katampe,2,7000000.0,Apartment,Apartment,"By New Judges Quarters In An Estate, Katampe (Main), Katampe, Abuja",2026-06-01 11:08:04
Katampe,6,22000000.0,Duplex,Terraced Duplex,"Main, Katampe Extension, Katampe, Abuja",2026-06-01 11:08:04
Asokoro,2,10000000.0,Apartment,Apartment,"Asokoro District, Abuja",2026-06-01 11:08:04
Guzape,4,13000000.0,Duplex,Terraced Duplex,"Guzape District, Abuja",2026-06-01 11:08:04
Kaura,3,5000000.0,Apartment,Apartment,"Golden Street., Kaura, Abuja",2026-06-01 11:08:11
Maitama,3,17000000.0,Apartment,Apartment,"Maitama Main, Maitama District, Abuja",2026-06-01 11:08:11
Garki,2,5000000.0,Apartment,Apartment,"American International School, Garki, Abuja",2026-06-01 11:08:11
Maitama,3,17000000.0,Apartment,Apartment,"Off Ibb Way., Maitama District, Abuja",2026-06-01 11:08:11
Kubwa,2,2500000.0,Apartment,Apartment,"Phase 4, Kubwa, Abuja",2026-06-01 11:08:11
Galadimawa,3,15000000.0,Bungalow,Detached Bungalow,"Suncity, Galadimawa, Abuja",2026-06-01 11:08:11
Galadimawa,4,14000000.0,Duplex,Detached Duplex,"Suncity Estate, Galadimawa, Abuja",2026-06-01 11:08:11
Lugbe,1,1200000.0,Apartment,Self Contain,"Along Pyakasa, Lugbe District, Abuja",2026-06-01 11:08:11
Jahi,4,17000000.0,Duplex,Terraced Duplex,"Jahi, Abuja",2026-06-01 11:08:11
Wuye,2,20000000.0,Apartment,Apartment,"Wuye, Abuja",2026-06-01 11:08:11
Jahi,3,25000000.0,Apartment,Apartment,"Jahi, Abuja",2026-06-01 11:08:11
Guzape,4,35000000.0,Duplex,Terraced Duplex,"Guzape, Guzape District, Abuja",2026-06-01 11:08:11
Guzape,4,13000000.0,Apartment,Apartment,"Guzape, Guzape District, Abuja",2026-06-01 11:08:11
Wuse,2,15000000.0,Apartment,Apartment,"Wuse 2, Abuja",2026-06-01 11:08:11
Gaduwa,1,6000000.0,Apartment,Mini Flat,"Gaduwa, Abuja",2026-06-01 11:08:11
Guzape,6,30000000.0,Duplex,Detached Duplex,"Guzape District, Abuja",2026-06-01 11:08:11
Wuye,3,8000000.0,Apartment,Apartment,"Wuye, Abuja",2026-06-01 11:08:11
Maitama,3,17000000.0,Apartment,Apartment,"Maitama District, Abuja",2026-06-01 11:08:11
Asokoro,2,10000000.0,Duplex,Terraced Duplex,"Asokoro District, Abuja",2026-06-01 11:08:11
Asokoro,2,10000000.0,Duplex,Terraced Duplex,"Asokoro District, Abuja",2026-06-01 11:08:20
Gaduwa,5,11000000.0,Duplex,Detached Duplex,"Gaduwa, Abuja",2026-06-01 11:08:20
Gaduwa,4,10000000.0,Duplex,Detached Duplex,"Gaduwa, Abuja",2026-06-01 11:08:20
Wuse,7,40000000.0,Duplex,Detached Duplex,"Wuse 2, Abuja",2026-06-01 11:08:20
Wuye,3,8000000.0,Apartment,Apartment,"Wuye, Abuja",2026-06-01 11:08:20
Guzape,6,30000000.0,Duplex,Detached Duplex,"Guzape By Hmedix, Guzape District, Abuja",2026-06-01 11:08:20
Jahi,2,4500000.0,Apartment,Apartment,"Jahi, Abuja",2026-06-01 11:08:20
Kado,4,8000000.0,Duplex,Detached Duplex,"Kado Estate, Kado, Abuja",2026-06-01 11:08:20
Maitama,3,17000000.0,Apartment,Apartment,"Maitama District, Abuja",2026-06-01 11:08:20
Guzape,4,13000000.0,Duplex,Terraced Duplex,"Guzape District, Abuja",2026-06-01 11:08:20
Maitama,3,17000000.0,Apartment,Apartment,"Maitama District, Abuja",2026-06-01 11:08:20
Apo,3,10000000.0,Duplex,Semi-Detached Duplex,"Apo, Abuja",2026-06-01 11:08:20
Wuse,5,70000000.0,House,House,"Wuse 2, Abuja",2026-06-01 11:08:20
Apo,3,10000000.0,Duplex,Semi-Detached Duplex,"Apo, Abuja",2026-06-01 11:08:20
Jahi,1,7000000.0,Apartment,Apartment,"Gilmore, Jahi, Abuja",2026-06-01 11:08:20
Durumi,1,1300000.0,Apartment,Self Contain,"By American International School, Durumi, Abuja",2026-06-01 11:08:20
Guzape,5,60000000.0,Duplex,Detached Duplex,"Guzape District, Abuja",2026-06-01 11:08:20
Wuse,4,25000000.0,Duplex,Semi-Detached Duplex,"Off Aminu Kano Crescent, Wuse 2, Abuja",2026-06-01 11:08:20
Maitama,1,9000000.0,Apartment,Apartment,"Maitama District, Abuja",2026-06-01 11:08:29
Jahi,4,20000000.0,Duplex,Terraced Duplex,"Jahi, Abuja",2026-06-01 11:08:29
Karmo,3,5500000.0,Apartment,Apartment,"Karmo, Abuja",2026-06-01 11:08:29
Mabushi,4,12000000.0,Duplex,Terraced Duplex,"Mabushi, Abuja",2026-06-01 11:08:29
Wuse,3,45000000.0,Apartment,Apartment,"Wuse 2, Abuja",2026-06-01 11:08:29
Wuse,3,35000000.0,Apartment,Apartment,"Wuse 2, Abuja",2026-06-01 11:08:29
Wuse,3,50000000.0,Apartment,Apartment,"Wuse 2, Abuja",2026-06-01 11:08:29
Guzape,3,25000000.0,Apartment,Apartment,"Guzape District, Abuja",2026-06-01 11:08:29
Guzape,2,21000000.0,Apartment,Apartment,"Guzape District, Abuja",2026-06-01 11:08:29
Mabushi,4,23000000.0,Duplex,Detached Duplex,"Mabushi, Abuja",2026-06-01 11:08:29
Asokoro,3,15000000.0,Apartment,Apartment,"Asokoro District, Abuja",2026-06-01 11:08:29
Katampe,7,25000000.0,Duplex,Semi-Detached Duplex,"By Judges Quarters, Katampe, Abuja",2026-06-01 11:08:29
Jahi,4,20000000.0,Duplex,Terraced Duplex,"Jahi, Abuja",2026-06-01 11:08:29
Gwarinpa,1,2000000.0,Apartment,Self Contain,"News Engineering, Dawaki, Gwarinpa, Abuja",2026-06-01 11:08:29
Gwarinpa,1,3500000.0,Apartment,Apartment,"News Engineering, Dawaki, Gwarinpa, Abuja",2026-06-01 11:08:29
Katampe,3,11000000.0,Apartment,Apartment,"Katampe (Main), Katampe, Abuja",2026-06-01 11:08:29
Idu,4,6000000.0,Duplex,Terraced Duplex,"Close To Nzamiye Hospital, Idu Industrial, Abuja",2026-06-01 11:08:29
Apo,2,6000000.0,Apartment,Apartment,"Apo Resettlement, Apo, Abuja",2026-06-01 11:08:29
Apo,4,13000000.0,Duplex,Detached Duplex,"Apo Wumba, Along Lokogoma Expressway, Apo, Abuja",2026-06-01 11:08:29
Katampe,3,15000000.0,Apartment,Apartment,"Katampe, Abuja",2026-06-01 11:08:37
Maitama,4,40000000.0,Duplex,Semi-Detached Duplex,"Maitama District, Abuja",2026-06-01 11:08:37
Jahi,3,7500000.0,Apartment,Apartment,"Jahi After Aduvei International School, Jahi, Abuja",2026-06-01 11:08:37
Life Camp,4,15000000.0,Duplex,Terraced Duplex,"B&h City, Paradise-ochacho Road, Life Camp, Abuja",2026-06-01 11:08:37
Guzape,1,1000000.0,Apartment,Self Contain,"Off Gilbert Chikelu Crescent, Guzape District, Abuja",2026-06-01 11:08:37
Apo,3,10000000.0,Duplex,Semi-Detached Duplex,"Apo, Abuja",2026-06-01 11:08:37
Katampe,3,9000000.0,Apartment,Apartment,"Katampe (Main), Katampe, Abuja",2026-06-01 11:08:37
Mabushi,3,12500000.0,Apartment,Apartment,"By Vio, Mabushi, Abuja",2026-06-01 11:08:37
Jahi,3,8000000.0,Apartment,Apartment,"Jahi, Abuja",2026-06-01 11:08:37
Apo,3,12000000.0,Duplex,Semi-Detached Duplex,"Apo, Abuja",2026-06-01 11:08:37
Mabushi,3,8000000.0,Apartment,Apartment,"Mabushi, Abuja",2026-06-01 11:08:37
Lugbe,1,2000000.0,Apartment,Mini Flat,"Nelox Estate  By Pyakassa Road Along Redeem Estate/diamond Estate, Pyakasa, Lugbe District, Abuja",2026-06-01 11:08:37
Wuye,4,12000000.0,Duplex,Terraced Duplex,"Main, Wuye, Abuja",2026-06-01 11:08:37
Jahi,4,20000000.0,Duplex,Terraced Duplex,"Gilmore, Jahi, Abuja",2026-06-01 11:08:37
Jahi,2,4500000.0,Apartment,Apartment,"Jahi By Aduvei School, Jahi, Abuja",2026-06-01 11:08:37
Wuye,4,13500000.0,Duplex,Terraced Duplex,"Wuye Main, Wuye, Abuja",2026-06-01 11:08:37
Wuye,4,20000000.0,Duplex,Terraced Duplex,"By Zartech Supermarket, Wuye, Abuja",2026-06-01 11:08:37
Lugbe,4,10000000.0,Duplex,Detached Duplex,"Nelox Estate  By Pyakassa Rd Along Redeem Estate/diamond Est, Pyakasa, Lugbe District, Abuja",2026-06-01 11:08:37
Jahi,4,20000000.0,Duplex,Terraced Duplex,"Jahi, Abuja",2026-06-01 11:08:37
Maitama,1,9000000.0,Apartment,Apartment,"Maitama District, Abuja",2026-06-01 11:08:44
Garki,4,15000000.0,Bungalow,Detached Bungalow,"Garki, Abuja",2026-06-01 11:08:44
Asokoro,6,500000000.0,Duplex,Detached Duplex,"Asokoro District, Abuja",2026-06-01 11:08:44
Gwarinpa,2,4000000.0,Apartment,Apartment,"News Engineering, Dawaki, Gwarinpa, Abuja",2026-06-01 11:08:44
Wuye,2,6500000.0,Apartment,Apartment,"Wuye, Wuye, Abuja",2026-06-01 11:08:44
Garki,3,7000000.0,Apartment,Apartment,"Gimbya, Area 11, Garki, Abuja",2026-06-01 11:08:44
Asokoro,4,68521500.0,Duplex,Terraced Duplex,"Asokoro District, Abuja",2026-06-01 11:08:44
Guzape,5,30000000.0,Duplex,Detached Duplex,"Guzape District, Abuja",2026-06-01 11:08:44
Guzape,4,20000000.0,Apartment,Apartment,"Guzape District, Abuja",2026-06-01 11:08:44
Apo,4,10000000.0,Duplex,Terraced Duplex,"Apo Legislative Qtr,( Zone A) Tarred Rd, Garki, Abuja",2026-06-01 11:08:44
Asokoro,2,15000000.0,Apartment,Apartment,"Asokoro District, Abuja",2026-06-01 11:08:44
Apo,3,10000000.0,House,House,"Apo, Abuja",2026-06-01 11:08:44
Guzape,4,15000000.0,Duplex,Terraced Duplex,"Guzape District, Abuja",2026-06-01 11:08:44
Garki,4,180000000.0,House,House,"Area 11, Garki, Abuja",2026-06-01 11:08:44
Gwarinpa,1,2500000.0,Apartment,Mini Flat,"Gwarinpa, Abuja",2026-06-01 11:08:44
Gwarinpa,4,10000000.0,Duplex,Detached Duplex,"Main Gwarimpa, Gwarinpa, Abuja",2026-06-01 11:08:44
Mabushi,5,30000000.0,Duplex,Detached Duplex,"Main Mabushi, Mabushi, Abuja",2026-06-01 11:08:44
Wuye,5,30000000.0,Duplex,Semi-Detached Duplex,"By Wuye Police Station, Wuye, Abuja",2026-06-01 11:08:44
Katampe,1,4000000.0,Apartment,Mini Flat,"Katampe (Main), Katampe, Abuja",2026-06-01 11:08:44
Maitama,1,9000000.0,Apartment,Apartment,"Maitama District, Abuja",2026-06-01 11:08:51
Kado,4,13000000.0,Duplex,Semi-Detached Duplex,"Kado, Abuja",2026-06-01 11:08:51
Katampe,4,23000000.0,Duplex,Terraced Duplex,"Diplomatic Zone, Katampe Extension, Katampe, Abuja",2026-06-01 11:08:51
Katampe,3,9000000.0,Apartment,Apartment,"Aso Radio, Katampe, Abuja",2026-06-01 11:08:51
Katampe,3,9000000.0,Apartment,Apartment,"By Aso Radio., Katampe (Main), Katampe, Abuja",2026-06-01 11:08:51
Galadimawa,3,5500000.0,Bungalow,Detached Bungalow,"Ado Street, Galadimawa, Abuja",2026-06-01 11:08:51
Kaura,1,1800000.0,Bungalow,Detached Bungalow,"111a Gold Street, Kaura, Abuja",2026-06-01 11:08:51
Galadimawa,1,2000000.0,Bungalow,Detached Bungalow,"Hilda Bacy Street, Galadimawa, Abuja",2026-06-01 11:08:51
Katampe,2,7000000.0,Apartment,Apartment,"Grace Court, Katampe (Main), Katampe, Abuja",2026-06-01 11:08:51
Katampe,4,15000000.0,Duplex,Terraced Duplex,"Katampe (Main), Katampe, Abuja",2026-06-01 11:08:51
Gudu,28,252000000.0,Duplex,Terraced Duplex,"Gudu, Abuja",2026-06-01 11:08:51
Katampe,2,7000000.0,Duplex,Terraced Duplex,"Katampe Main Behind Aso Radio, Katampe, Abuja",2026-06-01 11:08:51
Life Camp,4,35000000.0,Apartment,Apartment,"Bellavue Estate, Life Camp, Abuja",2026-06-01 11:08:51
Life Camp,2,13000000.0,Apartment,Apartment,"Bellavue Estate, Life Camp, Abuja",2026-06-01 11:08:51
Idu,2,3000000.0,Apartment,Apartment,"Off Nizamiye Hospital, Idu Industrial, Abuja",2026-06-01 11:08:51
Katampe,4,13000000.0,Duplex,Terraced Duplex,"Living Faith Church, Katampe, Abuja",2026-06-01 11:08:51
Idu,3,5300000.0,Apartment,Apartment,"Idu Industrial, Abuja",2026-06-01 11:08:51
Idu,3,5300000.0,Apartment,Apartment,"Idu Industrial, Abuja",2026-06-01 11:08:51
Idu,1,2700000.0,Apartment,Mini Flat,"Idu Industrial, Abuja",2026-06-01 11:08:51
Maitama,4,45000000.0,Duplex,Detached Duplex,"Maitama District, Abuja",2026-06-01 11:08:57
Maitama,5,100000000.0,Duplex,Detached Duplex,"Maitama District, Abuja",2026-06-01 11:08:57
Mabushi,4,17000000.0,Duplex,Semi-Detached Duplex,"Mabushi, Abuja",2026-06-01 11:08:57
Wuye,1,2000000.0,Apartment,Self Contain,"By Gig Logistics, Wuye, Abuja",2026-06-01 11:08:57
Guzape,4,1800000000.0,Duplex,Terraced Duplex,"Guzape District, Abuja",2026-06-01 11:08:57
Life Camp,3,12000000.0,Bungalow,Detached Bungalow,"Lifecamp Roundabout Junction, Life Camp, Abuja",2026-06-01 11:08:57
Mabushi,4,25000000.0,Duplex,Detached Duplex,"Mabushi, Abuja",2026-06-01 11:08:57
Katampe,6,25000000.0,Duplex,Terraced Duplex,"Katampe (Main), Katampe, Abuja",2026-06-01 11:08:57
Maitama,3,40000000.0,Apartment,Apartment,"Maitama District, Abuja",2026-06-01 11:08:57
Katampe,4,15000000.0,Duplex,Terraced Duplex,"Katampe (Main), Katampe, Abuja",2026-06-01 11:08:57
Galadimawa,4,7500000.0,Duplex,Terraced Duplex,"Galadimawa, Abuja",2026-06-01 11:08:57
Kado,4,13000000.0,Duplex,Terraced Duplex,"By Lake View Estate, Kado, Abuja",2026-06-01 11:08:57
Wuye,4,25000000.0,Duplex,Terraced Duplex,"Wuye, Abuja",2026-06-01 11:08:57
Wuse,3,7500000.0,Apartment,Apartment,"Wuse, Abuja",2026-06-01 11:08:57
Lugbe,1,1000000.0,Apartment,Self Contain,"Along Von Estate, Lugbe District, Abuja",2026-06-01 11:08:57
Wuse,8,50000000.0,Duplex,Detached Duplex,"Wuse, Abuja",2026-06-01 11:08:57
Lugbe,1,1700000.0,Apartment,Mini Flat,"Along Von Road, Lugbe District, Abuja",2026-06-01 11:08:57
Maitama,3,25000000.0,Apartment,Apartment,"Maitama District, Abuja",2026-06-01 11:08:57
Jabi,3,25000000.0,Apartment,Apartment,"Jabi, Abuja",2026-06-01 11:08:57
Asokoro,1,4000000.0,Apartment,Mini Flat,"Naf Valley Estate, Asokoro District, Abuja",2026-06-01 11:09:03
Guzape,4,30000000.0,Duplex,Terraced Duplex,"Guzape District, Abuja",2026-06-01 11:09:03
Life Camp,2,4500000.0,Apartment,Apartment,"Life Camp, Abuja",2026-06-01 11:09:03
Life Camp,4,8000000.0,Duplex,Semi-Detached Duplex,"Life Camp, Abuja",2026-06-01 11:09:03
Katampe,3,11000000.0,Apartment,Apartment,"Katampe, Abuja",2026-06-01 11:09:03
Gwarinpa,2,4000000.0,Apartment,Apartment,"News Engineering, Dawaki, Gwarinpa, Abuja",2026-06-01 11:09:03
Wuse,1,4000000.0,Apartment,Apartment,"Wuse, Abuja",2026-06-01 11:09:03
Asokoro,4,45000000.0,Duplex,Detached Duplex,"Asokoro Residential, Asokoro District, Abuja",2026-06-01 11:09:03
Jabi,4,8000000.0,Duplex,Terraced Duplex,"Jabi, Abuja",2026-06-01 11:09:03
Maitama,3,25000000.0,Apartment,Apartment,"Maitama District, Abuja",2026-06-01 11:09:03
Gudu,3,7000000.0,Apartment,Apartment,"Off Gudu Junction, Gudu, Abuja",2026-06-01 11:09:03
Mabushi,2,15000000.0,Apartment,Apartment,"No. 1 Niqs Crescent Opposite Maryam Apartment, Mabushi, Abuja",2026-06-01 11:09:03
Gwarinpa,2,4000000.0,Apartment,Apartment,"News Engineering, Dawaki, Gwarinpa, Abuja",2026-06-01 11:09:03
Katampe,4,15000000.0,House,House,"Katampe (Main), Katampe, Abuja",2026-06-01 11:09:03
Apo,4,10000000.0,Duplex,Terraced Duplex,"Apo Legislative Quaters, Apo, Abuja",2026-06-01 11:09:03
Maitama,4,40000000.0,Duplex,Semi-Detached Duplex,"Maitama District, Abuja",2026-06-01 11:09:03
Apo,5,17000000.0,Duplex,Semi-Detached Duplex,"Apo Legislative Quaters., Apo, Abuja",2026-06-01 11:09:03
Kabusa,3,6500000.0,Duplex,Terraced Duplex,"Kabusa Garden, Dakwo, Abuja",2026-06-01 11:09:03
Kaura,3,5000000.0,Apartment,Apartment,"Kaura, Abuja",2026-06-01 11:09:11
Durumi,1,6000000.0,Apartment,Mini Flat,"By American International School, Durumi, Abuja",2026-06-01 11:09:11
Life Camp,2,4500000.0,Apartment,Apartment,"Life Camp, Abuja",2026-06-01 11:09:11
Kado,3,20000000.0,Bungalow,Detached Bungalow,"Kado, Abuja",2026-06-01 11:09:11
Kaura,1,2000000.0,Apartment,Self Contain,"Kaura, Abuja",2026-06-01 11:09:11
Kaura,2,5500000.0,Apartment,Apartment,"Kaura, Abuja",2026-06-01 11:09:11
Guzape,3,10000000.0,Apartment,Apartment,"By Coza, Guzape District, Abuja",2026-06-01 11:09:11
Durumi,4,15000000.0,Duplex,Terraced Duplex,"Near American School, Durumi, Abuja",2026-06-01 11:09:11
Guzape,2,6500000.0,Apartment,Apartment,"Guzape District, Abuja",2026-06-01 11:09:11
Katampe,3,9000000.0,Apartment,Apartment,"Katampe, Abuja",2026-06-01 11:09:11
Mabushi,3,165000000.0,Apartment,Apartment,"Mabushi, Abuja",2026-06-01 11:09:11
Apo,2,4000000.0,Apartment,Apartment,"Apo Extension By Arab, Apo, Abuja",2026-06-01 11:09:11
Guzape,5,60000000.0,Duplex,Detached Duplex,"Guzape District, Abuja",2026-06-01 11:09:11
Lugbe,3,3500000.0,Apartment,Apartment,"Lugbe District, Abuja",2026-06-01 11:09:11
Katampe,3,11000000.0,Apartment,Apartment,"Main Katamoe, Katampe, Abuja",2026-06-01 11:09:11
Guzape,5,30000000.0,Duplex,Detached Duplex,"Guzape District, Abuja",2026-06-01 11:09:11
Guzape,5,25000000.0,Duplex,Semi-Detached Duplex,"Guzape District, Abuja",2026-06-01 11:09:11
Maitama,1,6000000.0,Apartment,Apartment,"Maitama District, Abuja",2026-06-01 11:09:18
Asokoro,2,15000000.0,Apartment,Apartment,"Asokoro District, Abuja",2026-06-01 11:09:18
Asokoro,4,35000000.0,Duplex,Semi-Detached Duplex,"Asokoro District, Abuja",2026-06-01 11:09:18
Maitama,5,50000000.0,Duplex,Detached Duplex,"Maitama District, Abuja",2026-06-01 11:09:18
Maitama,4,45000000.0,Duplex,Terraced Duplex,"Maitama District, Abuja",2026-06-01 11:09:18
Wuye,1,3500000.0,Apartment,Apartment,"By Shafa, Wuye, Abuja",2026-06-01 11:09:18
Apo,3,10000000.0,Duplex,Semi-Detached Duplex,"Apo, Abuja",2026-06-01 11:09:18
Katampe,4,12000000.0,Duplex,Terraced Duplex,"Katampe, Abuja",2026-06-01 11:09:18
Guzape,1,1500000.0,Apartment,Self Contain,"Guzape District, Abuja",2026-06-01 11:09:18
Guzape,1,850000.0,Apartment,Self Contain,"Guzape District, Abuja",2026-06-01 11:09:18
Apo,1,650000.0,Apartment,Self Contain,"In Apo Dutse Community, Apo, Abuja",2026-06-01 11:09:18
Jahi,3,10000000.0,Apartment,Apartment,"Jahi, Abuja",2026-06-01 11:09:18
Wuye,1,3500000.0,Apartment,Apartment,"Wuye, Abuja",2026-06-01 11:09:18
Garki,2,2500000.0,Apartment,Apartment,"Area 1, Garki, Abuja",2026-06-01 11:09:18
Gwarinpa,2,3800000.0,Apartment,Apartment,"News Engineering, Dawaki, Gwarinpa, Abuja",2026-06-01 11:09:18
Guzape,5,80000000.0,Duplex,Detached Duplex,"Guzape District, Abuja",2026-06-01 11:09:18
Asokoro,6,50000000.0,Duplex,Detached Duplex,"Asokoro District, Abuja",2026-06-01 11:09:18
Katampe,6,60000000.0,Duplex,Detached Duplex,"Katampe Extension, Katampe, Abuja",2026-06-01 11:09:18
Guzape,4,13000000.0,Duplex,Terraced Duplex,"Guzape District, Abuja",2026-06-01 11:09:18
Katampe,3,8000000.0,Apartment,Apartment,"By Judges Quarters, Katampe, Abuja",2026-06-01 11:09:18
Maitama,1,6000000.0,Apartment,Apartment,"Maitama District, Abuja",2026-06-01 11:09:26
Guzape,4,13000000.0,Duplex,Terraced Duplex,"Guzape District, Abuja",2026-06-01 11:09:26
Gwarinpa,2,4500000.0,Apartment,Apartment,"News Engineering Extension, Dawaki, Gwarinpa, Abuja",2026-06-01 11:09:26
Katampe,6,23000000.0,Duplex,Terraced Duplex,"Katampe Extension, Katampe, Abuja",2026-06-01 11:09:26
Asokoro,1,750000.0,Apartment,Self Contain,"Asokoro Extension,  Kpaduna 3, Asokoro District, Abuja",2026-06-01 11:09:26
Asokoro,1,1300000.0,Apartment,Mini Flat,"Asokoro Extension,  Kpaduma 3, Asokoro District, Abuja",2026-06-01 11:09:26
Asokoro,4,15000000.0,Duplex,Terraced Duplex,"Asokoro District, Abuja",2026-06-01 11:09:26
Asokoro,1,750000.0,Apartment,Self Contain,"Asokoro Extension,  Kpaduma 3, Asokoro District, Abuja",2026-06-01 11:09:26
Gwarinpa,4,15000000.0,Duplex,Detached Duplex,"69 Road, Gwarinpa, By Abiodun Falade Hospital Just After Charley Boy, Gwarinpa, Abuja",2026-06-01 11:09:26
Katampe,2,4500000.0,Apartment,Apartment,"By Gishiri, Katampe (Main), Katampe, Abuja",2026-06-01 11:09:26
Kado,1,5500000.0,Apartment,Apartment,"Kado, Abuja",2026-06-01 11:09:26
Kado,1,2000000.0,Apartment,Self Contain,"Kado, Abuja",2026-06-01 11:09:26
Mabushi,1,3000000.0,Apartment,Mini Flat,"Mabushi, Abuja",2026-06-01 11:09:26
Katampe,6,60000000.0,Duplex,Detached Duplex,"Katampe Extension, Katampe, Abuja",2026-06-01 11:09:26
Mabushi,2,7500000.0,Apartment,Apartment,"Mabushi, Abuja",2026-06-01 11:09:26
Galadimawa,1,2000000.0,Apartment,Self Contain,"Sunnyvale Estate, Galadimawa, Abuja",2026-06-01 11:09:26
Jahi,5,10000000.0,Duplex,Terraced Duplex,"Jahi, Abuja",2026-06-01 11:09:26
Wuse,3,17000000.0,Apartment,Apartment,"Wuse 2, Abuja",2026-06-01 11:09:26
Maitama,3,25000000.0,Apartment,Apartment,"Maitama District, Abuja",2026-06-01 11:09:26
Utako,2,17000000.0,Apartment,Apartment,"Utako, Abuja",2026-06-01 11:09:26
Lokogoma,1,4000000.0,Apartment,Mini Flat,"Lokogoma District, Abuja",2026-06-01 11:09:26
Maitama,1,9000000.0,Apartment,Apartment,"Maitama District, Abuja",2026-06-01 11:09:35
Galadimawa,1,1800000.0,Apartment,Self Contain,"Galadimawa, Abuja",2026-06-01 11:09:35
Galadimawa,3,5000000.0,Bungalow,Detached Bungalow,"Sungold, Galadimawa, Abuja",2026-06-01 11:09:35
Guzape,3,15000000.0,Duplex,Terraced Duplex,"Guzape, Guzape District, Abuja",2026-06-01 11:09:35
Guzape,4,25000000.0,Duplex,Terraced Duplex,"Guzape District, Abuja",2026-06-01 11:09:35
Guzape,5,30000000.0,Duplex,Terraced Duplex,"Guzape, Guzape District, Abuja",2026-06-01 11:09:35
Apo,3,10000000.0,Duplex,Semi-Detached Duplex,"Apo, Abuja",2026-06-01 11:09:35
Gwarinpa,1,2000000.0,Apartment,Apartment,"Gwarinpa Extension, Gwarinpa, Abuja",2026-06-01 11:09:35
Katampe,3,9000000.0,Apartment,Apartment,"Katampe (Main), Katampe, Abuja",2026-06-01 11:09:35
Asokoro,6,50000000.0,Duplex,Detached Duplex,"Before Sunrise Hill Estate, Asokoro District, Abuja",2026-06-01 11:09:35
Maitama,4,60000000.0,Duplex,Semi-Detached Duplex,"Palm Springs, Maitama 2, Maitama District, Abuja",2026-06-01 11:09:35
Gwarinpa,3,4500000.0,Apartment,Apartment,"Dawaki, Gwarinpa, Abuja",2026-06-01 11:09:35
Katampe,3,7000000.0,Apartment,Apartment,"Diplomatic Zone, Katampe Extension, Katampe, Abuja",2026-06-01 11:09:35
Asokoro,4,6000000.0,Duplex,Semi-Detached Duplex,"Off Linda Chalker Street, Asokoro District, Abuja",2026-06-01 11:09:35
Wuse,4,30000000.0,Duplex,Detached Duplex,"Zone 1, Wuse, Abuja",2026-06-01 11:09:35
Guzape,2,6000000.0,Apartment,Apartment,"Guzape District, Abuja",2026-06-01 11:09:35
Guzape,3,15000000.0,House,House,"Guzape District, Abuja",2026-06-01 11:09:35
Guzape,5,55000000.0,Duplex,Semi-Detached Duplex,"Guzape District, Abuja",2026-06-01 11:09:35
Katampe,2,5000000.0,Apartment,Apartment,"Whitescape Apartments, Katampe (Main), Katampe, Abuja",2026-06-01 11:09:35
Garki,3,7500000.0,Apartment,Apartment,"Area 2, Garki, Abuja",2026-06-01 11:09:35
Wuse,4,40000000.0,Duplex,Terraced Duplex,"Wuse 2, Abuja",2026-06-01 11:09:35
Maitama,1,9000000.0,Apartment,Apartment,"Maitama District, Abuja",2026-06-01 11:09:42
Garki,1,3000000.0,Apartment,Apartment,"Area 1 Shopping Center, Garki, Abuja",2026-06-01 11:09:42
Jahi,4,12000000.0,Duplex,Terraced Duplex,"Gilmore, Jahi, Abuja",2026-06-01 11:09:42
Jabi,1,4000000.0,Apartment,Apartment,"Jabi Main(tarred Rd), Jabi, Abuja",2026-06-01 11:09:42
Jabi,3,41000000.0,Apartment,Apartment,"Jabi, Abuja",2026-06-01 11:09:42
Jahi,2,30000000.0,House,House,"(fully Tarred Rd) Jahi Gilmore, Jahi, Abuja",2026-06-01 11:09:42
Guzape,4,15000000.0,Duplex,Terraced Duplex,"Guzape District, Abuja",2026-06-01 11:09:42
Life Camp,4,8000000.0,Duplex,Semi-Detached Duplex,"Life Camp, Abuja",2026-06-01 11:09:42
Guzape,4,12000000.0,Duplex,Terraced Duplex,"Guzape District, Abuja",2026-06-01 11:09:42
Maitama,4,40000000.0,Apartment,Apartment,"Maitama District, Abuja",2026-06-01 11:09:42
Garki,1,3000000.0,Apartment,Apartment,"Area 2, Garki, Abuja",2026-06-01 11:09:42
Idu,3,6000000.0,Apartment,Apartment,"Idu Industrial, Abuja",2026-06-01 11:09:42
Guzape,5,40000000.0,Duplex,Semi-Detached Duplex,"Guzape Main, Guzape District, Abuja",2026-06-01 11:09:42
Asokoro,3,30000000.0,Duplex,Terraced Duplex,"Asokoro Main, Asokoro District, Abuja",2026-06-01 11:09:42
Durumi,3,5000000.0,Apartment,Apartment,"By Old Secteriat, Durumi, Abuja",2026-06-01 11:09:42
Wuse,2,18000000.0,Apartment,Apartment,"Wuse 2, Abuja",2026-06-01 11:09:42
Mabushi,1,2000000.0,Apartment,Self Contain,"Mabushi, Abuja",2026-06-01 11:09:42
Maitama,2,12000000.0,Apartment,Apartment,"Maitama District, Abuja",2026-06-01 11:09:42
Gwarinpa,2,4000000.0,Apartment,Apartment,"64, Crescent, Gwarinpa, Abuja",2026-06-01 11:09:42
Gudu,3,6000000.0,Apartment,Apartment,"Gudu, Abuja",2026-06-01 11:09:42
Maitama,1,6000000.0,Apartment,Apartment,"Maitama District, Abuja",2026-06-01 11:09:47
Life Camp,4,13000000.0,Duplex,Terraced Duplex,"Life Camp, Abuja",2026-06-01 11:09:47
Guzape,3,15000000.0,Duplex,Terraced Duplex,"Guzape Main, Guzape District, Abuja",2026-06-01 11:09:47
Guzape,5,25000000.0,Duplex,Terraced Duplex,"Guzape Main, Guzape District, Abuja",2026-06-01 11:09:47
Guzape,4,25000000.0,Duplex,Semi-Detached Duplex,"Guzape Main, Guzape District, Abuja",2026-06-01 11:09:47
Galadimawa,2,5500000.0,Apartment,Apartment,"Galadimawa, Abuja",2026-06-01 11:09:47
Mabushi,2,6000000.0,Apartment,Apartment,"Mabushi, Abuja",2026-06-01 11:09:47
Jahi,3,10000000.0,Duplex,Terraced Duplex,"Jahi, Abuja",2026-06-01 11:09:47
Kubwa,1,1600000.0,Apartment,Mini Flat,"Arab Road, Kubwa, Abuja",2026-06-01 11:09:47
Kubwa,3,4000000.0,Bungalow,Detached Bungalow,"Arab Road, Kubwa, Abuja",2026-06-01 11:09:47
Kubwa,1,2000000.0,House,House,"Chikakore, Kubwa, Abuja",2026-06-01 11:09:47
Mabushi,3,4000000.0,Apartment,Apartment,"Mabushi, Abuja",2026-06-01 11:09:47
Apo,3,10000000.0,Duplex,Semi-Detached Duplex,"Apo, Abuja",2026-06-01 11:09:47
Gwarinpa,2,4500000.0,Apartment,Apartment,"News Engineering, Dawaki, Gwarinpa, Abuja",2026-06-01 11:09:47
Maitama,3,40000000.0,Apartment,Apartment,"Maitama Main, Maitama District, Abuja",2026-06-01 11:09:47
Jahi,3,10000000.0,Duplex,Terraced Duplex,"Jahi, Abuja",2026-06-01 11:09:47
Wuse,3,25000000.0,Duplex,Terraced Duplex,"Zone 2, Wuse, Abuja",2026-06-01 11:09:47
Guzape,5,25000000.0,Duplex,Terraced Duplex,"Guzape District, Abuja",2026-06-01 11:09:47
Guzape,5,30000000.0,Duplex,Semi-Detached Duplex,"Guzape District, Abuja",2026-06-01 11:09:47
Garki,2,6000000.0,Apartment,Apartment,"Garki, Abuja",2026-06-01 11:09:47
Guzape,5,25000000.0,Duplex,Semi-Detached Duplex,"Guzape District, Abuja",2026-06-01 11:09:55
Katampe,3,11000000.0,Apartment,Apartment,"Katampe (Main), Katampe, Abuja",2026-06-01 11:09:55
Lugbe,2,4500000.0,Apartment,Apartment,"Nut Axis, Lugbe District, Abuja",2026-06-01 11:09:55
Apo,2,5000000.0,Bungalow,Semi-detached Bungalow,"Apo, Abuja",2026-06-01 11:09:55
Kaura,4,8000000.0,Duplex,Terraced Duplex,"Kaura, Abuja",2026-06-01 11:09:55
Katampe,4,18000000.0,Duplex,Terraced Duplex,"Katampe Extension, Katampe, Abuja",2026-06-01 11:09:55
Kaura,3,5000000.0,Apartment,Apartment,"Kaura, Abuja",2026-06-01 11:09:55
Guzape,5,25000000.0,Duplex,Semi-Detached Duplex,"Guzape District, Abuja",2026-06-01 11:09:55
Jahi,3,8000000.0,Apartment,Apartment,"Jahi, Abuja",2026-06-01 11:09:55
Guzape,5,25000000.0,House,House,"Guzape District, Abuja",2026-06-01 11:09:55
Utako,7,60000000.0,Duplex,Detached Duplex,"By Arab, Utako, Abuja",2026-06-01 11:09:55
Karmo,3,4500000.0,Apartment,Apartment,"By Nizamiye Hospital, Karmo, Abuja",2026-06-01 11:09:55
Mabushi,3,4000000.0,Apartment,Apartment,"Mabushi, Abuja",2026-06-01 11:09:55
Wuye,3,10000000.0,Apartment,Apartment,"Wuye Main, Wuye, Abuja",2026-06-01 11:09:55
Maitama,4,28000000.0,Duplex,Terraced Duplex,"Maitama Main, Maitama District, Abuja",2026-06-01 11:09:55
Garki,3,6500000.0,Apartment,Apartment,"Garki, Abuja",2026-06-01 11:09:55
Jabi,3,12000000.0,Apartment,Apartment,"Jabi Main, Jabi, Abuja",2026-06-01 11:09:55
Maitama,1,9000000.0,Apartment,Apartment,"Maitama District, Abuja",2026-06-01 11:10:05
Kaura,1,2500000.0,Apartment,Apartment,"By Opp. Games Village, Kaura, Abuja",2026-06-01 11:10:05
Wuye,3,10000000.0,Apartment,Apartment,"Wuye Main, Wuye, Abuja",2026-06-01 11:10:05
Gwarinpa,4,10000000.0,Duplex,Terraced Duplex,"Gwarinpa, Abuja",2026-06-01 11:10:05
Wuse,5,25000000.0,Duplex,Terraced Duplex,"Wuse, Abuja",2026-06-01 11:10:05
Jabi,7,55000000.0,Duplex,Detached Duplex,"Jabi Main, Jabi, Abuja",2026-06-01 11:10:05
Maitama,4,25000000.0,Duplex,Terraced Duplex,"Maitama District, Abuja",2026-06-01 11:10:05
Guzape,4,70000000.0,Duplex,Detached Duplex,"Guzape District, Abuja",2026-06-01 11:10:05
Guzape,3,9000000.0,Apartment,Apartment,"Guzape District, Abuja",2026-06-01 11:10:05
Maitama,5,90000000.0,Duplex,Detached Duplex,"Maitama District, Abuja",2026-06-01 11:10:05
Gaduwa,3,6000000.0,Apartment,Apartment,"By Ebeano, Gaduwa, Abuja",2026-06-01 11:10:05
Maitama,3,47965050.0,Apartment,Apartment,"Maitama District, Abuja",2026-06-01 11:10:05
Wuye,1,2500000.0,Apartment,Self Contain,"Yah Wahab Estate Phase 2, Wuye, Abuja",2026-06-01 11:10:05
Gwarinpa,2,3000000.0,Apartment,Apartment,"Dawaki, Gwarinpa, Abuja",2026-06-01 11:10:05
Wuse,5,25000000.0,Duplex,Terraced Duplex,"Wuse, Abuja",2026-06-01 11:10:05
Wuye,2,6000000.0,Apartment,Apartment,"Wuye Main(tarred Rd), Wuye, Abuja",2026-06-01 11:10:05
Durumi,3,8000000.0,Apartment,Apartment,"Off American International School, Durumi, Abuja",2026-06-01 11:10:05
Apo,3,10000000.0,Duplex,Semi-Detached Duplex,"Apo, Abuja",2026-06-01 11:10:05
Kubwa,1,3500000.0,Apartment,Mini Flat,"Brick City Estate Phase Ii, Kubwa, Abuja",2026-06-01 11:10:05
Maitama,1,9000000.0,Apartment,Apartment,"Maitama District, Abuja",2026-06-01 11:10:13
Katampe,1,8000000.0,Apartment,Mini Flat,"Uptown Apartments, Katampe, Abuja",2026-06-01 11:10:13
Kubwa,1,4500000.0,Apartment,Mini Flat,"Brick City Estate, Kubwa, Abuja",2026-06-01 11:10:13
Karu,1,3000000.0,Apartment,Self Contain,"Works And Housing Estate, Karu, Abuja",2026-06-01 11:10:13
Kubwa,1,4500000.0,Apartment,Apartment,"Phase 3, Kubwa, Abuja",2026-06-01 11:10:13
Kubwa,1,3500000.0,Apartment,Mini Flat,"Brick City Estate, Kubwa, Abuja",2026-06-01 11:10:13
Lugbe,2,10000000.0,House,House,"Lugbe District, Abuja",2026-06-01 11:10:13
Lugbe,1,2500000.0,Apartment,Mini Flat,"Lugbe District, Abuja",2026-06-01 11:10:13
Katampe,3,11000000.0,Apartment,Apartment,"Katampe, Katampe, Abuja",2026-06-01 11:10:13
Katampe,3,7000000.0,Apartment,Apartment,"Katampe (Main), Katampe, Abuja",2026-06-01 11:10:13
Katampe,3,11000000.0,Apartment,Apartment,"Katampe, Abuja",2026-06-01 11:10:13
Mabushi,1,6000000.0,Apartment,Mini Flat,"By Capital Hub, Mabushi, Abuja",2026-06-01 11:10:13
Maitama,4,9000000.0,Duplex,Terraced Duplex,"Extension Mpape, Maitama 2, Maitama District, Abuja",2026-06-01 11:10:13
Asokoro,5,60000000.0,Duplex,Detached Duplex,"Asokoro District, Abuja",2026-06-01 11:10:13
Durumi,3,7000000.0,Apartment,Apartment,"By American International, Durumi, Abuja",2026-06-01 11:10:13
Gwarinpa,3,6000000.0,Apartment,Apartment,"News Engineering, Dawaki, Gwarinpa, Abuja",2026-06-01 11:10:13
Life Camp,4,13000000.0,Duplex,Terraced Duplex,"By Lifecamp Junction., Life Camp, Abuja",2026-06-01 11:10:13
Wuye,2,6000000.0,Apartment,Apartment,"Main, Wuye, Abuja",2026-06-01 11:10:13
Jahi,3,10000000.0,Apartment,Apartment,"By Gilmore, Jahi, Abuja",2026-06-01 11:10:13
Idu,2,3500000.0,Apartment,Apartment,"Idu Industrial, Abuja",2026-06-01 11:10:13
Asokoro,3,41112900.0,House,House,"Asokoro Main, Asokoro District, Abuja",2026-06-01 11:10:13
Kado,5,35000000.0,Apartment,Apartment,"Kado, Abuja",2026-06-01 11:10:18
Maitama,5,75000000.0,Duplex,Detached Duplex,"Maitama District, Abuja",2026-06-01 11:10:18
Gwarinpa,4,20000000.0,Duplex,Terraced Duplex,"3rd Avenue, Gwarinpa, Abuja",2026-06-01 11:10:18
Gudu,4,10000000.0,Duplex,Terraced Duplex,"Rockvale Manor Estate, After  Cedarcrest Hospital, Gudu, Abuja",2026-06-01 11:10:18
Maitama,3,15000000.0,House,House,"Foreign Affairs Qautars, Maitama District, Abuja",2026-06-01 11:10:18
Kubwa,5,3500000.0,House,House,"Arab Road, Kubwa, Abuja",2026-06-01 11:10:18
Kubwa,2,3500000.0,Apartment,Apartment,"FO1 Layout, Kubwa, Abuja",2026-06-01 11:10:18
Kubwa,2,3500000.0,Apartment,Apartment,"FO1 Layout, Kubwa, Abuja",2026-06-01 11:10:18
Kubwa,2,3500000.0,Apartment,Apartment,"Kubwa, Abuja",2026-06-01 11:10:18
Jahi,4,18000000.0,Duplex,Terraced Duplex,"Jahi, Abuja",2026-06-01 11:10:18
Apo,3,10000000.0,Duplex,Semi-Detached Duplex,"Apo, Abuja",2026-06-01 11:10:18
Gwarinpa,2,4000000.0,Apartment,Apartment,"Dawaki, Gwarinpa, Abuja",2026-06-01 11:10:18
Gwarinpa,1,3200000.0,Apartment,Apartment,"Dawaki, Gwarinpa, Abuja",2026-06-01 11:10:18
Katampe,2,4500000.0,Apartment,Apartment,"Katampe, Abuja",2026-06-01 11:10:18
Life Camp,1,1500000.0,Apartment,Self Contain,"Life Camp, Abuja",2026-06-01 11:10:24
Gwarinpa,1,3000000.0,Apartment,Apartment,"News Engineering, Dawaki, Gwarinpa, Abuja",2026-06-01 11:10:24
Gwarinpa,2,4000000.0,Apartment,Apartment,"News Engineering, Dawaki, Gwarinpa, Abuja",2026-06-01 11:10:24
Kado,4,35000000.0,Duplex,Detached Duplex,"Kado By Mfm, Mabushi, Abuja",2026-06-01 11:10:24
Kaura,3,8000000.0,Apartment,Apartment,"Kaura, Abuja",2026-06-01 11:10:24
Kaura,2,7000000.0,Apartment,Apartment,"Kaura, Abuja",2026-06-01 11:10:24
Jahi,3,10000000.0,Apartment,Apartment,"Jahi, Abuja",2026-06-01 11:10:24
Jahi,2,8000000.0,Apartment,Apartment,"Jahi, Abuja",2026-06-01 11:10:24
Jahi,3,10000000.0,Apartment,Apartment,"Jahi, Abuja",2026-06-01 11:10:24
Wuye,3,11000000.0,Apartment,Apartment,"Wuye, Abuja",2026-06-01 11:10:24
Apo,4,10000000.0,Duplex,Terraced Duplex,"Apo, Abuja",2026-06-01 11:10:24
Jahi,3,15000000.0,Apartment,Apartment,"No. 16 Oladipo, Jahi, Abuja",2026-06-01 11:10:24
Apo,3,18000000.0,Apartment,Apartment,"Oladapo Afolabi Crescent, Jahi, Abuja",2026-06-01 11:10:24
Katampe,4,40000000.0,Apartment,Apartment,"Katampe Extension, Katampe, Abuja",2026-06-01 11:10:24
Katampe,3,8000000.0,Apartment,Apartment,"Katampe (Main), Katampe, Abuja",2026-06-01 11:10:24
Galadimawa,4,8000000.0,Duplex,Terraced Duplex,"Galadimawa, Abuja",2026-06-01 11:10:24
Maitama,4,40000000.0,Duplex,Semi-Detached Duplex,"Maitama District, Abuja",2026-06-01 11:10:32
Katampe,2,13000000.0,Duplex,Terraced Duplex,"Katampe (Main), Katampe, Abuja",2026-06-01 11:10:32
Katampe,2,8000000.0,Apartment,Apartment,"Katampe (Main), Katampe, Abuja",2026-06-01 11:10:32
Katampe,3,11000000.0,Apartment,Apartment,"By Living Faith, Katampe (Main), Katampe, Abuja",2026-06-01 11:10:32
Durumi,3,6500000.0,Apartment,Apartment,"Area 1 Axis., Durumi, Abuja",2026-06-01 11:10:32
Jabi,3,30000000.0,Apartment,Apartment,"By Shoprite, Jabi, Abuja",2026-06-01 11:10:32
Gwarinpa,1,4000000.0,Apartment,Apartment,"News Engineering, Dawaki, Gwarinpa, Abuja",2026-06-01 11:10:32
Gwarinpa,1,1500000.0,Apartment,Self Contain,"News Engineering, Dawaki, Gwarinpa, Abuja",2026-06-01 11:10:32
Jabi,6,25000000.0,Duplex,Detached Duplex,"Jabi, Abuja",2026-06-01 11:10:32
Gaduwa,3,5500000.0,Apartment,Apartment,"Gaduwa, Abuja",2026-06-01 11:10:32
Gudu,3,7000000.0,Apartment,Apartment,"Gudu, Abuja",2026-06-01 11:10:32
Galadimawa,1,2500000.0,Apartment,Apartment,"Galadimawa, Abuja",2026-06-01 11:10:32
Gwarinpa,1,3000000.0,Apartment,Apartment,"Dawaki District, Dawaki, Gwarinpa, Abuja",2026-06-01 11:10:32
Apo,3,10000000.0,Duplex,Semi-Detached Duplex,"Apo, Abuja",2026-06-01 11:10:32
Gwarinpa,2,3000000.0,Apartment,Apartment,"Dawaki District, Dawaki, Gwarinpa, Abuja",2026-06-01 11:10:32
Life Camp,4,25000000.0,Duplex,Semi-Detached Duplex,"Life Camp, Abuja",2026-06-01 11:10:32
Maitama,1,6000000.0,Apartment,Apartment,"Maitama District, Abuja",2026-06-01 11:10:41
Maitama,4,40000000.0,Duplex,Terraced Duplex,"Maitama District, Abuja",2026-06-01 11:10:41
Lokogoma,3,7000000.0,Apartment,Apartment,"Along Lokogoma Road, Gaduwa, Abuja",2026-06-01 11:10:41
Apo,3,10000000.0,Duplex,Semi-Detached Duplex,"By Ceder Crest Hospital, Apo, Abuja",2026-06-01 11:10:41
Gaduwa,5,12000000.0,Duplex,Detached Duplex,"Gaduwa, Abuja",2026-06-01 11:10:41
Gaduwa,4,11000000.0,Duplex,Detached Duplex,"Gaduwa, Abuja",2026-06-01 11:10:41
Lokogoma,1,2500000.0,Apartment,Mini Flat,"Lokogoma District, Abuja",2026-06-01 11:10:41
Guzape,4,3000000.0,Duplex,Terraced Duplex,"Guzape District, Abuja",2026-06-01 11:10:41
Apo,3,10000000.0,Duplex,Terraced Duplex,"Apo, Abuja",2026-06-01 11:10:41
Lugbe,4,7000000.0,Duplex,Detached Duplex,"Von Axis, Lugbe District, Abuja",2026-06-01 11:10:41
Lugbe,1,1500000.0,Apartment,Self Contain,"Von Axis, Lugbe District, Abuja",2026-06-01 11:10:41
Life Camp,4,15000000000.0,Duplex,Detached Duplex,"Life Camp, Abuja",2026-06-01 11:10:41
Jahi,3,6500000.0,Apartment,Apartment,"Jahi, Abuja",2026-06-01 11:10:41
Wuse,3,18000000.0,Apartment,Apartment,"Zone 6, Wuse, Abuja",2026-06-01 11:10:41
Wuse,2,20000000.0,Apartment,Apartment,"Wuse 2, Abuja",2026-06-01 11:10:41
Gaduwa,4,10000000.0,Duplex,Terraced Duplex,"By Gaat School, Gaduwa, Abuja",2026-06-01 11:10:41
Maitama,3,25000000.0,Apartment,Apartment,"Maitama District, Abuja",2026-06-01 11:10:41
Maitama,1,9000000.0,Apartment,Apartment,"Maitama District, Abuja",2026-06-01 11:10:45
Apo,3,10000000.0,Duplex,Semi-Detached Duplex,"Apo, Abuja",2026-06-01 11:10:45
Wuse,3,10000000.0,Apartment,Apartment,"Zone 6, Wuse, Abuja",2026-06-01 11:10:45
Wuse,3,40000000.0,Apartment,Apartment,"Around British Village, Wuse 2, Abuja",2026-06-01 11:10:45
Garki,3,6000000.0,Apartment,Apartment,"Area 2, Garki, Abuja",2026-06-01 11:10:45
Jabi,2,25000000.0,Apartment,Apartment,"By Shoprite, Jabi, Abuja",2026-06-01 11:10:45
Maitama,3,25000000.0,Duplex,Terraced Duplex,"Off Mississippi, Maitama District, Abuja",2026-06-01 11:10:45
Lugbe,2,7000000.0,Apartment,Apartment,"By Nut Axis, Lugbe District, Abuja",2026-06-01 11:10:45
Apo,4,9000000.0,House,House,"Apo, Abuja",2026-06-01 11:10:45
Jabi,4,20000000.0,Duplex,Terraced Duplex,"Jabi, Abuja",2026-06-01 11:10:45
Jabi,4,40000000.0,Duplex,Terraced Duplex,"Lakeview, Jabi, Abuja",2026-06-01 11:10:45
Wuye,2,25000000.0,Apartment,Apartment,"Wuye, Abuja",2026-06-01 11:10:45
Wuye,4,37000000.0,Duplex,Terraced Duplex,"Wuye, Abuja",2026-06-01 11:10:45
Apo,3,10000000.0,Duplex,Semi-Detached Duplex,"Apo, Abuja",2026-06-01 11:10:45
Guzape,2,9000000.0,Duplex,Terraced Duplex,"Guzape District, Abuja",2026-06-01 11:10:45
Mabushi,4,15000000.0,Duplex,Terraced Duplex,"Mabushi, Abuja",2026-06-01 11:10:45
Maitama,3,25000000.0,Apartment,Apartment,"Off Ibb Boulevard, Maitama District, Abuja",2026-06-01 11:10:45
Maitama,1,9000000.0,Apartment,Apartment,"Maitama District, Abuja",2026-06-01 11:10:52
Maitama,3,25000000.0,Apartment,Apartment,"Aso-drive, Maitama District, Abuja",2026-06-01 11:10:52
Asokoro,4,27000000.0,Duplex,Semi-Detached Duplex,"Asokoro District, Abuja",2026-06-01 11:10:52
Kado,3,7000000.0,Apartment,Apartment,"Kado, Abuja",2026-06-01 11:10:52
Kubwa,1,1500000.0,Apartment,Mini Flat,"Kubwa, Abuja",2026-06-01 11:10:52
Durumi,3,7000000.0,Apartment,Apartment,"Durumi, Abuja",2026-06-01 11:10:52
Guzape,3,6500000.0,Apartment,Apartment,"Main, Guzape District, Abuja",2026-06-01 11:10:52
Galadimawa,1,2500000.0,Apartment,Mini Flat,"Galadimawa, Abuja",2026-06-01 11:10:52
Life Camp,3,6000000.0,Apartment,Apartment,"Life Camp, Abuja",2026-06-01 11:10:52
Guzape,4,25000000.0,Duplex,Terraced Duplex,"Guzape District, Abuja",2026-06-01 11:10:52
Utako,2,17000000.0,Apartment,Apartment,"Utako, Abuja",2026-06-01 11:10:52
Wuye,2,6500000.0,Apartment,Apartment,"Wuye, Abuja",2026-06-01 11:10:52
Katampe,6,35000000.0,Duplex,Detached Duplex,"Katampe, Abuja",2026-06-01 11:10:52
Guzape,4,17000000.0,Duplex,Terraced Duplex,"Guzape District, Abuja",2026-06-01 11:10:52
Guzape,4,15000000.0,Duplex,Terraced Duplex,"Guzape, Guzape District, Abuja",2026-06-01 11:10:52
Garki,2,6000000.0,Apartment,Apartment,"By Old Secret, Area 1, Garki, Abuja",2026-06-01 11:10:52
Life Camp,3,8500000.0,Apartment,Apartment,"Bilard Estate, Life Camp, Abuja",2026-06-01 11:10:52
Guzape,3,15000000.0,Duplex,Terraced Duplex,"Guzape, Guzape District, Abuja",2026-06-01 11:10:52
Jabi,4,16000000.0,Duplex,Terraced Duplex,"Jabi, Abuja",2026-06-01 11:10:52
Maitama,1,6000000.0,Apartment,Apartment,"Maitama District, Abuja",2026-06-01 11:10:58
Maitama,1,9000000.0,Apartment,Apartment,"Maitama District, Abuja",2026-06-01 11:10:58
Idu,2,4500000.0,Apartment,Apartment,"Nizamiya Hospital Axis, Idu Industrial, Abuja",2026-06-01 11:10:58
Lugbe,4,9000000.0,Duplex,Semi-Detached Duplex,"River Park Estate Cluster 3, Lugbe District, Abuja",2026-06-01 11:10:58
Guzape,4,30000000.0,Duplex,Terraced Duplex,"Guzape District, Abuja",2026-06-01 11:10:58
Jahi,3,10000000.0,Apartment,Apartment,"Jahi, Abuja",2026-06-01 11:10:58
Jabi,3,11000000.0,Duplex,Terraced Duplex,"Jabi, Abuja",2026-06-01 11:10:58
Lugbe,4,9000000.0,Duplex,Semi-Detached Duplex,"Riverpark Estate, Lugbe District, Abuja",2026-06-01 11:10:58
Kukwaba,3,14000000.0,Apartment,Apartment,"Kukwaba, Abuja",2026-06-01 11:10:58
Lugbe,1,2500000.0,Apartment,Apartment,"Lugbe District, Abuja",2026-06-01 11:10:58
Garki,3,20000000.0,Apartment,Apartment,"Garki, Abuja",2026-06-01 11:10:58
Guzape,5,25000000.0,House,House,"Guzape District, Abuja",2026-06-01 11:10:58
Asokoro,5,60000000.0,Duplex,Semi-Detached Duplex,"Asokoro District, Abuja",2026-06-01 11:10:58
Life Camp,4,15000000.0,Duplex,Detached Duplex,"Life Camp, Abuja",2026-06-01 11:10:58
Guzape,4,30000000.0,Duplex,Terraced Duplex,"Guzape District, Abuja",2026-06-01 11:10:58
Kubwa,2,4500000.0,Apartment,Apartment,"Kubwa Extension, FO1 Layout, Kubwa, Abuja",2026-06-01 11:10:58
Galadimawa,2,6000000.0,Apartment,Apartment,"Galadimawa, Abuja",2026-06-01 11:10:58
Maitama,5,50000000.0,Duplex,Detached Duplex,"Maitama District, Abuja",2026-06-01 11:10:58
Jahi,2,8000000.0,Apartment,Apartment,"Jahi, Abuja",2026-06-01 11:10:58
Jahi,3,10000000.0,Apartment,Apartment,"Jahi, Abuja",2026-06-01 11:10:58
Maitama,1,9000000.0,Apartment,Apartment,"Maitama District, Abuja",2026-06-01 11:11:06
Gwarinpa,1,1000000.0,Apartment,Self Contain,"6th Avenue, Gwarinpa, Abuja",2026-06-01 11:11:06
Garki,1,7500000.0,Apartment,Mini Flat,"Garki, Abuja",2026-06-01 11:11:06
Apo,3,10000000.0,Duplex,Semi-Detached Duplex,"Apo, Abuja",2026-06-01 11:11:06
Kubwa,4,7000000.0,Apartment,Apartment,"FO1 Layout, Kubwa, Abuja",2026-06-01 11:11:06
Durumi,3,7000000.0,Apartment,Apartment,"Durumi, Abuja",2026-06-01 11:11:06
Jabi,4,20000000.0,Duplex,Terraced Duplex,"Jabi, Abuja",2026-06-01 11:11:06
Katampe,2,7000000.0,Apartment,Apartment,"Diplomatic Zone, Katampe Extension, Katampe, Abuja",2026-06-01 11:11:06
Apo,3,10000000.0,Duplex,Semi-Detached Duplex,"Apo, Abuja",2026-06-01 11:11:06
Mabushi,5,30000000.0,Duplex,Detached Duplex,"Mabushi, Abuja",2026-06-01 11:11:06
Mabushi,3,12000000.0,House,House,"Mabushi, Abuja",2026-06-01 11:11:06
Mabushi,2,8000000.0,Apartment,Apartment,"Mabushi, Abuja",2026-06-01 11:11:06
Lugbe,4,12000000.0,Duplex,Detached Duplex,"Cluster 4, River Park Estate Airport Road, Lugbe District, Abuja",2026-06-01 11:11:06
Garki,4,12000000.0,Duplex,Semi-Detached Duplex,"Garki, Abuja",2026-06-01 11:11:06
Durumi,1,4000000.0,Apartment,Apartment,"Durumi, Durumi, Abuja",2026-06-01 11:11:06
Garki,3,6000000.0,Apartment,Apartment,"Area 2, Garki, Abuja",2026-06-01 11:11:06
Jahi,3,10000000.0,Apartment,Apartment,"Gilmore, Jahi, Abuja",2026-06-01 11:11:06
Katampe,2,8000000.0,Apartment,Apartment,"Diplomatic Zone., Katampe Extension, Katampe, Abuja",2026-06-01 11:11:06
Wuye,2,26000000.0,House,House,"Wuye, Abuja",2026-06-01 11:11:06
Wuye,2,3000000.0,House,House,"Wuye, Abuja",2026-06-01 11:11:06
Maitama,1,6000000.0,Apartment,Apartment,"Maitama District, Abuja",2026-06-01 11:11:14
Wuye,2,3000000.0,House,House,"Wuye, Abuja",2026-06-01 11:11:14
Guzape,5,35000000.0,Duplex,Detached Duplex,"Guzape District, Abuja",2026-06-01 11:11:14
Wuye,2,3000000.0,House,House,"Wuye, Abuja",2026-06-01 11:11:14
Maitama,3,40000000.0,Apartment,Apartment,"Maitama District, Abuja",2026-06-01 11:11:14
Gui,1,600000.0,Apartment,Self Contain,"Guidna Opposite Nysc Junction Off Kubwa Express Way, Kubwa, Abuja",2026-06-01 11:11:14
Maitama,7,120000000.0,Duplex,Detached Duplex,"Maitama District, Abuja",2026-06-01 11:11:14
Jahi,5,20000000.0,Duplex,Detached Duplex,"Gillmore, Jahi, Abuja",2026-06-01 11:11:14
Durumi,5,20000000.0,Duplex,Detached Duplex,"By American International School, Durumi, Abuja",2026-06-01 11:11:14
Gaduwa,3,10000000.0,Duplex,Terraced Duplex,"Gaduwa, Abuja",2026-06-01 11:11:14
Gudu,3,7000000.0,Apartment,Apartment,"Gudu, Abuja",2026-06-01 11:11:14
Guzape,4,30000000.0,Duplex,Terraced Duplex,"Guzape District, Abuja",2026-06-01 11:11:14
Life Camp,2,4500000.0,Apartment,Apartment,"Nnpc Estate, Life Camp, Abuja",2026-06-01 11:11:14
Apo,3,10000000.0,Duplex,Terraced Duplex,"Apo, Abuja",2026-06-01 11:11:14
Katampe,4,17000000.0,Duplex,Terraced Duplex,"Katampe Extension, Katampe, Abuja",2026-06-01 11:11:14
Jabi,3,34260750.0,Apartment,Apartment,"Jabi, Abuja",2026-06-01 11:11:14
Asokoro,5,50000000.0,Duplex,Detached Duplex,"Asokoro District, Abuja",2026-06-01 11:11:14
Galadimawa,4,6000000.0,Duplex,Semi-Detached Duplex,"Kool Street, Galadimawa, Abuja",2026-06-01 11:11:14
Jahi,3,25000000.0,Apartment,Apartment,"Jahi, Abuja",2026-06-01 11:11:14
Karmo,2,4500000.0,Apartment,Apartment,"Associated Estate, Karmo, Abuja",2026-06-01 11:11:14
Mabushi,1,4000000.0,Apartment,Apartment,"Nice Location At Mabushi By Vio, Mabushi, Abuja",2026-06-01 11:11:14
Maitama,1,6000000.0,Apartment,Apartment,"Maitama District, Abuja",2026-06-01 11:11:20
Apo,3,10000000.0,Duplex,Semi-Detached Duplex,"Apo, Abuja",2026-06-01 11:11:20
Apo,3,10000000.0,Duplex,Terraced Duplex,"Apo Abuja, Apo, Abuja",2026-06-01 11:11:20
Garki,9,20000000.0,Duplex,Detached Duplex,"By American School, Garki, Abuja",2026-06-01 11:11:20
Utako,1,2500000.0,Apartment,Self Contain,"By Arab( Fully Tarred), Utako, Abuja",2026-06-01 11:11:20
Guzape,4,13000000.0,House,House,"Guzape District, Abuja",2026-06-01 11:11:20
Wuse,2,7000000.0,Apartment,Apartment,"By Shafa( Fully Tarred Rd), Wuse, Abuja",2026-06-01 11:11:20
Gwarinpa,1,3000000.0,Apartment,Self Contain,"69 Road, Gwarinpa, Abuja",2026-06-01 11:11:20
Gudu,3,10000000.0,Duplex,Terraced Duplex,"By Gudu Junction, Close To Ceedercrest Hospital., Apo, Abuja",2026-06-01 11:11:20
Apo,3,10000000.0,Duplex,Semi-Detached Duplex,"By Cedar Crest, Apo, Abuja",2026-06-01 11:11:20
Apo,3,10000000.0,Duplex,Semi-Detached Duplex,"Apo, Abuja",2026-06-01 11:11:20
Gaduwa,5,12000000.0,Duplex,Detached Duplex,"Gaduwa, Abuja",2026-06-01 11:11:20
Apo,3,10000000.0,Duplex,Terraced Duplex,"Apo-dutse By Amina Court, Apo, Abuja",2026-06-01 11:11:20
Guzape,3,6500000.0,Apartment,Apartment,"Enl Estate, Guzape District, Abuja",2026-06-01 11:11:20
Guzape,1,1750000.0,Apartment,Self Contain,"Guzape District, Abuja",2026-06-01 11:11:20
Galadimawa,3,7000000.0,Bungalow,Detached Bungalow,"Galadimawa, Abuja",2026-06-01 11:11:20
Apo,1,1200000.0,Apartment,Self Contain,"Apo Primary Super Cell Estate, Apo, Abuja",2026-06-01 11:11:20
Lugbe,1,700000.0,Apartment,Self Contain,"Lugbe District, Abuja",2026-06-01 11:11:20
Apo,1,1200000.0,Apartment,Self Contain,"Super Cell Estate, Apo, Abuja",2026-06-01 11:11:20
Mabushi,5,30000000.0,Duplex,Detached Duplex,"Close To Vio, Mabushi, Abuja",2026-06-01 11:11:20
Maitama,1,6000000.0,Apartment,Apartment,"Maitama District, Abuja",2026-06-01 11:11:27
Apo,3,10000000.0,Duplex,Terraced Duplex,"Near Cedar Crest Hospital, Apo, Abuja",2026-06-01 11:11:27
Life Camp,3,6000000.0,Bungalow,Semi-detached Bungalow,"Favour Land Estate, Life Camp, Abuja",2026-06-01 11:11:27
Apo,3,10000000.0,Duplex,Terraced Duplex,"Apo, Abuja",2026-06-01 11:11:27
Galadimawa,2,4000000.0,Apartment,Apartment,"Mike Street, Galadimawa, Abuja",2026-06-01 11:11:27
Galadimawa,1,2500000.0,Apartment,Mini Flat,"Dinners Street, Galadimawa, Abuja",2026-06-01 11:11:27
Wuse,2,25000000.0,Apartment,Apartment,"Wuse, Abuja",2026-06-01 11:11:27
Kado,4,15000000.0,Duplex,Terraced Duplex,"Kado, Abuja",2026-06-01 11:11:27
Wuse,5,25000000.0,Duplex,Terraced Duplex,"Wuse Zone, Wuse, Abuja",2026-06-01 11:11:27
Life Camp,4,25000000.0,House,House,"Bilard Estate, Life Camp, Abuja",2026-06-01 11:11:27
Mabushi,3,7000000.0,Apartment,Apartment,"Mabushi, Abuja",2026-06-01 11:11:27
Jahi,3,15000000.0,Duplex,Terraced Duplex,"Gilmor, Jahi, Abuja",2026-06-01 11:11:27
Jahi,3,10000000.0,Apartment,Apartment,"Jahi, Abuja",2026-06-01 11:11:27
Galadimawa,3,9000000.0,Bungalow,Detached Bungalow,"Galadimawa, Abuja",2026-06-01 11:11:27
Wuse,5,25000000.0,Duplex,Terraced Duplex,"Wuse 2, Abuja",2026-06-01 11:11:27
Apo,2,5000000.0,Bungalow,Semi-detached Bungalow,"Centage Estate Apo Close To Cedacrest Hospital, Apo, Abuja",2026-06-01 11:11:27
Karu,1,3000000.0,Apartment,Self Contain,"Federal Ministry Of Works And Housing Estate, Karu Phase I, Karu, Abuja",2026-06-01 11:11:27
Life Camp,2,8000000.0,Apartment,Apartment,"Life Camp, Abuja",2026-06-01 11:11:27
Apo,3,10000000.0,Duplex,Terraced Duplex,"Apo, Abuja",2026-06-01 11:11:27
Galadimawa,4,7500000.0,Duplex,Terraced Duplex,"By Brains And Hammers Estate, Galadimawa, Abuja",2026-06-01 11:11:27
Jahi,2,16000000.0,Apartment,Apartment,"Jahi District, Jahi, Abuja",2026-06-01 11:11:27
Gudu,1,8030000.0,Apartment,Mini Flat,"Gudu, Abuja",2026-06-01 11:11:34
Gaduwa,4,5000000.0,Apartment,Apartment,"Gaduwa, Abuja",2026-06-01 11:11:34
Galadimawa,4,25000000.0,Duplex,Detached Duplex,"Galadimawa, Abuja",2026-06-01 11:11:34
Garki,2,6000000.0,Apartment,Apartment,"Garki Area 11, Garki, Abuja",2026-06-01 11:11:34
Asokoro,3,8000000.0,Apartment,Apartment,"Asokoro, Asokoro District, Abuja",2026-06-01 11:11:34
Asokoro,8,65000000.0,Duplex,Detached Duplex,"Asokoro Main, Asokoro District, Abuja",2026-06-01 11:11:34
Katampe,3,15000000.0,Apartment,Apartment,"Katampe, Abuja",2026-06-01 11:11:34
Gaduwa,3,10000000.0,Duplex,Terraced Duplex,"Gaduwa, Abuja",2026-06-01 11:11:34
Asokoro,4,18000000.0,Duplex,Semi-Detached Duplex,"Naf Estate, Asokoro District, Abuja",2026-06-01 11:11:34
Kabusa,1,1500000.0,Apartment,Apartment,"By Kabusa Gardens Estate Along Sunnyvale Junction Road., Lokogoma District, Abuja",2026-06-01 11:11:34
Kabusa,1,500000.0,Apartment,Self Contain,"Close To Kabusa Gardens Estate, Along Sunnyvale Junction Road, Lokogoma District, Abuja",2026-06-01 11:11:34
Kabusa,1,450000.0,Apartment,Self Contain,"Close To Kabusa Gardens Estate Along Sunnyvale Junction Road, Lokogoma District, Abuja",2026-06-01 11:11:34
Asokoro,8,65000000.0,Duplex,Detached Duplex,"Haile Selassi Street, Asokoro District, Abuja",2026-06-01 11:11:34
Apo,3,10000000.0,Duplex,Terraced Duplex,"Apo, Abuja",2026-06-01 11:11:34
Idu,2,4500000.0,Apartment,Apartment,"Idu Industrial, Abuja",2026-06-01 11:11:34
Mabushi,2,8000000.0,Apartment,Apartment,"Mabushi, Abuja",2026-06-01 11:11:34
Wuse,3,8000000.0,Apartment,Apartment,"Wuse, Abuja",2026-06-01 11:11:34
Maitama,5,70000000.0,Duplex,Detached Duplex,"Off Amazon, Maitama District, Abuja",2026-06-01 11:11:34
Maitama,2,6000000.0,Apartment,Apartment,"Maitama District, Abuja",2026-06-01 11:11:34
Maitama,4,30000000.0,Duplex,Terraced Duplex,"Maitama District, Abuja",2026-06-01 11:11:34
Maitama,1,9000000.0,Apartment,Apartment,"Maitama District, Abuja",2026-06-01 11:11:42
Wuse,5,60000000.0,Duplex,Detached Duplex,"Wuse 2, Abuja",2026-06-01 11:11:42
Maitama,5,75000000.0,Duplex,Detached Duplex,"Maitama District, Abuja",2026-06-01 11:11:42
Wuse,3,8000000.0,Apartment,Apartment,"Off Amino Kano Crescent, Wuse 2, Abuja",2026-06-01 11:11:42
Maitama,3,47965050.0,Apartment,Apartment,"Maitama District, Abuja",2026-06-01 11:11:42
Lokogoma,1,1300000.0,Apartment,Self Contain,"By Sahara 4, Lokogoma District, Abuja",2026-06-01 11:11:42
Lugbe,4,8500000.0,Duplex,Semi-Detached Duplex,"Cluster 3, River Park Estate Airport Road Abuja, Lugbe District, Abuja",2026-06-01 11:11:42
Life Camp,2,4500000.0,Apartment,Apartment,"Close To Beger Yard Lifecamp, Abuja, Life Camp, Abuja",2026-06-01 11:11:42
Gwarinpa,3,5500000.0,Apartment,Apartment,"News Engineering, Dawaki, Gwarinpa, Abuja",2026-06-01 11:11:42
Maitama,4,40000000.0,Duplex,Semi-Detached Duplex,"Minister Hill, Maitama Abuja, Maitama District, Abuja",2026-06-01 11:11:42
Katampe,6,35000000.0,Duplex,Detached Duplex,"Katampe  Extension, Katampe Extension, Katampe, Abuja",2026-06-01 11:11:42
Maitama,2,41112900.0,Apartment,Apartment,"Maitama District, Abuja",2026-06-01 11:11:42
Mabushi,3,6500000.0,Apartment,Apartment,"Mabushi, Abuja",2026-06-01 11:11:42
Jahi,4,30000000.0,Duplex,Terraced Duplex,"Jahi, Abuja",2026-06-01 11:11:42
Asokoro,6,60000000.0,Duplex,Detached Duplex,"Asokoro District, Abuja",2026-06-01 11:11:42
Guzape,2,9000000.0,Apartment,Apartment,"Guzape District, Abuja",2026-06-01 11:11:42
Asokoro,5,30000000.0,Duplex,Detached Duplex,"Asokoro District, Abuja",2026-06-01 11:11:42
Apo,3,10000000.0,Duplex,Terraced Duplex,"Apo Abuja, Apo, Abuja",2026-06-01 11:11:42
Jabi,5,20000000.0,Duplex,Detached Duplex,"Jabi, Abuja",2026-06-01 11:11:42
Maitama,1,9000000.0,Apartment,Apartment,"Maitama District, Abuja",2026-06-01 11:11:49
Life Camp,3,6000000.0,Apartment,Apartment,"Life Camp, Abuja",2026-06-01 11:11:49
Maitama,4,35000000.0,Duplex,Detached Duplex,"Maitama District, Abuja",2026-06-01 11:11:49
Wuse,5,50000000.0,Duplex,Detached Duplex,"Wuse 2, Abuja",2026-06-01 11:11:49
Wuye,5,35000000.0,House,House,"Wuye, Abuja",2026-06-01 11:11:49
Wuse,4,70000000.0,Duplex,Terraced Duplex,"Wuse 2, Abuja",2026-06-01 11:11:49
Idu,4,7000000.0,Duplex,Terraced Duplex,"Idu Industrial, Abuja",2026-06-01 11:11:49
Jahi,3,15000000.0,Apartment,Apartment,"Jahi, Abuja",2026-06-01 11:11:49
Guzape,4,14000000.0,Duplex,Terraced Duplex,"Guzape District, Abuja",2026-06-01 11:11:49
Gwarinpa,2,5000000.0,Apartment,Apartment,"Gwarinpa, Abuja",2026-06-01 11:11:49
Katampe,3,9000000.0,Apartment,Apartment,"Katampe (Main), Katampe, Abuja",2026-06-01 11:11:49
Gwarinpa,2,6000000.0,Apartment,Apartment,"Gwarinpa, Abuja",2026-06-01 11:11:49
Jabi,3,8000000.0,Apartment,Apartment,"Jabi, Abuja",2026-06-01 11:11:49
Jabi,5,20000000.0,Duplex,Terraced Duplex,"Jabi, Abuja",2026-06-01 11:11:49
Kado,4,35000000.0,Duplex,Detached Duplex,"Kado, Abuja",2026-06-01 11:11:49
Katampe,3,7000000.0,Apartment,Apartment,"Soji Adegoke Road, Katampe (Main), Katampe, Abuja",2026-06-01 11:11:49
Wuse,5,35000000.0,Duplex,Semi-Detached Duplex,"Zone 5, Wuse, Abuja",2026-06-01 11:11:49
Asokoro,5,70000000.0,Duplex,Detached Duplex,"Off Ty Danjuma, Asokoro District, Abuja",2026-06-01 11:11:57
Jahi,3,10000000.0,Apartment,Apartment,"Jahi, Abuja",2026-06-01 11:11:57
Jabi,3,15000000.0,House,House,"Jabi, Abuja",2026-06-01 11:11:57
Mabushi,4,15000000.0,Duplex,Terraced Duplex,"Mabushi, Abuja",2026-06-01 11:11:57
Gaduwa,1,6000000.0,Apartment,Mini Flat,"Gaduwa, Abuja",2026-06-01 11:11:57
Katampe,1,6000000.0,Apartment,Apartment,"Katampe (Main), Katampe, Abuja",2026-06-01 11:11:57
Wuye,4,30000000.0,Duplex,Terraced Duplex,"Wuye District, Wuye, Abuja",2026-06-01 11:11:57
Wuye,2,6000000.0,Apartment,Apartment,"Wuye, Abuja",2026-06-01 11:11:57
Wuse,4,15000000.0,Duplex,Semi-Detached Duplex,"Wuse 2, Abuja",2026-06-01 11:11:57
Lugbe,2,4000000.0,Bungalow,Semi-detached Bungalow,"Along Voice Of Nigeria Road, Emmanuel Mbaka Boulevard, Airport Road, Lugbe District, Abuja",2026-06-01 11:11:57
Lokogoma,1,1000000.0,Apartment,Self Contain,"Lokogoma District, Abuja",2026-06-01 11:11:57
Jabi,2,25000000.0,Apartment,Apartment,"Jabi, Abuja",2026-06-01 11:11:57
Maitama,5,75000000.0,Duplex,Detached Duplex,"Maitama District, Abuja",2026-06-01 11:11:57
Guzape,4,25000000.0,Duplex,Terraced Duplex,"Guzape District, Abuja",2026-06-01 11:11:57
Guzape,4,30000000.0,Duplex,Terraced Duplex,"Guzape District, Abuja",2026-06-01 11:11:57
Katampe,3,16000000.0,Apartment,Apartment,"Katampe, Katampe (Main), Katampe, Abuja",2026-06-01 11:11:57
Lokogoma,1,1600000.0,Apartment,Mini Flat,"Lokogoma District, Abuja",2026-06-01 11:11:57
Wuse,4,35000000.0,Duplex,Semi-Detached Duplex,"Wuse 2, Abuja",2026-06-01 11:11:57
Garki,2,27000000.0,Apartment,Apartment,"Garki, Abuja",2026-06-01 11:11:57
Maitama,1,9000000.0,Apartment,Apartment,"Maitama District, Abuja",2026-06-01 11:12:06
Maitama,2,47965050.0,Apartment,Apartment,"Maitama District, Abuja",2026-06-01 11:12:06
Wuse,5,75000000.0,Duplex,Detached Duplex,"Wuse 2, Abuja",2026-06-01 11:12:06
Maitama,6,50000000.0,Duplex,Semi-Detached Duplex,"Maitama Main, Maitama District, Abuja",2026-06-01 11:12:06
Galadimawa,3,7000000.0,Bungalow,Detached Bungalow,"By Lavista, Galadimawa, Abuja",2026-06-01 11:12:06
Mabushi,5,25000000.0,Duplex,Detached Duplex,"Mabushi, Abuja",2026-06-01 11:12:06
Wuye,3,8000000.0,Apartment,Apartment,"Wuye District, Wuye, Abuja",2026-06-01 11:12:06
Guzape,4,30000000.0,Duplex,Terraced Duplex,"Guzape District, Abuja",2026-06-01 11:12:06
Guzape,4,16000000.0,Apartment,Apartment,"Unit 2, Abdulkareem Adisa Close, Guzape District, Abuja",2026-06-01 11:12:06
Life Camp,2,6500000.0,Apartment,Apartment,"Life Camp, Abuja",2026-06-01 11:12:06
Maitama,5,50000000.0,Duplex,Detached Duplex,"Maitama District, Abuja",2026-06-01 11:12:06
Mabushi,5,20000000.0,Duplex,Detached Duplex,"Mabushi, Abuja",2026-06-01 11:12:06
Asokoro,1,19500000.0,Apartment,Mini Flat,"Asokoro District, Abuja",2026-06-01 11:12:06
Gudu,4,15000000.0,Duplex,Terraced Duplex,"Gudu, Abuja",2026-06-01 11:12:06
Maitama,4,40000000.0,Duplex,Terraced Duplex,"Maitama Main, Maitama District, Abuja",2026-06-01 11:12:06
Mabushi,3,4500000.0,Apartment,Apartment,"By Mobil, Mabushi, Abuja",2026-06-01 11:12:06
Gwarinpa,2,4000000.0,Apartment,Apartment,"News Engineering Estate Dawaki, Gwarinpa, Abuja",2026-06-01 11:12:06
Maitama,4,40000000.0,Duplex,Detached Duplex,"Maitama District, Abuja",2026-06-01 11:12:06
Life Camp,5,18000000.0,Duplex,Detached Duplex,"Godab Estate, Life Camp, Abuja",2026-06-01 11:12:06
Guzape,2,10000000.0,Apartment,Apartment,"Guzape District, Abuja",2026-06-01 11:12:06
Asokoro,3,65000000.0,Duplex,Terraced Duplex,"Asokoro District, Abuja",2026-06-01 11:12:06
Guzape,1,6000000.0,Apartment,Apartment,"Guzape District, Abuja",2026-06-01 11:12:15
Asokoro,4,45000000.0,Duplex,Detached Duplex,"Asokoro District, Abuja",2026-06-01 11:12:15
Jahi,5,15000000.0,Duplex,Terraced Duplex,"Jahi Gilmore, Jahi, Abuja",2026-06-01 11:12:15
Lokogoma,4,8000000.0,Duplex,Semi-Detached Duplex,"Lokogoma District, Abuja",2026-06-01 11:12:15
Lokogoma,5,9000000.0,Duplex,Semi-Detached Duplex,"Close To Suncity, Lokogoma District, Abuja",2026-06-01 11:12:15
Katampe,1,7000000.0,Apartment,Mini Flat,"Katampe (Main), Katampe, Abuja",2026-06-01 11:12:15
Gwarinpa,4,7000000.0,Duplex,Semi-Detached Duplex,"Gwarinpa Extension, Gwarinpa, Abuja",2026-06-01 11:12:15
Asokoro,5,30000000.0,Duplex,Detached Duplex,"Asokoro By Iom, Asokoro District, Abuja",2026-06-01 11:12:15
Guzape,4,15000000.0,Duplex,Terraced Duplex,"Guzape By Coza, Guzape District, Abuja",2026-06-01 11:12:15
Guzape,3,12000000.0,House,House,"Guzape By H Medix, Guzape District, Abuja",2026-06-01 11:12:15
Gwarinpa,2,5000000.0,Apartment,Apartment,"Off 1st Avenue, Gwarinpa, Abuja",2026-06-01 11:12:15
Wuse,2,8000000.0,Apartment,Apartment,"Off Aminu Kano Crescent, Wuse 2, Abuja",2026-06-01 11:12:15
Gwarinpa,4,7000000.0,Duplex,Semi-Detached Duplex,"Gwarinpa Extension, Gwarinpa, Abuja",2026-06-01 11:12:15
Apo,4,20000000.0,Duplex,Terraced Duplex,"Legislative Zone E, Apo, Abuja",2026-06-01 11:12:15
Jahi,3,12000000.0,Apartment,Apartment,"Jahi, Abuja",2026-06-01 11:12:15
Jahi,4,14000000.0,Duplex,Terraced Duplex,"Gilmore, Jahi, Abuja",2026-06-01 11:12:23
Gaduwa,4,9500000.0,Duplex,Terraced Duplex,"By Gaduwa Estate, Gaduwa, Abuja",2026-06-01 11:12:23
Kado,1,2700000.0,Apartment,Self Contain,"Next Cash And Carry, Kado, Abuja",2026-06-01 11:12:23
Life Camp,2,6000000.0,Apartment,Apartment,"Life Camp, Abuja",2026-06-01 11:12:23
Jahi,3,8000000.0,Apartment,Apartment,"Jahi, Abuja",2026-06-01 11:12:23
Mabushi,3,8000000.0,Apartment,Apartment,"By Victoria Garden, Mabushi, Abuja",2026-06-01 11:12:23
Life Camp,2,4500000.0,Apartment,Apartment,"By Nnpc Ochacho, Life Camp, Abuja",2026-06-01 11:12:23
Gwarinpa,2,4500000.0,Apartment,Apartment,"News Engineering, Dawaki, Gwarinpa, Abuja",2026-06-01 11:12:23
Idu,4,9000000.0,Duplex,Semi-Detached Duplex,"Idu Industrial, Abuja",2026-06-01 11:12:23
Maitama,2,20000000.0,Apartment,Apartment,"Maitama District, Abuja",2026-06-01 11:12:23
Garki,26,250000000.0,House,House,"Area 11, Garki, Abuja",2026-06-01 11:12:23
Wuye,4,37000000.0,Duplex,Terraced Duplex,"Wuye, Abuja",2026-06-01 11:12:23
Jabi,4,25000000.0,Duplex,Terraced Duplex,"Jabi, Abuja",2026-06-01 11:12:23
Katampe,1,3000000.0,Apartment,Apartment,"Behind Aso Radio, Katampe (Main), Katampe, Abuja",2026-06-01 11:12:23
Apo,3,10000000.0,Duplex,Terraced Duplex,"Apo, Abuja",2026-06-01 11:12:23
Apo,3,10000000.0,Duplex,Terraced Duplex,"Apo, Abuja",2026-06-01 11:12:23
Galadimawa,4,8000000.0,Duplex,Terraced Duplex,"Close To Galadimawa Roundabout, Galadimawa, Abuja",2026-06-01 11:12:23
Maitama,4,40000000.0,Duplex,Terraced Duplex,"Maitama District, Abuja",2026-06-01 11:12:23
Wuye,2,20000000.0,Apartment,Apartment,"Wuye, Abuja",2026-06-01 11:12:23
Wuye,2,20000000.0,Apartment,Apartment,"Wuye, Wuye, Abuja",2026-06-01 11:12:23
Maitama,1,6000000.0,Apartment,Apartment,"Maitama District, Abuja",2026-06-01 11:12:30
Jahi,2,15000000.0,Apartment,Apartment,"Jahi, Abuja",2026-06-01 11:12:30
Wuse,2,15000000.0,Apartment,Apartment,"Wuse 2, Abuja",2026-06-01 11:12:30
Gwarinpa,5,18000000.0,Duplex,Detached Duplex,"Gwarinpa, Abuja",2026-06-01 11:12:30
Asokoro,5,25000000.0,Duplex,Terraced Duplex,"Asokoro District, Abuja",2026-06-01 11:12:30
Wuse,3,9000000.0,Apartment,Apartment,"Zone 3, Wuse, Abuja",2026-06-01 11:12:30
Katampe,2,5000000.0,Apartment,Apartment,"Katampe (Main), Katampe, Abuja",2026-06-01 11:12:30
Galadimawa,4,7500000.0,Duplex,Terraced Duplex,"Galadimawa, Abuja",2026-06-01 11:12:30
Apo,3,10000000.0,Duplex,Terraced Duplex,"Cedar Crest Hospital, Apo, Abuja",2026-06-01 11:12:30
Life Camp,2,4500000.0,Apartment,Apartment,"Life Camp, Abuja",2026-06-01 11:12:30
Lugbe,1,900000.0,Apartment,Self Contain,"Piwoyi Airport Road, Lugbe District, Abuja",2026-06-01 11:12:30
Katampe,3,12000000.0,Apartment,Apartment,"Main, Katampe, Abuja",2026-06-01 11:12:30
Kubwa,2,4500000.0,Apartment,Apartment,"Kubwa, Abuja",2026-06-01 11:12:30
Mabushi,1,2000000.0,Apartment,Self Contain,"Mabushi, Mabushi, Abuja",2026-06-01 11:12:30
Maitama,5,50000000.0,Duplex,Detached Duplex,"Maitama District, Abuja",2026-06-01 11:12:30
Lugbe,5,6000000.0,Duplex,Detached Duplex,"Samuel Ige Street, Oakville Community Estate, Lugbe District, Abuja",2026-06-01 11:12:30
Mabushi,2,4000000.0,Apartment,Apartment,"Mabushi, Abuja",2026-06-01 11:12:30
Wuse,2,15000000.0,House,House,"Wuse 2, Wuse 2, Abuja",2026-06-01 11:12:30
Durumi,2,3000000.0,Apartment,Apartment,"By Dunamis Church Durumi, Garki, Abuja",2026-06-01 11:12:30
Wuse,2,6000000.0,Apartment,Apartment,"Off Ibb Boulevard, Wuse 2, Abuja",2026-06-01 11:12:37
Life Camp,4,5500000.0,Duplex,Terraced Duplex,"Brains And Hammer City, Life Camp, Abuja",2026-06-01 11:12:37
Maitama,1,3000000.0,Apartment,Mini Flat,"Off Ibb Boulevard, Maitama District, Abuja",2026-06-01 11:12:37
Kaura,2,7000000.0,Apartment,Apartment,"Kaura, Abuja",2026-06-01 11:12:37
Gwarinpa,3,10000000.0,House,House,"Efab Queen Estate Gwarinpa, Gwarinpa, Abuja",2026-06-01 11:12:37
Guzape,2,18000000.0,Apartment,Apartment,"Fha Estate Guzape, Guzape District, Abuja",2026-06-01 11:12:37
Life Camp,1,2000000.0,Apartment,Self Contain,"Life Camp, Abuja",2026-06-01 11:12:37
Utako,3,8000000.0,Apartment,Apartment,"Utako, Abuja",2026-06-01 11:12:37
Asokoro,6,100000000.0,Duplex,Detached Duplex,"Asokoro District, Abuja",2026-06-01 11:12:37
Gwarinpa,3,6500000.0,Apartment,Apartment,"Gwarinpa Extension, Gwarinpa, Abuja",2026-06-01 11:12:37
Lugbe,4,4500000.0,Duplex,Detached Duplex,"Lugbe District, Abuja",2026-06-01 11:12:37
Idu,3,5500000.0,Apartment,Apartment,"Custom Quarters, Idu Industrial, Abuja",2026-06-01 11:12:37
Asokoro,2,20000000.0,Apartment,Apartment,"Asokoro District, Abuja",2026-06-01 11:12:37
Katampe,3,9000000.0,Apartment,Apartment,"Katampe (Main), Katampe, Abuja",2026-06-01 11:12:37
Katampe,4,12000000.0,Duplex,Terraced Duplex,"Katampe (Main), Katampe, Abuja",2026-06-01 11:12:37
Maitama,6,150000000.0,Duplex,Detached Duplex,"Maitama, Maitama District, Abuja",2026-06-01 11:12:37
Life Camp,1,3000000.0,Apartment,Mini Flat,"Life Camp, Abuja",2026-06-01 11:12:37
Maitama,1,6000000.0,Apartment,Apartment,"Maitama District, Abuja",2026-06-01 11:12:53
Idu,2,5000000.0,Apartment,Apartment,"Impresit, Idu Industrial, Abuja",2026-06-01 11:12:53
Katampe,3,8000000.0,Apartment,Apartment,"Katampe, Abuja",2026-06-01 11:12:53
Central Business District,30,450000000.0,House,House,"Opposite Cbn, Central Business District, Abuja",2026-06-01 11:12:53
Asokoro,2,10000000.0,Apartment,Apartment,"Oba Akran Street, Asokoro District, Abuja",2026-06-01 11:12:53
Kado,3,18000000.0,Bungalow,Detached Bungalow,"Kado Estate Phase 1, Kado, Abuja",2026-06-01 11:12:53
Asokoro,5,25000000.0,Duplex,Semi-Detached Duplex,"Off Jimmy Carter, Asokoro District, Abuja",2026-06-01 11:12:53
Asokoro,2,20000000.0,Apartment,Apartment,"Villa, Asokoro District, Abuja",2026-06-01 11:12:53
Katampe,4,20000000.0,Duplex,Terraced Duplex,"Katampe Extension, Katampe, Abuja",2026-06-01 11:12:53
Maitama,2,10000000.0,Apartment,Apartment,"Maitama District, Abuja",2026-06-01 11:12:53
Kado,3,8000000.0,Apartment,Apartment,"Next Cash And Carry, Kado, Abuja",2026-06-01 11:12:53
Jahi,2,8000000.0,Apartment,Apartment,"Jahi, Abuja",2026-06-01 11:12:53
Maitama,5,60000000.0,Duplex,Detached Duplex,"Maitama District, Abuja",2026-06-01 11:12:53
Wuye,4,20000000.0,Duplex,Terraced Duplex,"Wuye, Abuja",2026-06-01 11:12:53
Asokoro,8,65000000.0,Duplex,Detached Duplex,"Asokoro District, Abuja",2026-06-01 11:12:53
Asokoro,6,50000000.0,Duplex,Detached Duplex,"Asokoro District, Abuja",2026-06-01 11:12:53
Kado,3,20000000.0,Bungalow,Detached Bungalow,"Kado, Abuja",2026-06-01 11:12:53
Kukwaba,4,25000000.0,Duplex,Semi-Detached Duplex,"Kukwaba, Abuja",2026-06-01 11:12:53
Gwarinpa,2,4000000.0,Apartment,Apartment,"News Engineering, Dawaki, Gwarinpa, Abuja",2026-06-01 11:12:58
Life Camp,4,20000000.0,Duplex,Terraced Duplex,"Life Camp, Abuja",2026-06-01 11:12:58
Wuse,5,40000000.0,Duplex,Detached Duplex,"Wuse 2, Abuja",2026-06-01 11:12:58
Gwarinpa,2,40000000.0,Apartment,Apartment,"By Hmedix, Gwarinpa, Abuja",2026-06-01 11:12:58
Gwarinpa,5,20000000.0,Duplex,Detached Duplex,"By Hmedix, Gwarinpa, Abuja",2026-06-01 11:12:58
Jabi,3,15000000.0,Duplex,Terraced Duplex,"Jabi, Abuja",2026-06-01 11:12:58
Katampe,4,20000000.0,Duplex,Terraced Duplex,"Diplomatic Zone., Katampe Extension, Katampe, Abuja",2026-06-01 11:12:58
Katampe,3,9000000.0,Apartment,Apartment,"Katampe, Abuja",2026-06-01 11:12:58
Apo,3,10000000.0,Duplex,Terraced Duplex,"Close To Cedar Crest Hospital, Apo, Abuja",2026-06-01 11:12:58
Apo,3,10000000.0,Duplex,Terraced Duplex,"Rockvale Manors Estate, Apo, Abuja",2026-06-01 11:12:58
Jahi,2,6000000.0,Apartment,Apartment,"Jahi, Abuja",2026-06-01 11:12:58
Apo,3,10000000.0,House,House,"Apo, Abuja",2026-06-01 11:12:58
Jahi,5,20000000.0,Duplex,Detached Duplex,"Jahi, Abuja",2026-06-01 11:12:58
Guzape,3,6500000.0,Apartment,Apartment,"Fha  Guzape, Guzape District, Abuja",2026-06-01 11:12:58
Katampe,3,9000000.0,Apartment,Apartment,"Diplomatic Zone, Katampe Extension, Katampe, Abuja",2026-06-01 11:12:58
Durumi,3,7000000.0,Apartment,Apartment,"Durumi, Abuja",2026-06-01 11:12:58
Jahi,2,8500000.0,Apartment,Apartment,"Gilmore, Jahi, Abuja",2026-06-01 11:12:58
Maitama,1,9000000.0,Apartment,Apartment,"Maitama District, Abuja",2026-06-01 11:13:07
Wuye,2,6000000.0,Apartment,Apartment,"Wuye, Abuja",2026-06-01 11:13:07
Maitama,5,100000000.0,Duplex,Detached Duplex,"Maitama District, Abuja",2026-06-01 11:13:07
Kado,5,20000000.0,Duplex,Detached Duplex,"Kado, Abuja",2026-06-01 11:13:07
Asokoro,3,23000000.0,Apartment,Apartment,"Ty Danjuma, Asokoro District, Abuja",2026-06-01 11:13:07
Apo,3,10000000.0,Duplex,Terraced Duplex,"Apo, Abuja",2026-06-01 11:13:07
Mabushi,3,7000000.0,Apartment,Apartment,"Mabushi, Abuja",2026-06-01 11:13:07
Apo,3,10000000.0,Duplex,Terraced Duplex,"Apo, Abuja",2026-06-01 11:13:07
Garki,3,6000000.0,Apartment,Apartment,"Garki, Abuja",2026-06-01 11:13:07
Katampe,3,8000000.0,Apartment,Apartment,"Katampe Road, Jahi, Abuja",2026-06-01 11:13:07
Jabi,3,8000000.0,Apartment,Apartment,"By Gtbank, Jabi, Abuja",2026-06-01 11:13:07
Maitama,3,35000000.0,Apartment,Apartment,"Maitama District, Abuja",2026-06-01 11:13:07
Apo,3,10000000.0,Duplex,Terraced Duplex,"Apo, Abuja",2026-06-01 11:13:07
Katampe,1,1500000.0,Apartment,Apartment,"Katampe Extension, Katampe, Abuja",2026-06-01 11:13:07
Apo,3,10000000.0,Duplex,Terraced Duplex,"Apo, Abuja",2026-06-01 11:13:07
Apo,3,12000000.0,Duplex,Terraced Duplex,"Rockvale Manors Estate, Apo, Abuja",2026-06-01 11:13:07
Katampe,4,20000000.0,Duplex,Terraced Duplex,"Katampe Extension, Katampe, Abuja",2026-06-01 11:13:07
Katampe,4,20000000.0,Duplex,Terraced Duplex,"Katampe Extension, Katampe, Abuja",2026-06-01 11:13:07
Maitama,3,25000000.0,House,House,"Usuma Street, Maitama District, Abuja",2026-06-01 11:13:07
Maitama,4,68521500.0,Duplex,Semi-Detached Duplex,"Maitama District, Abuja",2026-06-01 11:13:07
Maitama,1,6000000.0,Apartment,Apartment,"Maitama District, Abuja",2026-06-01 11:13:15
Wuse,5,27000000.0,Duplex,Terraced Duplex,"Wuse, Abuja",2026-06-01 11:13:15
Wuye,5,30000000.0,Duplex,Semi-Detached Duplex,"Wuye, Abuja",2026-06-01 11:13:15
Wuye,4,20000000.0,Duplex,Terraced Duplex,"Wuye, Abuja",2026-06-01 11:13:15
Asokoro,4,40000.0,Duplex,Detached Duplex,"Asokoro District, Abuja",2026-06-01 11:13:15
Wuse,3,15000000.0,Apartment,Apartment,"By Rockview Hotel, Wuse 2, Abuja",2026-06-01 11:13:15
Apo,4,10000000.0,Duplex,Terraced Duplex,"Apo Legislative Quarters Zone E, Apo, Abuja",2026-06-01 11:13:15
Apo,5,25000000.0,Duplex,Detached Duplex,"Legislative Quarters, Apo, Abuja",2026-06-01 11:13:15
Apo,4,15000000.0,Duplex,Detached Duplex,"Cedar Crest Hospital, Apo, Abuja",2026-06-01 11:13:15
Guzape,4,35000000.0,Duplex,Terraced Duplex,"Guzape Main, Guzape District, Abuja",2026-06-01 11:13:15
Gwarinpa,1,3500000.0,Apartment,Apartment,"News Engineering, Dawaki, Gwarinpa, Abuja",2026-06-01 11:13:15
Gwarinpa,3,7000000.0,Bungalow,Detached Bungalow,"Karsana, Gwarinpa, Abuja",2026-06-01 11:13:15
Kado,1,2000000.0,Apartment,Self Contain,"Kado Estate, Kado, Abuja",2026-06-01 11:13:15
Guzape,5,28000000.0,Duplex,Detached Duplex,"Guzape District, Abuja",2026-06-01 11:13:15
Gwarinpa,2,4000000.0,Apartment,Apartment,"2nd Avenue, Gwarinpa, Abuja",2026-06-01 11:13:15
Katampe,4,20000000.0,Duplex,Terraced Duplex,"Katampe Extension, Katampe, Abuja",2026-06-01 11:13:15
Utako,2,12000000.0,Apartment,Apartment,"Utako, Abuja",2026-06-01 11:13:15
Apo,3,12000000.0,Duplex,Terraced Duplex,"Rockvale Manors Estate, Apo, Abuja",2026-06-01 11:13:15
Guzape,4,13000000.0,Duplex,Terraced Duplex,"Guzape District, Abuja",2026-06-01 11:13:15
Asokoro,5,55000000.0,Duplex,Detached Duplex,"Asokoro District, Abuja",2026-06-01 11:13:15
Guzape,4,19000000.0,House,House,"Guzape District, Abuja",2026-06-01 11:13:15
Life Camp,2,4500000.0,Apartment,Apartment,"Nnpc Estate By Ochacho, Life Camp, Abuja",2026-06-01 11:13:23
Asokoro,6,35000000.0,Duplex,Detached Duplex,"Asokoro District, Abuja",2026-06-01 11:13:23
Wuye,3,15000000.0,Apartment,Apartment,"Wuye, Abuja",2026-06-01 11:13:23
Gwarinpa,3,10000000.0,Bungalow,Detached Bungalow,"Gwarinpa, Abuja",2026-06-01 11:13:23
Guzape,4,15000000.0,Duplex,Terraced Duplex,"Guzape District, Abuja",2026-06-01 11:13:23
Gwarinpa,3,4000000.0,Apartment,Apartment,"Gwarinpa, Abuja",2026-06-01 11:13:23
Mabushi,4,20000000.0,Duplex,Terraced Duplex,"Mabushi, Abuja",2026-06-01 11:13:23
Gwarinpa,4,9000000.0,Duplex,Terraced Duplex,"First Avenue, Gwarinpa, Abuja",2026-06-01 11:13:23
Garki,2,4500000.0,Apartment,Apartment,"Area 2, Garki, Abuja, Garki, Abuja",2026-06-01 11:13:23
Lokogoma,3,6500000.0,Apartment,Apartment,"Lokogoma District, Abuja",2026-06-01 11:13:23
Guzape,3,12000000.0,Apartment,Apartment,"Guzape District, Abuja",2026-06-01 11:13:23
Katampe,4,18000000.0,Duplex,Terraced Duplex,"Katampe Extension, Katampe, Abuja",2026-06-01 11:13:23
Kado,3,15000000.0,Duplex,Terraced Duplex,"Kado, Abuja",2026-06-01 11:13:23
Jahi,2,6000000.0,Apartment,Apartment,"Living Faith, Jahi, Abuja",2026-06-01 11:13:23
Wuse,3,8000000.0,Apartment,Apartment,"Zone 3, Wuse, Abuja",2026-06-01 11:13:23
Jahi,4,15000000.0,Duplex,Terraced Duplex,"Ameyo Adadevoh Way, Gilmore, Jahi, Abuja",2026-06-01 11:13:23
Mabushi,4,20000000.0,Duplex,Detached Duplex,"Mabushi, Abuja",2026-06-01 11:13:23
Gwarinpa,1,1400000.0,Apartment,Self Contain,"4th Avenue, Gwarinpa, Abuja",2026-06-01 11:13:23
Life Camp,4,11000000.0,Duplex,Terraced Duplex,"Lifecamp, Life Camp, Abuja",2026-06-01 11:13:23
Kado,4,15000000.0,Duplex,Semi-Detached Duplex,"Old Gwarimpa Road, Kado, Abuja",2026-06-01 11:13:23
Maitama,1,6000000.0,Apartment,Apartment,"Maitama District, Abuja",2026-06-01 11:13:32
Life Camp,3,7000000.0,Apartment,Apartment,"Close To Stella Maris, Life Camp, Abuja",2026-06-01 11:13:32
Kubwa,2,5500000.0,Apartment,Apartment,"Main F01, FO1 Layout, Kubwa, Abuja",2026-06-01 11:13:32
Lokogoma,1,800000.0,Apartment,Self Contain,"Lokogoma District, Abuja",2026-06-01 11:13:32
Lugbe,3,4000000.0,Bungalow,Detached Bungalow,"Lugbe District, Abuja",2026-06-01 11:13:32
Jabi,4,20000000.0,Duplex,Terraced Duplex,"Jabi, Abuja",2026-06-01 11:13:32
Apo,3,12000000.0,Duplex,Terraced Duplex,"Apo, Abuja",2026-06-01 11:13:32
Life Camp,2,5000000.0,Apartment,Apartment,"Off Nicholas Agha Crescent, Life Camp, Abuja",2026-06-01 11:13:32
Lokogoma,3,7500000.0,Duplex,Semi-Detached Duplex,"Sun City Estate, Lokogoma District, Abuja",2026-06-01 11:13:32
Gwarinpa,1,6000000.0,Apartment,Mini Flat,"Off 3rd Avenue, Dantata Estate, Gwarinpa, Abuja",2026-06-01 11:13:32
Maitama,3,6000000.0,Apartment,Apartment,"Maitama, Maitama District, Abuja",2026-06-01 11:13:32
Asokoro,2,7000000.0,Duplex,Terraced Duplex,"Naf Estate., Asokoro District, Abuja",2026-06-01 11:13:32
Apo,3,12000000.0,Duplex,Terraced Duplex,"Apo, Apo, Abuja",2026-06-01 11:13:32
Katampe,4,13500000.0,Duplex,Terraced Duplex,"By Living Faith Church, Katampe (Main), Katampe, Abuja",2026-06-01 11:13:32
Asokoro,4,35000000.0,Duplex,Detached Duplex,"Asokoro District, Abuja",2026-06-01 11:13:32
Asokoro,3,14000000.0,Duplex,Terraced Duplex,"Naf Valley Estate, Asokoro District, Abuja",2026-06-01 11:13:32
Maitama,1,6000000.0,Apartment,Apartment,"Maitama District, Abuja",2026-06-01 11:13:38
Jahi,3,10000000.0,Duplex,Terraced Duplex,"By Living Faith Church, Jahi, Abuja",2026-06-01 11:13:38
Apo,4,13500000.0,Duplex,Terraced Duplex,"Dutse, Opposite Cedar Crest Hospital, Apo, Abuja",2026-06-01 11:13:38
Galadimawa,3,6000000.0,Apartment,Apartment,"Galadimawa, Abuja",2026-06-01 11:13:38
Gaduwa,3,10000000.0,Duplex,Terraced Duplex,"Gaduwa, Abuja",2026-06-01 11:13:38
Maitama,3,47965050.0,Duplex,Terraced Duplex,"Maitama District, Abuja",2026-06-01 11:13:38
Katampe,4,25000000.0,Duplex,Terraced Duplex,"Katampe Extension, Katampe, Abuja",2026-06-01 11:13:38
Gwarinpa,4,17000000.0,Duplex,Detached Duplex,"Gwarimpa Estate By 6th Avenue,fct Abuja Nigeria, Gwarinpa, Abuja",2026-06-01 11:13:38
Wuye,3,11000000.0,House,House,"Wuye Abuja, Wuye, Abuja",2026-06-01 11:13:38
Guzape,4,30000000.0,Duplex,Detached Duplex,"Guzape District, Abuja",2026-06-01 11:13:38
Jahi,5,20000000.0,Duplex,Terraced Duplex,"Gilmor, Jahi, Abuja",2026-06-01 11:13:38
Life Camp,3,10000000.0,Apartment,Apartment,"Life Camp, Abuja",2026-06-01 11:13:38
Garki,3,6000000.0,House,House,"Garki, Abuja",2026-06-01 11:13:38
Asokoro,4,35000000.0,Duplex,Detached Duplex,"Asokoro District, Abuja",2026-06-01 11:13:38
Durumi,4,9000000.0,Duplex,Terraced Duplex,"Durumi, Abuja",2026-06-01 11:13:38
Jabi,3,8500000.0,Apartment,Apartment,"Jabi, Abuja",2026-06-01 11:13:38
Maitama,1,9000000.0,Apartment,Apartment,"Maitama District, Abuja",2026-06-01 11:13:45
Gaduwa,1,2000000.0,Apartment,Self Contain,"Gaduwa, Abuja",2026-06-01 11:13:45
Lugbe,1,1500000.0,Apartment,Self Contain,"Lugbe District, Abuja",2026-06-01 11:13:45
Galadimawa,2,5000000.0,Apartment,Apartment,"Galadimawa, Abuja",2026-06-01 11:13:45
Life Camp,3,4000000.0,Apartment,Apartment,"Life Camp, Abuja",2026-06-01 11:13:45
Life Camp,2,8000000.0,Apartment,Apartment,"Life Camp, Abuja",2026-06-01 11:13:45
Jahi,3,8000000.0,Apartment,Apartment,"Jahi, Abuja",2026-06-01 11:13:45
Guzape,4,30000000.0,Duplex,Semi-Detached Duplex,"Guzape District, Abuja",2026-06-01 11:13:45
Lugbe,4,5000000.0,Duplex,Semi-Detached Duplex,"Before Premier Academy, FHA (F.H.A), Lugbe District, Abuja",2026-06-01 11:13:45
Jahi,5,20000000.0,Duplex,Terraced Duplex,"Jahi, Abuja",2026-06-01 11:13:45
Maitama,5,50000000.0,Duplex,Semi-Detached Duplex,"Maitama District, Abuja",2026-06-01 11:13:45
Mabushi,3,12500000.0,Apartment,Apartment,"Mabushi, Abuja",2026-06-01 11:13:45
Jahi,4,18000000.0,Duplex,Terraced Duplex,"Jahi, Abuja",2026-06-01 11:13:45
Life Camp,4,25000000.0,Duplex,Semi-Detached Duplex,"Life Camp, Abuja",2026-06-01 11:13:45
Katampe,4,23000000.0,House,House,"Katampe Extension, Katampe, Abuja",2026-06-01 11:13:45
Life Camp,5,25000000.0,House,House,"Life Camp, Abuja",2026-06-01 11:13:45
Maitama,4,82225800.0,Duplex,Detached Duplex,"Maitama District, Abuja",2026-06-01 11:13:45
Jabi,4,47965050000.0,Duplex,Detached Duplex,"Jabi, Abuja",2026-06-01 11:13:45
Maitama,2,75373650.0,Apartment,Apartment,"Maitama District, Abuja",2026-06-01 11:13:45
Central Business District,2,164451600.0,Apartment,Apartment,"Central Business District, Abuja",2026-06-01 11:13:45
Maitama,1,6000000.0,Apartment,Apartment,"Maitama District, Abuja",2026-06-01 11:13:50
Central Business District,1,123338700.0,Apartment,Mini Flat,"Central Business District, Abuja",2026-06-01 11:13:50
Mabushi,3,10000000.0,Apartment,Apartment,"Mabushi, Abuja",2026-06-01 11:13:50
Katampe,2,7000000.0,Apartment,Apartment,"Katampe Extension, Katampe, Abuja",2026-06-01 11:13:50
Lugbe,2,4000000.0,Bungalow,Detached Bungalow,"A&g Estate Phase2, FHA (F.H.A), Lugbe District, Abuja",2026-06-01 11:13:50
Durumi,1,3500000.0,Apartment,Mini Flat,"By American Intâl School, Durumi, Abuja",2026-06-01 11:13:50
Asokoro,6,100000000.0,Duplex,Detached Duplex,"Asokoro District, Abuja",2026-06-01 11:13:50
Guzape,3,15000000.0,Apartment,Apartment,"Guzape District, Abuja",2026-06-01 11:13:50
Durumi,3,6500000.0,Apartment,Apartment,"By Gtbank, Durumi, Abuja",2026-06-01 11:13:50
Wuye,3,11000000.0,Apartment,Apartment,"Wuye, Abuja",2026-06-01 11:13:50
Katampe,1,1300000.0,Apartment,Self Contain,"Katampe (Main), Katampe, Abuja",2026-06-01 11:13:50
Katampe,1,2500000.0,Apartment,Mini Flat,"Katampe (Main), Katampe, Abuja",2026-06-01 11:13:50
Katampe,5,30000000.0,Duplex,Detached Duplex,"Katampe Main By Emirates Estate ,fct Abuja Nigeria, Katampe (Main), Katampe, Abuja",2026-06-01 11:13:50
Gwarinpa,4,15000000.0,Duplex,Detached Duplex,"Gwarinpa, Abuja",2026-06-01 11:13:50
Asokoro,1,7000000.0,Apartment,Apartment,"Asokoro District, Abuja",2026-06-01 11:13:50
Mabushi,2,7500000.0,Apartment,Apartment,"Mabushi, Abuja",2026-06-01 11:13:50
Durumi,2,4500000.0,Apartment,Apartment,"By American International School, Durumi, Abuja",2026-06-01 11:13:50
Apo,4,15000000.0,Duplex,Detached Duplex,"By Cedacrest, Apo, Abuja",2026-06-01 11:13:50
Jahi,5,20000000.0,Duplex,Terraced Duplex,"Jahi, Abuja",2026-06-01 11:13:50
Jahi,2,6500000.0,Apartment,Apartment,"Jahi District Abuja. Access Road Is Well Tarred., Jahi, Abuja",2026-06-01 11:13:50
Lokogoma,1,2000000.0,Apartment,Mini Flat,"Lokogoma District, Abuja",2026-06-01 11:13:59
Galadimawa,3,7500000.0,Duplex,Semi-Detached Duplex,"Sun City Estate, Galadimawa, Abuja",2026-06-01 11:13:59
Asokoro,1,3000000.0,Apartment,Self Contain,"Asokoro District, Abuja",2026-06-01 11:13:59
Asokoro,5,15000000.0,Duplex,Terraced Duplex,"Naf Valley Estate, Asokoro District, Abuja",2026-06-01 11:13:59
Jahi,2,12000000.0,House,House,"Jahi, Abuja",2026-06-01 11:13:59
Kubwa,1,1500000.0,Apartment,Mini Flat,"Arab Road, Kubwa, Abuja",2026-06-01 11:13:59
Apo,4,15000000.0,Duplex,Detached Duplex,"Apo By Gudu Junction, Close To Cedarcrest Hospital, Apo, Abuja",2026-06-01 11:13:59
Lugbe,3,4500000.0,Apartment,Apartment,"Lugbe District, Abuja",2026-06-01 11:13:59
Life Camp,4,15000000.0,Duplex,Semi-Detached Duplex,"Stella Maris, Life Camp, Abuja",2026-06-01 11:13:59
Maitama,4,40000000.0,Duplex,Terraced Duplex,"Maitama District, Abuja",2026-06-01 11:13:59
Asokoro,7,80000000.0,Duplex,Detached Duplex,"Asokoro District, Abuja",2026-06-01 11:13:59
Gwarinpa,2,6000000.0,Apartment,Apartment,"Dawaki, Gwarinpa, Abuja",2026-06-01 11:13:59
Wuse,3,50000000.0,Apartment,Apartment,"Wuse 2, Abuja",2026-06-01 11:13:59
Maitama,3,47965050.0,Duplex,Terraced Duplex,"Maitama District, Abuja",2026-06-01 11:13:59
Jahi,4,18000000.0,Duplex,Terraced Duplex,"Jahi, Abuja",2026-06-01 11:13:59
Gaduwa,3,10000000.0,Duplex,Terraced Duplex,"Gaduwa, Abuja",2026-06-01 11:13:59
Jahi,5,20000000.0,Duplex,Terraced Duplex,"Jahi, Abuja",2026-06-01 11:13:59
Asokoro,4,30000000.0,Duplex,Terraced Duplex,"Naf Valley, Asokoro District, Abuja",2026-06-01 11:13:59
Katampe,4,15000000.0,Duplex,Terraced Duplex,"Katampe Extension, Katampe, Abuja",2026-06-01 11:13:59
Maitama,1,9000000.0,Apartment,Apartment,"Maitama District, Abuja",2026-06-01 11:14:04
Jahi,3,15000000.0,Duplex,Terraced Duplex,"Gilmore, Jahi, Abuja",2026-06-01 11:14:04
Guzape,4,15000000.0,Duplex,Terraced Duplex,"Guzape, Guzape District, Abuja",2026-06-01 11:14:04
Mabushi,4,15000000.0,Duplex,Terraced Duplex,"Mabushi, Abuja",2026-06-01 11:14:04
Mabushi,4,20000000.0,Duplex,Terraced Duplex,"Mabushi, Abuja",2026-06-01 11:14:04
Katampe,3,8000000.0,Apartment,Apartment,"Katampe Behind Urban Shelter, Katampe (Main), Katampe, Abuja",2026-06-01 11:14:04
Wuse,6,45000000.0,Duplex,Detached Duplex,"Wuse 2, Wuse 2, Abuja",2026-06-01 11:14:04
Durumi,3,9000000.0,Apartment,Apartment,"Near American School, Durumi, Abuja",2026-06-01 11:14:04
Kubwa,2,3000000.0,Apartment,Apartment,"F14 Nepa Road Phase 4, Kubwa, Abuja",2026-06-01 11:14:04
Jabi,3,11000000.0,Duplex,Terraced Duplex,"Jabi, Abuja",2026-06-01 11:14:04
Kubwa,1,2500000.0,Apartment,Apartment,"FO1 Layout, Kubwa, Abuja",2026-06-01 11:14:04
Asokoro,4,80000000.0,Duplex,Semi-Detached Duplex,"Asokoro District, Abuja",2026-06-01 11:14:04
Asokoro,2,89077950.0,Apartment,Apartment,"Asokoro District, Abuja",2026-06-01 11:14:04
Gaduwa,4,10000000.0,House,House,"Gaduwa, Abuja",2026-06-01 11:14:04
Jabi,2,50705910.0,Apartment,Apartment,"Jabi, Abuja",2026-06-01 11:14:04
Jabi,2,21926880.0,Apartment,Apartment,"Jabi, Abuja",2026-06-01 11:14:04
Wuse,3,20000000.0,Apartment,Apartment,"Wuse 2, Abuja",2026-06-01 11:14:04
Katampe,2,7000000.0,Apartment,Apartment,"Diplomatic Zone, Katampe Extension, Katampe, Abuja",2026-06-01 11:14:04
Lokogoma,1,1000000.0,Apartment,Self Contain,"Lokogoma District, Abuja",2026-06-01 11:14:04
Maitama,1,9000000.0,Apartment,Apartment,"Maitama District, Abuja",2026-06-01 11:14:13
Jahi,5,15000000.0,Duplex,Terraced Duplex,"Jahi, Abuja",2026-06-01 11:14:13
Durumi,1,1800000.0,Apartment,Self Contain,"By American International School, Durumi, Abuja",2026-06-01 11:14:13
Gwarinpa,4,8000000.0,Duplex,Detached Duplex,"Dawaki, Gwarinpa, Abuja",2026-06-01 11:14:13
Guzape,8,80000000.0,Duplex,Detached Duplex,"Guzape District, Abuja",2026-06-01 11:14:13
Asokoro,4,30000000.0,Duplex,Detached Duplex,"Naf Estate, Asokoro District, Abuja",2026-06-01 11:14:13
Idu,2,5000000.0,Apartment,Apartment,"Ochacho Estate, Idu Industrial, Abuja",2026-06-01 11:14:13
Gudu,3,6500000.0,Apartment,Apartment,"By Ap Filling Station, Gudu, Abuja",2026-06-01 11:14:13
Asokoro,5,25000000.0,Duplex,Detached Duplex,"Asokoro Main, Asokoro District, Abuja",2026-06-01 11:14:13
Jabi,3,8000000.0,Apartment,Apartment,"Jabi, Abuja",2026-06-01 11:14:13
Jahi,4,13000000.0,Duplex,Terraced Duplex,"Jahi, Abuja",2026-06-01 11:14:13
Guzape,4,15000000.0,Duplex,Terraced Duplex,"Guzape District, Abuja",2026-06-01 11:14:13
Idu,5,15000000.0,House,House,"Aiben Estate, Idu Industrial, Abuja",2026-06-01 11:14:13
Wuye,4,15000000.0,Duplex,Terraced Duplex,"Wuye, Abuja",2026-06-01 11:14:13
Katampe,3,10000000.0,Apartment,Apartment,"Katampe (Main), Katampe, Abuja",2026-06-01 11:14:13
Maitama,1,9000000.0,Apartment,Apartment,"Maitama District, Abuja",2026-06-01 11:14:20
Mabushi,3,8000000.0,Apartment,Apartment,"Mabushi, Abuja",2026-06-01 11:14:20
Katampe,1,3000000.0,Apartment,Self Contain,"Gilmore, Katampe Extension, Katampe, Abuja",2026-06-01 11:14:20
Life Camp,1,4000000.0,Apartment,Apartment,"By Paradise 1, Life Camp, Abuja",2026-06-01 11:14:20
Guzape,3,9500000.0,Apartment,Apartment,"Guzape District, Abuja",2026-06-01 11:14:20
Lokogoma,3,4500000.0,Apartment,Apartment,"Sunnyvale Road, Lokogoma District, Abuja",2026-06-01 11:14:20
Lugbe,2,5500000.0,Duplex,Semi-Detached Duplex,"Lugbe District, Abuja",2026-06-01 11:14:20
Katampe,2,9000000.0,Apartment,Apartment,"Katampe (Main), Katampe, Abuja",2026-06-01 11:14:20
Jabi,3,10000000.0,Apartment,Apartment,"Jabi, Abuja",2026-06-01 11:14:20
Maitama,3,35000000.0,Duplex,Detached Duplex,"Maitama District, Abuja",2026-06-01 11:14:20
Wuse,3,630397800.0,Apartment,Apartment,"Wuse 2, Abuja",2026-06-01 11:14:20
Wuse,3,95930100.0,Apartment,Apartment,"Wuse 2, Abuja",2026-06-01 11:14:20
Life Camp,2,7000000.0,Apartment,Apartment,"Paradise Estate, Life Camp, Abuja",2026-06-01 11:14:20
Jabi,4,15000000.0,Duplex,Semi-Detached Duplex,"Close To Jabi Lake Shop Rite, Jabi, Abuja",2026-06-01 11:14:20
Jahi,2,8000000.0,Apartment,Apartment,"Jahi Gilmore, Jahi, Abuja",2026-06-01 11:14:20
Wuse,3,15000000.0,Apartment,Apartment,"Off Ademola Adetunkubo, Wuse 2, Abuja",2026-06-01 11:14:20
Idu,3,6000000.0,Apartment,Apartment,"Idu-karmo Abuja. ( After Nizamiyel Hospital) Turkish Hospital, Idu Industrial, Abuja",2026-06-01 11:14:20
Idu,4,8000000.0,Duplex,Terraced Duplex,"Idu-karmo, Abuja ( After Nizamiyel Hospital) Turkish Hospital., Idu Industrial, Abuja",2026-06-01 11:14:20
Gaduwa,3,6500000.0,Apartment,Apartment,"Gaduwa, Abuja",2026-06-01 11:14:20
Gwarinpa,3,7000000.0,Apartment,Apartment,"62nd Road, Gwarinpa, Abuja",2026-06-01 11:14:20
Jahi,3,10000000.0,Apartment,Apartment,"Jahi, Abuja",2026-06-01 11:14:20
Maitama,1,9000000.0,Apartment,Apartment,"Maitama District, Abuja",2026-06-01 11:14:30
Jabi,3,11000000.0,Duplex,Semi-Detached Duplex,"Jabi, Abuja",2026-06-01 11:14:30
Katampe,4,13000000.0,House,House,"Katampe (Main), Katampe, Abuja",2026-06-01 11:14:30
Asokoro,6,60000000.0,Duplex,Detached Duplex,"Asokoro Main, Asokoro District, Abuja",2026-06-01 11:14:30
Maitama,3,49335480.0,Duplex,Terraced Duplex,"Maitama District, Abuja",2026-06-01 11:14:30
Asokoro,7,80000000.0,Duplex,Detached Duplex,"Asokoro District, Abuja",2026-06-01 11:14:30
Life Camp,4,16000000.0,Duplex,Terraced Duplex,"Lifecamp Main, Life Camp, Abuja",2026-06-01 11:14:30
Katampe,3,14000000.0,Apartment,Apartment,"Katampe (Main), Katampe, Abuja",2026-06-01 11:14:30
Utako,4,25000000.0,Duplex,Detached Duplex,"By Arab, Utako, Abuja",2026-06-01 11:14:30
Gwarinpa,3,15000000.0,Apartment,Apartment,"2nd Avenue, Gwarinpa, Abuja",2026-06-01 11:14:30
Gwarinpa,6,35000000.0,Duplex,Detached Duplex,"Gwarinpa, Abuja",2026-06-01 11:14:30
Asokoro,4,30000000.0,House,House,"Asokoro District, Abuja",2026-06-01 11:14:30
Asokoro,5,30000000.0,Duplex,Detached Duplex,"Asokoro District, Abuja",2026-06-01 11:14:30
Kado,4,15000000.0,Duplex,Terraced Duplex,"Kado, Abuja",2026-06-01 11:14:30
Gwarinpa,4,18500000.0,Duplex,Terraced Duplex,"3rd Avenue, Gwarinpa, Abuja",2026-06-01 11:14:30
Kubwa,3,5500000.0,Bungalow,Detached Bungalow,"Dantata Estate, Kubwa, Abuja",2026-06-01 11:14:30
Mabushi,4,23000000.0,Duplex,Terraced Duplex,"Mabushi, Abuja",2026-06-01 11:14:30
Maitama,4,45000000.0,Duplex,Terraced Duplex,"Maitama District, Abuja",2026-06-01 11:14:30
Mabushi,4,18000000.0,Duplex,Detached Duplex,"Mabushi, Abuja",2026-06-01 11:14:30
Katampe,4,20000000.0,Duplex,Terraced Duplex,"Diplomatic Zone, Katampe Extension, Katampe, Abuja",2026-06-01 11:14:30
Maitama,1,9000000.0,Apartment,Apartment,"Maitama District, Abuja",2026-06-01 11:14:40
Maitama,6,150000000.0,Duplex,Detached Duplex,"Maitama District, Abuja",2026-06-01 11:14:40
Gwarinpa,3,7500000.0,Apartment,Apartment,"Gwarinpa, Abuja",2026-06-01 11:14:40
Maitama,3,30000000.0,Apartment,Apartment,"Maitama District, Abuja",2026-06-01 11:14:40
Garki,4,10000000.0,Duplex,Terraced Duplex,"Garki Main (by Rea 2), Garki, Abuja",2026-06-01 11:14:40
Jabi,3,8000000.0,Apartment,Apartment,"Jabi, Abuja",2026-06-01 11:14:40
Life Camp,2,6500000.0,Apartment,Apartment,"Life Camp, Abuja",2026-06-01 11:14:40
Asokoro,6,40000000.0,Duplex,Semi-Detached Duplex,"Main Asokoro, Asokoro District, Abuja",2026-06-01 11:14:40
Katampe,6,42000000.0,Duplex,Detached Duplex,"Katampe Extension, Katampe, Abuja",2026-06-01 11:14:40
Kado,4,20000000.0,Duplex,Terraced Duplex,"Kado, Abuja",2026-06-01 11:14:40
Jahi,4,9000000.0,House,House,"Jahi, Abuja",2026-06-01 11:14:40
Wuye,5,35000000.0,House,House,"Wuye, Abuja",2026-06-01 11:14:40
Idu,4,10000000.0,Duplex,Detached Duplex,"Idu-karmo, Nizamiyel Hospital (turkish Hospital), Idu Industrial, Abuja",2026-06-01 11:14:40
Gwarinpa,1,3000000.0,Apartment,Apartment,"News Engineering, Dawaki, Gwarinpa, Abuja",2026-06-01 11:14:40
Utako,3,8000000.0,Apartment,Apartment,"Utako, Abuja",2026-06-01 11:14:40
Gwarinpa,3,7000000.0,Apartment,Apartment,"62 Road, Gwarinpa, Abuja",2026-06-01 11:14:40
Utako,4,25000000.0,House,House,"Utako, Abuja",2026-06-01 11:14:40
Katampe,2,13000000.0,House,House,"Katampe (Main), Katampe, Abuja",2026-06-01 11:14:40
Wuse,5,45000000.0,Duplex,Detached Duplex,"Wuse 2, Abuja",2026-06-01 11:14:40
Kado,4,16000000.0,Duplex,Terraced Duplex,"Kado, Abuja",2026-06-01 11:14:40
Lugbe,4,8000000.0,Duplex,Semi-Detached Duplex,"Von Axis, Lugbe District, Abuja",2026-06-01 11:14:49
Gudu,4,12000000.0,Duplex,Terraced Duplex,"Legislative Quarters, Gudu, Abuja",2026-06-01 11:14:49
Lugbe,4,12000000.0,Duplex,Terraced Duplex,"Cluster,  River Park Estate Airport Road, Lugbe District, Abuja",2026-06-01 11:14:49
Jahi,3,12500000.0,Apartment,Apartment,"Jahi, Abuja",2026-06-01 11:14:49
Katampe,6,35000000.0,Duplex,Detached Duplex,"Katampe Extension, Katampe, Abuja",2026-06-01 11:14:49
Guzape,4,25000000.0,Duplex,Terraced Duplex,"Guzape District, Abuja",2026-06-01 11:14:49
Jabi,2,42000000.0,Apartment,Apartment,"Jabi, Abuja",2026-06-01 11:14:49
Katampe,2,7000000.0,Apartment,Apartment,"Katampe Extension, Katampe, Abuja",2026-06-01 11:14:49
Mabushi,4,15000000.0,House,House,"Mabushi, Abuja",2026-06-01 11:14:49
Jahi,3,72000000.0,Apartment,Apartment,"Jahi, Abuja",2026-06-01 11:14:49
Wuse,24,420000000.0,Duplex,Terraced Duplex,"Wuse 2, Abuja",2026-06-01 11:14:49
Asokoro,6,50000000.0,Duplex,Detached Duplex,"Asokoro District, Abuja",2026-06-01 11:14:49
Guzape,4,30000000.0,Duplex,Terraced Duplex,"Guzape District, Abuja",2026-06-01 11:14:49
Katampe,4,15000000.0,Duplex,Terraced Duplex,"By Aso Radio, Katampe (Main), Katampe, Abuja",2026-06-01 11:14:49
Mabushi,4,12000000.0,Duplex,Terraced Duplex,"Mabushi Behind Capital Hub, Mabushi, Abuja",2026-06-01 11:14:49
Maitama,4,50000000.0,Duplex,Terraced Duplex,"Maitama District, Abuja",2026-06-01 11:14:49
Life Camp,4,8000000.0,Duplex,Terraced Duplex,"Lifecamp Junction, Life Camp, Abuja",2026-06-01 11:14:49
Guzape,4,25000000.0,Duplex,Terraced Duplex,"Guzape District, Abuja",2026-06-01 11:14:49
Life Camp,4,13000000.0,Duplex,Terraced Duplex,"Off Magistrate Court, Life Camp, Abuja",2026-06-01 11:14:49
Maitama,6,80000000.0,Duplex,Detached Duplex,"Maitama Off Lake Chad, Maitama District, Abuja",2026-06-01 11:14:57
Idu,3,5500000.0,Apartment,Apartment,"Idu-karmo District, After Nizamiyel Hospital ( Turkish Hospital), Idu Industrial, Abuja",2026-06-01 11:14:57
Idu,3,4500000.0,Apartment,Apartment,"Idu-karmo District, After Nizamiyel Hospital ( Turkish Hospital), Idu Industrial, Abuja",2026-06-01 11:14:57
Maitama,5,100000000.0,Duplex,Detached Duplex,"Maitama District, Abuja",2026-06-01 11:14:57
Life Camp,4,8000000.0,Duplex,Terraced Duplex,"Life Camp, Abuja",2026-06-01 11:14:57
Asokoro,4,18000000.0,Duplex,Semi-Detached Duplex,"Naf Valley Estate, Asokoro District, Abuja",2026-06-01 11:14:57
Life Camp,2,8500000.0,Apartment,Apartment,"Nnpc Estate, Life Camp, Abuja",2026-06-01 11:14:57
Wuye,5,25000000.0,Duplex,Terraced Duplex,"Wuye, Abuja",2026-06-01 11:14:57
Wuse,3,13000000.0,Apartment,Apartment,"Wuse 2, Abuja",2026-06-01 11:14:57
Asokoro,4,82225800.0,House,House,"Aso Villa Asokoro, Asokoro District, Abuja",2026-06-01 11:14:57
Maitama,5,50000000.0,Apartment,Apartment,"Maitama District, Abuja",2026-06-01 11:14:57
Katampe,5,25000000.0,Duplex,Detached Duplex,"Nicon Junction, Katampe (Main), Katampe, Abuja",2026-06-01 11:14:57
Life Camp,2,6500000.0,Apartment,Apartment,"Life Camp, Abuja",2026-06-01 11:14:57
Guzape,4,20000000.0,Duplex,Terraced Duplex,"Guzape District, Abuja",2026-06-01 11:14:57
Guzape,6,60000000.0,Duplex,Detached Duplex,"Guzape District, Abuja",2026-06-01 11:14:57
Life Camp,2,4500000.0,Apartment,Apartment,"Nnpc Estate, Life Camp, Abuja",2026-06-01 11:14:57
Maitama,1,6000000.0,Apartment,Apartment,"Maitama District, Abuja",2026-06-01 11:15:05
Wuye,4,25000000.0,Duplex,Terraced Duplex,"By Police Station, Wuye District, Lugbe District, Abuja",2026-06-01 11:15:05
Kaura,4,8500000.0,Duplex,Terraced Duplex,"By Games Village Estate, Kaura, Abuja",2026-06-01 11:15:05
Guzape,3,7000000.0,Apartment,Apartment,"Guzape District, Abuja",2026-06-01 11:15:05
Life Camp,4,9000000.0,Duplex,Terraced Duplex,"In An Estate Around Godab, Life Camp, Abuja",2026-06-01 11:15:05
Mabushi,1,6500000.0,Apartment,Mini Flat,"Aravalli Hills Apartments, Mabushi, Abuja",2026-06-01 11:15:05
Katampe,5,25000000.0,Duplex,Detached Duplex,"Opposite Nicon Junction, Katampe (Main), Katampe, Abuja",2026-06-01 11:15:05
Jabi,3,48000000.0,Apartment,Apartment,"After Jabi Lake Mall, Jabi, Abuja",2026-06-01 11:15:05
Guzape,3,15000000.0,Apartment,Apartment,"Off Mohammed Abba Gana Street, Guzape District, Abuja",2026-06-01 11:15:05
Katampe,2,7000000.0,Apartment,Apartment,"Katampe Extension, Katampe, Abuja",2026-06-01 11:15:05
Guzape,2,9000000.0,Duplex,Terraced Duplex,"Guzape District, Abuja",2026-06-01 11:15:05
Maitama,3,61669350.0,Apartment,Apartment,"Maitama District, Abuja",2026-06-01 11:15:05
Jahi,2,11000000.0,Apartment,Apartment,"Gilmore, Jahi, Abuja",2026-06-01 11:15:05
Gwarinpa,3,6500000.0,Duplex,Terraced Duplex,"Extension., Gwarinpa, Abuja",2026-06-01 11:15:05
Wuye,5,35000000.0,Duplex,Detached Duplex,"Wuye, Abuja",2026-06-01 11:15:05
Asokoro,8,150000000.0,Duplex,Detached Duplex,"Asokoro District, Abuja",2026-06-01 11:15:05
Gaduwa,2,5000000.0,Apartment,Apartment,"Gaduwa, Abuja",2026-06-01 11:15:05
Asokoro,4,20000000.0,Duplex,Terraced Duplex,"Asokoro District, Abuja",2026-06-01 11:15:05
Katampe,6,25000000.0,Duplex,Terraced Duplex,"Katampe (Main), Katampe, Abuja",2026-06-01 11:15:05
Maitama,1,6000000.0,Apartment,Apartment,"Maitama District, Abuja",2026-06-01 11:15:15
Asokoro,4,15000000.0,Duplex,Terraced Duplex,"Federal Capital, Asokoro District, Abuja",2026-06-01 11:15:15
Life Camp,3,5500000.0,Apartment,Apartment,"Berger Clinic, Life Camp, Abuja",2026-06-01 11:15:15
Life Camp,2,4000000.0,Apartment,Apartment,"Stella Maris, Life Camp, Abuja",2026-06-01 11:15:15
Jabi,3,6000000.0,Apartment,Apartment,"By Lento, Jabi, Abuja",2026-06-01 11:15:15
Asokoro,3,50000000.0,Duplex,Detached Duplex,"Presidential Villa, Asokoro District, Abuja",2026-06-01 11:15:15
Mabushi,4,25000000.0,Duplex,Semi-Detached Duplex,"Mabushi, Abuja",2026-06-01 11:15:15
Katampe,1,2500000.0,Apartment,Self Contain,"Katampe (Main), Katampe, Abuja",2026-06-01 11:15:15
Wuye,2,20000000.0,Apartment,Apartment,"Wuye, Abuja",2026-06-01 11:15:15
Asokoro,8,120000000.0,Duplex,Detached Duplex,"Asokoro District, Abuja",2026-06-01 11:15:15
Maitama,5,50000000.0,Duplex,Detached Duplex,"Maitama District, Abuja",2026-06-01 11:15:15
Maitama,4,65000000.0,Duplex,Terraced Duplex,"Maitama District, Abuja",2026-06-01 11:15:15
Gwarinpa,3,10000000.0,Bungalow,Detached Bungalow,"Efab Queens, Gwarinpa, Abuja",2026-06-01 11:15:15
Mabushi,4,15000000.0,House,House,"Via Shafa Filling Station, Back Of Capital Hub, Mabushi, Abuja",2026-06-01 11:15:15
Life Camp,3,8000000.0,Duplex,Terraced Duplex,"Around Godab, Life Camp, Abuja",2026-06-01 11:15:15
Maitama,4,50000.0,House,House,"Maitama District, Abuja",2026-06-01 11:15:15
Maitama,4,40000000.0,Duplex,Terraced Duplex,"Maitama District, Abuja",2026-06-01 11:15:15
Life Camp,4,9000000.0,Duplex,Terraced Duplex,"Life Camp, Abuja",2026-06-01 11:15:15
Maitama,1,9000000.0,Apartment,Apartment,"Maitama District, Abuja",2026-06-01 11:15:21
Gwarinpa,2,4000000.0,Apartment,Apartment,"6th Avenue., Gwarinpa, Abuja",2026-06-01 11:15:21
Maitama,4,40000000.0,Duplex,Terraced Duplex,"Off Panama Street, Maitama District, Abuja",2026-06-01 11:15:21
Mabushi,4,15000000.0,Duplex,Terraced Duplex,"Mabushi, Abuja",2026-06-01 11:15:21
Guzape,5,35000000.0,Duplex,Detached Duplex,"Guzape District, Abuja",2026-06-01 11:15:21
Guzape,5,40000000.0,Duplex,Detached Duplex,"Guzape District, Abuja",2026-06-01 11:15:21
Gwarinpa,2,6000000.0,Apartment,Apartment,"News Engineering, Dawaki, Gwarinpa, Abuja",2026-06-01 11:15:21
Wuse,3,10000000.0,Apartment,Apartment,"Zone 6, Wuse, Abuja",2026-06-01 11:15:21
Jahi,2,8000000.0,Apartment,Apartment,"Jahi, Abuja",2026-06-01 11:15:21
Guzape,2,8000000.0,Bungalow,Detached Bungalow,"Malivelihood Street, Guzape District, Abuja",2026-06-01 11:15:21
Maitama,5,50000000.0,Duplex,Semi-Detached Duplex,"Main Maitama, Maitama District, Abuja",2026-06-01 11:15:21
Lugbe,18,7000000.0,Apartment,Apartment,"Lugbe District, Abuja",2026-06-01 11:15:21
Maitama,9,100000000.0,Duplex,Detached Duplex,"Maitama District, Abuja",2026-06-01 11:15:21
Maitama,3,30000000.0,Apartment,Apartment,"Maitama District, Abuja",2026-06-01 11:15:21
Guzape,4,15000000.0,Duplex,Terraced Duplex,"Guzape District, Abuja",2026-06-01 11:15:21
Katampe,5,25000000.0,Duplex,Terraced Duplex,"Katampe, Abuja",2026-06-01 11:15:21
Jabi,5,25000000.0,Duplex,Detached Duplex,"Jabi, Abuja",2026-06-01 11:15:21
Guzape,4,40000000.0,Duplex,Detached Duplex,"Guzape District, Abuja",2026-06-01 11:15:21
Guzape,4,30000000.0,Duplex,Terraced Duplex,"Guzape District, Abuja",2026-06-01 11:15:21
Gwarinpa,2,4000000.0,Apartment,Apartment,"News Engineering Dawaki, Dawaki, Gwarinpa, Abuja",2026-06-01 11:15:21
Gwarinpa,4,9000000.0,Duplex,Semi-Detached Duplex,"Gwarinpa, Abuja",2026-06-01 11:15:28
Katampe,4,15000000.0,Duplex,Terraced Duplex,"Katampe (Main), Katampe, Abuja",2026-06-01 11:15:28
Jabi,5,25000000.0,Duplex,Semi-Detached Duplex,"Jabi Main, Jabi, Abuja",2026-06-01 11:15:28
Kado,5,25000000.0,Duplex,Detached Duplex,"Kado, Abuja",2026-06-01 11:15:28
Lokogoma,2,2800000.0,Apartment,Apartment,"Lokogoma District, Abuja",2026-06-01 11:15:28
Asokoro,2,12000000.0,Apartment,Apartment,"Asokoro District, Abuja",2026-06-01 11:15:28
Katampe,2,7500000.0,Apartment,Apartment,"Katampe, Abuja",2026-06-01 11:15:28
Utako,4,13000000.0,Duplex,Semi-Detached Duplex,"Utako, Abuja",2026-06-01 11:15:28
Life Camp,4,11000000.0,Duplex,Terraced Duplex,"Life Camp, Abuja",2026-06-01 11:15:28
Jahi,3,13000000.0,Apartment,Apartment,"Gilmore, Jahi, Abuja",2026-06-01 11:15:28
Katampe,3,8000000.0,Apartment,Apartment,"Katampe (Main), Katampe, Abuja",2026-06-01 11:15:28
Asokoro,5,23000000.0,Duplex,Semi-Detached Duplex,"Asokoro District, Abuja",2026-06-01 11:15:28
Wuse,3,25000000.0,Duplex,Terraced Duplex,"Off Amino Kano, Wuse 2, Abuja",2026-06-01 11:15:28
Wuye,3,8000000.0,Apartment,Apartment,"By Zartech, Wuye, Abuja",2026-06-01 11:15:28
Maitama,5,50000000.0,Duplex,Terraced Duplex,"Maitama Main, Maitama District, Abuja",2026-06-01 11:15:28
Maitama,6,80000000.0,Duplex,Detached Duplex,"Maitama Main, Maitama District, Abuja",2026-06-01 11:15:28
Life Camp,4,9000000.0,House,House,"Life Camp, Abuja",2026-06-01 11:15:28
Katampe,2,7500000.0,Apartment,Apartment,"Katampe (Main), Katampe, Abuja",2026-06-01 11:15:28
Guzape,3,13000000.0,Apartment,Apartment,"Guzape District, Abuja",2026-06-01 11:15:28
Katampe,2,12000000.0,Duplex,Terraced Duplex,"Katampe, Abuja",2026-06-01 11:15:35
Durumi,3,9000000.0,Apartment,Apartment,"Durumi, Abuja",2026-06-01 11:15:35
Utako,4,20000000.0,Duplex,Terraced Duplex,"Utako, Abuja",2026-06-01 11:15:35
Katampe,1,6000000.0,Apartment,Apartment,"Katampe, Abuja",2026-06-01 11:15:35
Katampe,3,8000000.0,Apartment,Apartment,"Katampe, Abuja",2026-06-01 11:15:35
Katampe,4,19000000.0,Duplex,Terraced Duplex,"Katampe Extension, Katampe, Abuja",2026-06-01 11:15:35
Wuye,4,25000000.0,Duplex,Terraced Duplex,"Zartech, Wuye, Abuja",2026-06-01 11:15:35
Gwarinpa,3,7000000.0,Apartment,Apartment,"6th Avenue, Gwarinpa, Abuja",2026-06-01 11:15:35
Durumi,1,3200000.0,Apartment,Apartment,"Durumi, Abuja",2026-06-01 11:15:35
Mabushi,1,12000000.0,Apartment,Apartment,"Mabushi, Abuja",2026-06-01 11:15:35
Jabi,3,8000000.0,Apartment,Apartment,"Ebitu Ekiwe Street, Jabi, Abuja",2026-06-01 11:15:35
Durumi,2,4500000.0,Apartment,Apartment,"Area 1 Axis., Durumi, Abuja",2026-06-01 11:15:35
Gaduwa,4,10000000.0,Duplex,Detached Duplex,"Gaduwa, Abuja",2026-06-01 11:15:35
Durumi,3,5500000.0,Apartment,Apartment,"Area 1 Axis., Durumi, Abuja",2026-06-01 11:15:35
Gaduwa,5,10000000.0,Duplex,Detached Duplex,"Gaduwa, Abuja",2026-06-01 11:15:35
Gwarinpa,2,4500000.0,Apartment,Apartment,"News Engineering Dawaki, Dawaki, Gwarinpa, Abuja",2026-06-01 11:15:35
Durumi,3,5500000.0,Apartment,Apartment,"Area 1 Axis., Durumi, Abuja",2026-06-01 11:15:35
Wuse,2,8000000.0,Apartment,Apartment,"Wuse, Abuja",2026-06-01 11:15:35
Karu,2,2500000.0,Apartment,Apartment,"Karu, Abuja",2026-06-01 11:15:35
Katampe,3,11000000.0,Apartment,Apartment,"Katampe (Main), Katampe, Abuja",2026-06-01 11:15:35
Maitama,1,6000000.0,Apartment,Apartment,"Maitama District, Abuja",2026-06-01 11:15:42
Life Camp,3,12000000.0,Bungalow,Detached Bungalow,"Life Camp, Abuja",2026-06-01 11:15:42
Lugbe,1,1500000.0,Apartment,Self Contain,"Along Pykasa Road, Lugbe District, Abuja",2026-06-01 11:15:42
Gwarinpa,3,8500000.0,Duplex,Terraced Duplex,"Dawaki By Flyover Bridge Axis, Dawaki, Gwarinpa, Abuja",2026-06-01 11:15:42
Guzape,4,15000000.0,Duplex,Detached Duplex,"Guzape District, Abuja",2026-06-01 11:15:42
Life Camp,3,6000000.0,Apartment,Apartment,"Life Camp, Abuja",2026-06-01 11:15:42
Jahi,5,21000000.0,Duplex,Terraced Duplex,"Gilmore, Jahi, Abuja",2026-06-01 11:15:42
Life Camp,3,6000000.0,Apartment,Apartment,"Life Camp, Abuja",2026-06-01 11:15:42
Asokoro,3,78114510.0,Duplex,Terraced Duplex,"Aso Villa, Asokoro District, Abuja",2026-06-01 11:15:42
Guzape,4,40000000.0,Duplex,Terraced Duplex,"Guzape District, Abuja",2026-06-01 11:15:42
Asokoro,4,25000000.0,Duplex,Detached Duplex,"Naf Valley, Asokoro District, Abuja",2026-06-01 11:15:42
Asokoro,2,10000000.0,House,House,"Akenzua Street, Asokoro District, Abuja",2026-06-01 11:15:42
Life Camp,4,15000000.0,Duplex,Terraced Duplex,"Catholic Church Axis, Life Camp, Abuja",2026-06-01 11:15:42
Guzape,3,13000000.0,Duplex,Terraced Duplex,"Guzape District, Abuja",2026-06-01 11:15:42
Kado,5,20000000.0,Duplex,Detached Duplex,"Kado District, Close To Next Cash And Carry Supermarket., Kado, Abuja",2026-06-01 11:15:42
Maitama,4,65000000.0,Duplex,Terraced Duplex,"Maitama District, Abuja",2026-06-01 11:15:42
Life Camp,3,6000000.0,Apartment,Apartment,"Life Camp, Abuja",2026-06-01 11:15:42
Maitama,1,6000000.0,Apartment,Apartment,"Maitama District, Abuja",2026-06-01 11:15:48
Kubwa,3,12000000000.0,Apartment,Apartment,"Army Estate, Kubwa, Abuja",2026-06-01 11:15:48
Asokoro,12,30000000.0,Duplex,Semi-Detached Duplex,"Close To Ameachi Residence, Asokoro District, Abuja",2026-06-01 11:15:48
Maitama,3,54817200.0,Duplex,Detached Duplex,"Maitama District, Abuja",2026-06-01 11:15:48
Asokoro,2,10000000.0,Apartment,Apartment,"Asokoro District, Abuja",2026-06-01 11:15:48
Jahi,4,18000000.0,House,House,"Gilmore, Jahi, Abuja",2026-06-01 11:15:48
Lugbe,4,8000000.0,Duplex,Detached Duplex,"Opposite Dunamis, Lugbe District, Abuja",2026-06-01 11:15:48
Maitama,5,90000000.0,Duplex,Detached Duplex,"Maitama District, Abuja",2026-06-01 11:15:48
Wuse,5,70000000.0,Duplex,Detached Duplex,"Wuse 2, Abuja",2026-06-01 11:15:48
Lokogoma,4,7000000.0,Duplex,Semi-Detached Duplex,"Same Global Estate, Lokogoma District, Abuja",2026-06-01 11:15:48
Katampe,2,12000000.0,Apartment,Apartment,"Katampe Extension, Katampe, Abuja",2026-06-01 11:15:48
Jahi,3,15000000.0,Apartment,Apartment,"Jahi Golmore, Jahi, Abuja",2026-06-01 11:15:48
Guzape,2,6000000.0,Apartment,Apartment,"Guzape District, Abuja",2026-06-01 11:15:48
Katampe,3,8000000.0,Apartment,Apartment,"Katampe, Abuja",2026-06-01 11:15:48
Wuye,1,5000000.0,Apartment,Self Contain,"Wuye, Abuja",2026-06-01 11:15:48
Jahi,3,7500000.0,Apartment,Apartment,"Jahi, Abuja",2026-06-01 11:15:48
Gwarinpa,1,1600000.0,Apartment,Apartment,"News Engineering ., Dawaki, Gwarinpa, Abuja",2026-06-01 11:15:48
Jabi,4,16000000.0,Duplex,Terraced Duplex,"Jabi, Abuja",2026-06-01 11:15:48
Life Camp,2,7000000.0,Apartment,Apartment,"Life Camp, Abuja",2026-06-01 11:15:48
Maitama,6,180000000.0,Duplex,Detached Duplex,"Maitama District, Abuja",2026-06-01 11:15:48
Maitama,1,6000000.0,Apartment,Apartment,"Maitama District, Abuja",2026-06-01 11:15:54
Maitama,3,25000000.0,Apartment,Apartment,"Aso Drive, Maitama District, Abuja",2026-06-01 11:15:54
Life Camp,3,13000000.0,Apartment,Apartment,"Bellavue Estate, Life Camp, Abuja",2026-06-01 11:15:54
Durumi,1,1500000.0,Apartment,Self Contain,"American International, Durumi, Abuja",2026-06-01 11:15:54
Jahi,2,6500000.0,Apartment,Apartment,"Jahi, Abuja",2026-06-01 11:15:54
Gwarinpa,2,3000000.0,Apartment,Apartment,"Dawaki, Gwarinpa, Abuja",2026-06-01 11:15:54
Asokoro,3,50000000.0,Duplex,Terraced Duplex,"Aso Villa Residential Area, Asokoro District, Abuja",2026-06-01 11:15:54
Maitama,4,30000000.0,Duplex,Terraced Duplex,"Maitama District, Abuja",2026-06-01 11:15:54
Maitama,3,25000000.0,Apartment,Apartment,"Maitama District, Abuja",2026-06-01 11:15:54
Jahi,2,6000000.0,Apartment,Apartment,"Jahi, Abuja",2026-06-01 11:15:54
Katampe,3,10000000.0,Apartment,Apartment,"Katampe Extension, Katampe, Abuja",2026-06-01 11:15:54
Jahi,1,6500000.0,Apartment,Apartment,"Jahi, Abuja",2026-06-01 11:15:54
Jahi,2,11000000.0,Apartment,Apartment,"Jahi, Abuja",2026-06-01 11:15:54
Jahi,2,7000000.0,Apartment,Apartment,"Jahi, Abuja",2026-06-01 11:15:54
Mabushi,4,12000000.0,Duplex,Terraced Duplex,"Mabushi, Abuja",2026-06-01 11:15:54
Jahi,4,15000000.0,Duplex,Terraced Duplex,"Jahi, Abuja",2026-06-01 11:15:54
Katampe,2,7000000.0,Apartment,Apartment,"Katampe Extension, Katampe, Abuja",2026-06-01 11:15:54
Jabi,2,42000000.0,Apartment,Apartment,"Jabi, Abuja",2026-06-01 11:15:54
Wuse,3,54817200.0,Apartment,Apartment,"Wuse 2, Abuja",2026-06-01 11:15:54
Idu,3,7000000.0,Duplex,Terraced Duplex,"Idu-karmo District, After Nizamiyel Hospital ( Turkish Hospital), Idu Industrial, Abuja",2026-06-01 11:16:02
Life Camp,2,5000000.0,Apartment,Apartment,"Lifecamp Extension, Life Camp, Abuja",2026-06-01 11:16:02
Katampe,2,7000000.0,Apartment,Apartment,"Diplomatic Zone, Katampe Extension, Katampe, Abuja",2026-06-01 11:16:02
Guzape,4,25000000.0,Duplex,Terraced Duplex,"Guzape District, Abuja",2026-06-01 11:16:02
Kubwa,2,3500000.0,Apartment,Apartment,"FO1 Layout, Kubwa, Abuja",2026-06-01 11:16:02
Asokoro,56,1781559000.0,Apartment,Apartment,"Asokoro District, Abuja",2026-06-01 11:16:02
Maitama,5,13000000.0,Duplex,Detached Duplex,"Maitama 2, Maitama District, Abuja",2026-06-01 11:16:02
Life Camp,3,7000000.0,Apartment,Apartment,"Life Camp, Abuja",2026-06-01 11:16:02
Life Camp,2,5000000.0,Apartment,Apartment,"Life Camp, Abuja",2026-06-01 11:16:02
Jahi,3,90000000.0,House,House,"Jahi, Abuja",2026-06-01 11:16:02
Kubwa,4,6000000.0,Duplex,Detached Duplex,"Kubwa, Abuja",2026-06-01 11:16:02
Life Camp,5,15000000.0,Duplex,Terraced Duplex,"Close To Berger Yard, Life Camp, Abuja",2026-06-01 11:16:02
Guzape,4,6000000.0,Duplex,Detached Duplex,"Kpaduma 3 Community, Guzape District, Abuja",2026-06-01 11:16:02
Jabi,3,10000000.0,Apartment,Apartment,"Off Mike Akhigbe Street, Jabi, Abuja",2026-06-01 11:16:02
Mabushi,3,7000000.0,Apartment,Apartment,"Behind Vio Office, Mabushi, Abuja",2026-06-01 11:16:02
Gwarinpa,3,5500000.0,Apartment,Apartment,"Trans Engineering Estate, Dawaki, Gwarinpa, Abuja",2026-06-01 11:16:02
Gaduwa,1,2200000.0,Apartment,Self Contain,"Gaduwa, Abuja",2026-06-01 11:16:02
Maitama,1,9000000.0,Apartment,Apartment,"Maitama District, Abuja",2026-06-01 11:16:10
Garki,3,7000000.0,Apartment,Apartment,"Garki, Abuja",2026-06-01 11:16:10
Mabushi,2,7000000.0,Apartment,Apartment,"Mabushi, Abuja",2026-06-01 11:16:10
Wuye,2,20000000.0,Apartment,Apartment,"Wuye, Abuja",2026-06-01 11:16:10
Wuye,2,15000000.0,Apartment,Apartment,"Wuye, Abuja",2026-06-01 11:16:10
Utako,2,6000000.0,Apartment,Apartment,"Utako, Abuja",2026-06-01 11:16:10
Wuye,3,10000000.0,Apartment,Apartment,"Wuye, Abuja",2026-06-01 11:16:10
Gwarinpa,4,15000000.0,Duplex,Semi-Detached Duplex,"Gwarinpa, Abuja",2026-06-01 11:16:10
Lugbe,4,13000000.0,Duplex,Semi-Detached Duplex,"Cluster 1 River Park Estate, Lugbe District, Abuja",2026-06-01 11:16:10
Wuye,2,20000000.0,Apartment,Apartment,"Wuye, Abuja",2026-06-01 11:16:10
Maitama,4,160000000.0,Apartment,Apartment,"Alvan Ikoku Way, Maitama District, Abuja",2026-06-01 11:16:10
Kubwa,2,4500000.0,Apartment,Apartment,"Kubwa, Abuja",2026-06-01 11:16:10
Lugbe,5,10000000.0,Duplex,Detached Duplex,"Lugbe District, Abuja",2026-06-01 11:16:10
Guzape,4,25000000.0,Duplex,Terraced Duplex,"By H Medix / Nnpc, Guzape District, Abuja",2026-06-01 11:16:10
Asokoro,4,12500000.0,Apartment,Apartment,"By Force Head Qtrs / Stratton Hotel, Asokoro District, Abuja",2026-06-01 11:16:10
Garki,15,50000000.0,Duplex,Detached Duplex,"Garki, Abuja",2026-06-01 11:16:10
Wuse,3,9000000.0,Apartment,Apartment,"Zone 3, Wuse, Abuja",2026-06-01 11:16:10
Katampe,3,8000000.0,Apartment,Apartment,"Katampe (Main), Katampe, Abuja",2026-06-01 11:16:10
Lugbe,1,2500000.0,Apartment,Mini Flat,"Close To Dunamis Church, Lugbe District, Abuja",2026-06-01 11:16:10
Guzape,3,30000000.0,Apartment,Apartment,"Guzape District, Abuja",2026-06-01 11:16:10
Maitama,1,9000000.0,Apartment,Apartment,"Maitama District, Abuja",2026-06-01 11:16:16
Guzape,2,15000000.0,Apartment,Apartment,"Guzape District, Abuja",2026-06-01 11:16:16
Guzape,4,34999999.0,Duplex,Terraced Duplex,"Guzape District, Abuja",2026-06-01 11:16:16
Asokoro,3,15000000.0,Apartment,Apartment,"Asokoro District, Abuja",2026-06-01 11:16:16
Asokoro,5,50000000.0,Duplex,Detached Duplex,"Asokoro District, Abuja",2026-06-01 11:16:16
Asokoro,7,110000000.0,Duplex,Detached Duplex,"Asokoro District, Abuja",2026-06-01 11:16:16
Wuye,2,22000000.0,Apartment,Apartment,"Wuye, Abuja",2026-06-01 11:16:16
Wuse,1,2550000.0,Apartment,Mini Flat,"Zone 3, Wuse, Abuja",2026-06-01 11:16:16
Lokogoma,3,5000000.0,Bungalow,Semi-detached Bungalow,"Lokogoma District, Abuja",2026-06-01 11:16:16
Gwarinpa,3,8500000.0,Apartment,Apartment,"Gwarimpa Extension, Gwarinpa, Abuja",2026-06-01 11:16:16
Mabushi,4,15000000.0,Duplex,Terraced Duplex,"Mabushi, Abuja",2026-06-01 11:16:16
Kaura,3,13000000.0,Apartment,Apartment,"By Games Village, Kaura, Abuja",2026-06-01 11:16:16
Jabi,2,6000000.0,Apartment,Apartment,"Ebitu-ukiwe Street, Jabi, Abuja",2026-06-01 11:16:16
Life Camp,3,12000000.0,Duplex,Semi-Detached Duplex,"Orchacho Estate, Life Camp, Abuja",2026-06-01 11:16:16
Katampe,3,8000000.0,Apartment,Apartment,"Katampe, Abuja",2026-06-01 11:16:16
Maitama,4,30000000.0,Duplex,Terraced Duplex,"Off Lake Chad, Maitama District, Abuja",2026-06-01 11:16:16
Maitama,4,75000000.0,Duplex,Terraced Duplex,"Ministers Hill, Maitama District, Abuja",2026-06-01 11:16:16
Maitama,1,6000000.0,Apartment,Apartment,"Maitama District, Abuja",2026-06-01 11:16:21
Wuye,3,13000000.0,Apartment,Apartment,"Wuye, Abuja",2026-06-01 11:16:21
Karu,1,2000000.0,Apartment,Self Contain,"Karu Phase 1, Karu, Abuja",2026-06-01 11:16:21
Katampe,8,175000000.0,Duplex,Terraced Duplex,"Katampe Extension, Katampe, Abuja",2026-06-01 11:16:21
Life Camp,3,8000000.0,Apartment,Apartment,"Life Camp, Abuja",2026-06-01 11:16:21
Maitama,3,30000000.0,Apartment,Apartment,"Maitama District, Abuja",2026-06-01 11:16:21
Guzape,3,10000000.0,Apartment,Apartment,"After Coza, Guzape District, Abuja",2026-06-01 11:16:21
Wuse,2,22000000.0,Apartment,Apartment,"Libreville, Wuse 2, Abuja",2026-06-01 11:16:21
Kukwaba,4,15000000.0,Duplex,Terraced Duplex,"Opposite Games Village, Kukwaba, Abuja",2026-06-01 11:16:21
Karmo,4,10000000.0,Duplex,Terraced Duplex,"Karmo-idu District. ( After Nizamiyel Hospital) Turkish Hospital, Karmo, Abuja",2026-06-01 11:16:21
Life Camp,4,9000000.0,House,House,"Paradise Estate, Life Camp, Abuja",2026-06-01 11:16:21
Gwarinpa,3,7000000.0,Apartment,Apartment,"2nd Avenue, Gwarinpa, Abuja",2026-06-01 11:16:21
Life Camp,3,4000000.0,Apartment,Apartment,"Life Camp, Abuja",2026-06-01 11:16:21
Katampe,4,16000000.0,Duplex,Terraced Duplex,"Diplomatic Zone, Katampe Extension, Katampe, Abuja",2026-06-01 11:16:21
Jabi,3,25000000.0,Apartment,Apartment,"Jabi, Abuja",2026-06-01 11:16:21
Katampe,4,16000000.0,Duplex,Terraced Duplex,"Diplomatic Zone., Katampe Extension, Katampe, Abuja",2026-06-01 11:16:21
Gwarinpa,1,1200000.0,Apartment,Self Contain,"Off Citizens Avenue, Dawaki, Gwarinpa, Abuja",2026-06-01 11:16:21
Gwarinpa,5,15000000.0,Duplex,Semi-Detached Duplex,"Off 7th Avenue, Gwarinpa, Abuja",2026-06-01 11:16:21
Gwarinpa,1,1100000.0,Apartment,Self Contain,"Dawaki District, Dawaki, Gwarinpa, Abuja",2026-06-01 11:16:21
Mabushi,3,8000000.0,Apartment,Apartment,"Mabushi, Abuja",2026-06-01 11:16:21
Maitama,1,6000000.0,Apartment,Apartment,"Maitama District, Abuja",2026-06-01 11:16:26
Wuye,2,20000000.0,Apartment,Apartment,"Wuye, Abuja",2026-06-01 11:16:26
Wuse,2,24000000.0,Apartment,Apartment,"By Libravile, Wuse 2, Abuja",2026-06-01 11:16:26
Gaduwa,2,5000000.0,Apartment,Apartment,"Gaduwa, Abuja",2026-06-01 11:16:26
Jabi,2,42000000.0,Apartment,Apartment,"Near Chida Hotel, Jabi, Abuja",2026-06-01 11:16:26
Jabi,3,48000000.0,Apartment,Apartment,"Near Shoprite, Jabi, Abuja",2026-06-01 11:16:26
Life Camp,4,20000000.0,Duplex,Terraced Duplex,"Life Camp, Abuja",2026-06-01 11:16:26
Utako,6,45000000000.0,Duplex,Detached Duplex,"Arab, Utako, Abuja",2026-06-01 11:16:26
Lokogoma,4,7500000.0,Duplex,Semi-Detached Duplex,"After Sunnyvale Estate, Lokogoma District, Abuja",2026-06-01 11:16:26
Katampe,3,15000000.0,Duplex,Terraced Duplex,"Katampe (Main), Katampe, Abuja",2026-06-01 11:16:26
Gwarinpa,3,6000000.0,Apartment,Apartment,"News Engineering, Dawaki, Gwarinpa, Abuja",2026-06-01 11:16:26
Gwarinpa,2,4500000.0,Duplex,Terraced Duplex,"News Engineering, Dawaki, Gwarinpa, Abuja",2026-06-01 11:16:26
Wuye,2,25000000.0,Apartment,Apartment,"Wuye, Abuja",2026-06-01 11:16:26
Wuse,3,13000000.0,Apartment,Apartment,"Wuse 2 By Efcc Office, Ademola Adetokunbo., Wuse 2, Abuja",2026-06-01 11:16:26
Apo,1,2500000.0,Apartment,Mini Flat,"Cedercrest Hospital, Nepa, Apo, Abuja",2026-06-01 11:16:26
Jahi,5,20000000.0,Duplex,Terraced Duplex,"Jahi, Abuja",2026-06-01 11:16:26
Life Camp,4,25000000.0,Duplex,Semi-Detached Duplex,"Life Camp, Abuja",2026-06-01 11:16:26
Kubwa,1,2500000.0,Apartment,Mini Flat,"Sagwari Layout Opposite F O 1, FO1 Layout, Kubwa, Abuja",2026-06-01 11:16:26
Maitama,1,6000000.0,Apartment,Apartment,"Maitama District, Abuja",2026-06-01 11:16:31
Kubwa,1,2000000.0,Apartment,Self Contain,"FO1 Layout, Kubwa, Abuja",2026-06-01 11:16:31
Jahi,3,12500000.0,House,House,"Gilmore, Jahi, Abuja",2026-06-01 11:16:31
Lugbe,2,10000000.0,Apartment,Apartment,"Lugbe District, Abuja",2026-06-01 11:16:31
Gwarinpa,4,25000000.0,Duplex,Semi-Detached Duplex,"3rd Avenue, Gwarinpa, Abuja",2026-06-01 11:16:31
Kabusa,1,1000000.0,Apartment,Apartment,"Close To Kabusa Gardens Estate Down Sunnyvale Junction Road., Lokogoma District, Abuja",2026-06-01 11:16:32
Asokoro,3,82225800.0,Duplex,Semi-Detached Duplex,"Asokoro District, Abuja",2026-06-01 11:16:32
Galadimawa,1,2500000.0,Apartment,Mini Flat,"Along Sunnyvale Expressway, Galadimawa, Abuja",2026-06-01 11:16:32
Maitama,8,120000000.0,Duplex,Detached Duplex,"Maitama District, Abuja",2026-06-01 11:16:32
Jahi,4,15000000.0,Duplex,Terraced Duplex,"Jahi, Abuja",2026-06-01 11:16:32
Kaura,5,15000000.0,Duplex,Detached Duplex,"In An Estate In Kaura, Kaura, Abuja",2026-06-01 11:16:32
Guzape,4,10000000.0,Duplex,Terraced Duplex,"Guzape District, Abuja",2026-06-01 11:16:32
Katampe,4,15000000.0,Duplex,Terraced Duplex,"Katampe (Main), Katampe, Abuja",2026-06-01 11:16:32
Jahi,4,15000000.0,Duplex,Terraced Duplex,"By Gilmore Construction Company., Jahi, Abuja",2026-06-01 11:16:32
Jahi,3,12500000.0,Apartment,Apartment,"By Gilmore Construction, Jahi, Abuja",2026-06-01 11:16:32
Guzape,3,13000000.0,Apartment,Apartment,"Guzape District, Abuja",2026-06-01 11:16:32
Guzape,5,40000000.0,Duplex,Detached Duplex,"Guzape District, Abuja",2026-06-01 11:16:32
Life Camp,2,4500000.0,Apartment,Apartment,"Close To Beger Yard, Life Camp, Abuja",2026-06-01 11:16:32
Lokogoma,2,67000000.0,Apartment,Apartment,"Lokogoma District, Abuja",2026-06-01 11:16:32
Katampe,4,30000000.0,Duplex,Terraced Duplex,"Katampe, Abuja",2026-06-01 11:16:32
Life Camp,3,13000000.0,Apartment,Apartment,"Life Camp, Abuja",2026-06-01 11:16:32
Maitama,1,9000000.0,Apartment,Apartment,"Maitama District, Abuja",2026-06-01 11:16:40
Life Camp,4,13000000.0,Duplex,Detached Duplex,"Life Camp, Abuja",2026-06-01 11:16:40
Wuye,2,23000000.0,Apartment,Apartment,"Wuye, Abuja",2026-06-01 11:16:40
Asokoro,7,110000000.0,Duplex,Detached Duplex,"Asokoro District, Abuja",2026-06-01 11:16:40
Katampe,3,8000000.0,Apartment,Apartment,"Katampe, Abuja",2026-06-01 11:16:40
Apo,4,10000000.0,Duplex,Terraced Duplex,"By Cedarcrest Hospital, Apo, Abuja",2026-06-01 11:16:40
Wuye,5,25000000.0,Duplex,Terraced Duplex,"Wuye, Abuja",2026-06-01 11:16:40
Maitama,4,30000000.0,Duplex,Terraced Duplex,"Maitama District, Abuja",2026-06-01 11:16:40
Maitama,1,6000000.0,Apartment,Apartment,"Maitama District, Abuja",2026-06-01 11:16:40
Guzape,4,35000000.0,Duplex,Terraced Duplex,"Guzape District, Abuja",2026-06-01 11:16:40
Asokoro,5,80000000.0,Duplex,Detached Duplex,"Asokoro District, Abuja",2026-06-01 11:16:40
Maitama,2,47965050.0,Apartment,Apartment,"Maitama District, Abuja",2026-06-01 11:16:41
Wuye,2,6500000.0,Apartment,Apartment,"Wuye, Abuja",2026-06-01 11:16:41
Jahi,3,10000000.0,Apartment,Apartment,"By Gilmore, Jahi, Abuja",2026-06-01 11:16:41
Guzape,18,100000000.0,Apartment,Apartment,"Guzape District, Abuja",2026-06-01 11:16:41
Jabi,3,13000000.0,Duplex,Terraced Duplex,"Jabi, Abuja",2026-06-01 11:16:41
Katampe,3,5500000.0,Apartment,Apartment,"Katampe (Main), Katampe, Abuja",2026-06-01 11:16:41
Jahi,2,8000000.0,Apartment,Apartment,"Jahi, Abuja",2026-06-01 11:16:41
Wuye,2,4500000.0,Apartment,Apartment,"Wuye, Abuja",2026-06-01 11:16:41
Kado,4,15000000.0,Duplex,Terraced Duplex,"Kado, Abuja",2026-06-01 11:16:41
Maitama,1,9000000.0,Apartment,Apartment,"Maitama District, Abuja",2026-06-01 11:16:47
Wuye,2,20000000.0,Apartment,Apartment,"Wuye, Abuja",2026-06-01 11:16:47
Katampe,2,23000000.0,Apartment,Apartment,"Katampe Extension, Katampe, Abuja",2026-06-01 11:16:47
Garki,2,4500000.0,Apartment,Apartment,"Old Secretariat, Garki Area 1, Durumi, Abuja",2026-06-01 11:16:47
Jahi,4,15000000.0,Duplex,Terraced Duplex,"Jahi, Abuja",2026-06-01 11:16:47
Asokoro,2,27000000.0,Apartment,Apartment,"Aso-villa, Asokoro District, Abuja",2026-06-01 11:16:47
Jahi,2,14000000.0,Apartment,Apartment,"Gilmore, Jahi, Abuja",2026-06-01 11:16:47
Maitama,6,90000000.0,Duplex,Detached Duplex,"F.c.t, Maitama District, Abuja",2026-06-01 11:16:47
Maitama,4,30000000.0,Duplex,Terraced Duplex,"Maitama Main, Maitama District, Abuja",2026-06-01 11:16:47
Wuse,6,45000000.0,Duplex,Detached Duplex,"Wuse 2, Abuja",2026-06-01 11:16:47
Gaduwa,3,6000000.0,Bungalow,Detached Bungalow,"Gaduwa, Abuja",2026-06-01 11:16:47
Katampe,1,10000000.0,Apartment,Apartment,"Katampe Extension, Katampe, Abuja",2026-06-01 11:16:47
Gaduwa,4,10000000.0,Duplex,Terraced Duplex,"Gaduwa, Abuja",2026-06-01 11:16:47
Maitama,4,50000000.0,Duplex,Terraced Duplex,"Maitama District, Abuja",2026-06-01 11:16:52
Maitama,8,100000000.0,Duplex,Detached Duplex,"Maitama District, Abuja",2026-06-01 11:16:52
Life Camp,2,5000000.0,Apartment,Apartment,"Life Camp, Abuja",2026-06-01 11:16:52
Jabi,5,35000000.0,Duplex,Detached Duplex,"Jabi, Abuja",2026-06-01 11:16:52
Life Camp,2,6000000.0,Apartment,Apartment,"Life Camp, Abuja",2026-06-01 11:16:52
Wuse,6,45000000.0,Duplex,Detached Duplex,"Off Ademola Adetokunbo Crescent., Wuse 2, Abuja",2026-06-01 11:16:52
Lugbe,2,2650000.0,Apartment,Apartment,"By Kapwa, Off Airport Road, FHA (F.H.A), Lugbe District, Abuja",2026-06-01 11:16:52
Katampe,1,2100000.0,Apartment,Mini Flat,"Uptown Estate, Katampe, Abuja",2026-06-01 11:16:52
Wuse,3,40000000.0,Apartment,Apartment,"British Village, Wuse 2, Abuja",2026-06-01 11:16:52
Kaura,5,14000000.0,Duplex,Detached Duplex,"Kaura, Abuja",2026-06-01 11:16:52
Kado,4,18000000.0,Duplex,Terraced Duplex,"Kado, Abuja",2026-06-01 11:16:52
Asokoro,1,7000000.0,Apartment,Apartment,"Harbour Apartment, Asokoro District, Abuja",2026-06-01 11:16:52
Wuse,10,250000000.0,Duplex,Detached Duplex,"Wuse 2, Abuja",2026-06-01 11:16:52
Wuse,3,15000000.0,Apartment,Apartment,"Wuse 2, Abuja",2026-06-01 11:16:52
Guzape,5,30000000.0,Duplex,Semi-Detached Duplex,"Guzape District, Abuja",2026-06-01 11:16:52
Gwarinpa,3,12000000.0,Duplex,Terraced Duplex,"Dantata Estate, Gwarinpa, Abuja",2026-06-01 11:16:52
Guzape,5,35000000.0,Duplex,Detached Duplex,"Guzape District, Abuja",2026-06-01 11:16:52
Wuye,5,25000000.0,Duplex,Terraced Duplex,"Wuye, Abuja",2026-06-01 11:16:52
Maitama,1,9000000.0,Apartment,Apartment,"Maitama District, Abuja",2026-06-01 11:16:59
Wuse,5,25000000.0,Duplex,Terraced Duplex,"Wuse, Abuja",2026-06-01 11:16:59
Wuse,5,25000000.0,Duplex,Terraced Duplex,"Wuse, Abuja",2026-06-01 11:16:59
Asokoro,2,7000000.0,House,House,"Naf, Valley Estate, Asokoro District, Abuja",2026-06-01 11:16:59
Life Camp,4,25000000.0,House,House,"Lifecamp Main, Life Camp, Abuja",2026-06-01 11:16:59
Wuse,3,13500000.0,Apartment,Apartment,"Wuse 2, Abuja",2026-06-01 11:16:59
Life Camp,4,8000000.0,Duplex,Terraced Duplex,"Brians And Hammers, Life Camp, Abuja",2026-06-01 11:16:59
Apo,2,5000000.0,Bungalow,Semi-detached Bungalow,"Along Cedercrest Hospital Road, Apo, Abuja",2026-06-01 11:16:59
Gwarinpa,2,4000000.0,Apartment,Apartment,"News Engineering, Dawaki, Gwarinpa, Abuja",2026-06-01 11:16:59
Gwarinpa,3,6000000.0,Apartment,Apartment,"News Engineering, Dawaki, Gwarinpa, Abuja",2026-06-01 11:16:59
Asokoro,2,20000000.0,Apartment,Apartment,"Aso-villa Residential Area, Asokoro District, Abuja",2026-06-01 11:16:59
Katampe,1,10000000.0,Apartment,Mini Flat,"Katampe Extension, Katampe, Abuja",2026-06-01 11:16:59
Katampe,2,12000000.0,Apartment,Apartment,"Katampe Extension, Katampe, Abuja",2026-06-01 11:16:59
Katampe,3,15000000.0,Apartment,Apartment,"Katampe Extension, Katampe, Abuja",2026-06-01 11:16:59
Asokoro,3,30000000.0,Duplex,Terraced Duplex,"Asokoro District, Abuja",2026-06-01 11:16:59
Life Camp,3,6000000.0,Apartment,Apartment,"Life Camp, Abuja",2026-06-01 11:16:59
Katampe,4,18000000.0,Duplex,Terraced Duplex,"Diplomatic Zone, Katampe Extension, Katampe, Abuja",2026-06-01 11:16:59
Maitama,4,40000000.0,Apartment,Apartment,"Maitama, Maitama District, Abuja",2026-06-01 11:16:59
Maitama,1,6000000.0,Apartment,Apartment,"Maitama District, Abuja",2026-06-01 11:17:05
Maitama,3,47965050.0,Apartment,Apartment,"Maitama, Maitama District, Abuja",2026-06-01 11:17:05
Wuse,3,13000000.0,Apartment,Apartment,"Wuse 2, Abuja",2026-06-01 11:17:05
Lugbe,4,5000000.0,Duplex,Terraced Duplex,"Estate By Jedo Junction, Lugbe District, Abuja",2026-06-01 11:17:05
Maitama,8,120000000.0,Duplex,Detached Duplex,"Maitama District, Abuja",2026-06-01 11:17:05
Asokoro,4,30000000.0,Duplex,Detached Duplex,"Navy Town, Admiralty Estate, Asokoro District, Abuja",2026-06-01 11:17:05
Maitama,1,54817200.0,Apartment,Apartment,"Diplomatic Zone, Maitama District, Abuja",2026-06-01 11:17:05
Maitama,2,89077950.0,Apartment,Apartment,"Diplomatic Zone, Maitama District, Abuja",2026-06-01 11:17:05
Life Camp,2,3500000.0,Apartment,Apartment,"Life Camp, Abuja",2026-06-01 11:17:05
Lugbe,5,8000000.0,Duplex,Detached Duplex,"Estate Behind Shafa Opposite Dunamis Dome, Lugbe District, Abuja",2026-06-01 11:17:05
Jahi,3,6000000.0,House,House,"Jahi-katampe Road, Jahi, Abuja",2026-06-01 11:17:05
Wuye,5,45000000.0,Duplex,Detached Duplex,"Wuye, Abuja",2026-06-01 11:17:05
Jahi,3,12500000.0,Apartment,Apartment,"Gilmore, Jahi, Abuja",2026-06-01 11:17:05
Guzape,4,15000000.0,Duplex,Terraced Duplex,"Guzape Hills, Guzape District, Abuja",2026-06-01 11:17:05
Guzape,4,13500000.0,Duplex,Terraced Duplex,"Off Nasir El Rufai, Guzape District, Abuja",2026-06-01 11:17:05
Guzape,3,10000000.0,House,House,"Guzape District, Abuja",2026-06-01 11:17:05
Guzape,5,15000000.0,Duplex,Terraced Duplex,"Guzape District, Abuja",2026-06-01 11:17:05
Mabushi,5,25000000.0,Duplex,Detached Duplex,"Mabushi, Abuja",2026-06-01 11:17:05
Katampe,3,180000000.0,Apartment,Apartment,"Katampe, Abuja",2026-06-01 11:17:05
Maitama,1,9000000.0,Apartment,Apartment,"Maitama District, Abuja",2026-06-01 11:17:12
Life Camp,3,4000000.0,Apartment,Apartment,"Brains And Hammers City, Life Camp, Abuja",2026-06-01 11:17:12
Mabushi,4,12000000.0,Duplex,Terraced Duplex,"Mabushi, Abuja",2026-06-01 11:17:12
Life Camp,4,8000000.0,Duplex,Semi-Detached Duplex,"Life Camp, Abuja",2026-06-01 11:17:12
Lugbe,2,4000000.0,Duplex,Semi-Detached Duplex,"Nut Road, Opposite River Park, Sabon Lugbe, Lugbe District, Abuja",2026-06-01 11:17:12
Life Camp,5,25000000.0,Duplex,Terraced Duplex,"Life Camp, Abuja",2026-06-01 11:17:12
Life Camp,4,15000000.0,Duplex,Terraced Duplex,"Life Camp, Abuja",2026-06-01 11:17:12
Life Camp,9,32000000.0,House,House,"Life Camp, Abuja",2026-06-01 11:17:12
Kubwa,2,4000000.0,Apartment,Apartment,"FO1 Layout, Kubwa, Abuja",2026-06-01 11:17:12
Mabushi,4,12000000.0,Duplex,Terraced Duplex,"Cosgrove Axis, Mabushi, Abuja",2026-06-01 11:17:12
Maitama,4,30000000.0,Duplex,Terraced Duplex,"Maitama Ministers Hill, Maitama District, Abuja",2026-06-01 11:17:12
Gwarinpa,4,10000000.0,Duplex,Terraced Duplex,"Gwarinpa, Abuja",2026-06-01 11:17:12
Maitama,3,47965050.0,Duplex,Terraced Duplex,"Maitama District, Abuja",2026-06-01 11:17:12
Wuse,5,80000000.0,Duplex,Detached Duplex,"Wuse 2, Abuja",2026-06-01 11:17:12
Wuye,2,6500000.0,Apartment,Apartment,"Wuye, Abuja",2026-06-01 11:17:12
Wuye,4,20000000.0,House,House,"Wuye, Abuja",2026-06-01 11:17:26
Wuse,3,15000000.0,Apartment,Apartment,"Off Ademola Adetokunbo Crescent, Wuse 2, Abuja",2026-06-01 11:17:26
Durumi,3,9000000.0,Apartment,Apartment,"By American International School, Durumi, Abuja",2026-06-01 11:17:26
Jabi,3,35000000.0,Apartment,Apartment,"Main, Jabi, Abuja",2026-06-01 11:17:26
Gwarinpa,3,5000000.0,Apartment,Apartment,"News Engineering, Dawaki, Gwarinpa, Abuja",2026-06-01 11:17:26
Asokoro,3,30000000.0,Duplex,Terraced Duplex,"Asokoro District, Abuja",2026-06-01 11:17:26
Jabi,4,19000000.0,Duplex,Terraced Duplex,"Jabi, Abuja",2026-06-01 11:17:26
Wuye,5,25000000.0,Bungalow,Terraced Bungalow,"Wuye, Abuja",2026-06-01 11:17:26
Wuse,2,19000000.0,Apartment,Apartment,"By Nitel Junction, Wuse 2, Abuja",2026-06-01 11:17:26
Maitama,5,60000000.0,Duplex,Detached Duplex,"Maitama District, Abuja",2026-06-01 11:17:26
Life Camp,5,25000000.0,Duplex,Detached Duplex,"Around Godab, Life Camp, Abuja",2026-06-01 11:17:26
Maitama,6,150000000.0,Duplex,Detached Duplex,"Maitama Main, Maitama District, Abuja",2026-06-01 11:17:26
Guzape,4,15000000.0,Duplex,Terraced Duplex,"Guzape District, Abuja",2026-06-01 11:17:26
Mabushi,4,15000000.0,Duplex,Terraced Duplex,"Mabushi, Abuja",2026-06-01 11:17:26
Life Camp,3,7000000.0,Duplex,Terraced Duplex,"Life Camp, Abuja",2026-06-01 11:17:26
Jahi,4,15000000.0,Duplex,Semi-Detached Duplex,"Ameyo Adadevoh Way, Jahi, Abuja",2026-06-01 11:17:26
Guzape,5,55000000.0,Duplex,Semi-Detached Duplex,"Guzape Main, Guzape District, Abuja",2026-06-01 11:17:26
Maitama,1,6000000.0,Apartment,Apartment,"Maitama District, Abuja",2026-06-01 11:17:32
Guzape,3,12000000.0,Apartment,Apartment,"Guzape District, Abuja",2026-06-01 11:17:32
Guzape,4,40000000.0,Duplex,Semi-Detached Duplex,"Guzape District, Abuja",2026-06-01 11:17:32
Garki,4,12000000.0,Duplex,Terraced Duplex,"Area 3, Garki, Abuja",2026-06-01 11:17:33
Guzape,4,15000000.0,Duplex,Terraced Duplex,"By H Medix, Guzape District, Abuja",2026-06-01 11:17:33
Jahi,4,15000000.0,Duplex,Terraced Duplex,"Jahi, Abuja",2026-06-01 11:17:33
Guzape,4,15000000.0,Duplex,Terraced Duplex,"Guzape Main, Guzape District, Abuja",2026-06-01 11:17:33
Asokoro,6,40000000.0,Duplex,Terraced Duplex,"Asokoro District, Abuja",2026-06-01 11:17:33
Life Camp,3,10000000.0,Duplex,Terraced Duplex,"Life Camp, Abuja",2026-06-01 11:17:33
Maitama,5,30000000.0,Duplex,Detached Duplex,"Maitama District, Abuja",2026-06-01 11:17:33
Life Camp,5,25000000.0,Duplex,Semi-Detached Duplex,"Life Camp, Abuja",2026-06-01 11:17:33
Mabushi,4,12000000.0,Duplex,Terraced Duplex,"Mabushi, Abuja",2026-06-01 11:17:33
Asokoro,5,50000000.0,Duplex,Detached Duplex,"Asokoro District, Abuja",2026-06-01 11:17:33
Guzape,5,80000000.0,Duplex,Detached Duplex,"Guzape, Guzape District, Abuja",2026-06-01 11:17:33
Wuse,2,15000000.0,Apartment,Apartment,"Ademola Adetokunbo, Wuse 2, Abuja",2026-06-01 11:17:33
Kukwaba,5,35000000.0,Duplex,Detached Duplex,"City Gate By Games Village, Kukwaba, Abuja",2026-06-01 11:17:33
Jahi,4,15000000.0,Duplex,Terraced Duplex,"Jahi, Abuja",2026-06-01 11:17:33
Lugbe,2,2000000.0,Apartment,Apartment,"Old Redeemed Church Street, Off Andrew Ighelli Street, FHA (F.H.A), Lugbe District, Abuja",2026-06-01 11:17:33
Jahi,4,15000000.0,Duplex,Terraced Duplex,"By Gilmore, Jahi, Abuja",2026-06-01 11:17:33
Guzape,4,15000000.0,Apartment,Apartment,"Guzape District, Abuja",2026-06-01 11:17:33
Katampe,3,40000000.0,Duplex,Terraced Duplex,"Katampe Extension, Katampe, Abuja",2026-06-01 11:17:40
Life Camp,2,5500000.0,Apartment,Apartment,"Life Camp, Abuja",2026-06-01 11:17:40
Maitama,3,12000000.0,Apartment,Apartment,"Maitama District, Abuja",2026-06-01 11:17:40
Kaura,4,10000000.0,Duplex,Terraced Duplex,"Kaura, Abuja",2026-06-01 11:17:40
Durumi,3,9000000.0,Apartment,Apartment,"Durumi, Abuja",2026-06-01 11:17:40
Apo,2,10000000.0,Apartment,Apartment,"Apo Legislative Quarters, Apo, Abuja",2026-06-01 11:17:40
Gaduwa,4,9000000.0,Duplex,Terraced Duplex,"After The Catholic Church, Gaduwa, Abuja",2026-06-01 11:17:40
Wuse,3,47965050.0,Apartment,Apartment,"Wuse 2, Abuja",2026-06-01 11:17:40
Maitama,6,80000000.0,Duplex,Detached Duplex,"Maitama District, Abuja",2026-06-01 11:17:40
Katampe,5,20000000.0,Duplex,Semi-Detached Duplex,"Katampe, Abuja",2026-06-01 11:17:40
Guzape,5,45000000.0,Duplex,Terraced Duplex,"Guzape District, Abuja",2026-06-01 11:17:40
Wuse,4,20000000.0,Duplex,Terraced Duplex,"Wuse 2, Abuja",2026-06-01 11:17:40
Wuse,4,14000000.0,Duplex,Terraced Duplex,"Mobil Fillings Station Before Wuse 2, Mabushi, Abuja",2026-06-01 11:17:40
Kubwa,3,3500000.0,House,House,"Arab Road, Behind Dunamis Church, Kubwa, Abuja",2026-06-01 11:17:40
Gwarinpa,4,350000000.0,Duplex,Detached Duplex,"Work's & Housing Estate, Gwarinpa, Abuja",2026-06-01 11:17:40
Wuye,4,12000000.0,Duplex,Terraced Duplex,"Wuye Main(tarred Rd, Wuye, Abuja",2026-06-01 11:17:48
Lugbe,1,800000.0,Apartment,Self Contain,"Sauka New Site Estate, FHA (F.H.A), Lugbe District, Abuja",2026-06-01 11:17:48
Asokoro,5,65000000.0,Duplex,Detached Duplex,"Asokoro District, Abuja",2026-06-01 11:17:48
Wuse,96,300000000.0,Apartment,Apartment,"Wuse 2, Abuja",2026-06-01 11:17:48
Asokoro,3,50000000.0,Duplex,Terraced Duplex,"Off Linda Chalker Street, Asokoro District, Abuja",2026-06-01 11:17:48
Katampe,6,25000000.0,Duplex,Semi-Detached Duplex,"Katampe (Main), Katampe, Abuja",2026-06-01 11:17:48
Jahi,3,20000000.0,Apartment,Apartment,"Jahi, Abuja",2026-06-01 11:17:48
Gwarinpa,4,20000000.0,Duplex,Detached Duplex,"3rd Avenue, Gwarinpa, Abuja",2026-06-01 11:17:48
Katampe,6,20000000.0,House,House,"Katampe (Main), Katampe, Abuja",2026-06-01 11:17:48
Mabushi,4,15000000.0,Duplex,Terraced Duplex,"Mabushi, Abuja",2026-06-01 11:17:48
Mabushi,4,15000000.0,Duplex,Terraced Duplex,"Mabushi, Mabushi, Abuja",2026-06-01 11:17:48
Jahi,3,10000000.0,Apartment,Apartment,"Jahi, Abuja",2026-06-01 11:17:48
Asokoro,3,15000000.0,Apartment,Apartment,"Asokoro District, Abuja",2026-06-01 11:17:48
Gwarinpa,3,6000000.0,Apartment,Apartment,"News Engineering, Dawaki, Gwarinpa, Abuja",2026-06-01 11:17:48
Life Camp,4,10000000.0,Duplex,Semi-Detached Duplex,"Orchacho Estate, Life Camp, Abuja",2026-06-01 11:17:48
Katampe,4,20000000.0,Duplex,Terraced Duplex,"Diplomatic Zone., Katampe Extension, Katampe, Abuja",2026-06-01 11:17:48
Maitama,1,6000000.0,Apartment,Apartment,"Maitama District, Abuja",2026-06-01 11:17:55
Lugbe,3,10000000.0,Apartment,Apartment,"Off River Park Estate, Airport Road, Lugbe District, Abuja",2026-06-01 11:17:55
Maitama,4,30000000.0,Duplex,Terraced Duplex,"Off Ibb Way, Maitama District, Abuja",2026-06-01 11:17:55
Lokogoma,11,16000000.0,Duplex,Detached Duplex,"Lokogoma District, Abuja",2026-06-01 11:17:55
Katampe,6,25000000.0,Duplex,Terraced Duplex,"Diplomatic Zone, Katampe Extension, Katampe, Abuja",2026-06-01 11:17:55
Life Camp,1,12000000.0,Apartment,Mini Flat,"Behind Godab Estate, Life Camp, Abuja",2026-06-01 11:17:55
Life Camp,1,8000000.0,Apartment,Mini Flat,"Behind Godab Estate, Life Camp, Abuja",2026-06-01 11:17:55
Galadimawa,3,5500000.0,Apartment,Apartment,"Galadimawa, Abuja",2026-06-01 11:17:55
Maitama,3,20000000.0,Apartment,Apartment,"Maitama District, Abuja",2026-06-01 11:18:05
Jahi,3,60000000.0,Apartment,Apartment,"Gilmore, Jahi, Abuja",2026-06-01 11:18:05
Maitama,5,82225800.0,Duplex,Terraced Duplex,"Maitama District, Abuja",2026-06-01 11:18:05
Karmo,4,6500000.0,Duplex,Terraced Duplex,"Nyzamiye Hospital, Karmo, Abuja",2026-06-01 11:18:05
Lokogoma,2,95000000.0,House,House,"Lokogoma District, Abuja",2026-06-01 11:18:05
Kaura,2,7000000.0,Apartment,Apartment,"Games Village, Kaura, Abuja",2026-06-01 11:18:05
Jabi,5,95000000.0,Duplex,Terraced Duplex,"Jabi, Abuja",2026-06-01 11:18:05
Katampe,4,25000000.0,Duplex,Detached Duplex,"Diplomatic Zone, Katampe Extension, Katampe, Abuja",2026-06-01 11:18:05
Guzape,3,10000000.0,Apartment,Apartment,"Guzape District, Abuja",2026-06-01 11:18:05
Katampe,3,10000000.0,Apartment,Apartment,"Diplomatic Zone, Katampe Extension, Katampe, Abuja",2026-06-01 11:18:05
Katampe,4,15000000.0,Duplex,Terraced Duplex,"Katampe (Main), Katampe, Abuja",2026-06-01 11:18:05
Wuye,1,8000000.0,Apartment,Self Contain,"Wuye, Abuja",2026-06-01 11:18:05
Kado,3,18000000.0,Bungalow,Detached Bungalow,"Kado Estate, Kado, Abuja",2026-06-01 11:18:05
Maitama,1,30000000.0,Apartment,Mini Flat,"Maitama District, Abuja",2026-06-01 11:18:05
Lugbe,1,1600000.0,Apartment,Apartment,"Cluster, River Park Estate Airport Road, Lugbe District, Abuja",2026-06-01 11:18:05
Maitama,4,60000000.0,Duplex,Terraced Duplex,"Maitama District, Abuja",2026-06-01 11:18:05
Guzape,5,60000000.0,Duplex,Detached Duplex,"Guzape District, Abuja",2026-06-01 11:18:05
Asokoro,10,150000000.0,Duplex,Detached Duplex,"Asokoro District, Abuja",2026-06-01 11:18:05
Lugbe,2,4000000.0,Apartment,Apartment,"Close To Dunamis Church Headquarters, Lugbe District, Abuja",2026-06-01 11:18:05
Wuye,3,7000000.0,Apartment,Apartment,"Wuye, Abuja",2026-06-01 11:18:13
Katampe,3,10000000.0,Apartment,Apartment,"Katampe (Main), Katampe, Abuja",2026-06-01 11:18:13
Lugbe,2,7500000.0,Apartment,Apartment,"Jedo Estate Road, Lugbe District, Abuja",2026-06-01 11:18:13
Maitama,2,47965050.0,Apartment,Apartment,"Maitama District, Abuja",2026-06-01 11:18:13
Kubwa,1,4000000.0,Apartment,Mini Flat,"Brick City Estate, Kubwa, Abuja",2026-06-01 11:18:13
Wuye,2,20000000.0,Apartment,Apartment,"Wuye, Abuja",2026-06-01 11:18:13
Gwarinpa,4,15000000.0,Duplex,Semi-Detached Duplex,"Gwarinpa, Abuja",2026-06-01 11:18:13
Maitama,6,50000000.0,Duplex,Detached Duplex,"Maitama District, Abuja",2026-06-01 11:18:13
Katampe,5,35000000.0,Duplex,Semi-Detached Duplex,"Katampe Extension, Katampe, Abuja",2026-06-01 11:18:13
Jahi,3,15000000.0,Duplex,Terraced Duplex,"Jahi, Abuja",2026-06-01 11:18:13
Jahi,3,10000000.0,Apartment,Apartment,"Jahi, Abuja",2026-06-01 11:18:13
Jabi,4,35000000.0,Duplex,Semi-Detached Duplex,"Jabi, Abuja",2026-06-01 11:18:13
Wuye,1,12000000.0,Apartment,Mini Flat,"Wuye, Abuja",2026-06-01 11:18:13
Guzape,5,25000000.0,Duplex,Semi-Detached Duplex,"Guzape District, Abuja",2026-06-01 11:18:13
Durumi,2,4500000.0,Apartment,Apartment,"American International School, Durumi, Abuja",2026-06-01 11:18:13
Maitama,1,6000000.0,Apartment,Apartment,"Maitama District, Abuja",2026-06-01 11:18:19
Wuye,2,6500000.0,Apartment,Apartment,"Wuye, Abuja",2026-06-01 11:18:19
Durumi,2,3500000.0,Apartment,Apartment,"Area 1 Axis., Durumi, Abuja",2026-06-01 11:18:19
Maitama,4,30000000.0,Duplex,Detached Duplex,"Maitama District, Abuja",2026-06-01 11:18:19
Maitama,5,50000000.0,Duplex,Detached Duplex,"Maitama District, Abuja",2026-06-01 11:18:19
Jahi,5,20000000.0,Duplex,Terraced Duplex,"Jahi, Abuja",2026-06-01 11:18:19
Katampe,5,30000000.0,Duplex,Detached Duplex,"Katampe Extension, Katampe, Abuja",2026-06-01 11:18:19
Katampe,5,30000000.0,Duplex,Semi-Detached Duplex,"Katampe Extension, Katampe, Abuja",2026-06-01 11:18:19
Maitama,3,40000000.0,Apartment,Apartment,"Maitama District, Abuja",2026-06-01 11:18:19
Jahi,4,9000000.0,Duplex,Terraced Duplex,"Jahi, Abuja",2026-06-01 11:18:19
Guzape,5,25000000.0,Duplex,Detached Duplex,"Guzape District, Abuja",2026-06-01 11:18:19
Gaduwa,4,10000000.0,Duplex,Detached Duplex,"Gaduwa, Abuja",2026-06-01 11:18:19
Durumi,2,5000000.0,Apartment,Apartment,"Area 1 Axis, Durumi, Abuja",2026-06-01 11:18:19
Gwarinpa,5,15000000.0,Duplex,Terraced Duplex,"3rd Avenue, Gwarinpa, Abuja",2026-06-01 11:18:19
Life Camp,4,10000000.0,Duplex,Terraced Duplex,"Life Camp, Abuja",2026-06-01 11:18:19
Katampe,28,120000000.0,Apartment,Apartment,"Katampe Extension, Katampe, Abuja",2026-06-01 11:18:19
Gwarinpa,1,3000000.0,Apartment,Mini Flat,"News Engineering, Dawaki, Gwarinpa, Abuja",2026-06-01 11:18:19
Wuse,4,25000000.0,Duplex,Terraced Duplex,"Wuse 2, Abuja",2026-06-01 11:18:19
Jabi,5,20000000.0,Duplex,Terraced Duplex,"Jabi, Abuja",2026-06-01 11:18:19
Gwarinpa,4,20000000.0,Duplex,Detached Duplex,"Brains And Hammer Estate By Expressway, Dawaki, Gwarinpa, Abuja",2026-06-01 11:18:19
Katampe,3,8500000.0,Apartment,Apartment,"Katampe Extension, Katampe, Abuja",2026-06-01 11:18:19
Maitama,1,9000000.0,Apartment,Apartment,"Maitama District, Abuja",2026-06-01 11:18:26
Katampe,5,35000000.0,Duplex,Detached Duplex,"Katampe Extension, Katampe, Abuja",2026-06-01 11:18:26
Lugbe,2,5000000.0,Apartment,Apartment,"River Park Estate, Lugbe District, Abuja",2026-06-01 11:18:26
Maitama,4,180000000.0,House,House,"Maitama Main, Maitama District, Abuja",2026-06-01 11:18:26
Jahi,4,12000000.0,Duplex,Terraced Duplex,"Off Aduvie School, Jahi, Abuja",2026-06-01 11:18:26
Guzape,3,12000000.0,House,House,"Enl, Guzape District, Abuja",2026-06-01 11:18:26
Jabi,4,41112900.0,Duplex,Terraced Duplex,"Jabi, Abuja",2026-06-01 11:18:26
Utako,4,18000000.0,Duplex,Terraced Duplex,"Utako, Abuja",2026-06-01 11:18:26
Gwarinpa,3,4500000.0,Apartment,Apartment,"Modern Market, Dawaki, Gwarinpa, Abuja",2026-06-01 11:18:26
Utako,4,18000000.0,Duplex,Terraced Duplex,"Utako, Abuja",2026-06-01 11:18:26
Durumi,1,8000000.0,House,House,"Durumi, Abuja",2026-06-01 11:18:26
Gwarinpa,2,3500000.0,Apartment,Apartment,"News Engineering, Dawaki, Gwarinpa, Abuja",2026-06-01 11:18:26
Gwarinpa,1,2500000.0,Apartment,Apartment,"News Engineering, Dawaki, Gwarinpa, Abuja",2026-06-01 11:18:26
Asokoro,4,35000000.0,Duplex,Terraced Duplex,"Off Ty Danjuma, Asokoro District, Abuja",2026-06-01 11:18:26
Lugbe,2,5000000.0,Apartment,Apartment,"River Park, Lugbe District, Abuja",2026-06-01 11:18:26
Jahi,3,9000000.0,Apartment,Apartment,"Jahi, Abuja",2026-06-01 11:18:26
Gwarinpa,2,12000000.0,Apartment,Apartment,"Off 3rd Avenue, Gwarinpa, Abuja",2026-06-01 11:18:26
Gaduwa,4,15000000.0,Apartment,Apartment,"Off Oladipo Diya Way, Gaduwa, Abuja",2026-06-01 11:18:26
Maitama,1,6000000.0,Apartment,Apartment,"Maitama District, Abuja",2026-06-01 11:18:33
Jahi,3,9000000.0,Apartment,Apartment,"Gilmore, Jahi, Abuja",2026-06-01 11:18:33
Guzape,3,15000000.0,Duplex,Terraced Duplex,"Guzape Main, Guzape District, Abuja",2026-06-01 11:18:33
Durumi,3,5500000.0,Apartment,Apartment,"Area 1 Axis., Durumi, Abuja",2026-06-01 11:18:33
Wuye,2,6000000.0,Apartment,Apartment,"By Shafa, Wuye, Abuja",2026-06-01 11:18:33
Gwarinpa,1,2500000.0,Apartment,Self Contain,"3rd Avenue, Gwarinpa, Abuja",2026-06-01 11:18:33
Wuye,4,15000000.0,Duplex,Terraced Duplex,"By Shafa, Wuye, Abuja",2026-06-01 11:18:33
Mabushi,1,4000000.0,Apartment,Mini Flat,"Mabushi, Abuja",2026-06-01 11:18:33
Jahi,3,10000000.0,Apartment,Apartment,"Jahi, Abuja",2026-06-01 11:18:33
Jahi,2,5000000.0,Apartment,Apartment,"Jahi, Abuja",2026-06-01 11:18:33
Wuye,1,5000000.0,Apartment,Apartment,"By Zartech( Tarred Rd), Wuye, Abuja",2026-06-01 11:18:33
Jabi,4,35000000.0,Duplex,Terraced Duplex,"Jabi, Abuja",2026-06-01 11:18:33
Guzape,4,28000000.0,Duplex,Terraced Duplex,"Adamu Aliero Crescent, Guzape District, Abuja",2026-06-01 11:18:33
Guzape,3,12000000.0,House,House,"Guzape District, Abuja",2026-06-01 11:18:33
Gwarinpa,3,6000000.0,Bungalow,Detached Bungalow,"Efab Estate, Gwarinpa, Abuja",2026-06-01 11:18:33
Jahi,4,15000000.0,Duplex,Terraced Duplex,"Jahi, Abuja",2026-06-01 11:18:33
Jahi,3,9000000.0,Apartment,Apartment,"Jahi, Abuja",2026-06-01 11:18:33
Gwarinpa,4,20000000.0,Duplex,Detached Duplex,"1st Avenue, Gwarinpa, Abuja",2026-06-01 11:18:33
Jahi,3,25000000.0,Apartment,Apartment,"Jahi, Abuja",2026-06-01 11:18:33
Kado,3,12000000.0,Bungalow,Detached Bungalow,"Kado, Abuja",2026-06-01 11:18:41
Life Camp,3,12000000.0,Bungalow,Detached Bungalow,"Life Camp, Abuja, Life Camp, Abuja",2026-06-01 11:18:41
Maitama,6,150000000.0,House,House,"Maitama District, Abuja",2026-06-01 11:18:41
Jahi,4,18000000.0,Duplex,Semi-Detached Duplex,"Jahi, Abuja",2026-06-01 11:18:41
Maitama,5,60000000.0,Duplex,Semi-Detached Duplex,"Maitama District, Abuja",2026-06-01 11:18:41
Jahi,4,12000000.0,Duplex,Terraced Duplex,"Jahi, Abuja",2026-06-01 11:18:41
Maitama,3,55000000.0,Duplex,Terraced Duplex,"Maitama District, Abuja",2026-06-01 11:18:41
Mabushi,4,25000000.0,Duplex,Detached Duplex,"Mabushi, Abuja",2026-06-01 11:18:41
Jahi,3,10000000.0,Duplex,Terraced Duplex,"By Living Faith Church, Jahi, Abuja",2026-06-01 11:18:41
Jabi,2,6000000.0,Apartment,Apartment,"By Shoprite, Jabi, Abuja",2026-06-01 11:18:41
Wuye,2,13000000.0,Apartment,Apartment,"Main, Wuye, Abuja",2026-06-01 11:18:41
Asokoro,3,16000000.0,Duplex,Semi-Detached Duplex,"Naf Valley Estate, Asokoro District, Abuja",2026-06-01 11:18:41
Life Camp,2,6500000.0,Apartment,Apartment,"Life Camp, Life Camp, Abuja",2026-06-01 11:18:41
Guzape,4,20000000.0,Duplex,Terraced Duplex,"Tarred Road, Guzape District, Abuja",2026-06-01 11:18:41
Lokogoma,1,2500000.0,Apartment,Self Contain,"Lokogoma, Lokogoma District, Abuja",2026-06-01 11:18:41
Maitama,1,9000000.0,Apartment,Apartment,"Maitama District, Abuja",2026-06-01 11:18:47
Katampe,4,20000000.0,Duplex,Terraced Duplex,"Tarred Road, Katampe Extension, Katampe, Abuja",2026-06-01 11:18:47
Gwarinpa,1,2500000.0,Apartment,Mini Flat,"Gwarinpa, Abuja",2026-06-01 11:18:47
Jahi,3,18000000.0,Apartment,Apartment,"Gilmore, Jahi, Abuja",2026-06-01 11:18:47
Gwarinpa,3,6500000.0,Bungalow,Detached Bungalow,"Efab Queens Estate, Gwarinpa, Abuja",2026-06-01 11:18:47
Wuye,2,25000000.0,Apartment,Apartment,"Main, Wuye, Abuja",2026-06-01 11:18:47
Galadimawa,4,10000000.0,Bungalow,Detached Bungalow,"Close To The Roundabout, Galadimawa, Abuja",2026-06-01 11:18:47
Jabi,3,8000000.0,Apartment,Apartment,"Tarred Road, Jabi, Abuja",2026-06-01 11:18:47
Asokoro,4,18000000.0,Duplex,Semi-Detached Duplex,"Naf Valley Estate, Asokoro District, Abuja",2026-06-01 11:18:47
Karu,3,5500000.0,Apartment,Apartment,"Karu, Abuja",2026-06-01 11:18:47
Asokoro,6,7000000.0,Duplex,Detached Duplex,"Asokoro District, Abuja",2026-06-01 11:18:47
Asokoro,2,25000000.0,Apartment,Apartment,"Asokoro District, Abuja",2026-06-01 11:18:47
Jahi,1,1000000.0,Apartment,Self Contain,"Jahi, Abuja",2026-06-01 11:18:47
Jabi,4,25000000.0,Duplex,Semi-Detached Duplex,"Tarred Road, Jabi, Abuja",2026-06-01 11:18:47
Karu,2,3500000.0,House,House,"Karu, Abuja",2026-06-01 11:18:47
Kubwa,1,900000.0,Apartment,Mini Flat,"Millenia Quarters Byazhin, Kubwa, Abuja",2026-06-01 11:18:47
Guzape,5,15000000.0,Duplex,Terraced Duplex,"Tarred Road, Guzape District, Abuja",2026-06-01 11:18:47
Maitama,1,9000000.0,Apartment,Apartment,"Maitama District, Abuja",2026-06-01 11:18:54
Idu,3,6000000.0,Bungalow,Detached Bungalow,"Idu Inside An Estate, Idu Industrial, Abuja",2026-06-01 11:18:54
Lokogoma,1,2500000.0,House,House,"By Minfa Estate, Lokogoma District, Abuja",2026-06-01 11:18:54
Maitama,4,40000000.0,Duplex,Semi-Detached Duplex,"Maitama District, Abuja",2026-06-01 11:18:54
Wuse,5,40000000.0,Duplex,Terraced Duplex,"Wuse 2, Abuja",2026-06-01 11:18:54
Wuye,5,25000000.0,Duplex,Detached Duplex,"In An Estate, Wuye, Abuja",2026-06-01 11:18:54
Katampe,3,8000000.0,Apartment,Apartment,"Katampe District, Katampe, Abuja",2026-06-01 11:18:54
Gwarinpa,1,3500000.0,Apartment,Mini Flat,"3rd Avenue, Gwarinpa, Abuja",2026-06-01 11:18:54
Katampe,1,4500000.0,Apartment,Mini Flat,"Mini Estate, Katampe, Abuja",2026-06-01 11:18:54
Gwarinpa,2,5000000.0,Apartment,Apartment,"2nd Avenue, Gwarinpa, Abuja",2026-06-01 11:18:54
Gwarinpa,2,5200000.0,Apartment,Apartment,"3rd Avenue, Gwarinpa, Abuja",2026-06-01 11:18:54
Gwarinpa,4,13000000.0,Duplex,Terraced Duplex,"Main, Gwarinpa, Abuja",2026-06-01 11:18:54
Gwarinpa,1,3500000.0,Apartment,Self Contain,"4th Avenue, Gwarinpa, Abuja",2026-06-01 11:18:54
Gwarinpa,1,4000000.0,Apartment,Mini Flat,"3rd Avenue, Gwarinpa, Abuja",2026-06-01 11:18:54
Gwarinpa,4,10000000.0,Duplex,Terraced Duplex,"Main, Gwarinpa, Abuja",2026-06-01 11:18:54
Guzape,5,50000000.0,Duplex,Detached Duplex,"Guzape District, Abuja",2026-06-01 11:18:54
Kubwa,3,3700000.0,Apartment,Apartment,"F01 By Ark Garden, FO1 Layout, Kubwa, Abuja",2026-06-01 11:18:54
Kubwa,2,4500000.0,Apartment,Apartment,"Main F01, FO1 Layout, Kubwa, Abuja",2026-06-01 11:18:54
Katampe,6,60000000.0,Duplex,Detached Duplex,"Tarred Road, Katampe Extension, Katampe, Abuja",2026-06-01 11:18:54
Jahi,4,20000000.0,Duplex,Detached Duplex,"By Adeduvie, Jahi, Abuja",2026-06-01 11:19:01
Jahi,4,17000000.0,Duplex,Terraced Duplex,"By Gilmore, Jahi, Abuja",2026-06-01 11:19:01
Wuye,4,7000000.0,Apartment,Apartment,"Wuye, Abuja",2026-06-01 11:19:01
Jabi,4,30000000.0,Duplex,Terraced Duplex,"Jabi, Abuja",2026-06-01 11:19:01
Gudu,4,8000000.0,Duplex,Terraced Duplex,"Legislative Quarters, Gudu, Abuja",2026-06-01 11:19:01
Guzape,5,60000000.0,Duplex,Detached Duplex,"Main, Guzape District, Abuja",2026-06-01 11:19:01
Life Camp,1,1200000.0,Apartment,Self Contain,"Emirate Estate, Life Camp, Abuja",2026-06-01 11:19:01
Katampe,3,8000000.0,Apartment,Apartment,"Katampe Main, Abuja, Katampe, Abuja",2026-06-01 11:19:01
Maitama,1,2500000.0,Apartment,Mini Flat,"Gishiri Community Opposite Maitama, Katampe (Main), Katampe, Abuja",2026-06-01 11:19:01
Katampe,2,4500000.0,Apartment,Apartment,"Gishiri Community, Katampe (Main), Katampe, Abuja",2026-06-01 11:19:01
Life Camp,3,4500000.0,Apartment,Apartment,"In An Estate, Abuja, Life Camp, Abuja",2026-06-01 11:19:01
Maitama,6,90000000.0,Duplex,Detached Duplex,"Abuja, Maitama District, Abuja",2026-06-01 11:19:01
Lugbe,2,4000000.0,Bungalow,Detached Bungalow,"By Von, Lugbe District, Abuja",2026-06-01 11:19:01
Gwarinpa,3,8000000.0,Apartment,Apartment,"Gwarinpa, Abuja",2026-06-01 11:19:01
Wuye,2,7000000.0,Apartment,Apartment,"Wuye, Abuja",2026-06-01 11:19:01
Lokogoma,1,900000.0,Apartment,Self Contain,"By First Generation Estate, Lokogoma District, Abuja",2026-06-01 11:19:01
Guzape,6,35000000.0,Duplex,Detached Duplex,"Tarred Road, Guzape District, Abuja",2026-06-01 11:19:01
Life Camp,4,13000000.0,Duplex,Semi-Detached Duplex,"Life Camp, Abuja",2026-06-01 11:19:01
Life Camp,3,7000000.0,Duplex,Terraced Duplex,"Life Camp, Abuja",2026-06-01 11:19:01
Maitama,1,6000000.0,Apartment,Apartment,"Maitama District, Abuja",2026-06-01 11:19:07
Jahi,4,18000000.0,Duplex,Semi-Detached Duplex,"Jahi, Abuja",2026-06-01 11:19:07
Lugbe,1,2800000.0,Apartment,Mini Flat,"Von Axis, Lugbe District, Abuja",2026-06-01 11:19:07
Jahi,4,10000000.0,Duplex,Terraced Duplex,"Jahi, Abuja",2026-06-01 11:19:07
Lugbe,2,3000000.0,Bungalow,Detached Bungalow,"Trade More, Lugbe District, Abuja",2026-06-01 11:19:07
Guzape,4,30000000.0,Duplex,Terraced Duplex,"Main, Guzape District, Abuja",2026-06-01 11:19:07
Lugbe,2,3000000.0,Apartment,Apartment,"Von Axis, Lugbe District, Abuja",2026-06-01 11:19:07
Life Camp,3,6000000.0,Apartment,Apartment,"Lifecamp (before Stella Marris), Life Camp, Abuja",2026-06-01 11:19:07
Lokogoma,1,2500000.0,Apartment,Self Contain,"Lokogoma District, Abuja",2026-06-01 11:19:07
Gwarinpa,3,7000000.0,Apartment,Apartment,"Dawaki, Gwarinpa, Abuja",2026-06-01 11:19:07
Apo,4,10000000.0,Duplex,Semi-Detached Duplex,"Apo, Abuja",2026-06-01 11:19:07
Apo,4,10000000.0,Bungalow,Semi-detached Bungalow,"Apo, Abuja",2026-06-01 11:19:07
Asokoro,6,80000000.0,Duplex,Detached Duplex,"Asokoro District, Abuja",2026-06-01 11:19:07
Lugbe,4,5000000.0,Duplex,Detached Duplex,"Blessed And Precious Academy Fha Lugbe, FHA (F.H.A), Lugbe District, Abuja",2026-06-01 11:19:07
Jahi,4,18000000.0,Duplex,Terraced Duplex,"By Aduvie, Jahi, Abuja",2026-06-01 11:19:07
Idu,3,6000000.0,Apartment,Apartment,"Lifecamp Axis, Idu Industrial, Abuja",2026-06-01 11:19:07
Jahi,3,8000000.0,House,House,"Jahi, Abuja",2026-06-01 11:19:07
Jabi,3,15000000.0,Duplex,Terraced Duplex,"Jabi, Abuja",2026-06-01 11:19:07
Maitama,1,9000000.0,Apartment,Apartment,"Maitama District, Abuja",2026-06-01 11:19:14
Jabi,3,15000000.0,Duplex,Terraced Duplex,"Jabi, Abuja",2026-06-01 11:19:14
Wuse,3,300000000.0,Apartment,Apartment,"Wuse 2, Abuja",2026-06-01 11:19:14
Wuye,3,10000000.0,Apartment,Apartment,"Main, Wuye, Abuja",2026-06-01 11:19:14
Lokogoma,4,7500000.0,Duplex,Terraced Duplex,"Sunnyvale Road, Lokogoma District, Abuja",2026-06-01 11:19:14
Asokoro,6,45000000.0,Duplex,Detached Duplex,"Asokoro District, Abuja",2026-06-01 11:19:14
Gwarinpa,3,8500000.0,Duplex,Terraced Duplex,"Dawaki, Gwarinpa, Abuja",2026-06-01 11:19:14
Katampe,3,9000000.0,Apartment,Apartment,"Katampe (Main), Katampe, Abuja",2026-06-01 11:19:14
Wuse,3,15000000.0,Apartment,Apartment,"Main, Wuse 2, Abuja",2026-06-01 11:19:14
Jabi,4,10000000.0,Duplex,Terraced Duplex,"Airport Road, Jabi, Abuja",2026-06-01 11:19:14
Life Camp,2,4500000.0,Apartment,Apartment,"Ochacho Axis, Life Camp, Abuja",2026-06-01 11:19:14
Jabi,4,10000000.0,Duplex,Terraced Duplex,"Jabi Airport Road Axis, Jabi, Abuja",2026-06-01 11:19:14
Lugbe,4,3500000.0,Bungalow,Detached Bungalow,"FHA (F.H.A), Lugbe District, Abuja",2026-06-01 11:19:14
Maitama,3,17000000.0,House,House,"Maitama Main, Maitama District, Abuja",2026-06-01 11:19:14
Apo,4,13000000.0,Duplex,Terraced Duplex,"Apo, Abuja",2026-06-01 11:19:14
Mabushi,4,12000000.0,Apartment,Apartment,"Mabushi, Abuja",2026-06-01 11:19:14
Jahi,4,20000000.0,Duplex,Terraced Duplex,"Jahi, Abuja",2026-06-01 11:19:14
Jabi,3,15000000.0,Apartment,Apartment,"Jabi Abuja, Jabi, Abuja",2026-06-01 11:19:14
Asokoro,2,10000000.0,Apartment,Apartment,"Naf Valley Estate Asokoro, Asokoro District, Abuja",2026-06-01 11:19:14
Gwarinpa,1,1600000.0,Apartment,Self Contain,"2nd Avenue, Gwarinpa, Abuja",2026-06-01 11:19:14
Life Camp,1,6000000.0,Apartment,Self Contain,"D Block Bilaad Estate By Bali Island Lifecamp Kafe District Abuja, Life Camp, Abuja",2026-06-01 11:19:14
