District,Bedrooms,Price (Per Annum),Property Category,Property Type,Location,Scraped_At
Maitama,3.0,61669350,Apartment,Apartment,Maitama By Fruit Market Maitama Abuja,2026-06-01 11:33:21
Mabushi,4.0,20000000,Duplex,Terraced Duplex,Mabushi Abuja,2026-06-01 11:33:21
Life Camp,2.0,8500000,Apartment,Apartment,Nnpc Estate Life Camp Abuja,2026-06-01 11:33:21
Katampe,4.0,20000000,Duplex,Terraced Duplex,Katampe Extention Diplomatic Zone Katampe Extension Katampe Abuja,2026-06-01 11:33:21
Wuse,6.0,45000000,Duplex,Detached Duplex,Near Amigo Wuse 2 Abuja,2026-06-01 11:33:21
Katampe,4.0,20000000,Duplex,Terraced Duplex,"Katampe Extention Diplomatic Zone, Katampe Extension Katampe Abuja",2026-06-01 11:33:21
Guzape,4.0,15000000,Duplex,Terraced Duplex,Guzape Abuja,2026-06-01 11:33:21
Durumi,4.0,12000000,Duplex,Terraced Duplex,Durumi Abuja,2026-06-01 11:33:21
Durumi,4.0,15000000,Duplex,Terraced Duplex,"American International School, Durumi Abuja",2026-06-01 11:33:21
Kado,4.0,16000000,Duplex,Terraced Duplex,Kado Kado Abuja,2026-06-01 11:33:21
Life Camp,4.0,7500000,Duplex,Terraced Duplex,Life Camp Abuja,2026-06-01 11:33:21
Durumi,4.0,60000000,Duplex,Semi-Detached Duplex,Area 1 Durumi Abuja,2026-06-01 11:33:21
Life Camp,4.0,13000000,Duplex,Terraced Duplex,Life Camp Abuja,2026-06-01 11:33:21
Jahi,3.0,10000000,Apartment,Apartment,Jahi By Aduvie Jahi Abuja,2026-06-01 11:33:21
Gwarinpa,4.0,12000000,Duplex,Terraced Duplex,Gwarinpa Abuja,2026-06-01 11:33:21
Life Camp,4.0,14000000,Duplex,Semi-Detached Duplex,Life Camp Abuja,2026-06-01 11:33:21
Guzape,6.0,35000000,Duplex,Detached Duplex,Guzape Abuja,2026-06-01 11:33:21
Jahi,4.0,16000000,Duplex,Terraced Duplex,Gilmore Jahi Abuja,2026-06-01 11:33:21
Guzape,3.0,10000000,Apartment,Apartment,Guzape Abuja,2026-06-01 11:33:21
Jahi,4.0,15000000,Duplex,Terraced Duplex,Jahi Abuja,2026-06-01 11:33:21
Life Camp,1.0,1500000,Apartment,Self Contain,Life Camp Abuja,2026-06-01 11:33:21
Maitama,3.0,61669350,Apartment,Apartment,Maitama By Fruit Market Maitama Abuja,2026-06-01 11:33:31
Life Camp,4.0,9000000,Duplex,Terraced Duplex,Life Camp Abuja,2026-06-01 11:33:31
Wuye,5.0,25000000,Duplex,Terraced Duplex,Wuye Abuja,2026-06-01 11:33:31
Maitama,4.0,15000000,Apartment,Apartment,Maitama Abuja,2026-06-01 11:33:31
Guzape,4.0,15000000,Duplex,Terraced Duplex,Near Coza Guzape Abuja,2026-06-01 11:33:31
Jahi,3.0,72000000,Apartment,Apartment,Gilmore Jahi Abuja,2026-06-01 11:33:31
Life Camp,4.0,10000000,Duplex,Terraced Duplex,Life Camp Life Camp Abuja,2026-06-01 11:33:31
Katampe,6.0,25000000,Duplex,Terraced Duplex,"Katampe Extension, Katampe Abuja",2026-06-01 11:33:31
Jahi,5.0,20000000,Duplex,Terraced Duplex,Jahi Abuja,2026-06-01 11:33:31
Gaduwa,4.0,30000000,Duplex,Detached Duplex,"Close To Ncdc, Gaduwa Abuja",2026-06-01 11:33:31
Kaura,4.0,10000000,Duplex,Semi-Detached Duplex,"Kaura, Close To Galadimawa Kaura (games Village) Abuja",2026-06-01 11:33:31
Guzape,3.0,12000000,Apartment,Apartment,Near Coza Guzape Abuja,2026-06-01 11:33:31
Katampe,3.0,8500000,Apartment,Apartment,Katampe Main Abuja,2026-06-01 11:33:31
Kado,4.0,15000000,Duplex,Terraced Duplex,Kado Kado Abuja,2026-06-01 11:33:31
Kado,4.0,15000000,Duplex,Terraced Duplex,"Kado, Kado Abuja",2026-06-01 11:33:31
Katampe,4.0,16000000,Duplex,Terraced Duplex,(tarred Access Road) Katampe Main Abuja,2026-06-01 11:33:31
Life Camp,4.0,9500000,Duplex,Terraced Duplex,Life Camp Life Camp Abuja,2026-06-01 11:33:31
Maitama,4.0,50000000,Duplex,Terraced Duplex,Off Lake Chad Maitama Abuja,2026-06-01 11:33:31
Mabushi,4.0,12000000,Duplex,Terraced Duplex,Mabushi Main Mabushi Abuja,2026-06-01 11:33:31
Guzape,4.0,30000000,Duplex,Detached Duplex,Guzape Abuja,2026-06-01 11:33:41
Jahi,2.0,6500000,Apartment,Apartment,By Gilmore Jahi Abuja,2026-06-01 11:33:41
Apo,4.0,11000000,Duplex,Terraced Duplex,By Brains And Hammers Estate Apo Abuja,2026-06-01 11:33:41
Gwarinpa,3.0,7000000,Apartment,Apartment,"6th Avenue, Gwarinpa Abuja",2026-06-01 11:33:41
Gaduwa,4.0,10000000,Duplex,Terraced Duplex,Gaduwa Abuja,2026-06-01 11:33:41
Kado,4.0,20000000,Duplex,Terraced Duplex,Kado Abuja,2026-06-01 11:33:41
Wuse,3.0,20000000,Apartment,Apartment,Wuse 2 Abuja,2026-06-01 11:33:41
Gaduwa,4.0,10000000,Duplex,Terraced Duplex,Gaduwa Abuja,2026-06-01 11:33:41
Maitama,4.0,65000000,Duplex,Terraced Duplex,Maitama Abuja,2026-06-01 11:33:41
Katampe,4.0,25000000,Duplex,Terraced Duplex,Katampe Abuja,2026-06-01 11:33:41
Wuye,4.0,15000000,Duplex,Terraced Duplex,Wuye Abuja,2026-06-01 11:33:41
Guzape,4.0,17000000,Duplex,Terraced Duplex,Guzape Abuja,2026-06-01 11:33:41
Jahi,4.0,15000000,Duplex,Terraced Duplex,Jahi Abuja,2026-06-01 11:33:41
Wuye,4.0,10000000,Duplex,Terraced Duplex,Wuye Abuja,2026-06-01 11:33:41
Wuye,4.0,25000000,Apartment,Apartment,Wuye Abuja,2026-06-01 11:33:41
Maitama,4.0,25000000,Duplex,Terraced Duplex,Maitama Abuja,2026-06-01 11:33:41
Kado,4.0,10000000,Duplex,Terraced Duplex,Kado Abuja,2026-06-01 11:33:41
Mabushi,4.0,15000000,Duplex,Terraced Duplex,Mabushi Abuja,2026-06-01 11:33:41
Katampe,4.0,25000000,Duplex,Terraced Duplex,Katampe Extension Katampe Abuja,2026-06-01 11:33:41
Guzape,4.0,15000000,Duplex,Terraced Duplex,Guzape Abuja,2026-06-01 11:33:41
Gwarinpa,4.0,12000000,Duplex,Terraced Duplex,Gwarinpa Abuja,2026-06-01 11:33:41
Maitama,3.0,61669350,Apartment,Apartment,Maitama By Fruit Market Maitama Abuja,2026-06-01 11:33:47
Katampe,4.0,18000000,Duplex,Terraced Duplex,Katampe Extension Katampe Abuja,2026-06-01 11:33:47
Life Camp,4.0,13000000,Duplex,Terraced Duplex,Life Camp Abuja,2026-06-01 11:33:47
Katampe,4.0,20000000,Duplex,Detached Duplex,Katampe Abuja,2026-06-01 11:33:47
Katampe,4.0,18000000,Duplex,Detached Duplex,Katampe Extension Katampe Abuja,2026-06-01 11:33:47
Wuye,4.0,25000000,Duplex,Semi-Detached Duplex,Wuye Abuja,2026-06-01 11:33:47
Asokoro,4.0,15000000,Duplex,Terraced Duplex,Asokoro Abuja,2026-06-01 11:33:47
Kaura,4.0,12000000,Duplex,Terraced Duplex,"Games Village, Kaura (games Village) Abuja",2026-06-01 11:33:47
Durumi,4.0,10000000,Duplex,Semi-Detached Duplex,Durumi Durumi Abuja,2026-06-01 11:33:47
Mabushi,4.0,15000000,Duplex,Terraced Duplex,Mabushi Abuja,2026-06-01 11:33:47
Katampe,4.0,15000000,Duplex,Terraced Duplex,Katampe Katampe Abuja,2026-06-01 11:33:47
Jahi,3.0,8000000,Apartment,Apartment,Jahi Gilmore Jahi Abuja,2026-06-01 11:33:47
Life Camp,4.0,25000000,Duplex,Detached Duplex,Life Camp Abuja,2026-06-01 11:33:47
Maitama,4.0,25000000,Duplex,Terraced Duplex,Maitama Maitama Abuja,2026-06-01 11:33:47
Garki,4.0,15000000,Duplex,Terraced Duplex,Garki Garki 2 Abuja,2026-06-01 11:33:47
Katampe,4.0,16500000,Duplex,Terraced Duplex,Katampe Katampe Abuja,2026-06-01 11:33:47
Life Camp,4.0,15000000000,Duplex,Terraced Duplex,Life Camp Life Camp Abuja,2026-06-01 11:33:47
Maitama,4.0,75000000,Duplex,Detached Duplex,Maitama Maitama Abuja,2026-06-01 11:33:47
Jahi,4.0,15000000,Duplex,Terraced Duplex,Jahi Abuja,2026-06-01 11:33:47
Wuye,2.0,30000000,Apartment,Apartment,Wuye Abuja,2026-06-01 11:33:47
Guzape,4.0,30000000,Duplex,Detached Duplex,Guzape Abuja,2026-06-01 11:33:47
Maitama,3.0,61669350,Apartment,Apartment,Maitama By Fruit Market Maitama Abuja,2026-06-01 11:33:58
Gwarinpa,4.0,11000000,Duplex,Terraced Duplex,Gwarimpa Main Gwarinpa Abuja,2026-06-01 11:33:58
Jahi,3.0,9000000,Apartment,Apartment,Jahi Gilmore Jahi Abuja,2026-06-01 11:33:58
Idu,1.0,3500000,Apartment,Apartment,Idu By Nizamiya Hospt Idu Abuja,2026-06-01 11:33:58
Mabushi,4.0,13500000,Duplex,Terraced Duplex,Mabushi Abuja,2026-06-01 11:33:58
Mabushi,4.0,15000000,Duplex,Terraced Duplex,Mabushi Abuja,2026-06-01 11:33:58
Mabushi,4.0,12000000,Duplex,Terraced Duplex,Mabushi Abuja,2026-06-01 11:33:58
Jahi,4.0,13000000,Duplex,Terraced Duplex,Jahi By Gilmore Jahi Abuja,2026-06-01 11:33:58
Life Camp,3.0,5000000,Apartment,Apartment,Tarred Road Life Camp Life Camp Abuja,2026-06-01 11:33:58
Galadimawa,2.0,5500000,Apartment,Apartment,Galadimawa Galadimawa Abuja,2026-06-01 11:33:58
Idu,6.0,22000000,Duplex,Detached Duplex,Adjacent Nizamiye Hospital Idu Abuja,2026-06-01 11:33:58
Life Camp,1.0,2500000,Apartment,Apartment,Lifecamp Life Camp Abuja,2026-06-01 11:33:58
Lokogoma,4.0,7000000,Duplex,Detached Duplex,"Lokogoma Dakwo, Lokogoma, Abuja Lokogoma Abuja",2026-06-01 11:33:58
Katampe,3.0,7500000,Apartment,Apartment,Katampe Extension Katampe Abuja,2026-06-01 11:33:58
Wuye,4.0,7500000,Apartment,Apartment,Wuye Abuja Wuye Abuja,2026-06-01 11:33:58
Wuye,1.0,2500000,Apartment,Self Contain,Wuye Abuja,2026-06-01 11:33:58
Life Camp,6.0,12500000,Duplex,Detached Duplex,"Life Camp By Stella Maris School, Life Camp Abuja Life Camp Abuja",2026-06-01 11:33:58
Guzape,4.0,30000000,Duplex,Detached Duplex,Guzape Abuja,2026-06-01 11:34:05
Wuse,10.0,50000000,Duplex,Detached Duplex,"Wuse Zone,wuse, Abuja Wuse 1 Abuja",2026-06-01 11:34:05
Wuye,4.0,12000000,Duplex,Semi-Detached Duplex,Close To Wuye Utako Abuja,2026-06-01 11:34:05
Gwarinpa,6.0,30000000,Duplex,Detached Duplex,"6th Avenue, Gwarinpa Abuja",2026-06-01 11:34:05
Lugbe,2.0,1100000,Apartment,Apartment,"Federal Housing, Lugbe, Abuja Lugbe Abuja",2026-06-01 11:34:05
Life Camp,1.0,2500000,Apartment,Apartment,"Efab Estate, Life Camp, Abuja Life Camp Abuja",2026-06-01 11:34:05
Jahi,2.0,5000000,Apartment,Apartment,"Jahi, Abuja Jahi Abuja",2026-06-01 11:34:05
Jahi,2.0,2400000,Apartment,Apartment,"Jahi By Royal Court, Jahi, Abuja Jahi Abuja",2026-06-01 11:34:05
Guzape,3.0,6500000,Apartment,Apartment,"Guzape Main, Guzape, Abuja Guzape Abuja",2026-06-01 11:34:05
Life Camp,3.0,5500000,Apartment,Apartment,Life Camp By Berger Clinic Life Camp Abuja,2026-06-01 11:34:05
Wuye,2.0,4000000,Apartment,Apartment,"Wuye, Abuja Wuye Abuja",2026-06-01 11:34:05
Katampe,3.0,7000000,Apartment,Apartment,"Katampe Main, Katampe Abuja",2026-06-01 11:34:05
Durumi,2.0,3000000,Apartment,Apartment,"Durumi By Area1, Durumi Abuja Durumi Abuja",2026-06-01 11:34:05
Lokogoma,3.0,3500000,Apartment,Apartment,Lokogoma Abuja Lokogoma Abuja,2026-06-01 11:34:05
Maitama,3.0,61669350,Apartment,Apartment,Maitama By Fruit Market Maitama Abuja,2026-06-01 11:34:13
Wuye,3.0,8000000,Apartment,Apartment,"Wuye, Abuja Wuye Abuja",2026-06-01 11:34:13
Apo,2.0,4000000,Apartment,Apartment,"Zone E, Apo Resettlement, Apo, Abuja Apo Abuja",2026-06-01 11:34:13
Jahi,3.0,6500000,Apartment,Apartment,Jahi Abuja Jahi Abuja,2026-06-01 11:34:13
Jahi,3.0,8000000,Apartment,Apartment,"Jahi Main, Jahi, Abuja Jahi Abuja",2026-06-01 11:34:13
Mabushi,3.0,6000000,Apartment,Apartment,"Mabushi Close To Wuse2 By Banex, Mabushi, Abuja Mabushi Abuja",2026-06-01 11:34:13
Maitama,3.0,61669350,Apartment,Apartment,Maitama By Fruit Market Maitama Abuja,2026-06-01 11:34:13
Durumi,2.0,5000000,Apartment,Apartment,"Durumi By Area1, Durumi Abuja Durumi Abuja",2026-06-01 11:34:13
Jabi,3.0,15000000,Apartment,Apartment,"Jabi Main, Jabi, Abuja Jabi Abuja",2026-06-01 11:34:13
Life Camp,4.0,8000000,Duplex,Detached Duplex,"Cannan Estate, Life Camp, Abuja Life Camp Abuja",2026-06-01 11:34:13
Galadimawa,3.0,4500000,Bungalow,Detached Bungalow,"By Sunnyvale, Galadimawa Abuja",2026-06-01 11:34:13
Jabi,3.0,8000000,Apartment,Apartment,"Jabi, Abuja Jabi Abuja",2026-06-01 11:34:13
Life Camp,1.0,3600000,Apartment,Apartment,"Life Camp, Abuja Life Camp Abuja",2026-06-01 11:34:13
Guzape,4.0,30000000,Duplex,Detached Duplex,Guzape Abuja,2026-06-01 11:34:21
Wuye,2.0,10000000,Apartment,Apartment,Wuye Abuja,2026-06-01 11:34:21
Asokoro,1.0,40000000,Duplex,Detached Duplex,"Asokoro, Abuja Asokoro Abuja",2026-06-01 11:34:21
Katampe,5.0,25000000,Duplex,Detached Duplex,"Katampe Close To Maitama, Katampe, Abuja Katampe Abuja",2026-06-01 11:34:21
Gwarinpa,2.0,4000000,Apartment,Apartment,Gwarinpa Abuja,2026-06-01 11:34:21
Gaduwa,4.0,10500000,Duplex,Detached Duplex,"Gaduwa, Abuja Gaduwa Abuja",2026-06-01 11:34:21
Durumi,2.0,4500000,Apartment,Apartment,"Durumi By Area1, Durumi Abuja Durumi Abuja",2026-06-01 11:34:21
Lokogoma,1.0,2800000,Apartment,Apartment,"Peace Court Estate, Lokogoma, Abuja Lokogoma Abuja",2026-06-01 11:34:21
Garki,1.0,2500000,Apartment,Self Contain,"Area1, Garki, Abuja Garki 1 Abuja",2026-06-01 11:34:21
Jahi,3.0,7000000,Apartment,Apartment,Main Jahi Abuja,2026-06-01 11:34:21
Garki,2.0,5000000,Apartment,Apartment,"Garki Area11, Garki, Abuja Garki 1 Abuja",2026-06-01 11:34:21
Durumi,1.0,1500000,Apartment,Self Contain,"Durumi By Area1, Durumi Abuja Durumi Abuja",2026-06-01 11:34:21
Katampe,3.0,7000000,Apartment,Apartment,Main Katampe Abuja,2026-06-01 11:34:21
Lokogoma,1.0,1000000,Apartment,Self Contain,"Lokogoma By Wumba Road, Lokogoma, Abuja Lokogoma Abuja",2026-06-01 11:34:21
Jahi,2.0,7000000,Apartment,Apartment,"Gilmore, Jahi Abuja",2026-06-01 11:34:21
Guzape,4.0,30000000,Duplex,Detached Duplex,Guzape Abuja,2026-06-01 11:34:30
Lokogoma,1.0,1300000,Apartment,Self Contain,Lokogoma Abuja Lokogoma Abuja,2026-06-01 11:34:30
Asokoro,2.0,15000000,Apartment,Apartment,Asokoro Abuja Asokoro Abuja,2026-06-01 11:34:30
Jahi,2.0,10000000,Apartment,Apartment,"Jahi Gilmore, Jahi Abuja",2026-06-01 11:34:30
Lokogoma,2.0,2700000,Apartment,Apartment,Lokogoma Abuja,2026-06-01 11:34:30
Jahi,1.0,2000000,Apartment,Self Contain,"Jahi By Living Faith, Jahi, Abuja Jahi Abuja",2026-06-01 11:34:30
Garki,1.0,2500000,Apartment,Self Contain,Area 1 Garki 1 Abuja,2026-06-01 11:34:30
Maitama,4.0,30000000,Duplex,Terraced Duplex,Maitama Abuja,2026-06-01 11:34:30
Apo,1.0,1800000,Apartment,Self Contain,"Apo Resettlement, Apo, Abuja Apo Abuja",2026-06-01 11:34:30
Lokogoma,1.0,4000000,Bungalow,Detached Bungalow,"By Lokogoma Apo Express, Lokogoma, Abuja Lokogoma Abuja",2026-06-01 11:34:30
Wuye,1.0,2500000,Apartment,Self Contain,"Wuye, Abuja Wuye Abuja",2026-06-01 11:34:30
Utako,4.0,12000000,Duplex,Semi-Detached Duplex,"Utako By Wuye, Utako Abuja",2026-06-01 11:34:30
Guzape,4.0,20000000,Duplex,Terraced Duplex,Guzape Abuja,2026-06-01 11:34:30
Jabi,3.0,8000000,Apartment,Apartment,"Jabi Main, Jabi, Abuja Jabi Abuja",2026-06-01 11:34:30
Mabushi,3.0,8000000,Apartment,Apartment,"Mabushi, Abuja Mabushi Abuja",2026-06-01 11:34:30
Maitama,3.0,61669350,Apartment,Apartment,Maitama By Fruit Market Maitama Abuja,2026-06-01 11:34:39
Durumi,1.0,1500000,Apartment,Self Contain,"Durumi By Area1, Durumi Abuja Durumi Abuja",2026-06-01 11:34:39
Lokogoma,2.0,4000000,Apartment,Apartment,Lokogoma Abuja Lokogoma Abuja,2026-06-01 11:34:39
Life Camp,1.0,2500000,Apartment,Apartment,"Life Camp By Godab, Life Camp, Abuja Life Camp Abuja",2026-06-01 11:34:39
Katampe,3.0,7000000,Apartment,Apartment,"Katampe Main, Abuja, Lagos Katampe Abuja",2026-06-01 11:34:39
Wuse,5.0,15000099,Duplex,Detached Duplex,"Wuse 2, Abuja Wuse 2 Abuja",2026-06-01 11:34:39
Katampe,1.0,2500000,Apartment,Self Contain,Katampe Extension Katampe Abuja,2026-06-01 11:34:39
Utako,4.0,12000000,Duplex,Detached Duplex,"Utako By Wuye, Utako, Abuja Utako Abuja",2026-06-01 11:34:39
Jahi,3.0,12000000,Apartment,Apartment,"Gilmore, Jahi Abuja",2026-06-01 11:34:39
Gwarinpa,3.0,9000000,Apartment,Apartment,"Gwarinpa Extension, Gwarinpa Abuja",2026-06-01 11:34:39
Durumi,1.0,2000000,Apartment,Self Contain,"Area1 By Old Secretariats, Durumi Area1, Abuja Garki 1 Abuja",2026-06-01 11:34:39
Guzape,4.0,13000000,Duplex,Detached Duplex,Guzape Abuja Guzape Abuja,2026-06-01 11:34:39
Life Camp,3.0,4000000,Duplex,Detached Duplex,"Brains And Harmer City Estate, Life Camp, Abuja Life Camp Abuja",2026-06-01 11:34:39
Durumi,2.0,4000000,Apartment,Apartment,"Durumi By Area1, Durumi Abuja",2026-06-01 11:34:39
Maitama,4.0,30000000,Duplex,Detached Duplex,Maitama Abuja,2026-06-01 11:34:39
Wuse,1.0,1900000,Apartment,Self Contain,"Wuse Zone, Wuse 1 Abuja",2026-06-01 11:34:39
Maitama,3.0,61669350,Apartment,Apartment,Maitama By Fruit Market Maitama Abuja,2026-06-01 11:34:48
Lokogoma,1.0,1000000,Apartment,Self Contain,"Lokogoma By Wumba Road, Lokogoma, Abuja Lokogoma Abuja",2026-06-01 11:34:48
Durumi,4.0,5000000,Apartment,Apartment,By Area 1 Durumi Abuja,2026-06-01 11:34:48
Life Camp,1.0,2000000,Apartment,Apartment,"Life Camp, Abuja Life Camp Abuja",2026-06-01 11:34:48
Katampe,6.0,750000000,Duplex,Detached Duplex,"Katampe Ext Diplomatic Zone, Katampe Extension Katampe Abuja",2026-06-01 11:34:48
Life Camp,2.0,8500000,Apartment,Apartment,"By Stella Maris School, Life Camp Abuja",2026-06-01 11:34:48
Gudu,2.0,3500000,Apartment,Apartment,"Gudu, Abuja Apo Abuja",2026-06-01 11:34:48
Wuye,2.0,6000000,Apartment,Apartment,"Wuye Main, Wuye, Abuja Wuye Abuja",2026-06-01 11:34:48
Kubwa,2.0,7000000,Duplex,Semi-Detached Duplex,"F01, Kubwa Abuja",2026-06-01 11:34:48
Apo,4.0,13500000,Duplex,Detached Duplex,Cedar Crest Hospital Apo Dutse Abuja,2026-06-01 11:34:48
Apo,4.0,13500000,Duplex,Detached Duplex,Cedar Crest Hospital Apo Dutse Abuja,2026-06-01 11:34:48
Guzape,4.0,18000000,Duplex,Terraced Duplex,Guzape Abuja,2026-06-01 11:34:48
Wuse,5.0,50000000,Duplex,Detached Duplex,Wuse 2 Abuja,2026-06-01 11:34:48
Kubwa,2.0,3500000,Apartment,Apartment,"F01, Kubwa Abuja",2026-06-01 11:34:48
Kubwa,2.0,3500000,Apartment,Apartment,"Fo1, Kubwa Abuja",2026-06-01 11:34:48
Maitama,3.0,61669350,Apartment,Apartment,Maitama By Fruit Market Maitama Abuja,2026-06-01 11:34:55
Idu,3.0,6000000,Apartment,Apartment,Idu Abuja,2026-06-01 11:34:55
Guzape,3.0,10000000,Apartment,Apartment,Main Guzape Abuja,2026-06-01 11:34:55
Jabi,3.0,11000000,Duplex,Terraced Duplex,Main Jabi Abuja,2026-06-01 11:34:55
Kubwa,2.0,3000000,Apartment,Apartment,"Fo1, Kubwa Abuja",2026-06-01 11:34:55
Jahi,3.0,7500000,Apartment,Apartment,Main Jahi Abuja,2026-06-01 11:34:55
Guzape,5.0,35000000,Duplex,Detached Duplex,Guzape Guzape Abuja,2026-06-01 11:34:55
Garki,2.0,6000000,Apartment,Apartment,Garki 1 Abuja,2026-06-01 11:34:55
Mabushi,4.0,25000000,Duplex,Semi-Detached Duplex,Mabushi Abuja,2026-06-01 11:34:55
Kubwa,3.0,4000000,Duplex,Semi-Detached Duplex,"F14, Kubwa Abuja",2026-06-01 11:34:55
Idu,1.0,2500000,Apartment,Apartment,Idu Industrial (institution And Research) Abuja,2026-06-01 11:34:55
Galadimawa,1.0,1500000,Apartment,Self Contain,Galadimawa Roundabout Galadimawa Abuja,2026-06-01 11:34:55
Guzape,4.0,15000000,Duplex,Terraced Duplex,Guzape Guzape Abuja,2026-06-01 11:34:55
Garki,3.0,15000000,Apartment,Apartment,Garki 2 Abuja,2026-06-01 11:34:55
Life Camp,4.0,5500000,Duplex,Terraced Duplex,Life Camp Life Camp Abuja,2026-06-01 11:34:55
Guzape,3.0,15000000,Apartment,Apartment,Guzape Guzape Abuja,2026-06-01 11:34:55
Guzape,4.0,18000000,Duplex,Terraced Duplex,Guzape Abuja,2026-06-01 11:34:55
Jahi,3.0,11000000,Duplex,Terraced Duplex,Main Jahi Abuja,2026-06-01 11:34:55
Kubwa,2.0,3000000,Apartment,Apartment,F01 Kubwa Abuja,2026-06-01 11:34:55
Maitama,3.0,61669350,Apartment,Apartment,Maitama By Fruit Market Maitama Abuja,2026-06-01 11:35:03
Wuse,5.0,75000000,Duplex,Detached Duplex,Wuse 2 Abuja,2026-06-01 11:35:03
Gwarinpa,3.0,7000000,Bungalow,Detached Bungalow,Gwarinpa Abuja,2026-06-01 11:35:03
Garki,3.0,15000000,Apartment,Apartment,Garki 2 Abuja,2026-06-01 11:35:03
Kubwa,3.0,6500000,Duplex,Semi-Detached Duplex,"Fo1, Kubwa Abuja",2026-06-01 11:35:03
Guzape,4.0,13000000,Duplex,Terraced Duplex,Guzape Guzape Abuja,2026-06-01 11:35:03
Guzape,3.0,12000000,Apartment,Apartment,Guzape Abuja,2026-06-01 11:35:03
Mabushi,4.0,12000000,Apartment,Apartment,Mabushi Abuja,2026-06-01 11:35:03
Wuse,3.0,15000000,Apartment,Apartment,Wuse 2 Abuja,2026-06-01 11:35:03
Katampe,6.0,750000000,Duplex,Detached Duplex,"Katampe Ext Diplomatic Zone, Katampe Extension Katampe Abuja",2026-06-01 11:35:03
Jabi,3.0,12000000,Apartment,Apartment,Jabi Abuja,2026-06-01 11:35:03
Lokogoma,1.0,550000,Apartment,Self Contain,Behind Efab Estate Lokogoma Abuja,2026-06-01 11:35:03
Lokogoma,1.0,400000,Apartment,Self Contain,Near Megzy Hotel Lokogoma Abuja,2026-06-01 11:35:03
Idu,3.0,5000000,Apartment,Apartment,Idu Industrial (institution And Research) Abuja,2026-06-01 11:35:03
Garki,3.0,8500000,Apartment,Apartment,Garki 2 Abuja,2026-06-01 11:35:03
Guzape,4.0,17000000,Duplex,Terraced Duplex,Guzape Abuja,2026-06-01 11:35:03
Lugbe,4.0,4500000,Duplex,Detached Duplex,Von Lugbe Abuja,2026-06-01 11:35:03
Garki,3.0,7000000,Apartment,Apartment,Garki 2 Abuja,2026-06-01 11:35:03
Kubwa,2.0,3500000,Apartment,Apartment,"Fo1, Kubwa Abuja",2026-06-01 11:35:03
Maitama,3.0,61669350,Apartment,Apartment,Maitama By Fruit Market Maitama Abuja,2026-06-01 11:35:10
Kubwa,2.0,7000000,Duplex,Semi-Detached Duplex,F01 Kubwa Abuja,2026-06-01 11:35:10
Kubwa,2.0,2500000,Apartment,Apartment,"Fo1, Kubwa Abuja",2026-06-01 11:35:10
Galadimawa,1.0,1000000,Apartment,Self Contain,Behind Suncity Estate Galadimawa Abuja,2026-06-01 11:35:10
Kubwa,2.0,3500000,Apartment,Apartment,"Fo1, Kubwa Abuja",2026-06-01 11:35:10
Asokoro,4.0,20000000,Apartment,Apartment,Asokoro Abuja,2026-06-01 11:35:10
Wuse,3.0,13000000,Apartment,Apartment,Wuse 2 Abuja,2026-06-01 11:35:10
Mabushi,4.0,25000000,Duplex,Semi-Detached Duplex,Mabushi Abuja,2026-06-01 11:35:10
Idu,1.0,1500000,Apartment,Self Contain,Idu Industrial (institution And Research) Abuja,2026-06-01 11:35:10
Jahi,3.0,8000000,Apartment,Apartment,Gilmore Jahi Abuja,2026-06-01 11:35:10
Kubwa,4.0,5500000,Duplex,Terraced Duplex,Fo1 Kubwa Abuja,2026-06-01 11:35:10
Jabi,4.0,54817200,Apartment,Apartment,Jabi Abuja,2026-06-01 11:35:10
Kubwa,4.0,5500000,Duplex,Terraced Duplex,Fo1 Kubwa Abuja,2026-06-01 11:35:10
Katampe,4.0,16000000,Duplex,Terraced Duplex,Main Katampe Abuja,2026-06-01 11:35:10
Wuse,3.0,13000000,Apartment,Apartment,Wuse 2 Abuja,2026-06-01 11:35:10
Asokoro,3.0,25000000,Apartment,Apartment,Ask Drive Asokoro Abuja,2026-06-01 11:35:10
Jahi,1.0,2000000,Apartment,Self Contain,Ben Ayade Cresent Jahi Abuja,2026-06-01 11:35:10
Idu,3.0,6000000,Apartment,Apartment,Idu Industrial (institution And Research) Abuja,2026-06-01 11:35:10
Mabushi,4.0,12000000,Duplex,Terraced Duplex,Mabushi Abuja,2026-06-01 11:35:10
Guzape,4.0,20000000,Duplex,Terraced Duplex,Guzape Guzape Abuja,2026-06-01 11:35:10
Kubwa,2.0,3000000,Apartment,Apartment,"Fo1, Kubwa Abuja",2026-06-01 11:35:10
Guzape,4.0,30000000,Duplex,Detached Duplex,Guzape Abuja,2026-06-01 11:35:20
Kubwa,2.0,3500000,Apartment,Apartment,Fo1 Kubwa Abuja,2026-06-01 11:35:20
Guzape,4.0,15000000,Duplex,Terraced Duplex,Guzape Abuja,2026-06-01 11:35:20
Guzape,4.0,17000000,Duplex,Terraced Duplex,Guzape Guzape Abuja,2026-06-01 11:35:20
Lokogoma,1.0,600000,Apartment,Self Contain,Near Redeem Church Lokogoma Abuja,2026-06-01 11:35:20
Apo,4.0,10000000,Duplex,Detached Duplex,Cedar Crest Hospital Apo Dutse Abuja,2026-06-01 11:35:20
Kubwa,2.0,3500000,Apartment,Apartment,Fo1 Kubwa Abuja,2026-06-01 11:35:20
Kubwa,2.0,2500000,Apartment,Apartment,Kubwa Abuja,2026-06-01 11:35:20
Kubwa,3.0,4000000,Duplex,Semi-Detached Duplex,F14 Kubwa Abuja,2026-06-01 11:35:20
Jahi,3.0,9000000,Apartment,Apartment,Living Faith Jahi Katampe Main Abuja,2026-06-01 11:35:20
Katampe,7.0,70000000,Duplex,Detached Duplex,Katampe Extension Katampe Abuja,2026-06-01 11:35:20
Jahi,5.0,20000000,Duplex,Detached Duplex,Gilmore Jahi Abuja,2026-06-01 11:35:20
Maitama,3.0,61669350,Apartment,Apartment,Maitama By Fruit Market Maitama Abuja,2026-06-01 11:35:29
Garki,3.0,15000000,Apartment,Apartment,Garki 2 Abuja,2026-06-01 11:35:29
Kubwa,1.0,2500000,Apartment,Apartment,"Fo1, Kubwa Abuja",2026-06-01 11:35:29
Idu,1.0,2500000,Apartment,Self Contain,Idu Industrial (institution And Research) Abuja,2026-06-01 11:35:29
Jahi,2.0,6500000,Apartment,Apartment,"Gilmore, Jahi Abuja",2026-06-01 11:35:29
Asokoro,9.0,90000000,Duplex,Detached Duplex,Asokoro Asokoro Abuja,2026-06-01 11:35:29
Kubwa,2.0,3000000,Apartment,Apartment,"Fo1, Kubwa Abuja",2026-06-01 11:35:29
Wuse,5.0,75000000,Duplex,Detached Duplex,Wuse 2 Abuja,2026-06-01 11:35:29
Jahi,3.0,72000000,Apartment,Apartment,Jahi Abuja,2026-06-01 11:35:29
Life Camp,4.0,10000000,Duplex,Terraced Duplex,"Life Camp In A Secured And Serene Estate, Life Camp Abuja",2026-06-01 11:35:29
Jahi,4.0,15000000,Duplex,Detached Duplex,Jahi Gilmor Jahi Abuja,2026-06-01 11:35:29
Mabushi,4.0,12000000,Duplex,Terraced Duplex,By Vio Office Mabushi Abuja,2026-06-01 11:35:29
Life Camp,4.0,8500000000,Duplex,Terraced Duplex,Life Camp Life Camp Abuja,2026-06-01 11:35:29
Life Camp,4.0,8500000000,Duplex,Terraced Duplex,Life Camp Life Camp Abuja,2026-06-01 11:35:29
Jahi,2.0,6500000,Apartment,Apartment,Jahi Abuja,2026-06-01 11:35:29
Maitama,12.0,80000000,Duplex,Detached Duplex,Maitama Main Maitama Abuja,2026-06-01 11:35:29
Maitama,5.0,75000000,Duplex,Detached Duplex,Maitama District Abuja. Maitama Abuja,2026-06-01 11:35:29
Katampe,4.0,20000000,Duplex,Terraced Duplex,Diplomatic Zone. Katampe Extension Katampe Abuja,2026-06-01 11:35:29
Katampe,2.0,8000000,Apartment,Apartment,Katampe Extension Katampe Abuja,2026-06-01 11:35:29
Guzape,4.0,30000000,Duplex,Detached Duplex,Guzape Abuja,2026-06-01 11:35:43
Maitama,4.0,15000000,Duplex,Terraced Duplex,Maitama District Abuja. (video Of The House Is Attached) Mabushi Abuja,2026-06-01 11:35:43
Wuse,3.0,9000000,Apartment,Apartment,"Wuse, Zone 3, Abuja. Zone 3 Wuse 1 Abuja",2026-06-01 11:35:43
Guzape,4.0,13000000,Duplex,Terraced Duplex,Guzape Guzape Abuja,2026-06-01 11:35:43
Wuse,1.0,5000000,Apartment,Apartment,Wuse Zone Wuse 1 Abuja,2026-06-01 11:35:43
Guzape,2.0,9000000,Apartment,Apartment,Guzape Guzape Abuja,2026-06-01 11:35:43
Life Camp,2.0,7000000,Apartment,Apartment,"Lifecamp, Abuja Life Camp Abuja",2026-06-01 11:35:43
Jahi,4.0,15000000,Duplex,Terraced Duplex,Jahi Abuja,2026-06-01 11:35:43
Maitama,4.0,40000000,Duplex,Terraced Duplex,Maitama District Abuja. Maitama Abuja,2026-06-01 11:35:43
Maitama,5.0,50000000,Duplex,Detached Duplex,Maitama District Abuja. Maitama Abuja,2026-06-01 11:35:43
Gwarinpa,2.0,6000000,Duplex,Semi-Detached Duplex,4th Avenue Gwarinpa Abuja,2026-06-01 11:35:43
Jahi,2.0,7000000,Apartment,Apartment,"Jahi Gilmore, Abuja Jahi Abuja",2026-06-01 11:35:43
Utako,4.0,13000000,Duplex,Semi-Detached Duplex,Utako Abuja,2026-06-01 11:35:43
Life Camp,2.0,5000000,Apartment,Apartment,Life Camp Abuja,2026-06-01 11:35:43
Katampe,3.0,11000000,Apartment,Apartment,Katampe Main Abuja,2026-06-01 11:35:43
Wuye,2.0,6500000,Apartment,Apartment,Wuye Abuja,2026-06-01 11:35:43
Gwarinpa,3.0,6500000,Apartment,Apartment,Gwarinpa Extension Gwarinpa Abuja,2026-06-01 11:35:43
Maitama,3.0,9000000,Apartment,Apartment,"Close To Nicon Junction, Maitama Abuja. Katampe Main Abuja",2026-06-01 11:35:43
Asokoro,2.0,7000000,Duplex,Terraced Duplex,Naf Valley Estate Asokoro Asokoro Abuja,2026-06-01 11:35:43
Asokoro,2.0,5000000,Apartment,Apartment,Naf Valley Estate Asokoro Asokoro Abuja,2026-06-01 11:35:43
Lokogoma,3.0,7500000,Duplex,Semi-Detached Duplex,"Sun City Estate, Lokogoma District Abuja. Lokogoma Abuja",2026-06-01 11:35:43
Guzape,4.0,30000000,Duplex,Detached Duplex,Guzape Abuja,2026-06-01 11:35:53
Life Camp,1.0,4000000,Apartment,Apartment,"In An Estate Around Paradise 1 Lifecamp, Abuja Life Camp Abuja",2026-06-01 11:35:53
Garki,5.0,17000000,Duplex,Semi-Detached Duplex,Garki Area 11 Garki 2 Abuja,2026-06-01 11:35:53
Maitama,5.0,30000000,Duplex,Terraced Duplex,Maitama Abuja Maitama Abuja,2026-06-01 11:35:53
Asokoro,5.0,30000000,Duplex,Detached Duplex,Asokoro Asokoro Abuja,2026-06-01 11:35:53
Gwarinpa,2.0,4000000,Apartment,Apartment,62 Road Gwarinpa Abuja,2026-06-01 11:35:53
Gaduwa,4.0,6000000,Duplex,Semi-Detached Duplex,Gaduwa Abuja,2026-06-01 11:35:53
Maitama,3.0,35000,Apartment,Apartment,Maitama District Abuja. Maitama Abuja,2026-06-01 11:35:53
Life Camp,3.0,6500000,Apartment,Apartment,"Close To Stella Maris School Lifecamp, Abuja Life Camp Abuja",2026-06-01 11:35:53
Idu,3.0,5500000,Apartment,Apartment,Idu Abuja,2026-06-01 11:35:53
Katampe,6.0,750000000,Duplex,Detached Duplex,"Katampe Ext Diplomatic Zone, Katampe Extension Katampe Abuja",2026-06-01 11:35:53
Life Camp,3.0,3700000,Apartment,Apartment,Life Camp Abuja,2026-06-01 11:35:53
Apo,1.0,1500000,Apartment,Self Contain,Apo After Shoprite Heading To Apo Mechanic Apo Abuja,2026-06-01 11:35:53
Jahi,4.0,30000000,Duplex,Terraced Duplex,Jahi District Abuja (video Is Available On Request) Jahi Abuja,2026-06-01 11:35:53
Jahi,4.0,18000000,Duplex,Terraced Duplex,Gilmore Jahi Abuja,2026-06-01 11:35:53
Apo,2.0,3500000,Apartment,Apartment,Apo Resettlement Apo Resettlement Apo Abuja,2026-06-01 11:35:53
Life Camp,3.0,4000000,Apartment,Apartment,Brains And Hammers Life Camp Abuja,2026-06-01 11:35:53
Life Camp,4.0,9000000,Duplex,Terraced Duplex,"I'm An Estate Around Godab Lifecamp, Abuja Life Camp Abuja",2026-06-01 11:35:53
Guzape,3.0,6500000,Apartment,Apartment,Guzape Guzape Abuja,2026-06-01 11:35:53
Life Camp,4.0,10000000,Duplex,Detached Duplex,Life Camp Abuja,2026-06-01 11:35:53
Idu,3.0,6000000,Apartment,Apartment,"Idu Karmo Abuja, After Nizamiyel Hospital ( Turkish Hospital) Idu Abuja",2026-06-01 11:35:53
Guzape,4.0,30000000,Duplex,Detached Duplex,Guzape District Abuja (video Is Available) Guzape Abuja,2026-06-01 11:35:53
Guzape,4.0,30000000,Duplex,Detached Duplex,Guzape Abuja,2026-06-01 11:36:02
Wuse,5.0,25000000,Duplex,Terraced Duplex,Wuse District Abuja. Wuse 1 Abuja,2026-06-01 11:36:02
Kubwa,1.0,2500000,Bungalow,Detached Bungalow,Fo1 Kubwa Kubwa Abuja,2026-06-01 11:36:02
Guzape,4.0,12500000,Duplex,Terraced Duplex,Fha Guzape Guzape Abuja,2026-06-01 11:36:02
Asokoro,3.0,12000000,Duplex,Terraced Duplex,Asokoro Asokoro Abuja,2026-06-01 11:36:02
Guzape,2.0,6000000,Apartment,Apartment,Fha/enl Estate Guzape Abuja,2026-06-01 11:36:02
Maitama,4.0,25000000,Duplex,Terraced Duplex,Maitama Maitama Abuja,2026-06-01 11:36:02
Life Camp,3.0,5500000,Apartment,Apartment,Lifecamp Life Camp Abuja,2026-06-01 11:36:02
Jahi,2.0,8500000,Apartment,Apartment,"Jahi Gilmore, Abuja Jahi Abuja",2026-06-01 11:36:02
Gwarinpa,6.0,20000000,Duplex,Detached Duplex,69 Road Gwarinpa Abuja,2026-06-01 11:36:02
Gwarinpa,6.0,10000000,Duplex,Detached Duplex,Gwarimpa Extension Gwarinpa Abuja,2026-06-01 11:36:02
Jahi,3.0,10000000,Duplex,Terraced Duplex,Jahi District Abuja. Jahi Abuja,2026-06-01 11:36:02
Karsana,5.0,15000000,Duplex,Detached Duplex,Gwarimpa Extension Karsana Gwarinpa Abuja,2026-06-01 11:36:02
Life Camp,3.0,4000000,Apartment,Apartment,Life Camp Abuja,2026-06-01 11:36:02
Asokoro,3.0,15000000,Duplex,Terraced Duplex,Naf Valley Estate Asokoro Asokoro Abuja,2026-06-01 11:36:02
Kubwa,1.0,4500000,Apartment,Apartment,"Kubwa, Abuja Kubwa Abuja",2026-06-01 11:36:02
Gwarinpa,1.0,2500000,Apartment,Apartment,Gwarinpa Gwarinpa Abuja,2026-06-01 11:36:02
Life Camp,1.0,2800000,Apartment,Apartment,After Godab Lifecamp Life Camp Abuja,2026-06-01 11:36:02
Life Camp,4.0,11000000,Duplex,Terraced Duplex,Life Camp Abuja,2026-06-01 11:36:02
Maitama,3.0,61669350,Apartment,Apartment,Maitama By Fruit Market Maitama Abuja,2026-06-01 11:36:09
Life Camp,3.0,6000000,Apartment,Apartment,Lifecamp District Abuja Life Camp Abuja,2026-06-01 11:36:09
Maitama,2.0,30000,Apartment,Apartment,Maitama Abuja,2026-06-01 11:36:09
Gwarinpa,2.0,5000000,Apartment,Apartment,Dantata Estate Gwarinpa Abuja,2026-06-01 11:36:09
Life Camp,4.0,8000000,Duplex,Detached Duplex,"In An Estate Lifecamp, Abuja Life Camp Abuja",2026-06-01 11:36:09
Karsana,3.0,7500000,Duplex,Terraced Duplex,Gwarimpa Extension Karsana Abuja,2026-06-01 11:36:09
Apo,5.0,15000000,Duplex,Detached Duplex,Close To Cedarcrest Hospital Gude Apo Abuja,2026-06-01 11:36:09
Life Camp,2.0,7000000,Apartment,Apartment,"Lifecamp, Abuja Life Camp Abuja",2026-06-01 11:36:09
Gwarinpa,3.0,7000000,Bungalow,Detached Bungalow,"Gwarimpa Extension, Gwarinpa Abuja",2026-06-01 11:36:09
Gwarinpa,2.0,4000000,Apartment,Apartment,"62 Road, Gwarinpa Abuja",2026-06-01 11:36:09
Life Camp,3.0,8000000,Duplex,Terraced Duplex,Around Godab Life Camp Abuja,2026-06-01 11:36:09
Gwarinpa,1.0,1200000,Apartment,Self Contain,Gwarinpa Gwarinpa Abuja,2026-06-01 11:36:09
Gwarinpa,5.0,15000000,Duplex,Detached Duplex,Mab Global Estate Gwarinpa Abuja,2026-06-01 11:36:09
Guzape,4.0,14000000,Duplex,Terraced Duplex,Guzape Guzape Abuja,2026-06-01 11:36:09
Life Camp,4.0,25000000,Duplex,Detached Duplex,Bilard Estate Lifecamp Life Camp Abuja,2026-06-01 11:36:09
Guzape,2.0,9000000,Apartment,Apartment,Guzape Guzape Abuja,2026-06-01 11:36:09
Garki,2.0,6000000,Apartment,Apartment,Area 1 By Old Secretariat Garki 1 Abuja,2026-06-01 11:36:09
Guzape,4.0,30000000,Duplex,Terraced Duplex,Guzape Abuja Guzape Abuja,2026-06-01 11:36:09
Idu,4.0,10000000,Duplex,Detached Duplex,"Idu Karmo Abuja, After Nizamiyel Hospital ( Turkish Hospital) Idu Abuja",2026-06-01 11:36:09
Karsana,3.0,7500000,Duplex,Terraced Duplex,"Gwarimpa Extension, Karsana Abuja",2026-06-01 11:36:09
Maitama,6.0,100000000,Duplex,Detached Duplex,Maitama Main Maitama Abuja,2026-06-01 11:36:09
Maitama,3.0,61669350,Apartment,Apartment,Maitama By Fruit Market Maitama Abuja,2026-06-01 11:36:17
Maitama,4.0,100000000,Duplex,Detached Duplex,Maitama Main Maitama Abuja,2026-06-01 11:36:17
Life Camp,5.0,15000000,Duplex,Terraced Duplex,"Close To Beger Yard, Life Camp Abuja",2026-06-01 11:36:17
Life Camp,4.0,8000000,Duplex,Terraced Duplex,"Lifecamp Junction, Life Camp Abuja",2026-06-01 11:36:17
Asokoro,6.0,60000000,Duplex,Detached Duplex,Asokoro Asokoro Abuja,2026-06-01 11:36:17
Guzape,2.0,7000000,Apartment,Apartment,Guzape Guzape Abuja,2026-06-01 11:36:17
Guzape,3.0,6500000,Apartment,Apartment,Guzape Guzape Abuja,2026-06-01 11:36:17
Maitama,3.0,25000000,Apartment,Apartment,Maitama District Abuja. Maitama Abuja,2026-06-01 11:36:17
Life Camp,2.0,4000000,Apartment,Apartment,Lifecamp Close To Stella Maris Life Camp Abuja,2026-06-01 11:36:17
Jahi,2.0,6500000,Apartment,Apartment,Jahi District Abuja. Jahi Abuja,2026-06-01 11:36:17
Katampe,6.0,35000000,Duplex,Detached Duplex,Diplomatic Zone. Katampe Extension Katampe Abuja,2026-06-01 11:36:17
Jahi,2.0,8000000,Apartment,Apartment,"Jahi District, By Gilmore Construction. Jahi Abuja",2026-06-01 11:36:17
Maitama,5.0,75000000,Duplex,Detached Duplex,Maitama Maitama Abuja,2026-06-01 11:36:17
Jahi,3.0,12000000,Apartment,Apartment,"Jahi Gilmore, Abuja Jahi Abuja",2026-06-01 11:36:17
Gwarinpa,5.0,15000000,Bungalow,Detached Bungalow,"Off 3rd Avenue, Gwarinpa Abuja",2026-06-01 11:36:17
Katampe,3.0,8000000,Apartment,Apartment,With Good Road And Secured Environment. Katampe Main Abuja,2026-06-01 11:36:17
Apo,3.0,10000000,Duplex,Terraced Duplex,"Apo By Gudu Junction, Close To Cedarcrest Hospital. Apo Abuja",2026-06-01 11:36:17
Katampe,3.0,8000000,Apartment,Apartment,Katampe Main Katampe Main Abuja,2026-06-01 11:36:17
Galadimawa,6.0,10000000,Duplex,Detached Duplex,Estate Galadimawa Abuja,2026-06-01 11:36:17
Gwarinpa,2.0,4000000,Apartment,Apartment,3rd Avenue Gwarinpa Abuja,2026-06-01 11:36:17
Guzape,4.0,30000000,Duplex,Detached Duplex,Guzape Abuja,2026-06-01 11:36:25
Lokogoma,1.0,2500000,Apartment,Apartment,Sahara Estate Lokogoma Abuja,2026-06-01 11:36:25
Lokogoma,2.0,4000000,Apartment,Apartment,Estate Close To Lokogoma Junction Lokogoma Abuja,2026-06-01 11:36:25
Jahi,3.0,8000000,Apartment,Apartment,Jahi Abuja Jahi Abuja,2026-06-01 11:36:25
Jahi,3.0,7500000,Apartment,Apartment,Jahi District Abuja Jahi Abuja,2026-06-01 11:36:25
Katampe,4.0,16000000,Duplex,Terraced Duplex,Diplomatic Zone. Katampe Extension Katampe Abuja,2026-06-01 11:36:25
Jahi,3.0,12000000,Apartment,Apartment,"Jahi Gilmore, Abuja Jahi Abuja",2026-06-01 11:36:25
Idu,2.0,2500000,Apartment,Apartment,Mab Global Estate Idu Idu Abuja,2026-06-01 11:36:25
Life Camp,2.0,4500000,Apartment,Apartment,Close To Beger Yard Life Camp Abuja,2026-06-01 11:36:25
Garki,1.0,5500000,Apartment,Apartment,Area 11 Garki 2 Abuja,2026-06-01 11:36:25
Jahi,4.0,18000000,Duplex,Terraced Duplex,"Gilmore, Jahi Abuja",2026-06-01 11:36:25
Idu,4.0,8000000,Duplex,Terraced Duplex,"Idu Karmo Abuja, After Nizamiyel Hospital ( Turkish Hospital) Idu Abuja",2026-06-01 11:36:25
Jahi,2.0,8000000,Apartment,Apartment,Jahi Abuja,2026-06-01 11:36:25
Maitama,4.0,40000000,Duplex,Terraced Duplex,Maitama Maitama Abuja,2026-06-01 11:36:25
Katampe,3.0,9000000,Apartment,Apartment,Katampe Main Katampe Main Abuja,2026-06-01 11:36:25
Kado,5.0,20000000,Duplex,Detached Duplex,"Kado District, Abuja. Close To Next Cash & Carry. Kado Abuja",2026-06-01 11:36:25
Jahi,2.0,8000000,Apartment,Apartment,"Jahi District, Abuja. Jahi Abuja",2026-06-01 11:36:25
Gwarinpa,3.0,10000000,Apartment,Apartment,"Gwarinpa Main, Abuja Gwarinpa Abuja",2026-06-01 11:36:25
Katampe,4.0,23000000,Duplex,Terraced Duplex,"Diplomatic Zone, Katampe Extension Katampe Abuja",2026-06-01 11:36:25
Maitama,3.0,61669350,Apartment,Apartment,Maitama By Fruit Market Maitama Abuja,2026-06-01 11:36:34
Garki,1.0,3500000,Apartment,Apartment,Garki2 Garki 2 Abuja,2026-06-01 11:36:34
Life Camp,3.0,8000000,Apartment,Apartment,"Close To Stella Maris Lifecamp, Abuja Life Camp Abuja",2026-06-01 11:36:34
Maitama,5.0,25000000,Duplex,Detached Duplex,"Opposite Nicon Junction, Maitama. (video Is Available) Katampe Main Abuja",2026-06-01 11:36:34
Guzape,5.0,25000000,Duplex,Semi-Detached Duplex,Guzape Guzape Abuja,2026-06-01 11:36:34
Apo,4.0,10000000,Duplex,Terraced Duplex,Apo Legislative Quaters. ( Video Is Available) Apo Abuja,2026-06-01 11:36:34
Asokoro,5.0,60000000,Duplex,Detached Duplex,Asokoro District Abuja Asokoro Abuja,2026-06-01 11:36:34
Katampe,2.0,7000000,Apartment,Apartment,Diplomatic Zone. (video Of The Apartment Is Available) Katampe Extension Katampe Abuja,2026-06-01 11:36:34
Wuse,1.0,1800000,Apartment,Self Contain,Wuse Zone Wuse 2 Abuja,2026-06-01 11:36:34
Utako,1.0,1800000,Apartment,Self Contain,Utako Utako Abuja,2026-06-01 11:36:34
Maitama,3.0,17000000,Apartment,Apartment,Maitama District Abuja. (video Of The House Is Available) Maitama Abuja,2026-06-01 11:36:34
Garki,2.0,6000000,Apartment,Apartment,Area 11 Garki 1 Abuja,2026-06-01 11:36:34
Gwarinpa,5.0,15000000,Duplex,Detached Duplex,Gwarimpa Extension Gwarinpa Abuja,2026-06-01 11:36:34
Galadimawa,3.0,4000000,Bungalow,Detached Bungalow,"Estate,galadimawa Extension Tarred Road Galadimawa Abuja",2026-06-01 11:36:34
Kubwa,2.0,4500000,Apartment,Apartment,"Fo1, Kubwa Abuja",2026-06-01 11:36:34
Asokoro,1.0,3000000,Apartment,Apartment,Asokoro Main Asokoro Abuja,2026-06-01 11:36:34
Guzape,1.0,1500000,Apartment,Self Contain,Guzape Guzape Abuja,2026-06-01 11:36:34
Gwarinpa,3.0,10000000,Apartment,Apartment,"Gwarinpa Main, Abuja Gwarinpa Abuja",2026-06-01 11:36:34
Guzape,4.0,12000000,Duplex,Terraced Duplex,Guzape Guzape Abuja,2026-06-01 11:36:34
Maitama,3.0,61669350,Apartment,Apartment,Maitama By Fruit Market Maitama Abuja,2026-06-01 11:36:41
Guzape,4.0,15000000,Duplex,Terraced Duplex,Guzape Guzape Abuja,2026-06-01 11:36:41
Gwarinpa,2.0,6000000,Apartment,Apartment,Gwarinpa Gwarinpa Abuja,2026-06-01 11:36:41
Karmo,2.0,4500000,Apartment,Apartment,Associated Estate Karmo After Lifecamp Karmo Abuja,2026-06-01 11:36:41
Jahi,3.0,12000000,Duplex,Terraced Duplex,Jahi By Living Faith Jahi Abuja,2026-06-01 11:36:41
Jahi,3.0,10000000,Apartment,Apartment,Jahi Jahi Abuja,2026-06-01 11:36:41
Apo,5.0,17000000,Duplex,Semi-Detached Duplex,Apo Legislative Quaters. Apo Abuja,2026-06-01 11:36:41
Life Camp,4.0,6000000,Duplex,Terraced Duplex,Brains And Hammers Life Camp Abuja,2026-06-01 11:36:41
Gwarinpa,2.0,5000000,Apartment,Apartment,4th Avenue Gwarinpa Abuja,2026-06-01 11:36:41
Jahi,2.0,8500000,Apartment,Apartment,"Gilmore, Jahi Abuja",2026-06-01 11:36:41
Kubwa,4.0,6000000,Duplex,Semi-Detached Duplex,Kubwa Abuja,2026-06-01 11:36:41
Idu,3.0,4500000,Apartment,Apartment,Idu Abuja,2026-06-01 11:36:41
Lugbe,2.0,3500000,Apartment,Apartment,"Lugbe Dunimis Side, Lugbe Abuja",2026-06-01 11:36:41
Life Camp,1.0,3500000,Apartment,Apartment,Lifecamp Life Camp Abuja,2026-06-01 11:36:41
Life Camp,2.0,3200000,Apartment,Apartment,Life Camp Abuja,2026-06-01 11:36:41
Gwarinpa,3.0,7000000,Apartment,Apartment,"6th Avenue, Gwarinpa Abuja",2026-06-01 11:36:41
Galadimawa,4.0,8000000,Duplex,Terraced Duplex,Close To Galadimawa Round About Galadimawa Abuja,2026-06-01 11:36:41
Asokoro,3.0,8000000,Apartment,Apartment,Inside An Estate Asokoro Asokoro Abuja,2026-06-01 11:36:41
Asokoro,3.0,8000000,Apartment,Apartment,Asokoro Asokoro Abuja,2026-06-01 11:36:41
Guzape,4.0,30000000,Duplex,Detached Duplex,Guzape Abuja,2026-06-01 11:36:50
Asokoro,6.0,100000000,Duplex,Detached Duplex,Asokoro District Abuja Asokoro Abuja,2026-06-01 11:36:50
Asokoro,4.0,45000000,Duplex,Detached Duplex,Asokoro District Abuja. Asokoro Abuja,2026-06-01 11:36:50
Gwarinpa,5.0,15000000,Duplex,Semi-Detached Duplex,"Off 7th Avenue, Gwarinpa Abuja",2026-06-01 11:36:50
Idu,4.0,10000000,Duplex,Terraced Duplex,"Idu Karmo District, After Nizamiyel Hospital (turkish Hospital) Idu Abuja",2026-06-01 11:36:50
Life Camp,4.0,15000000,Duplex,Terraced Duplex,"After The Catholic Church, Lifecamp Abuja. Life Camp Abuja",2026-06-01 11:36:50
Maitama,3.0,25000000,Apartment,Apartment,"Aso Drive, Maitama Abuja Maitama Abuja",2026-06-01 11:36:50
Gwarinpa,4.0,15000000,Duplex,Detached Duplex,Main Gwarinpa Abuja,2026-06-01 11:36:50
Gwarinpa,4.0,12000000,Duplex,Semi-Detached Duplex,Off 3rd Avenue Gwarinpa Abuja,2026-06-01 11:36:50
Maitama,5.0,20000000,Duplex,Detached Duplex,Maitama District Abuja. Mabushi Abuja,2026-06-01 11:36:50
Katampe,3.0,9000000,Apartment,Apartment,By Aso Radio. ( Video Is Available) Katampe Main Abuja,2026-06-01 11:36:50
Gudu,3.0,7000000,Apartment,Apartment,After Gudu Junction. ( Video Is Available) Gudu Phase 2 Abuja,2026-06-01 11:36:50
Gwarinpa,2.0,5000000,Duplex,Terraced Duplex,Team 7 Gwarinpa Abuja,2026-06-01 11:36:50
Kado,4.0,13000000,Duplex,Semi-Detached Duplex,Kado Abuja,2026-06-01 11:36:50
Asokoro,2.0,7000000,Duplex,Terraced Duplex,Naf Estate Asokoro Abuja,2026-06-01 11:36:50
Garki,2.0,5000000,Apartment,Apartment,Garki Area 1 By Old Secretariat Garki 1 Abuja,2026-06-01 11:36:50
Gwarinpa,5.0,20000000,Duplex,Detached Duplex,Efab Metropolis Gwarinpa Abuja,2026-06-01 11:36:50
Gwarinpa,2.0,4000000,Apartment,Apartment,Gwarinpa Abuja,2026-06-01 11:36:50
Gwarinpa,3.0,6500000,Duplex,Terraced Duplex,Gwarimpa Extension Gwarinpa Abuja,2026-06-01 11:36:50
Gwarinpa,1.0,1350000,Apartment,Self Contain,Gwarinpa Gwarinpa Abuja,2026-06-01 11:36:50
Guzape,4.0,30000000,Duplex,Detached Duplex,Guzape Abuja,2026-06-01 11:36:57
Gwarinpa,1.0,1000000,Apartment,Self Contain,Gwarinpa Gwarinpa Abuja,2026-06-01 11:36:57
Galadimawa,2.0,4500000,Apartment,Apartment,Suncity Estate Galadimawa Abuja,2026-06-01 11:36:57
Jahi,3.0,15000000,Apartment,Apartment,Jahi Abuja,2026-06-01 11:36:57
Galadimawa,2.0,6000000,Apartment,Apartment,Brooklyn Estate By Amsco Galadimawa Abuja,2026-06-01 11:36:57
Galadimawa,2.0,5000000,Apartment,Apartment,"City Homes Estate, Galadimawa Abuja",2026-06-01 11:36:57
Asokoro,1.0,2000000,Apartment,Self Contain,Asokoro Abuja,2026-06-01 11:36:57
Lugbe,2.0,2500000,Apartment,Apartment,Lugbe By Zenith Bank Lugbe Abuja,2026-06-01 11:36:57
Life Camp,3.0,7000000,Apartment,Apartment,Life Camp Life Camp Abuja,2026-06-01 11:36:57
Life Camp,2.0,5000000,Apartment,Apartment,Life Camp Life Camp Abuja,2026-06-01 11:36:57
Kubwa,2.0,2500000,Apartment,Apartment,Ushafa After Dutse Kubwa Abuja,2026-06-01 11:36:57
Jabi,3.0,16000000,Apartment,Apartment,Jabi Main Jabi Abuja,2026-06-01 11:36:57
Garki,3.0,6500000,Apartment,Apartment,Garki Garki 1 Abuja,2026-06-01 11:36:57
Katampe,3.0,7500000,Apartment,Apartment,Katampe Main Tarred Road Katampe Main Abuja,2026-06-01 11:36:57
Gwarinpa,3.0,4500000,Apartment,Apartment,Dawaki Opposite Gwarinpa Gwarinpa Abuja,2026-06-01 11:36:57
Life Camp,2.0,5000000,Apartment,Apartment,Life Camp Life Camp Abuja,2026-06-01 11:36:57
Jahi,4.0,13500000,Apartment,Apartment,Jahi Abuja,2026-06-01 11:36:57
Katampe,2.0,23000000,Apartment,Apartment,Katampe Main Katampe Abuja,2026-06-01 11:36:57
Guzape,4.0,30000000,Duplex,Detached Duplex,Guzape Abuja,2026-06-01 11:37:05
Maitama,5.0,90000000,Duplex,Detached Duplex,Maitama Abuja,2026-06-01 11:37:05
Asokoro,4.0,30000000,Duplex,Detached Duplex,Asokoro Main Close To Catholic Church Asokoro Abuja,2026-06-01 11:37:05
Asokoro,5.0,50000000,Duplex,Detached Duplex,Asokoro Main Asokoro Abuja,2026-06-01 11:37:05
Jahi,4.0,13000000,Duplex,Terraced Duplex,Jahi By Gilmor Jahi Abuja,2026-06-01 11:37:05
Guzape,4.0,17000000,Duplex,Detached Duplex,Guzape Main By H Medix Guzape Abuja,2026-06-01 11:37:05
Guzape,4.0,20000000,Duplex,Detached Duplex,Guzape Main Guzape Abuja,2026-06-01 11:37:05
Jahi,3.0,20000000,Apartment,Apartment,Jahi Gilmor Jahi Abuja,2026-06-01 11:37:05
Asokoro,4.0,40000000,Duplex,Terraced Duplex,Asokoro Main Asokoro Abuja,2026-06-01 11:37:05
Guzape,4.0,15000000,Duplex,Terraced Duplex,Guzape Main Guzape Abuja,2026-06-01 11:37:05
Guzape,4.0,15000000,Duplex,Terraced Duplex,Guzape Main By Nnpc Guzape Abuja,2026-06-01 11:37:05
Kado,4.0,15000000,Duplex,Terraced Duplex,Kado Gwarimpa Kado Abuja,2026-06-01 11:37:05
Guzape,4.0,15000000,Duplex,Terraced Duplex,Guzape Main Behind Coza Guzape Abuja,2026-06-01 11:37:05
Durumi,4.0,13000000,Duplex,Detached Duplex,Durumi By American University Durumi Abuja,2026-06-01 11:37:05
Jabi,2.0,10000000,Apartment,Apartment,Jabi Lake Jabi Abuja,2026-06-01 11:37:05
Wuye,5.0,20000000,Duplex,Terraced Duplex,Wuye Abuja,2026-06-01 11:37:05
Jahi,4.0,18000000,Duplex,Terraced Duplex,Jahi Jahi Abuja,2026-06-01 11:37:05
Maitama,3.0,61669350,Apartment,Apartment,Maitama By Fruit Market Maitama Abuja,2026-06-01 11:37:12
Lokogoma,2.0,4500000,Apartment,Apartment,Lokogoma Abuja,2026-06-01 11:37:12
Durumi,6.0,25000000,Duplex,Semi-Detached Duplex,Durumi Abuja,2026-06-01 11:37:12
Lokogoma,2.0,10000000,Duplex,Terraced Duplex,Lokogoma Abuja,2026-06-01 11:37:12
Galadimawa,4.0,8500000,Duplex,Detached Duplex,Galadimawa Abuja,2026-06-01 11:37:12
Asokoro,5.0,20000000,Duplex,Semi-Detached Duplex,Asokoro Abuja,2026-06-01 11:37:12
Wuse,4.0,20000000,Duplex,Terraced Duplex,Wuse 1 Abuja,2026-06-01 11:37:12
Lugbe,1.0,1800000,Apartment,Apartment,Pyakasa Lugbe Lugbe Abuja,2026-06-01 11:37:12
Lugbe,3.0,3500000,Bungalow,Detached Bungalow,Trade More Estate Lugbe Abuja,2026-06-01 11:37:12
Lugbe,2.0,3500000,Apartment,Apartment,Aso Lugbe Lugbe Abuja,2026-06-01 11:37:12
Lugbe,2.0,2500000,Apartment,Apartment,Aco Estate Lugbe Lugbe Abuja,2026-06-01 11:37:12
Lugbe,2.0,3500000,Apartment,Apartment,Along Von Garden Estate Road Lugbe Abuja,2026-06-01 11:37:12
Lugbe,4.0,6500000,Duplex,Terraced Duplex,Along Von Garden Estate Road Lugbe Abuja,2026-06-01 11:37:12
Lugbe,4.0,7000000,Duplex,Detached Duplex,Airport Road Lugbe Abuja,2026-06-01 11:37:12
Lugbe,2.0,2700000,Apartment,Apartment,"Along Von Garden Estate Road, Lugbe Abuja",2026-06-01 11:37:12
Lugbe,2.0,2000000,Apartment,Apartment,Sauka New Site Estate Lugbe Abuja,2026-06-01 11:37:12
Lugbe,1.0,700000,Apartment,Self Contain,Fha Lugbe Lugbe Abuja,2026-06-01 11:37:12
Lugbe,1.0,600000,Apartment,Self Contain,Fha Extension Lugbe Abuja,2026-06-01 11:37:12
Lugbe,2.0,2500000,Apartment,Apartment,Fha Lugbe Abuja,2026-06-01 11:37:12
Lugbe,4.0,5500000,Duplex,Terraced Duplex,Lugbe Airport Road Lugbe Abuja,2026-06-01 11:37:12
Maitama,3.0,61669350,Apartment,Apartment,Maitama By Fruit Market Maitama Abuja,2026-06-01 11:37:20
Lugbe,3.0,6500000,Duplex,Terraced Duplex,Fha Lugbe Abuja,2026-06-01 11:37:20
Lugbe,2.0,4500000,Duplex,Semi-Detached Duplex,Along Von Garden Estate Road Lugbe Abuja,2026-06-01 11:37:20
Lugbe,2.0,3000000,Apartment,Apartment,Jedo Estate Road Lugbe Abuja,2026-06-01 11:37:20
Lugbe,4.0,7000000,Duplex,Detached Duplex,Jedo Area Lugbe Abuja,2026-06-01 11:37:20
Lugbe,1.0,1500000,Apartment,Apartment,Pyakasa Lugbe Lugbe Abuja,2026-06-01 11:37:20
Lugbe,3.0,3200000,Duplex,Terraced Duplex,Nut Axis Lugbe Abuja,2026-06-01 11:37:20
Lugbe,5.0,8500000,Duplex,Detached Duplex,Von Garden Estate Lugbe Abuja,2026-06-01 11:37:20
Lugbe,4.0,7000000,Duplex,Detached Duplex,Aso Lugbe Lugbe Abuja,2026-06-01 11:37:20
Lugbe,3.0,4000000,Duplex,Detached Duplex,Fortress Estate Lugbe Abuja,2026-06-01 11:37:20
Lugbe,2.0,2500000,Apartment,Apartment,Along Von Garden Estate Road Lugbe Abuja,2026-06-01 11:37:20
Lugbe,4.0,10000000,Duplex,Detached Duplex,River Park Estate Airport Road Lugbe Lugbe Abuja,2026-06-01 11:37:20
Lugbe,2.0,3500000,Apartment,Apartment,"Along Von Garden Estate Road, Lugbe Abuja",2026-06-01 11:37:20
Lugbe,4.0,9000000,Duplex,Semi-Detached Duplex,River Park Estate Lugbe Abuja,2026-06-01 11:37:20
Lugbe,2.0,3500000,Apartment,Apartment,Jedo Estate Road Lugbe Abuja,2026-06-01 11:37:20
Lugbe,2.0,4500000,Duplex,Terraced Duplex,Aso Estate Lugbe Abuja,2026-06-01 11:37:20
Lugbe,2.0,3000000,Apartment,Apartment,Along Von Garden Estate Road Lugbe Abuja,2026-06-01 11:37:20
Lugbe,3.0,4500000,Apartment,Apartment,Aso Estate Lugbe Lugbe Abuja,2026-06-01 11:37:20
Lugbe,2.0,2800000,Bungalow,Detached Bungalow,Pyakasa Lugbe Lugbe Abuja,2026-06-01 11:37:20
Lugbe,2.0,3000000,Apartment,Apartment,Lugbe Airport Road Lugbe Abuja,2026-06-01 11:37:20
Durumi,4.0,15000000,Duplex,Semi-Detached Duplex,Area 1 Durumi Hd Home Durumi Abuja,2026-06-01 11:37:20
Maitama,3.0,61669350,Apartment,Apartment,Maitama By Fruit Market Maitama Abuja,2026-06-01 11:37:34
Kubwa,3.0,3000000,Bungalow,Detached Bungalow,Yellow Mosque Mango Tree Arab Road Fo1 Layout Kubwa Abuja,2026-06-01 11:37:34
Garki,1.0,1500000,Apartment,Self Contain,Area 1 Garki 1 Abuja,2026-06-01 11:37:34
Garki,1.0,600000,Apartment,Self Contain,Street Area 1 Garki 1 Abuja,2026-06-01 11:37:34
Wuse,4.0,25000000,Duplex,Semi-Detached Duplex,Wuse 2 Abuja,2026-06-01 11:37:34
Wuse,4.0,25000000,Duplex,Terraced Duplex,Wuse 2 Abuja,2026-06-01 11:37:34
Galadimawa,3.0,6000000,Bungalow,Detached Bungalow,Galadimawa Abuja,2026-06-01 11:37:34
Guzape,4.0,17000000,Duplex,Terraced Duplex,Guzape Abuja,2026-06-01 11:37:34
Asokoro,2.0,89077950,Apartment,Apartment,Asokoro Abuja,2026-06-01 11:37:34
Jabi,3.0,15000000,Duplex,Terraced Duplex,Jabi Abuja,2026-06-01 11:37:34
Jabi,2.0,50705910,Apartment,Apartment,Jabi Abuja,2026-06-01 11:37:34
Apo,3.0,10000000,Duplex,Terraced Duplex,Apo Abuja,2026-06-01 11:37:34
Jabi,2.0,21926880,Apartment,Apartment,Jabi Abuja,2026-06-01 11:37:34
Guzape,5.0,15000000,Duplex,Detached Duplex,Guzape Abuja,2026-06-01 11:37:34
Guzape,4.0,30000000,Duplex,Detached Duplex,Guzape Abuja,2026-06-01 11:37:48
Kubwa,2.0,4500000,Apartment,Apartment,F01 Tarred Road Fo1 Layout Kubwa Abuja,2026-06-01 11:37:48
Katampe,2.0,4000000,Apartment,Apartment,By Aso Road Katampe Main Abuja,2026-06-01 11:37:48
Kubwa,2.0,3500000,Apartment,Apartment,F01 By Dunamis Church Dutse Kubwa Abuja,2026-06-01 11:37:48
Kubwa,2.0,2700000,Apartment,Apartment,F14 District Kubwa Abuja,2026-06-01 11:37:48
Kubwa,1.0,2200000,Apartment,Self Contain,Pension Board F01 Fo1 Layout Kubwa Abuja,2026-06-01 11:37:48
Kubwa,3.0,3000000,Bungalow,Detached Bungalow,Fcda Kubwa Abuja,2026-06-01 11:37:48
Kubwa,2.0,4500000,Duplex,Terraced Duplex,F14 District Close To Dantata Estate Kubwa Abuja,2026-06-01 11:37:48
Kubwa,3.0,3000000,Bungalow,Detached Bungalow,"Phase 2 Site 2, Foreign Affairs Quarters Kubwa Abuja",2026-06-01 11:37:48
Life Camp,2.0,5000000,Apartment,Apartment,"Lifecamp, Estate Life Camp Abuja",2026-06-01 11:37:48
Kubwa,2.0,3500000,Apartment,Apartment,F01 By Military Pension Board Kubwa Abuja,2026-06-01 11:37:48
Kubwa,1.0,1500000,Apartment,Self Contain,F14 District Kubwa Abuja,2026-06-01 11:37:48
Kubwa,2.0,4000000,Apartment,Apartment,F01 Fo1 Layout Kubwa Abuja,2026-06-01 11:37:48
Kubwa,3.0,3500000,Apartment,Apartment,Phase 4 Kubwa Abuja,2026-06-01 11:37:48
Idu,4.0,8000000,Duplex,Terraced Duplex,By Nizamiye Hospital Idu Abuja,2026-06-01 11:37:48
Life Camp,2.0,5000000,Apartment,Apartment,Estate Life Camp Abuja,2026-06-01 11:37:48
Kubwa,2.0,3500000,Apartment,Apartment,"Phase 4, District Centre/ Dunamis Estate Kubwa Abuja",2026-06-01 11:37:48
Kubwa,2.0,4500000,Duplex,Terraced Duplex,"Phase 4, F14 District Kubwa Abuja",2026-06-01 11:37:48
Maitama,3.0,61669350,Apartment,Apartment,Maitama By Fruit Market Maitama Abuja,2026-06-01 11:38:00
Asokoro,2.0,10000000,Apartment,Apartment,Asokoro Abuja,2026-06-01 11:38:00
Life Camp,4.0,25000000,Duplex,Semi-Detached Duplex,Life Camp Abuja,2026-06-01 11:38:00
Jahi,4.0,18000000,Duplex,Terraced Duplex,Jahi Abuja,2026-06-01 11:38:00
Guzape,4.0,15000000,Duplex,Terraced Duplex,Guzape Abuja,2026-06-01 11:38:00
Maitama,4.0,18500000,Duplex,Detached Duplex,Maitama Abuja,2026-06-01 11:38:00
Guzape,4.0,18000000,Duplex,Terraced Duplex,Guzape Abuja,2026-06-01 11:38:00
Guzape,4.0,19000000,Duplex,Terraced Duplex,Guzape Abuja,2026-06-01 11:38:00
Lugbe,3.0,7000000,Apartment,Apartment,River Park Estate Lugbe Abuja,2026-06-01 11:38:00
Jahi,4.0,10000000,Duplex,Terraced Duplex,Jahi Abuja,2026-06-01 11:38:00
Asokoro,4.0,25000000,Duplex,Terraced Duplex,Asokoro Abuja,2026-06-01 11:38:00
Jahi,4.0,18000000,Duplex,Terraced Duplex,Jahi Abuja,2026-06-01 11:38:00
Mabushi,4.0,15000000,Duplex,Terraced Duplex,Mabushi Abuja,2026-06-01 11:38:00
Guzape,4.0,30000000,Duplex,Detached Duplex,Guzape Abuja,2026-06-01 11:38:11
Guzape,4.0,15000000,Duplex,Terraced Duplex,Guzape Abuja,2026-06-01 11:38:11
Guzape,4.0,18000000,Duplex,Terraced Duplex,Guzape Abuja,2026-06-01 11:38:11
Jahi,4.0,15000000,Duplex,Terraced Duplex,Jahi Abuja,2026-06-01 11:38:11
Jahi,4.0,20000000,Duplex,Detached Duplex,"Gilmore, Jahi Abuja",2026-06-01 11:38:11
Gwarinpa,4.0,9000000,Duplex,Terraced Duplex,Gwarinpa Abuja,2026-06-01 11:38:11
Katampe,4.0,16500000,Duplex,Terraced Duplex,Katampe Extension Katampe Abuja,2026-06-01 11:38:11
Katampe,4.0,25000000,Duplex,Terraced Duplex,Katampe Extension Katampe Abuja,2026-06-01 11:38:11
Katampe,4.0,15000000,Duplex,Terraced Duplex,Katampe Extension Katampe Abuja,2026-06-01 11:38:11
Katampe,4.0,20000000,Duplex,Terraced Duplex,Katampe Extension Katampe Abuja,2026-06-01 11:38:11
Katampe,4.0,15000000,Duplex,Terraced Duplex,Katampe Extension Katampe Abuja,2026-06-01 11:38:11
Katampe,4.0,16500000,Duplex,Terraced Duplex,Katampe Extension Katampe Abuja,2026-06-01 11:38:11
Katampe,4.0,16500000,Duplex,Terraced Duplex,Katampe Extension Katampe Abuja,2026-06-01 11:38:11
Jahi,5.0,22000000,Duplex,Terraced Duplex,Jahi Gilmore Abuja Jahi Abuja,2026-06-01 11:38:11
Lugbe,4.0,10000000,Duplex,Semi-Detached Duplex,"River Park Estate Airport Road, Lugbe Abuja",2026-06-01 11:38:11
Gwarinpa,4.0,9000000,Duplex,Terraced Duplex,1st Avenue Gwarimpa By Dbb Plaza Gwarinpa Abuja,2026-06-01 11:38:11
Maitama,4.0,25000000,Duplex,Terraced Duplex,Maitama Abuja,2026-06-01 11:38:11
Mabushi,5.0,25000000,Duplex,Detached Duplex,Mabushi Abuja,2026-06-01 11:38:11
Katampe,4.0,20000000,Duplex,Terraced Duplex,Katampe Extension Katampe Abuja,2026-06-01 11:38:11
Lugbe,4.0,10000000,Duplex,Semi-Detached Duplex,"River Park Estate Airport Road, Lugbe Abuja",2026-06-01 11:38:11
Guzape,4.0,30000000,Duplex,Detached Duplex,Guzape Abuja,2026-06-01 11:38:25
Jahi,4.0,18000000,Duplex,Terraced Duplex,Jahi Abuja,2026-06-01 11:38:25
Asokoro,4.0,20000000,Duplex,Terraced Duplex,Asokoro Abuja,2026-06-01 11:38:25
Jahi,4.0,18000000,Duplex,Terraced Duplex,Jahi Abuja,2026-06-01 11:38:25
Katampe,4.0,20000000,Duplex,Terraced Duplex,Katampe Extension Katampe Abuja,2026-06-01 11:38:25
Jahi,4.0,20000000,Duplex,Terraced Duplex,Jahi Abuja,2026-06-01 11:38:25
Guzape,4.0,15000000,Duplex,Terraced Duplex,Guzape Abuja,2026-06-01 11:38:25
Jahi,4.0,15000000,Duplex,Terraced Duplex,Jahi Gilmore Jahi Abuja,2026-06-01 11:38:25
Galadimawa,3.0,6000000,Apartment,Apartment,Galadimawa Abuja,2026-06-01 11:38:25
Lugbe,4.0,10000000,Duplex,Semi-Detached Duplex,River Park Estate Abuja Lugbe Abuja,2026-06-01 11:38:25
Mabushi,4.0,15000000,Duplex,Terraced Duplex,Mabushi Abuja,2026-06-01 11:38:25
Asokoro,4.0,25000000,Duplex,Terraced Duplex,Asokoro Abuja,2026-06-01 11:38:25
Apo,3.0,10000000,Duplex,Terraced Duplex,Apo By Cedar Crest Hospital Apo Abuja,2026-06-01 11:38:25
Jahi,5.0,20000000,Duplex,Detached Duplex,Jahi Gilmore Abuja Jahi Abuja,2026-06-01 11:38:25
Jahi,5.0,20000000,Duplex,Terraced Duplex,Gilmore Jahi Abuja,2026-06-01 11:38:25
Lugbe,4.0,10000000,Duplex,Semi-Detached Duplex,"River Park Estate Airport Road, Lugbe Abuja",2026-06-01 11:38:25
Wuye,4.0,25000000,Duplex,Detached Duplex,Wuye Abuja,2026-06-01 11:38:25
Wuye,5.0,25000000,Duplex,Terraced Duplex,Wuye Main Wuye Abuja,2026-06-01 11:38:25
Mabushi,4.0,15000000,Duplex,Terraced Duplex,Mabushi Abuja,2026-06-01 11:38:25
Wuye,4.0,25000000,Duplex,Detached Duplex,Wuye Abuja,2026-06-01 11:38:25
Maitama,3.0,61669350,Apartment,Apartment,Maitama By Fruit Market Maitama Abuja,2026-06-01 11:38:34
Asokoro,4.0,20000000,Duplex,Terraced Duplex,Asokoro Abuja,2026-06-01 11:38:34
Asokoro,4.0,20000000,Duplex,Terraced Duplex,Asokoro Abuja,2026-06-01 11:38:34
Jahi,3.0,15000000,Apartment,Apartment,Jahi Abuja,2026-06-01 11:38:34
Lugbe,4.0,10000000,Duplex,Semi-Detached Duplex,"River Park Estate Airport Road, Lugbe Abuja",2026-06-01 11:38:34
Katampe,4.0,16500000,Duplex,Terraced Duplex,Katampe Extension Katampe Abuja,2026-06-01 11:38:34
Katampe,4.0,20000000,Duplex,Terraced Duplex,Katampe Extension Katampe Abuja,2026-06-01 11:38:34
Lugbe,5.0,12000000,Duplex,Detached Duplex,River Park Estate Abuja Lugbe Abuja,2026-06-01 11:38:34
Mabushi,4.0,15000000,Duplex,Terraced Duplex,Mabushi Abuja,2026-06-01 11:38:34
Guzape,4.0,15000000,Duplex,Terraced Duplex,Guzape Abuja,2026-06-01 11:38:34
Jahi,3.0,15000000,Duplex,Terraced Duplex,Jahi Gilmore Jahi Abuja,2026-06-01 11:38:34
Jahi,4.0,15000000,Duplex,Terraced Duplex,Jahi Abuja,2026-06-01 11:38:34
Jahi,4.0,18000000,Duplex,Terraced Duplex,Jahi Abuja,2026-06-01 11:38:34
Katampe,4.0,15000000,Duplex,Terraced Duplex,Katampe Extension Katampe Abuja,2026-06-01 11:38:34
Wuye,4.0,25000000,Duplex,Detached Duplex,Wuye Abuja,2026-06-01 11:38:34
Wuye,4.0,25000000,Duplex,Detached Duplex,Wuye Abuja,2026-06-01 11:38:34
Wuye,4.0,25000000,Duplex,Detached Duplex,Wuye Abuja,2026-06-01 11:38:34
Asokoro,4.0,25000000,Duplex,Terraced Duplex,Asokoro Abuja,2026-06-01 11:38:34
Katampe,4.0,15000000,Duplex,Terraced Duplex,Katampe Extension Katampe Abuja,2026-06-01 11:38:35
Guzape,4.0,15000000,Duplex,Terraced Duplex,Guzape Abuja,2026-06-01 11:38:35
Katampe,4.0,25000000,Duplex,Terraced Duplex,Katampe Extension Katampe Abuja,2026-06-01 11:38:35
Guzape,4.0,30000000,Duplex,Detached Duplex,Guzape Abuja,2026-06-01 11:38:43
Katampe,4.0,25000000,Duplex,Terraced Duplex,Katampe Extension Katampe Abuja,2026-06-01 11:38:43
Guzape,4.0,15000000,Duplex,Terraced Duplex,Guzape Abuja,2026-06-01 11:38:43
Jahi,4.0,18000000,Duplex,Terraced Duplex,Jahi Abuja,2026-06-01 11:38:43
Jahi,3.0,9000000,Apartment,Apartment,Jahi Gilmore Abuja Jahi Abuja,2026-06-01 11:38:43
Mabushi,4.0,15000000,Duplex,Terraced Duplex,Mabushi Abuja,2026-06-01 11:38:43
Mabushi,4.0,15000000,Duplex,Terraced Duplex,Mabushi Abuja,2026-06-01 11:38:43
Asokoro,4.0,25000000,Duplex,Terraced Duplex,Asokoro Abuja,2026-06-01 11:38:43
Mabushi,4.0,20000000,Duplex,Terraced Duplex,Mabushi Abuja,2026-06-01 11:38:43
Mabushi,4.0,15000000,Duplex,Terraced Duplex,Mabushi Abuja,2026-06-01 11:38:43
Guzape,4.0,40000000,Duplex,Terraced Duplex,Guzape Abuja,2026-06-01 11:38:43
Katampe,4.0,20000000,Duplex,Terraced Duplex,Katampe Extension Katampe Abuja,2026-06-01 11:38:43
Asokoro,4.0,25000000,Duplex,Terraced Duplex,Asokoro Abuja,2026-06-01 11:38:43
Lugbe,4.0,10000000,Duplex,Semi-Detached Duplex,"River Park Estate Airport Road, Lugbe Abuja",2026-06-01 11:38:43
Jahi,4.0,18000000,Duplex,Terraced Duplex,Jahi Abuja,2026-06-01 11:38:43
Asokoro,4.0,20000000,Duplex,Terraced Duplex,Asokoro Abuja,2026-06-01 11:38:43
Katampe,4.0,25000000,Duplex,Terraced Duplex,Katampe Extension Katampe Abuja,2026-06-01 11:38:43
Jahi,4.0,15000000,Duplex,Terraced Duplex,Jahi Gilmore Jahi Abuja,2026-06-01 11:38:43
Wuye,4.0,25000000,Duplex,Detached Duplex,Wuye Abuja,2026-06-01 11:38:43
Katampe,4.0,25000000,Duplex,Terraced Duplex,Katampe Extension Katampe Abuja,2026-06-01 11:38:43
Maitama,3.0,61669350,Apartment,Apartment,Maitama By Fruit Market Maitama Abuja,2026-06-01 11:38:52
Asokoro,4.0,25000000,Duplex,Terraced Duplex,Asokoro Abuja,2026-06-01 11:38:52
Katampe,4.0,15000000,Duplex,Terraced Duplex,Katampe Extension Katampe Abuja,2026-06-01 11:38:52
Katampe,4.0,16500000,Duplex,Terraced Duplex,Katampe Extension Katampe Abuja,2026-06-01 11:38:52
Katampe,4.0,25000000,Duplex,Terraced Duplex,Katampe Extension Katampe Abuja,2026-06-01 11:38:52
Jahi,4.0,13000000,Duplex,Terraced Duplex,Jahi Gilmore Jahi Abuja,2026-06-01 11:38:52
Jahi,3.0,13500000,Apartment,Apartment,Jahi Gilmore Jahi Abuja,2026-06-01 11:38:52
Guzape,4.0,20000000,Duplex,Terraced Duplex,Guzape Abuja,2026-06-01 11:38:52
Wuse,3.0,15000000,Apartment,Apartment,Wuse 2 Abuja,2026-06-01 11:38:52
Jahi,2.0,8000000,Apartment,Apartment,Jahi Gilmore Abuja Jahi Abuja,2026-06-01 11:38:52
Katampe,3.0,20000000,Apartment,Apartment,Katampe Extension Katampe Abuja,2026-06-01 11:38:52
Asokoro,4.0,20000000,Duplex,Terraced Duplex,Asokoro Abuja,2026-06-01 11:38:52
Jahi,2.0,18000000,Apartment,Apartment,Babatope Jahi Abuja,2026-06-01 11:38:52
Asokoro,2.0,14000000,Apartment,Apartment,Asokoro Main Asokoro Abuja,2026-06-01 11:38:52
Katampe,4.0,23000000,Duplex,Terraced Duplex,Katampe Extension. Katampe Extension Katampe Abuja,2026-06-01 11:38:52
Jahi,1.0,6500000,Apartment,Apartment,Jahi Gilmore Jahi Abuja,2026-06-01 11:38:52
Kado,4.0,25000000,Duplex,Semi-Detached Duplex,Kado Abuja,2026-06-01 11:38:52
Jahi,4.0,14000000,Duplex,Terraced Duplex,Jahi Abuja,2026-06-01 11:38:52
Jahi,4.0,15000000,Duplex,Terraced Duplex,Gilmore Jahi Abuja,2026-06-01 11:38:52
Guzape,4.0,30000000,Duplex,Detached Duplex,Guzape Abuja,2026-06-01 11:39:01
Katampe,4.0,12000000,Duplex,Terraced Duplex,Katampe Main Katampe Main Abuja,2026-06-01 11:39:01
Mabushi,4.0,17000000,Duplex,Terraced Duplex,Mabushi Mabushi Abuja,2026-06-01 11:39:01
Jahi,3.0,8000000,Apartment,Apartment,Jahi Jahi Abuja,2026-06-01 11:39:01
Katampe,4.0,15000000,Duplex,Terraced Duplex,Katampe Ext Katampe Extension Katampe Abuja,2026-06-01 11:39:01
Katampe,2.0,85000000,Apartment,Apartment,Katampe Main Katampe Main Abuja,2026-06-01 11:39:01
Jahi,3.0,12000000,Apartment,Apartment,Jahi Jahi Abuja,2026-06-01 11:39:01
Guzape,5.0,30000000,Duplex,Detached Duplex,Guzape Guzape Abuja,2026-06-01 11:39:01
Guzape,4.0,13000000,Duplex,Terraced Duplex,Guzape Guzape Abuja,2026-06-01 11:39:01
Guzape,3.0,15000000,Duplex,Terraced Duplex,Guzape Guzape Abuja,2026-06-01 11:39:01
Katampe,2.0,7000000,Apartment,Apartment,Katampe Extension Katampe Extension Katampe Abuja,2026-06-01 11:39:01
Katampe,4.0,10000000,Duplex,Terraced Duplex,Katampe Main Abuja,2026-06-01 11:39:01
Mabushi,4.0,12000000,Duplex,Terraced Duplex,Mabushi Abuja,2026-06-01 11:39:01
Lugbe,3.0,7000000,Apartment,Apartment,River Park Lugbe Abuja,2026-06-01 11:39:01
Katampe,1.0,5000000,Apartment,Apartment,Katampe Main Katampe Main Abuja,2026-06-01 11:39:01
Jahi,4.0,18000000,Duplex,Semi-Detached Duplex,Gilmore Jahi Abuja,2026-06-01 11:39:01
Jahi,4.0,16000000,Duplex,Terraced Duplex,Jahi Gilmore Jahi Abuja,2026-06-01 11:39:01
Guzape,4.0,30000000,Duplex,Detached Duplex,Guzape Abuja,2026-06-01 11:39:10
Lugbe,5.0,15000000,Apartment,Apartment,Lugbe Abuja,2026-06-01 11:39:10
Guzape,4.0,15000000,Apartment,Apartment,Guzape Abuja,2026-06-01 11:39:10
Asokoro,4.0,80000000,Duplex,Semi-Detached Duplex,Asokoro Abuja,2026-06-01 11:39:10
Guzape,4.0,15000000,Duplex,Terraced Duplex,Guzape Abuja,2026-06-01 11:39:10
Wuse,3.0,25000000,Duplex,Terraced Duplex,Off Ademola Adetokunbo. Crescent Wuse 2 Abuja,2026-06-01 11:39:10
Katampe,4.0,25000000,Duplex,Terraced Duplex,Katampe Extension Katampe Abuja,2026-06-01 11:39:10
Katampe,4.0,25000000,Duplex,Semi-Detached Duplex,Katampe Extension Katampe Abuja,2026-06-01 11:39:10
Mabushi,4.0,15000000,Duplex,Terraced Duplex,Mabushi Abuja,2026-06-01 11:39:10
Jahi,4.0,15000000,Duplex,Terraced Duplex,Jahi Abuja,2026-06-01 11:39:10
Guzape,4.0,13000000,Duplex,Terraced Duplex,Guzape Abuja,2026-06-01 11:39:10
Jahi,4.0,15000000,Duplex,Terraced Duplex,"Jahi Gilmore, Jahi Abuja",2026-06-01 11:39:10
Life Camp,4.0,15000000,Duplex,Terraced Duplex,Life Camp Life Camp Abuja,2026-06-01 11:39:10
Katampe,4.0,15000000,Duplex,Terraced Duplex,Katampe Extension Katampe Abuja,2026-06-01 11:39:10
Guzape,5.0,120000000,Duplex,Detached Duplex,Guzape Main After Urban Shelter Estate Guzape Abuja,2026-06-01 11:39:10
Guzape,5.0,40000000,Duplex,Detached Duplex,After Coza Church Guzape Abuja,2026-06-01 11:39:10
Jabi,3.0,15000000,Duplex,Detached Duplex,Jabi Main Jabi Abuja,2026-06-01 11:39:10
Utako,3.0,12000000,Apartment,Apartment,Utako Main Utako Abuja,2026-06-01 11:39:10
Guzape,4.0,30000000,Duplex,Detached Duplex,Guzape Abuja,2026-06-01 11:39:19
Gwarinpa,1.0,2000000,Apartment,Self Contain,69 Road Gwarinpa Abuja,2026-06-01 11:39:19
Guzape,6.0,40000000,Duplex,Detached Duplex,Guzape Abuja,2026-06-01 11:39:19
Lokogoma,3.0,5000000,Bungalow,Detached Bungalow,Lokogoma Abuja,2026-06-01 11:39:19
Asokoro,3.0,18000000,Duplex,Terraced Duplex,Naf Valley Estate Asokoro Abuja Asokoro Abuja,2026-06-01 11:39:19
Jahi,4.0,12000000,Duplex,Terraced Duplex,Jahi Abuja,2026-06-01 11:39:19
Mabushi,4.0,20000000,Duplex,Terraced Duplex,Not Far From Road Safety Office Mabushi Abuja,2026-06-01 11:39:19
Maitama,4.0,40000000,Duplex,Semi-Detached Duplex,In The Heart Of Maitama Maitama Abuja,2026-06-01 11:39:19
Wuse,5.0,40000000,Duplex,Terraced Duplex,Heart Of Wuse 2 Wuse 2 Abuja,2026-06-01 11:39:19
Mabushi,1.0,2000000,Apartment,Self Contain,Mabushi Mabushi Abuja,2026-06-01 11:39:19
Asokoro,4.0,100000000,Duplex,Detached Duplex,Asokoro Asokoro Abuja,2026-06-01 11:39:19
Life Camp,4.0,12000000,Duplex,Semi-Detached Duplex,Life Camp In An Estate Life Camp Abuja,2026-06-01 11:39:19
Garki,1.0,3500000,Apartment,Apartment,Garki 2 Garki 2 Abuja,2026-06-01 11:39:19
Gwarinpa,1.0,1500000,Apartment,Self Contain,Around 3rd Avenue Gwarinpa Abuja,2026-06-01 11:39:19
Jabi,3.0,8000000,Apartment,Apartment,Jabi Main Tarred Road Jabi Abuja,2026-06-01 11:39:19
Lugbe,2.0,3000000,Apartment,Apartment,Fha Lugbe Lugbe Abuja,2026-06-01 11:39:19
Lugbe,5.0,6500000,Duplex,Detached Duplex,Along Von Garden Estate Road Lugbe Abuja,2026-06-01 11:39:19
Maitama,3.0,61669350,Apartment,Apartment,Maitama By Fruit Market Maitama Abuja,2026-06-01 11:39:27
Lugbe,3.0,3500000,Bungalow,Detached Bungalow,Fha Lugbe Lugbe Abuja,2026-06-01 11:39:27
Lugbe,3.0,3500000,Bungalow,Detached Bungalow,Federal Housing Authority Fha Lugbe Lugbe Abuja,2026-06-01 11:39:27
Wuye,1.0,2500000,Apartment,Self Contain,Wuye Wuye Abuja,2026-06-01 11:39:27
Kaura,4.0,12500000,Duplex,Detached Duplex,Kaura (games Village) Abuja,2026-06-01 11:39:27
Maitama,5.0,60000000,Duplex,Detached Duplex,Maitama Abuja,2026-06-01 11:39:27
Guzape,4.0,15000000,Duplex,Terraced Duplex,Guzape Abuja,2026-06-01 11:39:27
Maitama,3.0,17000000,Apartment,Apartment,Maitama Abuja,2026-06-01 11:39:27
Maitama,5.0,50000000,Duplex,Semi-Detached Duplex,Maitama Maitama Abuja,2026-06-01 11:39:27
Garki,3.0,60000000,Apartment,Apartment,Garki2 Garki 2 Abuja,2026-06-01 11:39:27
Asokoro,1.0,6000000,Apartment,Apartment,Naf Valley Estate Asokoro Asokoro Abuja,2026-06-01 11:39:27
Garki,3.0,13000000,Apartment,Apartment,Area 11 Garki 2 Abuja,2026-06-01 11:39:27
Gwarinpa,1.0,1500000,Apartment,Self Contain,Gwarinpa Abuja,2026-06-01 11:39:27
Mabushi,1.0,1500000,Apartment,Self Contain,"Mabushi, Abuja Mabushi Abuja",2026-06-01 11:39:27
Durumi,2.0,4000000,Apartment,Apartment,"Durumi By America International School, Durumi, Abuja Durumi Abuja",2026-06-01 11:39:27
Wuye,1.0,2500000,Apartment,Self Contain,"Wuye, Abuja Wuye Abuja",2026-06-01 11:39:27
Katampe,3.0,7000000,Apartment,Apartment,"Katampe Extension, Abuja Katampe Abuja",2026-06-01 11:39:27
Galadimawa,4.0,9000000,Duplex,Detached Duplex,Galadimawa Abuja,2026-06-01 11:39:27
Durumi,4.0,12000000,Duplex,Terraced Duplex,Durumi Abuja,2026-06-01 11:39:27
Guzape,4.0,30000000,Duplex,Detached Duplex,Guzape Abuja,2026-06-01 11:39:37
Durumi,4.0,12000000,Duplex,Terraced Duplex,Durumi Abuja,2026-06-01 11:39:37
Gwarinpa,4.0,12000000,Duplex,Detached Duplex,"4th Avenue, Gwarinpa, Abuja Gwarinpa Abuja",2026-06-01 11:39:37
Life Camp,4.0,25000000,Duplex,Detached Duplex,"Life Camp By Stella Maris School, Life Camp Abuja",2026-06-01 11:39:37
Life Camp,4.0,25000000,Duplex,Terraced Duplex,"Life Camp By Stella Maris School, Life Camp Abuja",2026-06-01 11:39:37
Maitama,4.0,25000000,Duplex,Detached Duplex,Maitama Abuja,2026-06-01 11:39:37
Life Camp,4.0,8500000,Duplex,Detached Duplex,"Life Camp By Godab, Life Camp, Abuja Life Camp Abuja",2026-06-01 11:39:37
Apo,4.0,8000000,Duplex,Semi-Detached Duplex,"By Copa Cabana, Apo Lokogoma Express, Apo Abuja",2026-06-01 11:39:37
Life Camp,4.0,7000000,Duplex,Detached Duplex,Brains And Harmer City Estate Life Camp Abuja,2026-06-01 11:39:37
Jahi,3.0,6500000,Apartment,Apartment,Jahi Abuja,2026-06-01 11:39:37
Jabi,4.0,10000000,Duplex,Detached Duplex,"Jabi Airport Road, Jabi, Abuja Jabi Abuja",2026-06-01 11:39:37
Guzape,4.0,15000000,Duplex,Terraced Duplex,Guzape Abuja,2026-06-01 11:39:37
Galadimawa,4.0,6000000,Duplex,Detached Duplex,Galadimawa Abuja,2026-06-01 11:39:37
Durumi,4.0,12000000,Duplex,Terraced Duplex,Durumi Abuja,2026-06-01 11:39:37
Apo,4.0,7000000,Duplex,Detached Duplex,Apo Abuja,2026-06-01 11:39:37
Apo,4.0,14000000,Duplex,Detached Duplex,"Apo Legislative Quarters, Apo Abuja",2026-06-01 11:39:37
Life Camp,4.0,5000000,Duplex,Detached Duplex,"Brains And Harmer City Estate, Life Camp, Abuja Life Camp Abuja",2026-06-01 11:39:37
Jabi,4.0,15000000,Duplex,Semi-Detached Duplex,"Jabi Main, Jabi Abuja",2026-06-01 11:39:37
Wuse,4.0,25000000,Duplex,Detached Duplex,"Wuse Zone, Wuse, Abuja Wuse 1 Abuja",2026-06-01 11:39:37
Maitama,3.0,61669350,Apartment,Apartment,Maitama By Fruit Market Maitama Abuja,2026-06-01 11:39:47
Life Camp,2.0,8000000,Apartment,Apartment,"Life Camp By Stella Maris School, Life Camp Abuja",2026-06-01 11:39:47
Jabi,4.0,9000000,Duplex,Detached Duplex,"Jabi Airport Road, Jabi, Abuja Jabi Abuja",2026-06-01 11:39:47
Lokogoma,4.0,5000000,Duplex,Detached Duplex,"By Lokogoma Express, Lokogoma Abuja",2026-06-01 11:39:47
Durumi,4.0,12000000,Duplex,Terraced Duplex,Durumi Abuja,2026-06-01 11:39:47
Katampe,3.0,48000000,Apartment,Apartment,"Katampe By Maitama, Katampe Abuja",2026-06-01 11:39:47
Durumi,4.0,12000000,Duplex,Detached Duplex,"Durumi By America International School, Durumi, Abuja Durumi Abuja",2026-06-01 11:39:47
Life Camp,4.0,13000000,Duplex,Detached Duplex,"Life Camp, Abuja Life Camp Abuja",2026-06-01 11:39:47
Wuye,4.0,16000000,Duplex,Detached Duplex,"Wuye, Abuja Wuye Abuja",2026-06-01 11:39:47
Mabushi,4.0,15000000,Duplex,Detached Duplex,"Mabushi Close To Wuse2 By Banex, Mabushi Abuja",2026-06-01 11:39:47
Kubwa,4.0,7500000,Duplex,Detached Duplex,Kubwa Fo1 Kubwa Abuja,2026-06-01 11:39:47
Jabi,4.0,25000000,Duplex,Semi-Detached Duplex,Jabi Abuja,2026-06-01 11:39:47
Mabushi,4.0,15000000,Duplex,Terraced Duplex,"Mabushi By Banex Close To Wuse 2, Mabushi Abuja",2026-06-01 11:39:47
Jabi,4.0,15000000,Duplex,Detached Duplex,"Jabi Main, Jabi, Abuja Jabi Abuja",2026-06-01 11:39:47
Wuse,2.0,17000000,Apartment,Apartment,Wuse 2 Abuja,2026-06-01 11:39:47
Apo,2.0,2500000,Apartment,Apartment,"By Apo Nepa, Apo, Abuja Apo Abuja",2026-06-01 11:39:47
Utako,3.0,6000000,Apartment,Apartment,Utako Abuja,2026-06-01 11:39:47
Lugbe,4.0,5500000,Duplex,Detached Duplex,"Von Road, Airport Road, Lugbe Abuja",2026-06-01 11:39:47
Karmo,3.0,4000000,Duplex,Detached Duplex,Karmo Abuja,2026-06-01 11:39:47
Guzape,4.0,30000000,Duplex,Detached Duplex,Guzape Abuja,2026-06-01 11:39:57
Life Camp,4.0,10000000,Duplex,Detached Duplex,"Life Camp, Abuja Life Camp Abuja",2026-06-01 11:39:57
Wuye,4.0,25000000,Duplex,Detached Duplex,"Wuye, Abuja Wuye Abuja",2026-06-01 11:39:57
Guzape,4.0,15000000,Duplex,Detached Duplex,Guzape Abuja,2026-06-01 11:39:57
Mabushi,4.0,12000000,Duplex,Detached Duplex,"Mabushi, Abuja Mabushi Abuja",2026-06-01 11:39:57
Gwarinpa,4.0,12000000,Duplex,Detached Duplex,"4th Avenue, Gwarinpa, Abuja Gwarinpa Abuja",2026-06-01 11:39:57
Durumi,4.0,12000000,Duplex,Terraced Duplex,Durumi Abuja,2026-06-01 11:39:57
Jahi,4.0,12000000,Duplex,Detached Duplex,"Gilmore, Jahi Abuja",2026-06-01 11:39:57
Life Camp,4.0,8000000,Duplex,Detached Duplex,"Life Camp, Abuja Life Camp Abuja",2026-06-01 11:39:57
Utako,3.0,12000000,Duplex,Terraced Duplex,Utako Abuja,2026-06-01 11:39:57
Garki,2.0,4000000,Apartment,Apartment,Garki Abuja Garki 2 Abuja,2026-06-01 11:39:57
Life Camp,2.0,8500000,Apartment,Apartment,"By Stella Maris School, Life Camp Abuja",2026-06-01 11:39:57
Mabushi,4.0,15000000,Duplex,Terraced Duplex,"Mabushi By Banex Close To Wuse 2, Mabushi Abuja",2026-06-01 11:39:57
Wuye,4.0,15000000,Duplex,Detached Duplex,"Wuye Main, Wuye, Abuja Wuye Abuja",2026-06-01 11:39:57
Lokogoma,2.0,3500000,Apartment,Apartment,Lokogoma Abuja,2026-06-01 11:39:57
Guzape,4.0,17000000,Duplex,Detached Duplex,Guzape Abuja Guzape Abuja,2026-06-01 11:39:57
Lokogoma,1.0,1300000,Apartment,Apartment,Around Marigold Hotel Lokogoma Abuja,2026-06-01 11:39:57
Mabushi,6.0,25000000,Duplex,Terraced Duplex,Mabushi Abuja,2026-06-01 11:39:57
Wuye,4.0,20000000,Duplex,Terraced Duplex,Wuye Abuja,2026-06-01 11:39:57
Maitama,3.0,61669350,Apartment,Apartment,Maitama By Fruit Market Maitama Abuja,2026-06-01 11:40:07
Apo,3.0,5000000,Duplex,Detached Duplex,Apo Wumba Axis Apo Abuja,2026-06-01 11:40:07
Kaura,4.0,6000000,Duplex,Detached Duplex,"Opposite Suncity Estate, Kaura (games Village) Abuja",2026-06-01 11:40:07
Wuse,4.0,35000000,Duplex,Terraced Duplex,Wuse 2 Abuja,2026-06-01 11:40:07
Asokoro,4.0,20000000,Apartment,Apartment,Asokoro Abuja,2026-06-01 11:40:07
Jahi,4.0,15000000,Duplex,Terraced Duplex,Jahi Abuja,2026-06-01 11:40:07
Wuse,4.0,25000000,Duplex,Semi-Detached Duplex,Wuse 2 Abuja,2026-06-01 11:40:07
Katampe,3.0,8000000,Apartment,Apartment,Katampe Main Abuja,2026-06-01 11:40:07
Kubwa,4.0,6000000,Duplex,Semi-Detached Duplex,"Fo1, Kubwa Abuja",2026-06-01 11:40:07
Jahi,4.0,18000000,Duplex,Semi-Detached Duplex,"Gilmore, Jahi Abuja",2026-06-01 11:40:07
Kubwa,4.0,5000000,Duplex,Semi-Detached Duplex,"F14 District, Kubwa Abuja",2026-06-01 11:40:07
Wuye,4.0,20000000,Duplex,Terraced Duplex,Wuye Abuja,2026-06-01 11:40:07
Wuse,3.0,180000000,Apartment,Apartment,Wuse 2 Abuja,2026-06-01 11:40:07
Gwarinpa,3.0,9500000,Bungalow,Detached Bungalow,Gwarinpa Abuja,2026-06-01 11:40:07
Kubwa,4.0,10000000,Duplex,Detached Duplex,"Fo1, Kubwa Abuja",2026-06-01 11:40:07
Life Camp,4.0,15000000,Duplex,Semi-Detached Duplex,Life Camp Abuja,2026-06-01 11:40:07
Mabushi,4.0,12000000,Duplex,Terraced Duplex,Mabushi Abuja,2026-06-01 11:40:07
Maitama,4.0,75000000,Duplex,Terraced Duplex,Maitama Abuja,2026-06-01 11:40:07
Life Camp,4.0,8000000,Duplex,Detached Duplex,Life Camp Abuja,2026-06-01 11:40:07
Maitama,4.0,50000000,Duplex,Terraced Duplex,Maitama Abuja,2026-06-01 11:40:07
Maitama,3.0,61669350,Apartment,Apartment,Maitama By Fruit Market Maitama Abuja,2026-06-01 11:40:18
Lokogoma,3.0,5500000,Bungalow,Detached Bungalow,Lokogoma Abuja,2026-06-01 11:40:18
Durumi,4.0,20000000,Duplex,Terraced Duplex,Durumi Abuja,2026-06-01 11:40:18
Jahi,3.0,10000000,Apartment,Apartment,Jahi Abuja,2026-06-01 11:40:18
Gwarinpa,3.0,8000000,Apartment,Apartment,Gwarinpa Abuja,2026-06-01 11:40:18
Jahi,5.0,22000000,Duplex,Terraced Duplex,Gilmore Jahi Abuja,2026-06-01 11:40:18
Maitama,5.0,100000000,Duplex,Detached Duplex,Maitama Abuja,2026-06-01 11:40:18
Kubwa,2.0,3000000,Apartment,Apartment,F14 Kubwa Abuja,2026-06-01 11:40:18
Asokoro,4.0,2200000000,Duplex,Terraced Duplex,Linder Chucker Crescent Close To Minister's House Asokoro Abuja,2026-06-01 11:40:18
Wuse,3.0,61669350,Apartment,Apartment,Mini Estate Wuse 2 Abuja,2026-06-01 11:40:18
Kubwa,2.0,3500000,Apartment,Apartment,Fo1 Kubwa Abuja,2026-06-01 11:40:18
Kubwa,3.0,6000000,Apartment,Apartment,Fo1 Kubwa Abuja,2026-06-01 11:40:18
Jahi,4.0,13000000,Duplex,Terraced Duplex,Jahi Abuja,2026-06-01 11:40:18
Lugbe,4.0,8000000,Duplex,Detached Duplex,River Park Estate Lugbe Abuja,2026-06-01 11:40:18
Guzape,4.0,15000000,Duplex,Terraced Duplex,Guzape Abuja,2026-06-01 11:40:18
Kubwa,4.0,7000000,Duplex,Semi-Detached Duplex,"Fo1, Kubwa Abuja",2026-06-01 11:40:18
Kubwa,3.0,6500000,Duplex,Semi-Detached Duplex,Fo1 Kubwa Abuja,2026-06-01 11:40:18
Gwarinpa,1.0,1500000,Apartment,Self Contain,Gwarinpa Abuja,2026-06-01 11:40:18
Jahi,4.0,15000000,Duplex,Terraced Duplex,"Gilmore, Jahi Abuja",2026-06-01 11:40:18
Maitama,3.0,61669350,Apartment,Apartment,Maitama By Fruit Market Maitama Abuja,2026-06-01 11:40:37
Maitama,6.0,50000000,Duplex,Detached Duplex,Maitama Abuja,2026-06-01 11:40:37
Lokogoma,4.0,13000000,Duplex,Detached Duplex,Lokogoma/apo Axis Lokogoma Abuja,2026-06-01 11:40:37
Lokogoma,1.0,600000,Apartment,Self Contain,Lokogoma Abuja,2026-06-01 11:40:37
Maitama,4.0,35000000,Duplex,Terraced Duplex,Maitama Abuja,2026-06-01 11:40:37
Apo,3.0,5000000,Bungalow,Detached Bungalow,Apo Wumba Axis Apo Abuja,2026-06-01 11:40:37
Kubwa,2.0,3000000,Apartment,Apartment,"F14, Kubwa Abuja",2026-06-01 11:40:37
Kubwa,2.0,2500000,Apartment,Apartment,Fcda Kubwa Abuja,2026-06-01 11:40:37
Kubwa,2.0,3500000,Apartment,Apartment,Fo1 Kubwa Abuja,2026-06-01 11:40:37
Mabushi,4.0,10000000,Duplex,Terraced Duplex,Mabushi Abuja,2026-06-01 11:40:37
Guzape,4.0,15000000,Duplex,Terraced Duplex,Guzape Abuja,2026-06-01 11:40:37
Jahi,4.0,15000000,Duplex,Terraced Duplex,"Gilmore, Jahi Abuja",2026-06-01 11:40:37
Mabushi,3.0,9000000,Apartment,Apartment,Mabushi Abuja,2026-06-01 11:40:37
Jahi,3.0,75000000,Apartment,Apartment,"Gilmore, Jahi Abuja",2026-06-01 11:40:37
Guzape,4.0,30000000,Duplex,Detached Duplex,Guzape Abuja,2026-06-01 11:40:45
Life Camp,4.0,8000000,Duplex,Detached Duplex,Life Camp Abuja,2026-06-01 11:40:45
Jahi,4.0,13000000,Duplex,Terraced Duplex,"Gilmore, Jahi Abuja",2026-06-01 11:40:45
Mabushi,4.0,10000000,Duplex,Terraced Duplex,Mabushi Abuja,2026-06-01 11:40:45
Guzape,4.0,15000000,Duplex,Terraced Duplex,Guzape Abuja,2026-06-01 11:40:45
Jabi,4.0,25000000,Duplex,Semi-Detached Duplex,Jabi Abuja,2026-06-01 11:40:45
Maitama,5.0,50000000,Duplex,Detached Duplex,Maitama Abuja,2026-06-01 11:40:45
Wuye,4.0,25000000,Duplex,Detached Duplex,Wuye Abuja,2026-06-01 11:40:45
Guzape,4.0,15000000,Duplex,Terraced Duplex,Guzape Abuja,2026-06-01 11:40:45
Life Camp,4.0,7500000,Apartment,Apartment,Life Camp Abuja,2026-06-01 11:40:45
Idu,4.0,9000000,Apartment,Apartment,Idu Abuja,2026-06-01 11:40:45
Asokoro,4.0,20000000,Apartment,Apartment,Asokoro Abuja,2026-06-01 11:40:45
Guzape,4.0,35000000,Apartment,Apartment,Guzape Abuja,2026-06-01 11:40:45
Katampe,4.0,23000000,Duplex,Detached Duplex,Katampe Extension Katampe Abuja,2026-06-01 11:40:45
Katampe,3.0,7000000,Apartment,Apartment,Katampe Main Abuja,2026-06-01 11:40:45
Kubwa,3.0,4000000,Apartment,Apartment,"Fo1, Kubwa Abuja",2026-06-01 11:40:45
Lokogoma,1.0,700000,Apartment,Self Contain,"Behind Efab Estate, Lokogoma Abuja",2026-06-01 11:40:45
Guzape,4.0,30000000,Duplex,Detached Duplex,Guzape Abuja,2026-06-01 11:40:55
Wuse,3.0,25000000,Apartment,Apartment,Wuse 2 Abuja,2026-06-01 11:40:55
Gwarinpa,1.0,2000000,Apartment,Self Contain,Gwarinpa Abuja,2026-06-01 11:40:55
Guzape,4.0,25000000,Duplex,Terraced Duplex,Guzape Abuja,2026-06-01 11:40:55
Jahi,4.0,18000000,Duplex,Semi-Detached Duplex,Jahi Abuja,2026-06-01 11:40:55
Jahi,4.0,13000000,Duplex,Terraced Duplex,"Gilmore, Jahi Abuja",2026-06-01 11:40:55
Jahi,4.0,15000000,Duplex,Terraced Duplex,Gilmore Jahi Abuja,2026-06-01 11:40:55
Wuse,3.0,35000000,Apartment,Apartment,Wuse 2 Abuja,2026-06-01 11:40:55
Wuse,3.0,10000000,Apartment,Apartment,Wuse 2 Abuja,2026-06-01 11:40:55
Jahi,4.0,12000000,Duplex,Terraced Duplex,Gilmore Jahi Abuja,2026-06-01 11:40:55
Jahi,4.0,15000000,Duplex,Terraced Duplex,Jahi Abuja,2026-06-01 11:40:55
Kubwa,2.0,3500000,Apartment,Apartment,Fo1 Kubwa Abuja,2026-06-01 11:40:55
Kubwa,4.0,5000000,Duplex,Semi-Detached Duplex,"F14, Phase 4, Kubwa Abuja",2026-06-01 11:40:55
Kubwa,2.0,3000000,Apartment,Apartment,Kubwa Abuja,2026-06-01 11:40:55
Maitama,3.0,61669350,Apartment,Apartment,Maitama By Fruit Market Maitama Abuja,2026-06-01 11:41:04
Kubwa,4.0,6500000,Duplex,Terraced Duplex,"Fo1, Kubwa Abuja",2026-06-01 11:41:04
Kubwa,2.0,3500000,Apartment,Apartment,"F01, Kubwa Abuja",2026-06-01 11:41:04
Kubwa,2.0,4000000,Apartment,Apartment,"Fo1, Kubwa Abuja",2026-06-01 11:41:04
Mabushi,4.0,12000000,Duplex,Terraced Duplex,Mabushi Abuja,2026-06-01 11:41:04
Kubwa,4.0,7000000,Duplex,Semi-Detached Duplex,"Fo1, Kubwa Abuja",2026-06-01 11:41:04
Asokoro,4.0,27000000,Duplex,Terraced Duplex,Asokoro Abuja,2026-06-01 11:41:04
Jahi,4.0,15000000,Duplex,Terraced Duplex,Jahi Abuja,2026-06-01 11:41:04
Jabi,4.0,20000000,Duplex,Terraced Duplex,Jabi Abuja,2026-06-01 11:41:04
Asokoro,4.0,2200000000,Duplex,Terraced Duplex,Linder Chucker Crescent Close To Minister's House Asokoro Abuja,2026-06-01 11:41:04
Jahi,3.0,54000000,Apartment,Apartment,"Gilmore, Jahi Abuja",2026-06-01 11:41:04
Jahi,3.0,10000000,Apartment,Apartment,Gilmore Jahi Abuja,2026-06-01 11:41:04
Katampe,3.0,7000000,Apartment,Apartment,Katampe Main Abuja,2026-06-01 11:41:04
Gaduwa,4.0,10000000,Duplex,Detached Duplex,Gaduwa Junction Gaduwa Abuja,2026-06-01 11:41:04
Gaduwa,4.0,9000000,Duplex,Detached Duplex,Gaduwa Estate Junction Gaduwa Abuja,2026-06-01 11:41:04
Kabusa,2.0,6500000,Duplex,Terraced Duplex,Kabusa Kabusa Abuja,2026-06-01 11:41:04
Jahi,4.0,15000000,Duplex,Terraced Duplex,Main Jahi Abuja,2026-06-01 11:41:04
Jahi,4.0,13000000,Duplex,Terraced Duplex,Jahi Abuja,2026-06-01 11:41:04
Asokoro,3.0,70000000,Duplex,Detached Duplex,Asokoro Abuja,2026-06-01 11:41:04
Guzape,4.0,30000000,Duplex,Detached Duplex,Guzape Abuja,2026-06-01 11:41:11
Mabushi,4.0,15000000,Duplex,Terraced Duplex,Mabushi Abuja,2026-06-01 11:41:11
Karsana,3.0,8500000,Bungalow,Detached Bungalow,Karsana Abuja,2026-06-01 11:41:11
Galadimawa,1.0,2500000,Apartment,Apartment,Near Lavista Court Estate Galadimawa Abuja,2026-06-01 11:41:11
Kubwa,2.0,3500000,Apartment,Apartment,Fo1 Kubwa Abuja,2026-06-01 11:41:11
Life Camp,4.0,7000000,Duplex,Terraced Duplex,Life Camp Abuja,2026-06-01 11:41:11
Kubwa,4.0,6500000,Duplex,Semi-Detached Duplex,"Fo1, Kubwa Abuja",2026-06-01 11:41:11
Kubwa,4.0,10000000,Duplex,Detached Duplex,"Fo1, Kubwa Abuja",2026-06-01 11:41:11
Kubwa,2.0,4000000,Apartment,Apartment,"Fo1, Kubwa Abuja",2026-06-01 11:41:11
Lugbe,3.0,3000000,Duplex,Terraced Duplex,Lugbe Lugbe Abuja,2026-06-01 11:41:11
Apo,4.0,15000000,Duplex,Semi-Detached Duplex,Apo Abuja,2026-06-01 11:41:11
Wuse,4.0,20000000,Duplex,Terraced Duplex,Wuse 2 Abuja,2026-06-01 11:41:11
Kubwa,4.0,15000000,Duplex,Detached Duplex,Fo1 Kubwa Abuja,2026-06-01 11:41:11
Wuse,5.0,25000000,Duplex,Terraced Duplex,"Wuse Zones, Wuse 1 Abuja",2026-06-01 11:41:11
Kubwa,2.0,3000000,Apartment,Apartment,"Fo1, Kubwa Abuja",2026-06-01 11:41:11
Maitama,4.0,50000000,Duplex,Detached Duplex,Maitama Abuja,2026-06-01 11:41:11
Wuye,4.0,20000000,Duplex,Terraced Duplex,Wuye Abuja,2026-06-01 11:41:11
Life Camp,4.0,15000000,Duplex,Semi-Detached Duplex,Life Camp Abuja,2026-06-01 11:41:11
Kubwa,4.0,6500000,Duplex,Semi-Detached Duplex,"Fo1, Kubwa Abuja",2026-06-01 11:41:11
Guzape,4.0,30000000,Duplex,Detached Duplex,Guzape Abuja,2026-06-01 11:41:20
Guzape,4.0,12000000,Duplex,Terraced Duplex,Guzape Abuja,2026-06-01 11:41:20
Wuse,4.0,20000000,Duplex,Semi-Detached Duplex,Wuse 1 Abuja,2026-06-01 11:41:20
Galadimawa,4.0,10000000,Apartment,Apartment,Galadimawa Abuja,2026-06-01 11:41:20
Wuse,4.0,30000000,Duplex,Semi-Detached Duplex,Wuse 2 Abuja,2026-06-01 11:41:20
Katampe,3.0,11000000,Apartment,Apartment,Katampe Main Abuja,2026-06-01 11:41:20
Jahi,4.0,13000000,Duplex,Detached Duplex,Aduvie International Jahi Abuja,2026-06-01 11:41:20
Kubwa,4.0,15000000,Duplex,Detached Duplex,"Fo1, Kubwa Abuja",2026-06-01 11:41:20
Guzape,3.0,8000000,Apartment,Apartment,Guzape Abuja,2026-06-01 11:41:20
Lokogoma,2.0,3500000,Apartment,Apartment,Pengasson Estate Lokogoma Abuja,2026-06-01 11:41:20
Jabi,4.0,25000000,Duplex,Semi-Detached Duplex,Jabi Abuja,2026-06-01 11:41:20
Guzape,3.0,10000000,Apartment,Apartment,Guzape Guzape Abuja,2026-06-01 11:41:20
Guzape,4.0,18000000,Duplex,Terraced Duplex,Guzape Abuja,2026-06-01 11:41:20
Kubwa,1.0,2500000,Apartment,Apartment,Fo1 Kubwa Abuja,2026-06-01 11:41:20
Jahi,3.0,8000000,Apartment,Apartment,Jahi Abuja,2026-06-01 11:41:20
Guzape,4.0,30000000,Duplex,Detached Duplex,Guzape Abuja,2026-06-01 11:41:29
Kubwa,2.0,4500000,Apartment,Apartment,Fo1 Kubwa Abuja,2026-06-01 11:41:29
Guzape,5.0,17000000,Duplex,Terraced Duplex,Guzape Abuja,2026-06-01 11:41:29
Apo,3.0,7000000,Duplex,Terraced Duplex,Wumba Axis Apo Abuja,2026-06-01 11:41:29
Galadimawa,1.0,1500000,Apartment,Self Contain,Near Lavista Court Estate Galadimawa Abuja,2026-06-01 11:41:29
Lokogoma,1.0,1500000,Apartment,Apartment,Lokogoma Abuja,2026-06-01 11:41:29
Jahi,4.0,16000000,Duplex,Terraced Duplex,Jahi Abuja,2026-06-01 11:41:29
Wuye,4.0,15000000,Duplex,Terraced Duplex,Wuye Abuja,2026-06-01 11:41:29
Kubwa,2.0,3000000,Apartment,Apartment,Kubwa Abuja,2026-06-01 11:41:29
Kubwa,2.0,2500000,Apartment,Apartment,"Fcda, Kubwa Abuja",2026-06-01 11:41:29
Guzape,4.0,15000000,Duplex,Terraced Duplex,Guzape Abuja,2026-06-01 11:41:29
Jahi,1.0,2000000,Apartment,Self Contain,Ben Ayade Cresent Jahi Jahi Abuja,2026-06-01 11:41:29
Kubwa,2.0,4000000,Apartment,Apartment,Fo1 Kubwa Abuja,2026-06-01 11:41:29
Life Camp,4.0,25000000,Duplex,Semi-Detached Duplex,Life Camp Abuja,2026-06-01 11:41:29
Kubwa,2.0,3300000,Apartment,Apartment,Fo1 Kubwa Abuja,2026-06-01 11:41:29
Jahi,4.0,12000000,Duplex,Terraced Duplex,"Gilmore, Jahi Abuja",2026-06-01 11:41:29
Katampe,1.0,10000000,Apartment,Apartment,Katampe Extension Katampe Abuja,2026-06-01 11:41:29
Lokogoma,1.0,700000,Apartment,Self Contain,Dogongada Behind Efab Estate Lokogoma Abuja,2026-06-01 11:41:29
Guzape,4.0,30000000,Duplex,Detached Duplex,Guzape Abuja,2026-06-01 11:41:36
Katampe,4.0,18000000,Duplex,Terraced Duplex,Katampe Main Abuja,2026-06-01 11:41:36
Kaura,4.0,8000000,Duplex,Detached Duplex,Shelter Estate Kaura (games Village) Abuja,2026-06-01 11:41:36
Kubwa,2.0,4000000,Apartment,Apartment,"Fo1, Kubwa Abuja",2026-06-01 11:41:36
Maitama,4.0,50000000,Duplex,Terraced Duplex,Maitama Abuja,2026-06-01 11:41:36
Gwarinpa,3.0,8000000,Apartment,Apartment,Gwarinpa Abuja,2026-06-01 11:41:36
Wuye,4.0,15000000,Duplex,Terraced Duplex,Wuye Abuja,2026-06-01 11:41:36
Wuye,4.0,20000000,Duplex,Terraced Duplex,Wuye Abuja,2026-06-01 11:41:36
Guzape,4.0,12000000,Duplex,Terraced Duplex,Guzape Abuja,2026-06-01 11:41:36
Guzape,4.0,15000000,Duplex,Detached Duplex,Guzape Abuja,2026-06-01 11:41:36
Maitama,4.0,50000000,Duplex,Terraced Duplex,Maitama Abuja,2026-06-01 11:41:36
Jahi,4.0,15000000,Duplex,Terraced Duplex,Gilmore Jahi Abuja,2026-06-01 11:41:36
Jahi,4.0,15000000,Duplex,Terraced Duplex,Jahi Abuja,2026-06-01 11:41:36
Guzape,4.0,12000000,Duplex,Terraced Duplex,Guzape Abuja,2026-06-01 11:41:36
Jabi,4.0,55000000,Duplex,Terraced Duplex,Jabi Abuja,2026-06-01 11:41:36
Garki,2.0,4500000,Apartment,Apartment,Garki 1 Abuja,2026-06-01 11:41:36
Apo,4.0,8500000,Duplex,Detached Duplex,Near Cedar Crest Hospital Apo Dutse Abuja,2026-06-01 11:41:36
Galadimawa,3.0,5000000,Bungalow,Detached Bungalow,Near Shafa Filling Station Galadimawa Abuja,2026-06-01 11:41:36
Kubwa,2.0,3500000,Apartment,Apartment,Fo1 Kubwa Abuja,2026-06-01 11:41:36
Katampe,4.0,19000000,Duplex,Detached Duplex,Katampe Abuja,2026-06-01 11:41:36
Guzape,4.0,30000000,Duplex,Detached Duplex,Guzape Abuja,2026-06-01 11:41:45
Katampe,4.0,19000000,Duplex,Detached Duplex,Katampe Abuja,2026-06-01 11:41:45
Lokogoma,1.0,500000,Apartment,Self Contain,Behind Efab Estate Lokogoma Abuja,2026-06-01 11:41:45
Kubwa,2.0,3500000,Apartment,Apartment,"Fo1, Kubwa Abuja",2026-06-01 11:41:45
Kabusa,1.0,1000000,Apartment,Self Contain,Jubilation Estate By Kabusa Garden Estate Dakwo Abuja,2026-06-01 11:41:45
Kubwa,2.0,4500000,Apartment,Apartment,Fo1 Kubwa Abuja,2026-06-01 11:41:45
Lokogoma,2.0,5000000,Bungalow,Detached Bungalow,Near Peace Court Estate Lokogoma Abuja,2026-06-01 11:41:45
Idu,4.0,8000000,Duplex,Detached Duplex,Nyzamiye Hospital Idu Abuja,2026-06-01 11:41:45
Jahi,4.0,13000000,Duplex,Terraced Duplex,By Gilmore Jahi Abuja,2026-06-01 11:41:45
Life Camp,1.0,7000000,Apartment,Apartment,Behind Paradise Estate Life Camp Abuja,2026-06-01 11:41:45
Maitama,3.0,61669350,Apartment,Apartment,Maitama Behind Fruit Market Maitama Abuja,2026-06-01 11:41:45
Jahi,4.0,18000000,Duplex,Terraced Duplex,Jahi By Aduvie Jahi Abuja,2026-06-01 11:41:45
Maitama,2.0,47965050,Apartment,Apartment,Maitama By Fruit Market Maitama Abuja,2026-06-01 11:41:45
Maitama,3.0,61669350,Apartment,Apartment,Maitama By Fruit Market Maitama Abuja,2026-06-01 11:41:45
Wuse,6.0,45000000,Duplex,Detached Duplex,Wuse 2 Abuja,2026-06-01 11:41:45
Life Camp,4.0,15000000,Duplex,Terraced Duplex,"Lifecamp District, Life Camp Abuja",2026-06-01 11:41:45
Garki,3.0,8000000,Apartment,Apartment,By Zoological Garden Area 1 Garki 1 Abuja,2026-06-01 11:41:45
Maitama,3.0,61669350,Apartment,Apartment,Maitama By Fruit Market Maitama Abuja,2026-06-01 11:41:53
Gwarinpa,4.0,15000000,Duplex,Semi-Detached Duplex,Gwarinpa District Abuja ( Video Is Attached) Gwarinpa Abuja,2026-06-01 11:41:53
Guzape,4.0,15000000,Duplex,Terraced Duplex,Guzape District Abuja ( Video Is Available) Guzape Abuja,2026-06-01 11:41:53
Maitama,4.0,50000000,Duplex,Terraced Duplex,Maitama Abuja,2026-06-01 11:41:53
Wuye,4.0,10000000,Apartment,Apartment,Wuye Wuye Abuja,2026-06-01 11:41:53
Guzape,4.0,12000000,Apartment,Apartment,Guzape Guzape Abuja,2026-06-01 11:41:53
Gwarinpa,1.0,2000000,Apartment,Self Contain,Gwarinpa Gwarinpa Abuja,2026-06-01 11:41:53
Guzape,4.0,15000000,Duplex,Terraced Duplex,Guzape Guzape Abuja,2026-06-01 11:41:53
Guzape,4.0,15000000,Duplex,Terraced Duplex,Guzape Guzape Abuja,2026-06-01 11:41:53
Life Camp,4.0,15000000,Duplex,Terraced Duplex,"Lifecamp, Abuja Life Camp Abuja",2026-06-01 11:41:53
Wuse,1.0,2000000,Apartment,Self Contain,Wuse Zone Wuse 1 Abuja,2026-06-01 11:41:53
Gwarinpa,4.0,7000000,Duplex,Terraced Duplex,Brookshore Estate Gwarinpa Abuja,2026-06-01 11:41:53
Katampe,4.0,13000000,Duplex,Terraced Duplex,Katampe Main Abuja,2026-06-01 11:41:53
Utako,4.0,18000000,Duplex,Terraced Duplex,Utako Abuja,2026-06-01 11:41:53
Guzape,4.0,15000000,Duplex,Terraced Duplex,Guzape Abuja,2026-06-01 11:41:53
Maitama,4.0,28000000,Duplex,Terraced Duplex,Maitama Abuja,2026-06-01 11:41:53
Asokoro,6.0,140000000,Duplex,Detached Duplex,Asokoro Asokoro Abuja,2026-06-01 11:41:53
Asokoro,4.0,25000000,Duplex,Terraced Duplex,By Sunrise Hills Asokoro Abuja,2026-06-01 11:41:53
Gwarinpa,1.0,1700000,Apartment,Self Contain,Gwarinpa Gwarinpa Abuja,2026-06-01 11:41:53
Mabushi,4.0,20000000,Duplex,Terraced Duplex,Mabushi Mabushi Abuja,2026-06-01 11:41:53
Maitama,3.0,61669350,Apartment,Apartment,Maitama By Fruit Market Maitama Abuja,2026-06-01 11:42:01
Gwarinpa,4.0,7000000,Duplex,Semi-Detached Duplex,"In An Estate Gwarinpa Extension, Abuja Gwarinpa Abuja",2026-06-01 11:42:01
Life Camp,2.0,4500000,Apartment,Apartment,"Close To Beger Yard Lifecamp, Abuja Life Camp Abuja",2026-06-01 11:42:01
Gaduwa,3.0,10000000,Duplex,Terraced Duplex,"Gaduwa, Abuja Gaduwa Abuja",2026-06-01 11:42:01
Gwarinpa,4.0,12000000,Duplex,Terraced Duplex,Main Gwarinpa Abuja,2026-06-01 11:42:01
Maitama,4.0,30000000,Duplex,Terraced Duplex,Maitama Abuja Maitama Abuja,2026-06-01 11:42:01
Garki,4.0,30000000,Duplex,Semi-Detached Duplex,Garki 2 Abuja,2026-06-01 11:42:01
Asokoro,4.0,17000000,Duplex,Terraced Duplex,Asokoro Abuja,2026-06-01 11:42:01
Guzape,5.0,28000000,Duplex,Detached Duplex,Guzape Abuja,2026-06-01 11:42:01
Wuye,4.0,20000000,Duplex,Terraced Duplex,Wuye Wuye Abuja,2026-06-01 11:42:01
Wuse,4.0,20000000,Duplex,Terraced Duplex,"Wuse2 District, Wuse 2 Abuja",2026-06-01 11:42:01
Katampe,3.0,10000000,Apartment,Apartment,Katampe Main Abuja,2026-06-01 11:42:01
Gwarinpa,1.0,1600000,Apartment,Self Contain,Gwarinpa Abuja,2026-06-01 11:42:01
Gwarinpa,1.0,1500000,Apartment,Self Contain,Gwarinpa Gwarinpa Abuja,2026-06-01 11:42:01
Gwarinpa,1.0,1700000,Apartment,Self Contain,"Gwarinpa Extension, Gwarinpa Abuja",2026-06-01 11:42:01
Gwarinpa,1.0,1500000,Apartment,Self Contain,Gwarimpa Extension Gwarinpa Abuja,2026-06-01 11:42:01
Asokoro,3.0,12000000,Apartment,Apartment,Admiralty Estate Asokoro Asokoro Abuja,2026-06-01 11:42:01
Garki,3.0,8000000,Apartment,Apartment,Garki 2 Abuja,2026-06-01 11:42:01
Wuye,1.0,2500000,Apartment,Self Contain,Wuye Wuye Abuja,2026-06-01 11:42:01
Maitama,3.0,61669350,Apartment,Apartment,Maitama By Fruit Market Maitama Abuja,2026-06-01 11:42:10
Gwarinpa,1.0,1600000,Apartment,Self Contain,Gwarinpa Abuja,2026-06-01 11:42:10
Gwarinpa,1.0,1500000,Apartment,Self Contain,Gwarinpa Abuja,2026-06-01 11:42:10
Asokoro,6.0,75000000,Duplex,Terraced Duplex,"Aso Villa, Asokoro, Asokoro Abuja",2026-06-01 11:42:10
Apo,4.0,13000000,Duplex,Terraced Duplex,"Apo By Gudu Junction, By Ceadercrest Hospital Apo Abuja",2026-06-01 11:42:10
Guzape,2.0,7000000,Apartment,Apartment,Fha/enl Estate Guzape Abuja,2026-06-01 11:42:10
Wuse,5.0,40000000,Duplex,Terraced Duplex,An Estate Wuse 2 Abuja,2026-06-01 11:42:10
Gaduwa,3.0,10000000,Duplex,Terraced Duplex,Gaduwa District Abuja. ( Video Is Available) Gaduwa Abuja,2026-06-01 11:42:10
Mabushi,4.0,20000000,Duplex,Detached Duplex,Mabushi Mabushi Abuja,2026-06-01 11:42:10
Gwarinpa,1.0,1500000,Apartment,Self Contain,Gwarinpa Gwarinpa Abuja,2026-06-01 11:42:10
Guzape,4.0,15000000,Duplex,Terraced Duplex,Guzape Guzape Abuja,2026-06-01 11:42:10
Gwarinpa,1.0,1500000,Apartment,Self Contain,Gwarinpa Gwarinpa Abuja,2026-06-01 11:42:10
Garki,5.0,25000000,Duplex,Detached Duplex,Garki2 Garki 2 Abuja,2026-06-01 11:42:10
Gwarinpa,1.0,1500000,Apartment,Self Contain,Gwarinpa Gwarinpa Abuja,2026-06-01 11:42:10
Guzape,5.0,35000000,Duplex,Detached Duplex,Guzape Abuja,2026-06-01 11:42:10
Guzape,3.0,15000000,Duplex,Terraced Duplex,Guzape Abuja,2026-06-01 11:42:10
Garki,6.0,30000000,Duplex,Detached Duplex,Area 11 Garki 2 Abuja,2026-06-01 11:42:10
Asokoro,2.0,10000000,Apartment,Apartment,Asokoro Asokoro Abuja,2026-06-01 11:42:10
Guzape,3.0,10000000,Apartment,Apartment,Guzape Abuja,2026-06-01 11:42:10
Guzape,4.0,30000000,Duplex,Detached Duplex,Guzape Abuja,2026-06-01 11:42:17
Garki,1.0,3000000,Apartment,Apartment,Area 11 Garki 2 Abuja,2026-06-01 11:42:17
Guzape,4.0,20000000,Duplex,Terraced Duplex,Guzape Abuja,2026-06-01 11:42:17
Wuse,3.0,15000000,Apartment,Apartment,Wuse2 Wuse 2 Abuja,2026-06-01 11:42:17
Wuse,2.0,6000000,Apartment,Apartment,Wuse2 Wuse 2 Abuja,2026-06-01 11:42:17
Life Camp,1.0,1200000,Apartment,Self Contain,Lifecamp Life Camp Abuja,2026-06-01 11:42:17
Gwarinpa,1.0,1400000,Apartment,Self Contain,Gwarinpa Abuja,2026-06-01 11:42:17
Wuse,2.0,8000000,Apartment,Apartment,Wuse Zone 6 Wuse 1 Abuja,2026-06-01 11:42:17
Guzape,4.0,25000000,Duplex,Terraced Duplex,Guzape Abuja,2026-06-01 11:42:17
Wuse,6.0,45000000,Duplex,Detached Duplex,Wuse 2 Abuja,2026-06-01 11:42:17
Gwarinpa,3.0,6000000,Apartment,Apartment,Gwarinpa Gwarinpa Abuja,2026-06-01 11:42:17
Wuse,5.0,50000000,Duplex,Detached Duplex,Wuse2 Wuse 2 Abuja,2026-06-01 11:42:17
Garki,3.0,13000000,Apartment,Apartment,By Cbn Quarters Garki 2 Abuja,2026-06-01 11:42:17
Gwarinpa,4.0,10000000,Duplex,Detached Duplex,"2nd Avenue, Gwarinpa Abuja",2026-06-01 11:42:17
Life Camp,4.0,15000000,Duplex,Terraced Duplex,By Catholic Church Life Camp Abuja,2026-06-01 11:42:17
Jabi,4.0,35000000,Duplex,Semi-Detached Duplex,Jabi District Abuja. Jabi Abuja,2026-06-01 11:42:17
Durumi,4.0,15000000,Duplex,Terraced Duplex,By America School Durumi Abuja,2026-06-01 11:42:17
Maitama,3.0,61669350,Apartment,Apartment,Maitama By Fruit Market Maitama Abuja,2026-06-01 11:42:27
Gwarinpa,4.0,7000000,Duplex,Semi-Detached Duplex,In An Estate Gwarinpa Extension Gwarinpa Abuja,2026-06-01 11:42:27
Karsana,4.0,8000000,Duplex,Terraced Duplex,Gwarimpa Extension Karsana Gwarinpa Abuja,2026-06-01 11:42:27
Gaduwa,4.0,9000000,Duplex,Terraced Duplex,After The Catholic Church Gaduwa Abuja,2026-06-01 11:42:27
Katampe,4.0,15000000,Duplex,Terraced Duplex,Katampe Main Katampe Main Abuja,2026-06-01 11:42:27
Asokoro,2.0,27000000,Apartment,Apartment,"Aso Villa, Asokoro Abuja",2026-06-01 11:42:27
Katampe,3.0,7000000,Apartment,Apartment,Diplomatic Zone. (video Of The Apartment Is Available) Katampe Extension Katampe Abuja,2026-06-01 11:42:27
Jahi,3.0,10000000,Apartment,Apartment,Gilmore Construction Jahi Abuja,2026-06-01 11:42:27
Wuse,2.0,20000000,Apartment,Apartment,"Wuse2, Abuja. Wuse 2 Abuja",2026-06-01 11:42:27
Jahi,3.0,10000000,Apartment,Apartment,By Gilmore Jahi Abuja,2026-06-01 11:42:27
Life Camp,4.0,13000000,Duplex,Semi-Detached Duplex,Life Camp Abuja,2026-06-01 11:42:27
Life Camp,4.0,15000000,Duplex,Detached Duplex,Life Camp Abuja,2026-06-01 11:42:27
Gwarinpa,4.0,12000000,Duplex,Semi-Detached Duplex,3rd Avenue Gwarinpa Abuja,2026-06-01 11:42:27
Gwarinpa,1.0,1700000,Apartment,Self Contain,"Efab Queens Estate, Gwarinpa Abuja",2026-06-01 11:42:27
Guzape,4.0,25000000,Duplex,Detached Duplex,Guzape Abuja,2026-06-01 11:42:27
Guzape,4.0,16000000,Duplex,Terraced Duplex,Guzape Abuja,2026-06-01 11:42:27
Life Camp,4.0,12000000,Duplex,Terraced Duplex,After Berger Clinic Life Camp Abuja,2026-06-01 11:42:27
Gwarinpa,1.0,1900000,Apartment,Self Contain,Gwarinpa Abuja,2026-06-01 11:42:27
Maitama,3.0,61669350,Apartment,Apartment,Maitama By Fruit Market Maitama Abuja,2026-06-01 11:42:34
Katampe,4.0,15000000,Duplex,Terraced Duplex,Katampe Main Katampe Main Abuja,2026-06-01 11:42:34
Gwarinpa,3.0,7500000,Apartment,Apartment,Gwarinpa Gwarinpa Abuja,2026-06-01 11:42:34
Wuse,1.0,1800000,Apartment,Self Contain,Wuse 1 Abuja,2026-06-01 11:42:34
Wuse,5.0,20000000,Duplex,Detached Duplex,Wuse Zone 6 Wuse 1 Abuja,2026-06-01 11:42:34
Gwarinpa,4.0,10000000,Duplex,Terraced Duplex,"Gwarinpa Inside Dantata Estate, Gwarinpa Abuja",2026-06-01 11:42:34
Gwarinpa,1.0,1500000,Apartment,Self Contain,Efab Estate / Gwarimpa Extension Gwarinpa Abuja,2026-06-01 11:42:34
Jahi,3.0,8000000,Apartment,Apartment,Jahi By Living Faith Jahi Abuja,2026-06-01 11:42:34
Mabushi,3.0,7000000,Apartment,Apartment,Mabushi Mabushi Abuja,2026-06-01 11:42:34
Wuse,4.0,50000000,Duplex,Detached Duplex,Wuse 2 Abuja,2026-06-01 11:42:34
Gwarinpa,1.0,2500000,Apartment,Apartment,Gwarinpa Gwarinpa Abuja,2026-06-01 11:42:34
Guzape,4.0,19000000,Duplex,Terraced Duplex,Guzape Abuja,2026-06-01 11:42:34
Guzape,3.0,10500000,Apartment,Apartment,Guzape Abuja,2026-06-01 11:42:34
Kado,5.0,20000000,Duplex,Detached Duplex,Kado Kado Abuja,2026-06-01 11:42:34
Life Camp,3.0,7000000,Apartment,Apartment,Lifecamp Life Camp Abuja,2026-06-01 11:42:34
Life Camp,2.0,4500000,Apartment,Apartment,Nnpc Estate Life Camp Abuja,2026-06-01 11:42:34
Jahi,4.0,15000000,Duplex,Semi-Detached Duplex,Jahi Jahi Abuja,2026-06-01 11:42:34
Gwarinpa,4.0,20000000,Duplex,Terraced Duplex,Gwarinpa Abuja,2026-06-01 11:42:34
Garki,3.0,7000000,Apartment,Apartment,Area 11 Garki 2 Abuja,2026-06-01 11:42:34
Guzape,4.0,30000000,Duplex,Detached Duplex,Guzape Abuja,2026-06-01 11:42:43
Jahi,3.0,15000000,Apartment,Apartment,"Jahi Gilmore, Abuja Jahi Abuja",2026-06-01 11:42:43
Guzape,2.0,7000000,Apartment,Apartment,Fha Guzape Abuja,2026-06-01 11:42:43
Gwarinpa,1.0,3500000,Apartment,Apartment,Gwarinpa Abuja,2026-06-01 11:42:43
Asokoro,3.0,70000000,Duplex,Detached Duplex,"Presidential Villa, Asokoro Abuja",2026-06-01 11:42:43
Gwarinpa,1.0,1300000,Apartment,Self Contain,Gwarinpa Abuja,2026-06-01 11:42:43
Wuse,1.0,4000000,Apartment,Apartment,Wuse 2 Abuja,2026-06-01 11:42:43
Mabushi,1.0,4000000,Apartment,Apartment,Mabushi Mabushi Abuja,2026-06-01 11:42:43
Mabushi,4.0,15000000,Duplex,Terraced Duplex,Mabushi Mabushi Abuja,2026-06-01 11:42:43
Life Camp,1.0,3500000,Apartment,Apartment,Billard Estate Lifecamp Life Camp Abuja,2026-06-01 11:42:43
Wuye,1.0,5000000,Apartment,Apartment,Wuye Abuja,2026-06-01 11:42:43
Apo,4.0,15000000,Duplex,Terraced Duplex,"Apo Gudu District, By Ceadercrest Hospital Apo Abuja",2026-06-01 11:42:43
Gwarinpa,4.0,12000000,Duplex,Detached Duplex,"Work And Housing Estate, Gwarinpa Abuja",2026-06-01 11:42:43
Gwarinpa,1.0,1500000,Apartment,Self Contain,69 Road Gwarinpa Abuja,2026-06-01 11:42:43
Jabi,4.0,15000000,Duplex,Terraced Duplex,By Citec Mbora District After Jabi. Mbora (nbora) Abuja,2026-06-01 11:42:43
Mabushi,4.0,50000000,Duplex,Terraced Duplex,Mabushi District Abuja (video Of The House Is Attached Maitama Abuja,2026-06-01 11:42:43
Katampe,4.0,20000000,Duplex,Terraced Duplex,Diplomatic Zone Katampe Extension Katampe Abuja,2026-06-01 11:42:43
Maitama,4.0,36000000,Duplex,Terraced Duplex,Maitama Abuja,2026-06-01 11:42:43
Life Camp,4.0,7000000,Duplex,Terraced Duplex,Brains And Hammers Life Camp Abuja,2026-06-01 11:42:43
Maitama,3.0,61669350,Apartment,Apartment,Maitama By Fruit Market Maitama Abuja,2026-06-01 11:42:49
Guzape,3.0,10000000,Apartment,Apartment,Guzape Abuja,2026-06-01 11:42:49
Wuye,3.0,8000000,Apartment,Apartment,Wuye Abuja,2026-06-01 11:42:49
Maitama,4.0,50000000,Duplex,Semi-Detached Duplex,Maitama Maitama Abuja,2026-06-01 11:42:49
Gwarinpa,3.0,10000000,Bungalow,Detached Bungalow,Gwarinpa Extension Gwarinpa Abuja,2026-06-01 11:42:49
Guzape,4.0,35000000,Duplex,Terraced Duplex,Guzape Guzape Abuja,2026-06-01 11:42:49
Garki,3.0,60000000,Apartment,Apartment,Garki 2 Abuja,2026-06-01 11:42:49
Wuse,1.0,2000000,Apartment,Self Contain,Wuse Zone 1 Wuse 1 Abuja,2026-06-01 11:42:49
Asokoro,1.0,5000000,Apartment,Apartment,Naf Valley Estate Asokoro Asokoro Abuja,2026-06-01 11:42:49
Wuse,5.0,60000000,Duplex,Detached Duplex,Wuse2 Wuse 2 Abuja,2026-06-01 11:42:49
Mabushi,2.0,8000000,Apartment,Apartment,Mabushi Mabushi Abuja,2026-06-01 11:42:49
Wuse,4.0,25000000,Bungalow,Detached Bungalow,Zone 7 Wuse 1 Abuja,2026-06-01 11:42:49
Asokoro,3.0,65000000,Duplex,Detached Duplex,"Aso Villa, Asokoro Abuja",2026-06-01 11:42:49
Asokoro,4.0,25000000,Duplex,Semi-Detached Duplex,Asokoro Abuja,2026-06-01 11:42:49
Life Camp,4.0,13000000,Duplex,Terraced Duplex,Lifecamp District Abuja. Life Camp Abuja,2026-06-01 11:42:49
Jahi,4.0,15000000,Duplex,Terraced Duplex,"Jahi District, By Gilmore Construction. Jahi Abuja",2026-06-01 11:42:49
Gwarinpa,4.0,7000000,Duplex,Semi-Detached Duplex,"In An Estate Gwarinpa Extension, Abuja Gwarinpa Abuja",2026-06-01 11:42:49
Gwarinpa,5.0,20000000,Duplex,Detached Duplex,Efab Metropolis Gwarinpa Abuja,2026-06-01 11:42:49
Maitama,3.0,61669350,Apartment,Apartment,Maitama By Fruit Market Maitama Abuja,2026-06-01 11:42:57
Gwarinpa,4.0,12000000,Duplex,Detached Duplex,"2nd Avenue, Gwarinpa Abuja",2026-06-01 11:42:57
Gwarinpa,4.0,10000000,Duplex,Terraced Duplex,Ipent7 By Map Global Estate Gwarinpa Abuja,2026-06-01 11:42:57
Life Camp,4.0,8000000,Duplex,Semi-Detached Duplex,"Life Camp, Abuja Life Camp Abuja",2026-06-01 11:42:57
Utako,1.0,4500000,Apartment,Apartment,Utako Abuja,2026-06-01 11:42:57
Gwarinpa,4.0,10000000,Duplex,Terraced Duplex,Dantata Estate Gwarimpa Gwarinpa Abuja,2026-06-01 11:42:57
Guzape,4.0,30000000,Duplex,Semi-Detached Duplex,Guzape Abuja,2026-06-01 11:42:57
Apo,4.0,285000000,Duplex,Detached Duplex,"Carlton Gate Estate, Beside Kolapo Ishola Gra Akobo Ibadan Oyo",2026-06-01 11:42:57
Asokoro,4.0,18000000,Duplex,Semi-Detached Duplex,Naf Valley Estate Asokoro Abuja,2026-06-01 11:42:57
Jahi,1.0,3500000,Apartment,Apartment,Jahi Abuja,2026-06-01 11:42:57
Wuye,1.0,2000000,Apartment,Self Contain,Wuye Abuja,2026-06-01 11:42:57
Garki,3.0,20000000,Apartment,Apartment,Garki 2 Abuja,2026-06-01 11:42:57
Garki,3.0,7000000,Apartment,Apartment,Garki 2 Abuja,2026-06-01 11:42:57
Gwarinpa,1.0,1500000,Apartment,Self Contain,Gwarinpa Abuja,2026-06-01 11:42:57
Gwarinpa,4.0,10000000,Duplex,Terraced Duplex,Gwarinpa Abuja,2026-06-01 11:42:57
Mabushi,5.0,35000000,Duplex,Detached Duplex,Mabushi Mabushi Abuja,2026-06-01 11:42:57
Wuse,3.0,7500000,Apartment,Apartment,Wuse Zone Wuse 1 Abuja,2026-06-01 11:42:57
Gaduwa,4.0,10000000,Duplex,Terraced Duplex,"Gaduwa District, Gaduwa Abuja",2026-06-01 11:42:57
Asokoro,4.0,25000000,Duplex,Detached Duplex,Naf Valley Estate Asokoro Asokoro Abuja,2026-06-01 11:42:57
Guzape,4.0,30000000,Duplex,Detached Duplex,Guzape Abuja,2026-06-01 11:43:03
Idu,1.0,3000000,Apartment,Apartment,Close To Turkish Hospital Idu Abuja,2026-06-01 11:43:03
Wuse,5.0,40000000,Duplex,Terraced Duplex,An Estate Wuse 2 Abuja,2026-06-01 11:43:03
Wuse,5.0,40000000,Duplex,Terraced Duplex,An Estate Wuse 2 Abuja,2026-06-01 11:43:03
Katampe,4.0,15000000,Duplex,Terraced Duplex,Katampe Main Abuja,2026-06-01 11:43:03
Katampe,4.0,18000000,Duplex,Terraced Duplex,Katampe Main By Nicon Katampe Main Abuja,2026-06-01 11:43:03
Katampe,3.0,8000000,Apartment,Apartment,"Katampe Main, Abuja Katampe Main Abuja",2026-06-01 11:43:03
Gwarinpa,1.0,3000000,Apartment,Apartment,Gwarinpa Abuja,2026-06-01 11:43:03
Guzape,3.0,10000000,Apartment,Apartment,Guzape Guzape Abuja,2026-06-01 11:43:03
Gwarinpa,1.0,2500000,Apartment,Apartment,Gwarinpa Gwarinpa Abuja,2026-06-01 11:43:03
Maitama,1.0,1500000,Apartment,Self Contain,Maitama Abuja,2026-06-01 11:43:03
Gaduwa,4.0,8000000,Duplex,Terraced Duplex,Gaduwa Abuja,2026-06-01 11:43:03
Asokoro,1.0,7000000,Bungalow,Detached Bungalow,Asokoro Asokoro Abuja,2026-06-01 11:43:03
Maitama,7.0,90000000,Duplex,Detached Duplex,Maitama Maitama Abuja,2026-06-01 11:43:03
Utako,6.0,40000000,Duplex,Detached Duplex,Utako Abuja,2026-06-01 11:43:03
Wuse,3.0,13000000,Apartment,Apartment,Wuse 2 Abuja,2026-06-01 11:43:03
Gwarinpa,1.0,1800000,Apartment,Self Contain,Gwarinpa Gwarinpa Abuja,2026-06-01 11:43:03
Asokoro,3.0,12500000,Duplex,Terraced Duplex,"Admiralty Estate, Asokoro Abuja",2026-06-01 11:43:03
Asokoro,1.0,6500000,Apartment,Apartment,Asokoro Main Asokoro Abuja,2026-06-01 11:43:03
Maitama,3.0,61669350,Apartment,Apartment,Maitama By Fruit Market Maitama Abuja,2026-06-01 11:43:11
Jabi,3.0,13000000,Duplex,Terraced Duplex,Jabi Abuja,2026-06-01 11:43:11
Guzape,4.0,15000000,Duplex,Terraced Duplex,Guzape Guzape Abuja,2026-06-01 11:43:11
Guzape,4.0,15000000,Duplex,Terraced Duplex,Guzape Guzape Abuja,2026-06-01 11:43:11
Life Camp,3.0,5500000,Apartment,Apartment,Lifecamp Life Camp Abuja,2026-06-01 11:43:11
Wuse,5.0,45000000,Duplex,Detached Duplex,"Wuse2, Abuja. Wuse 2 Abuja",2026-06-01 11:43:11
Asokoro,1.0,2500000,Apartment,Self Contain,Naf Valley Estate Asokoro Abuja,2026-06-01 11:43:11
Asokoro,1.0,2200000,Apartment,Self Contain,Naf Valley Estate Asokoro Abuja,2026-06-01 11:43:11
Guzape,5.0,15000000,Duplex,Terraced Duplex,Guzape Guzape Abuja,2026-06-01 11:43:11
Wuye,1.0,2750000,Apartment,Self Contain,Wuye Wuye Abuja,2026-06-01 11:43:11
Jabi,4.0,19000000,Duplex,Terraced Duplex,Jabi Abuja Jabi Abuja,2026-06-01 11:43:11
Gwarinpa,1.0,1600000,Apartment,Self Contain,Gwarimpa Extension Gwarinpa Abuja,2026-06-01 11:43:11
Gwarinpa,1.0,1500000,Apartment,Self Contain,Gwarimpa Extension Gwarinpa Abuja,2026-06-01 11:43:11
Katampe,4.0,25000000,Duplex,Terraced Duplex,Diplomatic Zone Katampe Extension Katampe Abuja,2026-06-01 11:43:11
Jahi,3.0,12500000,Apartment,Apartment,"Jahi District, By Gilmore Construction. Jahi Abuja",2026-06-01 11:43:11
Life Camp,4.0,25000000,Duplex,Semi-Detached Duplex,"Lifecamp District, Life Camp Abuja",2026-06-01 11:43:11
Guzape,4.0,30000000,Duplex,Terraced Duplex,Guzape Guzape Abuja,2026-06-01 11:43:11
Guzape,4.0,30000000,Duplex,Detached Duplex,Guzape Abuja,2026-06-01 11:43:19
Guzape,4.0,30000000,Duplex,Terraced Duplex,Guzape Guzape Abuja,2026-06-01 11:43:19
Wuse,10.0,50000000,Duplex,Detached Duplex,Wuse Zone 3 Wuse 1 Abuja,2026-06-01 11:43:19
Life Camp,2.0,4200000,Apartment,Apartment,Berger Clinic Life Camp Abuja,2026-06-01 11:43:19
Katampe,4.0,20000000,Duplex,Detached Duplex,Diplomatic Zone Katampe Abuja,2026-06-01 11:43:19
Gwarinpa,3.0,8000000,Apartment,Apartment,6th Avenue Gwarimpa Gwarinpa Abuja,2026-06-01 11:43:19
Katampe,3.0,7000000,Apartment,Apartment,Katampe Extension Katampe Abuja,2026-06-01 11:43:19
Asokoro,4.0,25000000,Duplex,Detached Duplex,Asokoro Abuja,2026-06-01 11:43:19
Life Camp,4.0,10000000,Duplex,Terraced Duplex,Main Life Camp Abuja,2026-06-01 11:43:19
Life Camp,2.0,4500000,Apartment,Apartment,"In An Estate Lifecamp, Abuja Life Camp Abuja",2026-06-01 11:43:19
Mabushi,3.0,8000000,Apartment,Apartment,Mabushi Abuja,2026-06-01 11:43:19
Gwarinpa,1.0,1700000,Apartment,Self Contain,Main Gwarinpa Abuja,2026-06-01 11:43:19
Guzape,5.0,13500000,Duplex,Terraced Duplex,Guzape Guzape Abuja,2026-06-01 11:43:19
Gwarinpa,1.0,1900000,Apartment,Self Contain,Gwarinpa Gwarinpa Abuja,2026-06-01 11:43:19
Jabi,3.0,7000000,Apartment,Apartment,Jabi Abuja,2026-06-01 11:43:19
Jabi,3.0,8000000,Apartment,Apartment,Jabi Jabi Abuja,2026-06-01 11:43:19
Wuye,1.0,2500000,Apartment,Self Contain,Wuye Wuye Abuja,2026-06-01 11:43:19
Asokoro,1.0,3000000,Apartment,Self Contain,Asokoro Main Asokoro Abuja,2026-06-01 11:43:19
Maitama,4.0,30000000,Duplex,Terraced Duplex,Maitama Abuja,2026-06-01 11:43:19
Apo,4.0,15000000,Duplex,Semi-Detached Duplex,Near Cedar Crest Hospital Apo Apo Abuja,2026-06-01 11:43:19
Wuse,4.0,30000000,Duplex,Semi-Detached Duplex,Wuse Zone Abuja Wuse 1 Abuja,2026-06-01 11:43:19
Maitama,3.0,61669350,Apartment,Apartment,Maitama By Fruit Market Maitama Abuja,2026-06-01 11:43:27
Life Camp,4.0,15000000,Duplex,Terraced Duplex,"Lifecamp District, Life Camp Abuja",2026-06-01 11:43:27
Maitama,4.0,30000000,Duplex,Terraced Duplex,Off Ibb Way ( Video Is Available) Maitama Abuja,2026-06-01 11:43:27
Utako,1.0,2000000,Apartment,Self Contain,Utako Utako Abuja,2026-06-01 11:43:27
Gwarinpa,4.0,12000000,Duplex,Detached Duplex,In An Estate Gwarinpa Gwarinpa Abuja,2026-06-01 11:43:27
Guzape,4.0,13000000,Duplex,Terraced Duplex,Guzape Guzape Abuja,2026-06-01 11:43:27
Kukwaba,2.0,7500000,Apartment,Apartment,Apex Garden Estate Kukwaba Abuja,2026-06-01 11:43:27
Wuse,5.0,28000000,Duplex,Terraced Duplex,Zone Wuse 1 Abuja,2026-06-01 11:43:27
Asokoro,3.0,14000000,Duplex,Terraced Duplex,Naf Valley Estate Asokoro Asokoro Abuja,2026-06-01 11:43:27
Life Camp,3.0,10000000,Duplex,Terraced Duplex,Life Camp Abuja,2026-06-01 11:43:27
Gwarinpa,4.0,8000000,Duplex,Detached Duplex,Off 3rd Avenue Gwarinpa Abuja,2026-06-01 11:43:27
Asokoro,2.0,7000000,Apartment,Apartment,Naf Valley Estate Asokoro Abuja,2026-06-01 11:43:27
Lokogoma,3.0,6000000,Bungalow,Detached Bungalow,"Sunnyvale Estate, Lokogoma Abuja",2026-06-01 11:43:27
Guzape,5.0,25000000,Duplex,Semi-Detached Duplex,Guzape Guzape Abuja,2026-06-01 11:43:27
Jahi,1.0,6000000,Apartment,Apartment,Jahi Abuja,2026-06-01 11:43:27
Asokoro,4.0,20000000,Duplex,Semi-Detached Duplex,"Naf Valley Estate, Asokoro Abuja",2026-06-01 11:43:27
Wuse,4.0,25000000,Duplex,Terraced Duplex,Wuse 2 Abuja Wuse 2 Abuja,2026-06-01 11:43:27
Jahi,2.0,8500000,Apartment,Apartment,Jahi Jahi Abuja,2026-06-01 11:43:27
Asokoro,4.0,30000000,Duplex,Detached Duplex,Admiralty Estate (navy Estate) Asokoro Abuja,2026-06-01 11:43:27
Maitama,3.0,61669350,Apartment,Apartment,Maitama By Fruit Market Maitama Abuja,2026-06-01 11:43:35
Maitama,1.0,2000000,Apartment,Self Contain,Maitama Maitama Abuja,2026-06-01 11:43:35
Gwarinpa,1.0,1500000,Apartment,Self Contain,Gwarinpa Gwarinpa Abuja,2026-06-01 11:43:35
Asokoro,3.0,8000000,Apartment,Apartment,Asokoro Abuja,2026-06-01 11:43:35
Gwarinpa,1.0,1500000,Apartment,Self Contain,Gwarinpa Abuja,2026-06-01 11:43:35
Asokoro,3.0,12000000,Duplex,Terraced Duplex,Asokoro Main Asokoro Abuja,2026-06-01 11:43:35
Asokoro,5.0,100000000,Duplex,Detached Duplex,Asokoro Asokoro Abuja,2026-06-01 11:43:35
Guzape,4.0,35000000,Duplex,Detached Duplex,Guzape Guzape Abuja,2026-06-01 11:43:35
Wuse,5.0,40000000,Duplex,Terraced Duplex,An Estate Wuse 2 Abuja,2026-06-01 11:43:35
Kubwa,2.0,3500000,Apartment,Apartment,Kubwa Abuja,2026-06-01 11:43:35
Guzape,2.0,8000000,Duplex,Detached Duplex,Guzape Abuja,2026-06-01 11:43:35
Kubwa,1.0,1500000,Apartment,Apartment,Arab Road Kubwa Kubwa Abuja,2026-06-01 11:43:35
Wuye,1.0,3500000,Apartment,Apartment,Wuye Wuye Abuja,2026-06-01 11:43:35
Wuse,4.0,30000000,Duplex,Semi-Detached Duplex,Wuse Wuse 1 Abuja,2026-06-01 11:43:35
Mabushi,5.0,12000000,Duplex,Terraced Duplex,Mabushi District Abuja Mabushi Abuja,2026-06-01 11:43:35
Gwarinpa,1.0,1800000,Apartment,Self Contain,Gwarinpa Gwarinpa Abuja,2026-06-01 11:43:35
Gwarinpa,1.0,1000000,Apartment,Self Contain,Gwarinpa Abuja,2026-06-01 11:43:35
Maitama,3.0,61669350,Apartment,Apartment,Maitama By Fruit Market Maitama Abuja,2026-06-01 11:43:42
Asokoro,2.0,6000000,Apartment,Apartment,Asokoro Asokoro Abuja,2026-06-01 11:43:42
Wuse,3.0,25000000,Bungalow,Detached Bungalow,Wuse Zone 3 Wuse 1 Abuja,2026-06-01 11:43:42
Guzape,3.0,10000000,Apartment,Apartment,Guzape Abuja,2026-06-01 11:43:42
Wuse,2.0,6000000,Apartment,Apartment,Wuse 2 Abuja,2026-06-01 11:43:42
Life Camp,3.0,4500000,Apartment,Apartment,"In An Estate Lifecamp, Abuja Life Camp Abuja",2026-06-01 11:43:42
Asokoro,1.0,2000000,Apartment,Self Contain,"Naf Valley Estate, Asokoro Abuja",2026-06-01 11:43:42
Life Camp,3.0,8000000,Apartment,Apartment,Paradise Estate 1 Lifecamp Life Camp Abuja,2026-06-01 11:43:42
Asokoro,2.0,10000000,Apartment,Apartment,Asokoro Asokoro Abuja,2026-06-01 11:43:42
Maitama,5.0,60000000,Duplex,Detached Duplex,Maitama Maitama Abuja,2026-06-01 11:43:42
Durumi,3.0,7000000,Apartment,Apartment,Durumi By American International... Durumi Abuja,2026-06-01 11:43:42
Garki,3.0,8000000,Apartment,Apartment,Garki2 Garki 2 Abuja,2026-06-01 11:43:42
Asokoro,4.0,20000000,Duplex,Terraced Duplex,Asokoro Asokoro Abuja,2026-06-01 11:43:42
Life Camp,3.0,5500000,Apartment,Apartment,By Berger Clinic Life Camp Abuja,2026-06-01 11:43:42
Lugbe,4.0,10000000,Duplex,Detached Duplex,River Park Estate Lugbe Lugbe Abuja,2026-06-01 11:43:42
Asokoro,1.0,2500000,Apartment,Self Contain,Asokoro Abuja,2026-06-01 11:43:42
Life Camp,2.0,4000000,Apartment,Apartment,Life Camp Abuja,2026-06-01 11:43:42
Gwarinpa,1.0,2000000,Apartment,Apartment,"In An Estate Gwarinpa Extension, Abuja Gwarinpa Abuja",2026-06-01 11:43:42
Apo,4.0,10000000,Duplex,Terraced Duplex,"Apo Gudu District,( By Cedarcrest Hospital) Apo Abuja",2026-06-01 11:43:42
Guzape,4.0,30000000,Duplex,Detached Duplex,Guzape Abuja,2026-06-01 11:43:51
Asokoro,4.0,18000000,Duplex,Semi-Detached Duplex,Naf Estate Asokoro Abuja,2026-06-01 11:43:51
Wuse,1.0,1800000,Apartment,Self Contain,"Wuse Zone, Wuse 1 Abuja",2026-06-01 11:43:51
Kubwa,2.0,2500000,Bungalow,Detached Bungalow,2/1 Kubwa Abuja,2026-06-01 11:43:51
Life Camp,4.0,8000000,Duplex,Semi-Detached Duplex,"In An Estate Lifecamp,abuja Life Camp Abuja",2026-06-01 11:43:51
Asokoro,1.0,7000000,Apartment,Apartment,Asokoro Abuja,2026-06-01 11:43:51
Kubwa,1.0,1500000,Apartment,Apartment,Arab Road Kubwa Kubwa Abuja,2026-06-01 11:43:51
Gwarinpa,1.0,3000000,Apartment,Apartment,Gwarinpa Gwarinpa Abuja,2026-06-01 11:43:51
Wuse,4.0,30000000,Bungalow,Detached Bungalow,Wuse Zone 2 Wuse 1 Abuja,2026-06-01 11:43:51
Maitama,5.0,30000000,Duplex,Detached Duplex,Maitama Abuja Maitama Abuja,2026-06-01 11:43:51
Wuse,1.0,2000000,Apartment,Self Contain,Wuse 1 Abuja,2026-06-01 11:43:51
Jahi,4.0,15000000,Duplex,Terraced Duplex,Jahi Abuja,2026-06-01 11:43:51
Life Camp,4.0,8500000,Duplex,Terraced Duplex,In An Estate Around Godab Life Camp Abuja,2026-06-01 11:43:51
Life Camp,2.0,4500000,Apartment,Apartment,"In An Estate Lifecamp, Abuja Life Camp Abuja",2026-06-01 11:43:51
Maitama,4.0,40000000,Duplex,Semi-Detached Duplex,"Minster Hill, Maitama, Abuja Maitama Abuja",2026-06-01 11:43:51
Lokogoma,4.0,8000000,Duplex,Semi-Detached Duplex,Lokogoma District Abuja. Lokogoma Abuja,2026-06-01 11:43:51
Life Camp,2.0,8000000,Apartment,Apartment,"Lifecamp, Abuja Life Camp Abuja",2026-06-01 11:43:51
Wuse,4.0,30000000,Duplex,Semi-Detached Duplex,"Wuse Zone 4, Wuse 1 Abuja",2026-06-01 11:43:51
Life Camp,2.0,6000000,Apartment,Apartment,"Billard Estate, Life Camp Abuja",2026-06-01 11:43:51
Guzape,4.0,30000000,Duplex,Detached Duplex,Guzape Abuja,2026-06-01 11:43:57
Katampe,4.0,18000000,Duplex,Terraced Duplex,Katampe Extension Katampe Abuja,2026-06-01 11:43:57
Katampe,4.0,22000000,Duplex,Terraced Duplex,"Diplomatic Zone, Katampe Extension Katampe Abuja",2026-06-01 11:43:57
Life Camp,4.0,20000000,Duplex,Terraced Duplex,After The Magistrate Court. Life Camp Abuja,2026-06-01 11:43:57
Asokoro,7.0,130000000,Duplex,Detached Duplex,Asokoro Abuja Asokoro Abuja,2026-06-01 11:43:57
Katampe,4.0,16000000,Duplex,Terraced Duplex,Katampe Main District Abuja. Katampe Main Abuja,2026-06-01 11:43:57
Asokoro,4.0,20000000,Duplex,Terraced Duplex,Naf Valley Estate Asokoro Abuja,2026-06-01 11:43:57
Gwarinpa,1.0,1500000,Apartment,Self Contain,Gwarinpa Abuja,2026-06-01 11:43:57
Asokoro,4.0,40000000,Duplex,Detached Duplex,Asokoro Abuja,2026-06-01 11:43:57
Garki,5.0,14000000,Duplex,Terraced Duplex,Garki2 Garki 2 Abuja,2026-06-01 11:43:57
Asokoro,3.0,15000000,Apartment,Apartment,"Admiralty Estate, Asokoro Abuja",2026-06-01 11:43:57
Wuse,4.0,25000000,Duplex,Terraced Duplex,Wuse Zone4 Wuse 1 Abuja,2026-06-01 11:43:57
Gwarinpa,2.0,5000000,Apartment,Apartment,Off 3rd Avenue Gwarinpa Abuja,2026-06-01 11:43:57
Life Camp,4.0,10000000,Duplex,Terraced Duplex,In An Estate Around Godab Life Camp Abuja,2026-06-01 11:43:57
Asokoro,5.0,30000000,Duplex,Detached Duplex,Admiralty Estate Asokoro Abuja,2026-06-01 11:43:57
Maitama,3.0,61669350,Apartment,Apartment,Maitama By Fruit Market Maitama Abuja,2026-06-01 11:44:03
Maitama,1.0,3000000,Apartment,Apartment,Maitama Maitama Abuja,2026-06-01 11:44:03
Life Camp,1.0,1500000,Apartment,Self Contain,Life Camp Abuja,2026-06-01 11:44:03
Wuse,1.0,4000000,Apartment,Apartment,Wuse Zone 6 Wuse 1 Abuja,2026-06-01 11:44:03
Life Camp,4.0,9000000,Duplex,Terraced Duplex,Life Camp Abuja,2026-06-01 11:44:03
Gwarinpa,1.0,1000000,Apartment,Self Contain,Gwarinpa Abuja,2026-06-01 11:44:03
Mabushi,1.0,1500000,Apartment,Self Contain,Mabushi Mabushi Abuja,2026-06-01 11:44:03
Asokoro,1.0,4000000,Apartment,Apartment,Naf Valley Estate Asokoro Asokoro Abuja,2026-06-01 11:44:03
Gwarinpa,4.0,10000000,Duplex,Detached Duplex,Gwarinpa Abuja,2026-06-01 11:44:03
Wuse,5.0,40000000,Duplex,Terraced Duplex,An Estate Wuse 2 Abuja,2026-06-01 11:44:03
Gwarinpa,1.0,2500000,Apartment,Apartment,Gwarinpa Abuja,2026-06-01 11:44:03
Asokoro,4.0,15000000,Duplex,Terraced Duplex,"Navy Estate, Asokoro Abuja",2026-06-01 11:44:03
Wuse,4.0,30000000,Duplex,Detached Duplex,Wuse Zone 1 Wuse 1 Abuja,2026-06-01 11:44:03
Life Camp,5.0,25000000,Duplex,Detached Duplex,Lifecamp District Abuja ( Video Of The House Is (available) Life Camp Abuja,2026-06-01 11:44:03
Wuse,3.0,10000000,Apartment,Apartment,"Wuse Zone 6, Wuse 1 Abuja",2026-06-01 11:44:03
Wuse,3.0,15000000,Apartment,Apartment,Wuse 2 Abuja,2026-06-01 11:44:03
Wuse,2.0,7500000,Apartment,Apartment,Wuse2 Wuse 2 Abuja,2026-06-01 11:44:03
Life Camp,2.0,4500000,Apartment,Apartment,"After Berger Clinic, Life Camp Abuja",2026-06-01 11:44:03
Guzape,4.0,30000000,Duplex,Detached Duplex,Guzape Abuja,2026-06-01 11:44:12
Wuse,3.0,12000000,Apartment,Apartment,Wuse2 Wuse 2 Abuja,2026-06-01 11:44:12
Asokoro,1.0,2000000,Apartment,Self Contain,Asokoro Asokoro Abuja,2026-06-01 11:44:12
Wuye,1.0,2000000,Apartment,Self Contain,Wuye Abuja,2026-06-01 11:44:12
Wuye,4.0,15000000,Duplex,Detached Duplex,Close To Family Worship Wuye Abuja,2026-06-01 11:44:12
Wuye,2.0,7000000,Apartment,Apartment,Wuye Main Wuye Abuja,2026-06-01 11:44:12
Life Camp,4.0,7000000,Duplex,Detached Duplex,Life Camp Life Camp Abuja,2026-06-01 11:44:12
Mabushi,4.0,25000000,Duplex,Semi-Detached Duplex,Mabushi Mabushi Abuja,2026-06-01 11:44:12
Jabi,2.0,6000000,Apartment,Apartment,Jabi Main Jabi Abuja,2026-06-01 11:44:12
Mabushi,3.0,12000000,Apartment,Apartment,Mabushi Mabushi Abuja,2026-06-01 11:44:12
Maitama,5.0,50000000,Duplex,Semi-Detached Duplex,Maitama Main Maitama Abuja,2026-06-01 11:44:12
Guzape,3.0,7000000,Apartment,Apartment,Guzape Fha Guzape Abuja,2026-06-01 11:44:12
Mabushi,1.0,4000000,Apartment,Apartment,Mabushi Mabushi Abuja,2026-06-01 11:44:12
Asokoro,2.0,10000000,Bungalow,Detached Bungalow,Diplomatic Zone Asokoro Abuja,2026-06-01 11:44:12
Wuse,3.0,8000000,Apartment,Apartment,Around Aminu Kano Crescent Wuse 2 Wuse 2 Abuja,2026-06-01 11:44:12
Kubwa,2.0,2700000,Duplex,Terraced Duplex,"Ushafa Scc Road, Kubwa Abuja",2026-06-01 11:44:12
Galadimawa,2.0,4500000,Apartment,Apartment,Galadimawa Galadimawa Abuja,2026-06-01 11:44:12
Mabushi,4.0,15000000,Duplex,Terraced Duplex,Mabushi Mabushi Abuja,2026-06-01 11:44:12
Idu,3.0,6000000,Apartment,Apartment,Idu By Turkish Hospital Idu Abuja,2026-06-01 11:44:12
Galadimawa,4.0,13000000,Duplex,Detached Duplex,In An Estate Galadimawa Abuja,2026-06-01 11:44:12
Maitama,3.0,61669350,Apartment,Apartment,Maitama By Fruit Market Maitama Abuja,2026-06-01 11:44:18
Wuye,2.0,7000000,Apartment,Apartment,Wuye Main Wuye Abuja,2026-06-01 11:44:18
Kado,3.0,7000000,Apartment,Apartment,Kado Next Cash And Carry Kado Abuja,2026-06-01 11:44:18
Idu,4.0,15000000,Duplex,Detached Duplex,By Nizamiye Hospital Idu Abuja,2026-06-01 11:44:18
Mabushi,3.0,8000000,Apartment,Apartment,Mabushi Mabushi Abuja,2026-06-01 11:44:18
Galadimawa,1.0,3000000,Apartment,Apartment,In An Estate Galadimawa Abuja,2026-06-01 11:44:18
Gwarinpa,1.0,3200000,Apartment,Apartment,Dawaki By News Engineering Gwarinpa Abuja,2026-06-01 11:44:18
Gwarinpa,1.0,3000000,Apartment,Apartment,Dawaki By News Engineering Gwarinpa Abuja,2026-06-01 11:44:18
Durumi,2.0,4500000,Apartment,Apartment,Durumi District Durumi Abuja,2026-06-01 11:44:18
Wuye,1.0,5000000,Apartment,Apartment,Wuye Main Wuye Abuja,2026-06-01 11:44:18
Garki,2.0,5000000,Apartment,Apartment,Area 11 Garki 1 Abuja,2026-06-01 11:44:18
Apo,1.0,2000000,Apartment,Self Contain,Apo Legislative Qtrs Apo Abuja,2026-06-01 11:44:18
Jahi,4.0,25000000,Duplex,Terraced Duplex,Jahi Gilmore Jahi Abuja,2026-06-01 11:44:18
Life Camp,4.0,15000000,Duplex,Terraced Duplex,Life Camp Main Life Camp Abuja,2026-06-01 11:44:18
Mabushi,4.0,12000000,Duplex,Terraced Duplex,Mabushi Mabushi Abuja,2026-06-01 11:44:18
Gwarinpa,2.0,5000000,Apartment,Apartment,Dawaki News Engineering Road Gwarinpa Abuja,2026-06-01 11:44:18
Life Camp,2.0,5000000,Duplex,Terraced Duplex,Life Camp Life Camp Abuja,2026-06-01 11:44:18
Lugbe,2.0,4000000,Duplex,Detached Duplex,Von Road Lugbe Lugbe Abuja,2026-06-01 11:44:18
Life Camp,1.0,1500000,Apartment,Apartment,By Ghana Intl School Life Camp Abuja,2026-06-01 11:44:18
Gwarinpa,3.0,7000000,Duplex,Terraced Duplex,Gwarinpa Abuja,2026-06-01 11:44:18
Maitama,3.0,61669350,Apartment,Apartment,Maitama By Fruit Market Maitama Abuja,2026-06-01 11:44:24
Mabushi,4.0,12000000,Apartment,Apartment,Mabushi Mabushi Abuja,2026-06-01 11:44:24
Garki,2.0,6000000,Apartment,Apartment,Area 11 Garki 1 Abuja,2026-06-01 11:44:24
Durumi,3.0,6000000,Apartment,Apartment,Durumi Durumi Abuja,2026-06-01 11:44:24
Katampe,2.0,3000000,Apartment,Apartment,"Katampe Main By Nicon Junction, Katampe Main Abuja",2026-06-01 11:44:24
Utako,4.0,15000000,Duplex,Semi-Detached Duplex,Utako District Utako Abuja,2026-06-01 11:44:24
Jahi,2.0,4500000,Apartment,Apartment,Jahi District By Aduve Jahi Abuja,2026-06-01 11:44:24
Wuse,2.0,4000000,Apartment,Apartment,Wuse 1 Abuja,2026-06-01 11:44:24
Mabushi,2.0,14500000,Apartment,Apartment,Mabushi District Mabushi Abuja,2026-06-01 11:44:24
Wuse,2.0,4000000,Apartment,Apartment,Wuse Zone1 Zone 1 Wuse 1 Abuja,2026-06-01 11:44:24
Katampe,3.0,3000000,Apartment,Apartment,Katampe Main Katampe Main Abuja,2026-06-01 11:44:24
Jabi,4.0,15000000,Duplex,Semi-Detached Duplex,Jabi District Jabi Abuja,2026-06-01 11:44:24
Utako,3.0,8000000,Apartment,Apartment,Utako District Utako Abuja,2026-06-01 11:44:24
Jabi,3.0,30000000,Apartment,Apartment,Jabi Jabi Abuja,2026-06-01 11:44:24
Katampe,4.0,15000000,Duplex,Terraced Duplex,Katampe Main Katampe Main Abuja,2026-06-01 11:44:24
Utako,1.0,4500000,Apartment,Apartment,Utako District Utako Abuja,2026-06-01 11:44:24
Wuye,3.0,7500000,Apartment,Apartment,Wuye Abuja,2026-06-01 11:44:24
Wuse,1.0,4500000,Apartment,Apartment,Wuse2 Wuse 2 Abuja,2026-06-01 11:44:24
Mabushi,4.0,15000000,Duplex,Terraced Duplex,By V I O Mabushi Abuja,2026-06-01 11:44:24
Maitama,3.0,61669350,Apartment,Apartment,Maitama By Fruit Market Maitama Abuja,2026-06-01 11:44:31
Wuse,3.0,15000000,Bungalow,Detached Bungalow,Wuse Zone6 Wuse 1 Abuja,2026-06-01 11:44:31
Katampe,3.0,9000000,Apartment,Apartment,Katampe Main By Aso Radio Katampe Main Abuja,2026-06-01 11:44:31
Guzape,4.0,30000000,Duplex,Terraced Duplex,Guzape District Guzape Abuja,2026-06-01 11:44:31
Maitama,4.0,35000000,Duplex,Detached Duplex,Maitama Abuja,2026-06-01 11:44:31
Maitama,5.0,80000000,Duplex,Detached Duplex,Maitama Abuja,2026-06-01 11:44:31
Kado,4.0,20000000,Duplex,Terraced Duplex,Kado Abuja,2026-06-01 11:44:31
Apo,3.0,10000000,Duplex,Terraced Duplex,"Cedar Crest Hospital, Apo Fct Abuja. Zone B Apo Abuja",2026-06-01 11:44:31
Wuse,3.0,40000000,Apartment,Apartment,"Wuse 2 District Fct, Wuse 2 Abuja",2026-06-01 11:44:31
Jahi,3.0,10000000,Apartment,Apartment,Gilmore District Jahi Abuja,2026-06-01 11:44:31
Mabushi,3.0,10000000,Apartment,Apartment,Mabushi Abuja,2026-06-01 11:44:31
Asokoro,2.0,7000000,Duplex,Terraced Duplex,"Naf Valley Estate, Asokoro Fct Abuja. Asokoro Abuja",2026-06-01 11:44:31
Katampe,5.0,25000000,Duplex,Detached Duplex,Extention Katampe Extension Katampe Abuja,2026-06-01 11:44:31
Guzape,4.0,17000000,Duplex,Terraced Duplex,Guzape Main Guzape Abuja,2026-06-01 11:44:31
Guzape,3.0,13000000,Apartment,Apartment,Guzape Main Guzape Abuja,2026-06-01 11:44:31
Guzape,4.0,15000000,Duplex,Detached Duplex,Guzape Main Guzape Abuja,2026-06-01 11:44:31
Guzape,4.0,16000000,Duplex,Detached Duplex,Guzape Main Guzape Abuja,2026-06-01 11:44:31
Guzape,4.0,25000000,Duplex,Detached Duplex,Guzape Main Guzape Abuja,2026-06-01 11:44:31
Asokoro,3.0,15000000,Bungalow,Detached Bungalow,Asokoro Main Asokoro Abuja,2026-06-01 11:44:31
Mabushi,4.0,11000000,Duplex,Detached Duplex,In A Mini Estate Mabushi Abuja,2026-06-01 11:44:31
Wuye,4.0,30000000,Duplex,Detached Duplex,Wuye Main In A Mini Estate Wuye Abuja,2026-06-01 11:44:31
Guzape,4.0,30000000,Duplex,Detached Duplex,Guzape Abuja,2026-06-01 11:44:38
Guzape,4.0,40000000,Duplex,Detached Duplex,Guzape Main Guzape Abuja,2026-06-01 11:44:38
Maitama,4.0,40000000,Duplex,Detached Duplex,Maitama Main Maitama Abuja,2026-06-01 11:44:38
Jahi,3.0,15000000,Apartment,Apartment,Jahi Abuja,2026-06-01 11:44:38
Jahi,4.0,20000000,Duplex,Detached Duplex,Lakeview Jahi Jahi Abuja,2026-06-01 11:44:38
Guzape,4.0,15000000,Duplex,Terraced Duplex,Guzape By Hmedix Guzape Abuja,2026-06-01 11:44:38
Katampe,4.0,20000000,Duplex,Terraced Duplex,Katampe Extension Katampe Extension Katampe Abuja,2026-06-01 11:44:38
Guzape,8.0,80000000,Duplex,Detached Duplex,Guzape Main Guzape Abuja,2026-06-01 11:44:38
Guzape,5.0,25000000,Duplex,Terraced Duplex,Guzape Main Guzape Abuja,2026-06-01 11:44:38
Gaduwa,4.0,10000000,Duplex,Terraced Duplex,In An Estate Gaduwa Abuja,2026-06-01 11:44:38
Asokoro,5.0,40000000,Duplex,Detached Duplex,Asokoro Main Asokoro Abuja,2026-06-01 11:44:38
Guzape,4.0,25000000,Duplex,Semi-Detached Duplex,Guzape Main Guzape Abuja,2026-06-01 11:44:38
Asokoro,3.0,18000000,Duplex,Terraced Duplex,Naf Valley Asokoro Asokoro Abuja,2026-06-01 11:44:38
Garki,4.0,20000000,Duplex,Terraced Duplex,Garki Area One Axis Area 1 Garki 1 Abuja,2026-06-01 11:44:38
Apo,4.0,15000000,Duplex,Detached Duplex,Apo Legislative By Dme Apo Abuja,2026-06-01 11:44:38
Guzape,5.0,25000000,Duplex,Terraced Duplex,Guzape Main Mini Estate Guzape Abuja,2026-06-01 11:44:38
Guzape,4.0,30000000,Duplex,Terraced Duplex,Guzape Main Guzape Abuja,2026-06-01 11:44:38
Apo,4.0,12000000,Duplex,Terraced Duplex,Apo Legislative Zone B Apo Abuja,2026-06-01 11:44:38
Maitama,5.0,80000000,Duplex,Detached Duplex,Maitama Main Maitama Abuja,2026-06-01 11:44:38
Wuse,4.0,30000000,Duplex,Detached Duplex,Wuse 2 Abuja,2026-06-01 11:44:38
Maitama,3.0,61669350,Apartment,Apartment,Maitama By Fruit Market Maitama Abuja,2026-06-01 11:44:47
Jabi,3.0,15000000,Duplex,Detached Duplex,Jabi Abuja,2026-06-01 11:44:47
Apo,4.0,13000000,Duplex,Detached Duplex,Apo Lokogoma Axis By Copa Cabana Estate Apo Abuja,2026-06-01 11:44:47
Kado,4.0,20000000,Duplex,Terraced Duplex,Kado Abuja,2026-06-01 11:44:47
Lokogoma,3.0,6000000,Bungalow,Detached Bungalow,Lokogoma Abuja,2026-06-01 11:44:47
Kaura,3.0,8500000,Apartment,Apartment,Kaura (games Village) Abuja,2026-06-01 11:44:47
Wuse,4.0,35000000,Duplex,Semi-Detached Duplex,Wuse 2 Abuja,2026-06-01 11:44:47
Mabushi,4.0,15000000,Duplex,Terraced Duplex,Mabushi Abuja,2026-06-01 11:44:47
Life Camp,3.0,7000000,Duplex,Terraced Duplex,Life Camp Abuja,2026-06-01 11:44:47
Apo,4.0,10000000,Duplex,Semi-Detached Duplex,Apo Dutse Abuja,2026-06-01 11:44:47
Maitama,3.0,50000000,Duplex,Detached Duplex,Maitama Abuja,2026-06-01 11:44:47
Wuse,3.0,61669350,Apartment,Apartment,Wuse 2 Abuja,2026-06-01 11:44:47
Asokoro,6.0,45000000,Duplex,Detached Duplex,Asokoro Asokoro Abuja,2026-06-01 11:44:47
Apo,3.0,10000000,Duplex,Terraced Duplex,Apo Abuja,2026-06-01 11:44:47
Apo,4.0,6500000,Duplex,Terraced Duplex,Apo Resettlement Apo Abuja,2026-06-01 11:44:47
Guzape,4.0,30000000,Duplex,Detached Duplex,Guzape Abuja,2026-06-01 11:44:53
Idu,4.0,9000000,Duplex,Terraced Duplex,Idu Abuja,2026-06-01 11:44:53
Katampe,6.0,35000000,Duplex,Detached Duplex,Katampe Extension Katampe Abuja,2026-06-01 11:44:53
Lokogoma,4.0,6000000,Duplex,Detached Duplex,Lokogoma Abuja,2026-06-01 11:44:53
Jabi,6.0,25000000,Duplex,Detached Duplex,Jabi Abuja,2026-06-01 11:44:53
Durumi,3.0,5500000,Apartment,Apartment,Durumi Abuja,2026-06-01 11:44:53
Lokogoma,1.0,2500000,Apartment,Self Contain,Lokogoma Abuja,2026-06-01 11:44:53
Apo,4.0,10000000,Duplex,Semi-Detached Duplex,Apo Dutse Abuja,2026-06-01 11:44:53
Apo,4.0,10000000,Duplex,Terraced Duplex,Apo By Cedar Crest Apo Abuja,2026-06-01 11:44:53
Maitama,4.0,25000000,Duplex,Detached Duplex,Maitama Abuja,2026-06-01 11:44:53
Apo,4.0,6500000,Duplex,Terraced Duplex,Apo Legislative Apo Abuja,2026-06-01 11:44:53
Maitama,4.0,35000000,Duplex,Terraced Duplex,Maitama Abuja,2026-06-01 11:44:53
Asokoro,6.0,45000000,Duplex,Detached Duplex,Asokoro Abuja,2026-06-01 11:44:53
Asokoro,6.0,45000000,Duplex,Detached Duplex,Asokoro Asokoro Abuja,2026-06-01 11:44:53
Lugbe,2.0,3000000,Apartment,Apartment,Airport Road Lugbe Abuja,2026-06-01 11:44:53
Lugbe,4.0,7000000,Duplex,Detached Duplex,Nut Axis Lugbe Lugbe Abuja,2026-06-01 11:44:53
Lugbe,2.0,4000000,Apartment,Apartment,Along Von Garden Estate Road Lugbe Abuja,2026-06-01 11:44:53
Lugbe,4.0,7000000,Duplex,Terraced Duplex,Seaman Estate Lugbe Abuja,2026-06-01 11:44:53
Maitama,3.0,61669350,Apartment,Apartment,Maitama By Fruit Market Maitama Abuja,2026-06-01 11:45:01
Lugbe,3.0,6000000,Bungalow,Detached Bungalow,"Von Garden Estate, Lugbe Abuja",2026-06-01 11:45:01
Lugbe,3.0,3500000,Apartment,Apartment,Aso Estate Lugbe Lugbe Abuja,2026-06-01 11:45:01
Lugbe,3.0,5500000,Bungalow,Detached Bungalow,Along Von Garden Estate Road Lugbe Abuja,2026-06-01 11:45:01
Lugbe,4.0,6500000,Duplex,Detached Duplex,Along Von Garden Estate Road Lugbe Abuja,2026-06-01 11:45:01
Lugbe,3.0,4000000,Bungalow,Detached Bungalow,Pyakasa Lugbe Lugbe Abuja,2026-06-01 11:45:01
Lugbe,1.0,1000000,Apartment,Self Contain,Pyakasa Lugbe Abuja,2026-06-01 11:45:01
Lugbe,1.0,2000000,Apartment,Apartment,Pyakasa Lugbe Lugbe Abuja,2026-06-01 11:45:01
Lugbe,1.0,1500000,Apartment,Apartment,Fha Lugbe Lugbe Abuja,2026-06-01 11:45:01
Lugbe,3.0,5000000,Apartment,Apartment,"River Park Estate, Lugbe Abuja",2026-06-01 11:45:01
Lugbe,1.0,2000000,Apartment,Apartment,Pyakasa Lugbe Lugbe Abuja,2026-06-01 11:45:01
Lugbe,1.0,900000,Apartment,Self Contain,"Pyakasa, Lugbe Abuja",2026-06-01 11:45:01
Lugbe,2.0,2400000,Apartment,Apartment,Sauka New Site Estate Lugbe Abuja,2026-06-01 11:45:01
Lugbe,1.0,650000,Apartment,Self Contain,Fha Extension Lugbe Abuja,2026-06-01 11:45:01
Lugbe,4.0,6500000,Duplex,Detached Duplex,Behind Dunamis Glory Dome Church Lugbe Abuja,2026-06-01 11:45:01
Lugbe,2.0,2800000,Apartment,Apartment,"Fha, Lugbe Abuja",2026-06-01 11:45:01
Jahi,4.0,13000000,Duplex,Terraced Duplex,Jahi Gilmore Lugbe Abuja,2026-06-01 11:45:01
Lugbe,3.0,7500000,Duplex,Semi-Detached Duplex,"River Park Estate, Lugbe Abuja",2026-06-01 11:45:01
Lugbe,4.0,10000000,Duplex,Detached Duplex,Behind Shafa Filling Station Lugbe Lugbe Abuja,2026-06-01 11:45:01
Lugbe,4.0,10000000,Duplex,Detached Duplex,River Park Estate Lugbe Abuja,2026-06-01 11:45:01
Lugbe,4.0,6000000,Duplex,Detached Duplex,"Along Von Garden Estate Road, Lugbe Abuja",2026-06-01 11:45:01
Maitama,3.0,61669350,Apartment,Apartment,Maitama By Fruit Market Maitama Abuja,2026-06-01 11:45:08
Lugbe,4.0,10000000,Duplex,Detached Duplex,"River Park Estate, Lugbe Abuja",2026-06-01 11:45:08
Lugbe,1.0,1700000,Apartment,Apartment,Along Von Garden Estate Road Lugbe Abuja,2026-06-01 11:45:08
Lugbe,1.0,2500000,Apartment,Apartment,"Before Dunamis Glory Dome Church, Lugbe Abuja",2026-06-01 11:45:08
Lugbe,1.0,750000,Apartment,Self Contain,"Fha Extension, Lugbe Abuja",2026-06-01 11:45:08
Lugbe,2.0,2000000,Apartment,Apartment,Fha Lugbe Lugbe Abuja,2026-06-01 11:45:08
Lugbe,4.0,4500000,Duplex,Detached Duplex,Along Von Garden Estate Road Lugbe Abuja,2026-06-01 11:45:08
Lugbe,4.0,5500000,Duplex,Terraced Duplex,Along Von Garden Estate Road Lugbe Abuja,2026-06-01 11:45:08
Lugbe,3.0,4000000,Bungalow,Detached Bungalow,"Von Garden Estate, Lugbe Abuja",2026-06-01 11:45:08
Lugbe,3.0,4700000,Bungalow,Detached Bungalow,Kapua Lugbe Abuja,2026-06-01 11:45:08
Maitama,3.0,61669350,Apartment,Apartment,Maitama By Fruit Market Maitama Abuja,2026-06-01 11:45:08
Lugbe,1.0,2000000,Apartment,Apartment,Pyakasa Lugbe Lugbe Abuja,2026-06-01 11:45:08
Lugbe,1.0,850000,Apartment,Self Contain,Fha Extension Lugbe Lugbe Abuja,2026-06-01 11:45:08
Lugbe,2.0,3500000,Apartment,Apartment,Lugbe Abuja,2026-06-01 11:45:08
Lugbe,3.0,4500000,Apartment,Apartment,Along Von Garden Estate Road Lugbe Abuja,2026-06-01 11:45:08
Lugbe,4.0,5000000,Duplex,Terraced Duplex,"Opposite Dunamis Glory Dome Church, Lugbe Abuja",2026-06-01 11:45:08
Lugbe,1.0,700000,Apartment,Self Contain,Lugbe Abuja Lugbe Abuja,2026-06-01 11:45:08
Lugbe,3.0,3000000,Apartment,Apartment,Behind Dunamis Glory Dome Church Lugbe Abuja,2026-06-01 11:45:08
Lugbe,2.0,2200000,Apartment,Apartment,Fha Lugbe Abuja,2026-06-01 11:45:08
Lugbe,1.0,900000,Apartment,Self Contain,Fha Axis Lugbe Lugbe Abuja,2026-06-01 11:45:08
Lugbe,2.0,2000000,Apartment,Apartment,Fha Lugbe Lugbe Abuja,2026-06-01 11:45:08
Guzape,4.0,30000000,Duplex,Detached Duplex,Guzape Abuja,2026-06-01 11:45:15
Lugbe,4.0,200000000,Duplex,Detached Duplex,"Lugbe Airport Road, Lugbe Abuja",2026-06-01 11:45:15
Lugbe,1.0,1000000,Apartment,Self Contain,Pyakasa Lugbe Lugbe Abuja,2026-06-01 11:45:15
Lugbe,4.0,5000000,Duplex,Terraced Duplex,Along Von Garden Estate Road Lugbe Abuja,2026-06-01 11:45:15
Lugbe,4.0,4000000,Apartment,Apartment,Dunamis Glory Dome Axis Lugbe Abuja,2026-06-01 11:45:15
Lugbe,1.0,2000000,Apartment,Apartment,Pyakasa Lugbe Lugbe Abuja,2026-06-01 11:45:15
Lugbe,2.0,4000000,Apartment,Apartment,Nut Axis Lugbe Abuja,2026-06-01 11:45:15
Lugbe,2.0,4000000,Apartment,Apartment,"Behind Dunamis Glory Dome Church, Lugbe Abuja",2026-06-01 11:45:15
Lugbe,2.0,2000000,Apartment,Apartment,Crd Fha Lugbe Lugbe Abuja,2026-06-01 11:45:15
Lugbe,1.0,900000,Apartment,Self Contain,"Samaglobal Estate, Lugbe Abuja",2026-06-01 11:45:15
Lugbe,1.0,700000,Apartment,Self Contain,Fha Extension Lugbe Lugbe Abuja,2026-06-01 11:45:15
Lugbe,1.0,700000,Apartment,Self Contain,Peace Village Fha Lugbe Lugbe Abuja,2026-06-01 11:45:15
Lugbe,3.0,5000000,Bungalow,Detached Bungalow,"Von Garden Estate, Lugbe Abuja",2026-06-01 11:45:15
Mabushi,4.0,15000000,Duplex,Terraced Duplex,Mabushi Abuja,2026-06-01 11:45:15
Lugbe,2.0,5000000,Apartment,Apartment,River Park Estate Lugbe Abuja,2026-06-01 11:45:15
Lugbe,1.0,1000000,Apartment,Self Contain,"Fha, Lugbe Abuja",2026-06-01 11:45:15
Lugbe,1.0,1000000,Apartment,Self Contain,Fha Lugbe Abuja,2026-06-01 11:45:15
Lugbe,1.0,2000000,Apartment,Apartment,Pyakasa Lugbe Lugbe Abuja,2026-06-01 11:45:15
Lugbe,4.0,9000000,Duplex,Terraced Duplex,"River Park Estate, Lugbe Abuja",2026-06-01 11:45:15
Life Camp,4.0,13000000,Duplex,Terraced Duplex,Life Camp Abuja Life Camp Abuja,2026-06-01 11:45:15
Guzape,4.0,30000000,Duplex,Detached Duplex,Guzape Abuja,2026-06-01 11:45:22
Lugbe,2.0,5000000,Apartment,Apartment,River Park Estate Lugbe Abuja,2026-06-01 11:45:22
Lugbe,4.0,3500000,Bungalow,Detached Bungalow,Trade More Estate Lugbe Abuja,2026-06-01 11:45:22
Lugbe,1.0,2500000,Apartment,Apartment,Dunamis Glory Dome Church Axis Lugbe Abuja,2026-06-01 11:45:22
Lugbe,2.0,4000000,Apartment,Apartment,Dunamis Glory Dome Axis Lugbe Lugbe Abuja,2026-06-01 11:45:22
Lugbe,2.0,2200000,Apartment,Apartment,Crd Fha Lugbe Lugbe Abuja,2026-06-01 11:45:22
Lugbe,4.0,9000000,Duplex,Terraced Duplex,Nut Axis Lugbe Abuja,2026-06-01 11:45:22
Lugbe,2.0,3500000,Apartment,Apartment,Jedo/dunamis Area Lugbe Abuja,2026-06-01 11:45:22
Lugbe,4.0,8000000,Duplex,Detached Duplex,Nut Axis Behind Shafa Filling Station Lugbe Abuja,2026-06-01 11:45:22
Lugbe,4.0,5500000,Duplex,Terraced Duplex,Along Von Garden Estate Road Lugbe Abuja,2026-06-01 11:45:22
Lugbe,4.0,5000000,Duplex,Terraced Duplex,Lugbe Airport Road Lugbe Abuja,2026-06-01 11:45:22
Lugbe,5.0,5000000,Duplex,Detached Duplex,Seaman Estate Lugbe Abuja,2026-06-01 11:45:22
Lugbe,2.0,2500000,Bungalow,Detached Bungalow,Pyakasa Lugbe Lugbe Abuja,2026-06-01 11:45:22
Lugbe,4.0,6000000,Duplex,Terraced Duplex,"Seaman Estate, Lugbe Abuja",2026-06-01 11:45:22
Lugbe,2.0,6000000,Apartment,Apartment,River Park Estate Lugbe Abuja,2026-06-01 11:45:22
Lugbe,4.0,5000000,Duplex,Terraced Duplex,Along Von Garden Estate Road Lugbe Abuja,2026-06-01 11:45:22
Lugbe,1.0,850000,Apartment,Self Contain,Fha Extension Lugbe Lugbe Abuja,2026-06-01 11:45:22
Mabushi,4.0,25000000,Duplex,Detached Duplex,Mabushi Abuja,2026-06-01 11:45:22
Lugbe,3.0,7000000,Apartment,Apartment,Forth Royal Estate Lugbe Abuja,2026-06-01 11:45:22
Guzape,4.0,30000000,Duplex,Detached Duplex,Guzape Abuja,2026-06-01 11:45:31
Maitama,4.0,50000000,Duplex,Detached Duplex,Maitama Abuja,2026-06-01 11:45:31
Maitama,3.0,20000000,Apartment,Apartment,Maitama Abuja,2026-06-01 11:45:31
Maitama,4.0,45000000,Duplex,Semi-Detached Duplex,Maitama Abuja,2026-06-01 11:45:31
Asokoro,3.0,1800000000,Apartment,Apartment,Asokoro Abuja,2026-06-01 11:45:31
Idu,4.0,10000000,Apartment,Apartment,Idu Abuja,2026-06-01 11:45:31
Lugbe,2.0,4500000,Apartment,Apartment,River Park Estate Lugbe Abuja,2026-06-01 11:45:31
Idu,4.0,6500000,Apartment,Apartment,By Railway Idu Abuja,2026-06-01 11:45:31
Life Camp,4.0,15000000,Duplex,Terraced Duplex,Life Camp Abuja,2026-06-01 11:45:31
Wuye,5.0,30000000,Duplex,Detached Duplex,Wuye Abuja,2026-06-01 11:45:31
Life Camp,2.0,4500000,Apartment,Apartment,Life Camp Abuja,2026-06-01 11:45:31
Maitama,3.0,25000000,Apartment,Apartment,Aso Drive Maitama Abuja,2026-06-01 11:45:31
Mabushi,4.0,12000000,Duplex,Terraced Duplex,Vio Mabushi Abuja,2026-06-01 11:45:31
Maitama,3.0,61669350,Apartment,Apartment,Maitama By Fruit Market Maitama Abuja,2026-06-01 11:45:40
Kukwaba,2.0,7500000,Apartment,Apartment,Wonder Land Estate Kukwaba Abuja,2026-06-01 11:45:40
Jabi,2.0,25000000,Apartment,Apartment,Shoprite Jabi Abuja,2026-06-01 11:45:40
Lugbe,4.0,7000000,Duplex,Detached Duplex,Behind Dunamis Lugbe Abuja,2026-06-01 11:45:40
Wuse,5.0,25000000,Duplex,Terraced Duplex,"Wuse Zone, Wuse 1 Abuja",2026-06-01 11:45:40
Garki,2.0,3700000,Apartment,Apartment,Garki 1 Abuja,2026-06-01 11:45:40
Katampe,3.0,8000000,Apartment,Apartment,Katampe Main Abuja,2026-06-01 11:45:40
Garki,2.0,3700000,Apartment,Apartment,Garki 1 Abuja,2026-06-01 11:45:40
Maitama,3.0,61669350,Apartment,Apartment,Maitama By Fruit Market Maitama Abuja,2026-06-01 11:45:59
Wuse,2.0,7500000,Apartment,Apartment,Wuse 2 Abuja,2026-06-01 11:45:59
Katampe,4.0,30000000,Duplex,Terraced Duplex,Katampe Main Abuja,2026-06-01 11:45:59
Katampe,3.0,9000000,Apartment,Apartment,Tarred Road Katampe Main Abuja,2026-06-01 11:45:59
Katampe,3.0,7000000,Apartment,Apartment,Katampe Extension Katampe Abuja,2026-06-01 11:45:59
Life Camp,4.0,15000000,Duplex,Terraced Duplex,Life Camp Abuja,2026-06-01 11:45:59
Guzape,4.0,18000000,Duplex,Terraced Duplex,Guzape Abuja,2026-06-01 11:45:59
Maitama,3.0,61669350,Apartment,Apartment,Maitama By Fruit Market Maitama Abuja,2026-06-01 11:46:07
Kubwa,2.0,3000000,Duplex,Terraced Duplex,"F01 , Untarred Road Fo1 Layout Kubwa Abuja",2026-06-01 11:46:07
Idu,4.0,8000000,Duplex,Terraced Duplex,Estate Idu Abuja,2026-06-01 11:46:07
Kubwa,4.0,8000000,Duplex,Detached Duplex,By Military Pension Board Fo1 Layout Kubwa Abuja,2026-06-01 11:46:07
Kubwa,2.0,3000000,Apartment,Apartment,Fcda Kubwa Abuja,2026-06-01 11:46:07
Life Camp,2.0,6000000,Apartment,Apartment,Estate Life Camp Abuja,2026-06-01 11:46:07
Kubwa,2.0,4500000,Apartment,Apartment,Hillview Estate Kubwa Abuja,2026-06-01 11:46:07
Kubwa,2.0,3000000,Apartment,Apartment,Fo1 Layout Kubwa Abuja,2026-06-01 11:46:07
Guzape,4.0,35000000,Duplex,Terraced Duplex,Guzape Main Guzape Abuja,2026-06-01 11:46:07
Katampe,4.0,16000000,Duplex,Terraced Duplex,Katempe Extension Katampe Extension Katampe Abuja,2026-06-01 11:46:07
Kubwa,3.0,3500000,Apartment,Apartment,Nepa Road Kubwa Abuja,2026-06-01 11:46:07
Kubwa,4.0,8000000,Duplex,Terraced Duplex,F01 Tarred Road Kubwa Abuja,2026-06-01 11:46:07
Kubwa,2.0,2500000,Apartment,Apartment,F14 District Kubwa Abuja,2026-06-01 11:46:07
Kubwa,3.0,5000000,Bungalow,Detached Bungalow,Fcda Layout Kubwa Abuja,2026-06-01 11:46:07
Lugbe,4.0,7500000,Duplex,Terraced Duplex,Seaman Estate Lugbe Abuja,2026-06-01 11:46:07
Maitama,5.0,100000000,Duplex,Detached Duplex,Maitama Main Maitama Abuja,2026-06-01 11:46:07
Maitama,3.0,61669350,Apartment,Apartment,Maitama By Fruit Market Maitama Abuja,2026-06-01 11:46:15
Guzape,5.0,60000000,Duplex,Detached Duplex,Guzape Abuja,2026-06-01 11:46:15
Maitama,5.0,100000000,Duplex,Detached Duplex,Maitama Abuja,2026-06-01 11:46:15
Guzape,4.0,28000000,Duplex,Terraced Duplex,By Hmedix And Guzape Mall Guzape Abuja,2026-06-01 11:46:15
Guzape,4.0,25000000,Duplex,Terraced Duplex,By Hmedix And Guzape Mall Guzape Abuja,2026-06-01 11:46:15
Durumi,4.0,9000000,Duplex,Terraced Duplex,Durumi Abuja,2026-06-01 11:46:15
Galadimawa,2.0,4500000,Apartment,Apartment,Extension Galadimawa Abuja,2026-06-01 11:46:15
Gwarinpa,3.0,7000000,Bungalow,Detached Bungalow,Efab Queens Estate Gwarinpa Extension Gwarinpa Abuja,2026-06-01 11:46:15
Galadimawa,2.0,3000000,Apartment,Apartment,Pengasson 3 Estate Galadimawa Galadimawa Abuja,2026-06-01 11:46:15
Guzape,4.0,17000000,Duplex,Terraced Duplex,Guzape Abuja,2026-06-01 11:46:15
Jahi,4.0,13000000,Duplex,Terraced Duplex,Jahi Abuja,2026-06-01 11:46:15
Lugbe,4.0,10000000,Duplex,Semi-Detached Duplex,Lugbe Abuja,2026-06-01 11:46:15
Wuye,2.0,7000000,Apartment,Apartment,Wuye Abuja,2026-06-01 11:46:15
Life Camp,4.0,15000000,Duplex,Terraced Duplex,Life Camp Abuja,2026-06-01 11:46:15
Life Camp,4.0,8000000,Duplex,Terraced Duplex,Life Camp Abuja,2026-06-01 11:46:15
Jahi,2.0,7000000,Apartment,Apartment,Jahi Abuja,2026-06-01 11:46:15
Jahi,5.0,20000000,Duplex,Detached Duplex,By Gilmore Jahi Abuja,2026-06-01 11:46:15
Maitama,3.0,61669350,Apartment,Apartment,Maitama By Fruit Market Maitama Abuja,2026-06-01 11:46:25
Life Camp,3.0,6000000,Apartment,Apartment,Life Camp Abuja,2026-06-01 11:46:25
Wuye,4.0,27000000,Duplex,Detached Duplex,Wuye Abuja,2026-06-01 11:46:25
Wuse,3.0,10000000,Apartment,Apartment,Wuse 2 Abuja,2026-06-01 11:46:25
Life Camp,3.0,7000000,Apartment,Apartment,Life Camp Abuja,2026-06-01 11:46:25
Life Camp,4.0,11000000,Duplex,Terraced Duplex,Life Camp Abuja,2026-06-01 11:46:25
Life Camp,4.0,15000000,Duplex,Terraced Duplex,Life Camp Abuja,2026-06-01 11:46:25
Jahi,3.0,9000000,Apartment,Apartment,Jahi Abuja,2026-06-01 11:46:25
Jahi,3.0,6500000,Apartment,Apartment,Jahi Abuja,2026-06-01 11:46:25
Jahi,3.0,12000000,Apartment,Apartment,Jahi Abuja,2026-06-01 11:46:25
Wuse,2.0,6000000,Apartment,Apartment,"Zone 3, Wuse 1 Abuja",2026-06-01 11:46:25
Jahi,3.0,12000000,Apartment,Apartment,Jahi Abuja,2026-06-01 11:46:25
Jabi,2.0,22000000,Apartment,Apartment,Jabi Abuja,2026-06-01 11:46:25
Jahi,3.0,12500000,Apartment,Apartment,Jahi Abuja,2026-06-01 11:46:25
Jahi,3.0,9000000,Apartment,Apartment,Jahi Abuja,2026-06-01 11:46:25
Kado,5.0,25000000,Duplex,Terraced Duplex,Kado Abuja,2026-06-01 11:46:25
Guzape,4.0,30000000,Duplex,Detached Duplex,Guzape Abuja,2026-06-01 11:46:35
Kado,7.0,30000000,Duplex,Semi-Detached Duplex,Kado Abuja,2026-06-01 11:46:35
Jahi,3.0,20000000,Apartment,Apartment,Jahi Abuja,2026-06-01 11:46:35
Maitama,4.0,37000000,Duplex,Terraced Duplex,Maitama Abuja,2026-06-01 11:46:35
Life Camp,4.0,12000000,Duplex,Terraced Duplex,Life Camp Abuja,2026-06-01 11:46:35
Jahi,4.0,15000000,Duplex,Terraced Duplex,Jahi Abuja,2026-06-01 11:46:35
Life Camp,4.0,7000000,Duplex,Terraced Duplex,Life Camp Abuja,2026-06-01 11:46:35
Wuse,2.0,8000000,Apartment,Apartment,"Zone 3, Wuse 1 Abuja",2026-06-01 11:46:35
Life Camp,3.0,6000000,Apartment,Apartment,Life Camp Abuja,2026-06-01 11:46:35
Jahi,5.0,22000000,Duplex,Detached Duplex,"Jahi, Gilmore Axis, Jahi Abuja",2026-06-01 11:46:35
Kado,5.0,35000000,Duplex,Detached Duplex,Kado Abuja,2026-06-01 11:46:35
Kaura,4.0,7500000,Duplex,Terraced Duplex,Kaura (games Village) Abuja,2026-06-01 11:46:35
Katampe,4.0,20000000,Duplex,Terraced Duplex,Katampe Main Abuja,2026-06-01 11:46:35
Katampe,4.0,12000000,Duplex,Terraced Duplex,Katampe Main Abuja,2026-06-01 11:46:35
Jahi,2.0,8500000,Apartment,Apartment,Jahi Abuja,2026-06-01 11:46:35
Gwarinpa,4.0,10000000,Duplex,Terraced Duplex,Dantata Estate Gwarinpa Abuja,2026-06-01 11:46:35
Guzape,4.0,30000000,Duplex,Detached Duplex,Guzape Abuja,2026-06-01 11:46:42
Wuye,4.0,12000000,Duplex,Detached Duplex,Wuye Dakibiyu Abuja,2026-06-01 11:46:42
Life Camp,4.0,13000000,Duplex,Terraced Duplex,Life Camp Abuja,2026-06-01 11:46:42
Mabushi,4.0,13500000,Duplex,Terraced Duplex,Mabushi Abuja,2026-06-01 11:46:42
Jahi,4.0,15000000,Duplex,Terraced Duplex,"Jahi Gilmore, Jahi Abuja",2026-06-01 11:46:42
Wuse,3.0,8000000,Apartment,Apartment,"Zone 3, Wuse 1 Abuja",2026-06-01 11:46:42
Jahi,4.0,15000000,Duplex,Terraced Duplex,By Gilmore Jahi Abuja,2026-06-01 11:46:42
Maitama,1.0,10000000,Apartment,Apartment,Maitama Abuja,2026-06-01 11:46:42
Lugbe,4.0,4500000,Duplex,Semi-Detached Duplex,Von Road Goza Lugbe Abuja,2026-06-01 11:46:42
Jabi,4.0,20000000,Duplex,Terraced Duplex,Jabi Jabi Abuja,2026-06-01 11:46:42
Kado,3.0,7500000,Apartment,Apartment,Kado Kado Abuja,2026-06-01 11:46:42
Apo,3.0,10000000,Duplex,Terraced Duplex,Apo Apo Abuja,2026-06-01 11:46:42
Guzape,4.0,16000000,Duplex,Terraced Duplex,Guzape Guzape Abuja,2026-06-01 11:46:42
Galadimawa,4.0,8000000,Duplex,Terraced Duplex,Near Galadimawa Roundabout Galadimawa Abuja,2026-06-01 11:46:42
Asokoro,4.0,18000000,Duplex,Semi-Detached Duplex,Asokoro Asokoro Abuja,2026-06-01 11:46:42
Jahi,3.0,8000000,Apartment,Apartment,Jahi Jahi Abuja,2026-06-01 11:46:42
Katampe,4.0,20000000,Duplex,Terraced Duplex,Katampe Main Katampe Main Katampe Abuja,2026-06-01 11:46:42
Maitama,3.0,61669350,Apartment,Apartment,Maitama By Fruit Market Maitama Abuja,2026-06-01 11:46:48
Apo,4.0,10000000,Duplex,Terraced Duplex,Apo Apo Abuja,2026-06-01 11:46:48
Gwarinpa,4.0,7000000,Duplex,Semi-Detached Duplex,Gwarinpa Extension Gwarinpa Abuja,2026-06-01 11:46:48
Jahi,1.0,7000000,Apartment,Apartment,Jahi By Gilmore Abuja Jahi Abuja,2026-06-01 11:46:48
Jahi,5.0,20000000,Duplex,Terraced Duplex,Jahi By Gilmore Abuja Jahi Abuja,2026-06-01 11:46:48
Mabushi,4.0,20000000,Duplex,Terraced Duplex,Mabushi Mabushi Abuja,2026-06-01 11:46:48
Life Camp,5.0,14000000,Duplex,Terraced Duplex,Life Camp Life Camp Abuja,2026-06-01 11:46:48
Mabushi,2.0,8000000,Apartment,Apartment,Mabushi Abuja,2026-06-01 11:46:49
Katampe,4.0,20000000,Duplex,Terraced Duplex,Katampe Extension Katampe Abuja,2026-06-01 11:46:49
Wuye,4.0,15000000,Duplex,Terraced Duplex,Wuye Abuja,2026-06-01 11:46:49
Kado,4.0,25000000,Duplex,Terraced Duplex,Kado Abuja,2026-06-01 11:46:49
Wuye,4.0,30000000,Duplex,Terraced Duplex,Wuye Abuja,2026-06-01 11:46:49
Lugbe,4.0,10000000,Duplex,Semi-Detached Duplex,River Park Estate Airport Road Lugbe Abuja,2026-06-01 11:46:49
Gwarinpa,4.0,9000000,Duplex,Terraced Duplex,Gwarimpa Main By Dbb Plaza Gwarinpa Abuja,2026-06-01 11:46:49
Maitama,4.0,25000000,Duplex,Terraced Duplex,Maitama Abuja,2026-06-01 11:46:49
Katampe,4.0,20000000,Duplex,Terraced Duplex,Katampe Extension Katampe Abuja,2026-06-01 11:46:49
Katampe,4.0,20000000,Duplex,Terraced Duplex,Katampe Extension Katampe Abuja,2026-06-01 11:46:49
Lugbe,2.0,6000000,Apartment,Apartment,River Park Estate Abuja Lugbe Abuja,2026-06-01 11:46:49
Wuse,3.0,15000000,Apartment,Apartment,Wuse 2 Abuja,2026-06-01 11:46:49
Guzape,4.0,30000000,Duplex,Detached Duplex,Guzape Abuja,2026-06-01 11:46:56
Lugbe,3.0,4500000,Apartment,Apartment,River Park Estate Abuja Lugbe Abuja,2026-06-01 11:46:56
Lugbe,2.0,6000000,Apartment,Apartment,River Park Estate Abuja Lugbe Abuja,2026-06-01 11:46:56
Lugbe,4.0,9000000,Duplex,Terraced Duplex,River Park Estate Lugbe Abuja,2026-06-01 11:46:56
Katampe,4.0,18000000,Duplex,Terraced Duplex,Katampe Extension Katampe Abuja,2026-06-01 11:46:56
Lugbe,4.0,10000000,Duplex,Semi-Detached Duplex,River Park Estate Airport Road Lugbe Abuja,2026-06-01 11:46:56
Guzape,4.0,20000000,Duplex,Terraced Duplex,Guzape Abuja,2026-06-01 11:46:56
Wuye,4.0,22000000,Duplex,Terraced Duplex,Wuye Abuja,2026-06-01 11:46:56
Wuye,4.0,15000000,Duplex,Terraced Duplex,Wuye Abuja,2026-06-01 11:46:56
Jahi,4.0,18000000,Duplex,Terraced Duplex,Jahi Abuja,2026-06-01 11:46:56
Jahi,4.0,18000000,Duplex,Terraced Duplex,Jahi Abuja,2026-06-01 11:46:56
Lugbe,4.0,10000000,Duplex,Semi-Detached Duplex,"River Park Estate Airport Road, Lugbe Abuja",2026-06-01 11:46:56
Lugbe,4.0,6500000,Duplex,Terraced Duplex,"Fortroyal Home Estate, Lugbe Abuja",2026-06-01 11:46:56
Maitama,4.0,25000000,Duplex,Terraced Duplex,Maitama Abuja,2026-06-01 11:46:56
Maitama,4.0,25000000,Duplex,Terraced Duplex,Maitama Abuja,2026-06-01 11:46:56
Maitama,4.0,25000000,Duplex,Terraced Duplex,Maitama Abuja,2026-06-01 11:46:56
Jahi,4.0,20000000,Duplex,Detached Duplex,Jahi Abuja,2026-06-01 11:46:56
Maitama,4.0,30000000,Duplex,Terraced Duplex,Maitama Abuja,2026-06-01 11:46:56
Guzape,4.0,12000000,Duplex,Terraced Duplex,Guzape Abuja,2026-06-01 11:46:56
Jahi,4.0,15000000,Duplex,Terraced Duplex,Jahi Abuja,2026-06-01 11:46:56
Guzape,4.0,30000000,Duplex,Detached Duplex,Guzape Abuja,2026-06-01 11:47:05
Maitama,4.0,25000000,Duplex,Terraced Duplex,Maitama Abuja,2026-06-01 11:47:05
Wuse,3.0,15000000,Apartment,Apartment,Wuse 2 Abuja,2026-06-01 11:47:05
Jahi,4.0,9000000,Duplex,Terraced Duplex,Jahi Abuja,2026-06-01 11:47:05
Lugbe,4.0,10000000,Duplex,Semi-Detached Duplex,River Park Estate Abuja Lugbe Abuja,2026-06-01 11:47:05
Lugbe,4.0,12000000,Duplex,Detached Duplex,River Park Estate Airport Road Lugbe Abuja,2026-06-01 11:47:05
Life Camp,4.0,7000000,Duplex,Terraced Duplex,Lifecamp Brains And Hammers Estate Life Camp Abuja,2026-06-01 11:47:05
Katampe,4.0,17000000,Duplex,Terraced Duplex,Close To Nicon Junction Katampe Main Abuja,2026-06-01 11:47:05
Wuse,7.0,40000000,Duplex,Detached Duplex,Off Amino Kano Crescent Wuse 2 Abuja,2026-06-01 11:47:05
Guzape,5.0,13500000,Duplex,Terraced Duplex,Guzape Main Guzape Abuja,2026-06-01 11:47:05
Mabushi,4.0,24000000,Duplex,Terraced Duplex,Mabushi After Vio In An Estate Mabushi Abuja,2026-06-01 11:47:05
Apo,2.0,20000000,Bungalow,Detached Bungalow,Apo Resettlement Zone A Apo Resettlement Apo Abuja,2026-06-01 11:47:05
Guzape,4.0,25000000,Duplex,Terraced Duplex,Guzape Main After Hmedix Guzape Abuja,2026-06-01 11:47:05
Durumi,4.0,9500000,Duplex,Terraced Duplex,By American International School Durumi Abuja,2026-06-01 11:47:05
Kaura,1.0,2000000,Apartment,Self Contain,By Sunnyvale Junction In An Estate Kaura (games Village) Abuja,2026-06-01 11:47:05
Maitama,3.0,25000000,Apartment,Apartment,Maitama Main Off Ibb Boulevard Maitama Abuja,2026-06-01 11:47:05
Katampe,1.0,6000000,Apartment,Apartment,Katampe Main Katampe Main Abuja,2026-06-01 11:47:05
Jahi,1.0,7500000,Apartment,Apartment,Jahi Gilmore Jahi Abuja,2026-06-01 11:47:05
Jahi,4.0,9000000,Duplex,Terraced Duplex,Jahi Jahi Abuja,2026-06-01 11:47:05
Jahi,4.0,9000000,Duplex,Terraced Duplex,Jahi Jahi Abuja,2026-06-01 11:47:05
Guzape,4.0,30000000,Duplex,Detached Duplex,Guzape Abuja,2026-06-01 11:47:12
Jahi,4.0,9000000,Duplex,Terraced Duplex,Jahi Jahi Abuja,2026-06-01 11:47:12
Jahi,4.0,9000000,Duplex,Terraced Duplex,Jahi Jahi Abuja,2026-06-01 11:47:12
Jahi,4.0,9000000,Duplex,Terraced Duplex,Jahi Jahi Abuja,2026-06-01 11:47:12
Jahi,4.0,9000000,Duplex,Terraced Duplex,Jahi Jahi Abuja,2026-06-01 11:47:12
Jahi,4.0,9000000,Duplex,Terraced Duplex,Jahi Jahi Abuja,2026-06-01 11:47:12
Life Camp,3.0,6500000,Apartment,Apartment,Lifecamp Before Stella Marris Life Camp Abuja,2026-06-01 11:47:12
Maitama,1.0,3000000,Apartment,Apartment,Maitama District Maitama Abuja,2026-06-01 11:47:12
Maitama,3.0,1700000,Apartment,Apartment,Maitama Maitama Abuja,2026-06-01 11:47:12
Katampe,2.0,4700000,Apartment,Apartment,By Katampe Road Jahi Abuja,2026-06-01 11:47:12
Wuse,3.0,15000000,Bungalow,Detached Bungalow,Wuse Zone6 Wuse 1 Abuja,2026-06-01 11:47:12
Mabushi,5.0,17000000,Duplex,Semi-Detached Duplex,Mabushi Abuja,2026-06-01 11:47:12
Asokoro,4.0,30000000,Apartment,Apartment,Main Asokoro Abuja,2026-06-01 11:47:12
Mabushi,4.0,20000000,Duplex,Terraced Duplex,Mabushi Abuja,2026-06-01 11:47:12
Life Camp,1.0,2500000,Apartment,Apartment,Nnpc Estate Life Camp Abuja,2026-06-01 11:47:12
Katampe,3.0,8000000,Apartment,Apartment,Katampe Main Abuja,2026-06-01 11:47:12
Kukwaba,5.0,15000000,Apartment,Apartment,Royal Anchor Estate Kukwaba Abuja,2026-06-01 11:47:12
Guzape,4.0,30000000,Duplex,Detached Duplex,Guzape Abuja,2026-06-01 11:47:19
Maitama,5.0,90000000,Duplex,Detached Duplex,Maitama Abuja,2026-06-01 11:47:19
Gwarinpa,5.0,20000000,Duplex,Detached Duplex,Gwarinpa Abuja,2026-06-01 11:47:19
Lugbe,4.0,7000000,Duplex,Semi-Detached Duplex,River Park Estate Lugbe Abuja,2026-06-01 11:47:19
Lugbe,4.0,5000000,Duplex,Detached Duplex,Kyc Estate Lugbe Abuja,2026-06-01 11:47:19
Guzape,4.0,15000000,Duplex,Terraced Duplex,Guzape Abuja Guzape Abuja,2026-06-01 11:47:19
Guzape,4.0,25000000,Duplex,Terraced Duplex,Close To H Medix Guzape Guzape Abuja,2026-06-01 11:47:19
Guzape,4.0,17000000,Duplex,Terraced Duplex,Guzape Guzape Abuja,2026-06-01 11:47:19
Garki,2.0,4500000,Apartment,Apartment,Garki 1 Abuja,2026-06-01 11:47:19
Guzape,4.0,10000000,Duplex,Terraced Duplex,Guzape Abuja,2026-06-01 11:47:19
Wuse,3.0,15000000,Apartment,Apartment,Wuse 2 Abuja,2026-06-01 11:47:19
Guzape,4.0,30000000,Duplex,Detached Duplex,Guzape Abuja,2026-06-01 11:47:28
Wuse,3.0,10000000,Apartment,Apartment,Zone 6 Wuse 1 Abuja,2026-06-01 11:47:28
Asokoro,5.0,30000000,Duplex,Detached Duplex,Main Asokoro Abuja,2026-06-01 11:47:28
Lugbe,4.0,7000000,Duplex,Detached Duplex,Along Von Garden Estate Road Lugbe Abuja,2026-06-01 11:47:28
Wuye,2.0,6500000,Apartment,Apartment,Inside Estate In Wuye Wuye Abuja,2026-06-01 11:47:28
Jahi,2.0,7000000,Apartment,Apartment,Gilmore Jahi Abuja,2026-06-01 11:47:28
Garki,1.0,1200000,Apartment,Self Contain,Area 2 Garki 1 Abuja,2026-06-01 11:47:28
Garki,1.0,1500000,Apartment,Self Contain,Area 1 Garki 1 Abuja,2026-06-01 11:47:28
Garki,2.0,4000000,Apartment,Apartment,Garki 1 Abuja,2026-06-01 11:47:28
Lugbe,4.0,9000000,Duplex,Semi-Detached Duplex,River Park Estate Cluster 3 Lugbe Abuja,2026-06-01 11:47:28
Kabusa,2.0,5000000,Bungalow,Detached Bungalow,By Sunnyvale Junction Kabusa Abuja,2026-06-01 11:47:28
Kado,3.0,18000000,Bungalow,Detached Bungalow,Kado Abuja,2026-06-01 11:47:28
Kado,3.0,20000000,Bungalow,Detached Bungalow,Kado Phase 1 Kado Abuja,2026-06-01 11:47:28
Maitama,3.0,61669350,Apartment,Apartment,Maitama By Fruit Market Maitama Abuja,2026-06-01 11:47:36
Katampe,6.0,25000000,Duplex,Terraced Duplex,Katampe Main Abuja,2026-06-01 11:47:36
Gaduwa,3.0,10000000,Duplex,Terraced Duplex,In An Estate In Gaduwa Gaduwa Abuja,2026-06-01 11:47:36
Mabushi,5.0,17000000,Apartment,Apartment,Mabushi District By V I O Abuja Mabushi Abuja,2026-06-01 11:47:36
Kaura,4.0,20000000,Apartment,Apartment,Kaura (games Village) Abuja,2026-06-01 11:47:36
Maitama,3.0,25000000,Apartment,Apartment,Maitama Abuja,2026-06-01 11:47:36
Katampe,3.0,9000000,Apartment,Apartment,Katampe Main Katampe Main Abuja,2026-06-01 11:47:36
Mabushi,4.0,15000000,Duplex,Terraced Duplex,Mabushi Abuja,2026-06-01 11:47:36
Wuse,3.0,20000000,Duplex,Terraced Duplex,Wuse2 Wuse 2 Abuja,2026-06-01 11:47:36
Galadimawa,3.0,7000000,Apartment,Apartment,Galadimawa Abuja,2026-06-01 11:47:36
Garki,1.0,1200000,Apartment,Self Contain,Garki 2 Abuja,2026-06-01 11:47:36
Mabushi,1.0,1500000,Apartment,Self Contain,Mabushi District Mabushi Abuja,2026-06-01 11:47:36
