Bedrooms,Bedrooms(category),Property Category,Price,Price(with currency),District,Scraped_At
1,1 bedroom,"Studio Apartment in Arab Road, Kubwa for rent",600000,"₦ 600,000",Kubwa,2026-05-30 13:25:47
1,1 bedroom,"1bdrm Block of Flats in Arab Road, Kubwa for rent",1500000,"₦ 1,500,000",Kubwa,2026-05-30 13:25:47
1,1 bedroom,"Studio Apartment in Efab City Estate, Life Camp for rent",1200000,"₦ 1,200,000",Life Camp,2026-05-30 13:25:47
1,1 bedroom,"Furnished 1bdrm Apartment in Las Colinas Villa, Bunkoro for rent",1250000,"₦ 1,250,000",Bunkoro,2026-05-30 13:25:47
1,1 bedroom,"1bdrm Apartment in Arab Road, Kubwa for rent",1200000,"₦ 1,200,000",Kubwa,2026-05-30 13:25:47
2,2 bedrooms,Furnished 2bdrm Apartment in Life Camp for rent,1140000,"₦ 1,140,000",Life Camp,2026-05-30 13:25:47
5,5 bedrooms,5bdrm Duplex in Wuye for rent,30000000,"₦ 30,000,000",Wuye,2026-05-30 13:25:47
4,4 bedrooms,4bdrm Townhouse / Terrace in Galadimawa for rent,8000000,"₦ 8,000,000",Galadimawa,2026-05-30 13:25:47
1,1 bedroom,"Furnished Studio Apartment in Luxury Studio, Garki 2 for rent",3200000,"₦ 3,200,000",Garki 2,2026-05-30 13:25:47
2,2 bedrooms,2bdrm Apartment in Durumi for rent,4000000,"₦ 4,000,000",Durumi,2026-05-30 13:25:47
4,4 bedrooms,4bdrm Duplex in Life Camp for rent,7000000,"₦ 7,000,000",Life Camp,2026-05-30 13:25:47
1,1 bedroom,Furnished 1bdrm Apartment in Jahi for rent,5500000,"₦ 5,500,000",Jahi,2026-05-30 13:25:47
2,2 bedrooms,"2bdrm Block of Flats in Non, Sabon Lugbe for rent",3500000,"₦ 3,500,000",Sabon Lugbe,2026-05-30 13:25:47
3,3 bedrooms,"3bdrm Apartment in Nugget, Jahi for rent",8000000,"₦ 8,000,000",Jahi,2026-05-30 13:25:47
3,3 bedrooms,"3bdrm Bungalow in Efab City Estate, Jabi for rent",5000000,"₦ 5,000,000",Jabi,2026-05-30 13:25:47
3,3 bedrooms,3bdrm Townhouse / Terrace in Maitama for rent,20000000,"₦ 20,000,000",Maitama,2026-05-30 13:25:47
3,3 bedrooms,"3bdrm Block of Flats in Sunnyside Homes, Sabon Lugbe for rent",3000000,"₦ 3,000,000",Sabon Lugbe,2026-05-30 13:25:47
5,5 bedrooms,5bdrm Duplex in Asokoro for rent,45000000,"₦ 45,000,000",Asokoro,2026-05-30 13:25:47
4,4 bedrooms,"4bdrm Duplex in Efab, Lokogoma for rent",5000000,"₦ 5,000,000",Lokogoma,2026-05-30 13:25:47
4,4 bedrooms,4bdrm Duplex in Jabi for rent,12000000,"₦ 12,000,000",Jabi,2026-05-30 13:25:47
2,2 bedrooms,2bdrm Duplex in Sabon Lugbe for rent,5500000,"₦ 5,500,000",Sabon Lugbe,2026-05-30 13:25:47
4,4 bedrooms,4bdrm Townhouse / Terrace in Guzape District for rent,12000000,"₦ 12,000,000",Guzape District,2026-05-30 13:25:47
4,4 bedrooms,4bdrm Duplex in Guzape District for rent,16000000,"₦ 16,000,000",Guzape District,2026-05-30 13:25:47
1,1 bedroom,Studio Apartment in Garki 2 for rent,1200000,"₦ 1,200,000",Garki 2,2026-05-30 13:25:47
1,1 bedroom,Furnished 1bdrm Apartment in Jahi for rent,5500000,"₦ 5,500,000",Jahi,2026-05-30 13:25:56
2,2 bedrooms,"2bdrm Block of Flats in Non, Sabon Lugbe for rent",3500000,"₦ 3,500,000",Sabon Lugbe,2026-05-30 13:25:56
3,3 bedrooms,"3bdrm Apartment in Nugget, Jahi for rent",8000000,"₦ 8,000,000",Jahi,2026-05-30 13:25:56
2,2 bedrooms,"Furnished 2bdrm Apartment in Las Colinas Villa, Bunkoro for rent",1500000,"₦ 1,500,000",Bunkoro,2026-05-30 13:25:56
3,3 bedrooms,"3bdrm Bungalow in Efab City Estate, Jabi for rent",5000000,"₦ 5,000,000",Jabi,2026-05-30 13:25:56
3,3 bedrooms,3bdrm Townhouse / Terrace in Maitama for rent,20000000,"₦ 20,000,000",Maitama,2026-05-30 13:25:56
3,3 bedrooms,"3bdrm Block of Flats in Sunnyside Homes, Sabon Lugbe for rent",3000000,"₦ 3,000,000",Sabon Lugbe,2026-05-30 13:25:56
5,5 bedrooms,5bdrm Duplex in Asokoro for rent,45000000,"₦ 45,000,000",Asokoro,2026-05-30 13:25:56
4,4 bedrooms,"4bdrm Duplex in Efab, Lokogoma for rent",5000000,"₦ 5,000,000",Lokogoma,2026-05-30 13:25:56
2,2 bedrooms,"2bdrm Townhouse / Terrace in Nugget, Lugbe District for rent",5500000,"₦ 5,500,000",Lugbe District,2026-05-30 13:25:56
4,4 bedrooms,4bdrm Duplex in Jabi for rent,12000000,"₦ 12,000,000",Jabi,2026-05-30 13:25:56
2,2 bedrooms,2bdrm Duplex in Sabon Lugbe for rent,5500000,"₦ 5,500,000",Sabon Lugbe,2026-05-30 13:25:56
4,4 bedrooms,4bdrm Duplex in Guzape District for rent,16000000,"₦ 16,000,000",Guzape District,2026-05-30 13:25:56
5,5 bedrooms,5bdrm Duplex in Galadimawa for rent,13000000,"₦ 13,000,000",Galadimawa,2026-05-30 13:25:56
4,4 bedrooms,Furnished 4bdrm Apartment in Asokoro for rent,25000000,"₦ 25,000,000",Asokoro,2026-05-30 13:25:56
4,4 bedrooms,4bdrm Duplex in Utako District for rent,18000000,"₦ 18,000,000",Utako,2026-05-30 13:25:56
1,1 bedroom,"1bdrm Block of Flats in Non, Sabon Lugbe for rent",2500000,"₦ 2,500,000",Sabon Lugbe,2026-05-30 13:25:56
2,2 bedrooms,"Furnished 2bdrm Apartment in Villa, Asokoro for rent",15000000,"₦ 15,000,000",Asokoro,2026-05-30 13:25:56
2,2 bedrooms,2bdrm Bungalow in Asokoro for rent,15000000,"₦ 15,000,000",Asokoro,2026-05-30 13:25:56
5,5 bedrooms,5bdrm Duplex in Asokoro for rent,25000000,"₦ 25,000,000",Asokoro,2026-05-30 13:25:56
4,4 bedrooms,4bdrm Penthouse in Mabushi for rent,12000000,"₦ 12,000,000",Mabushi,2026-05-30 13:25:56
5,5 bedrooms,5bdrm Duplex in Maitama for rent,50000000,"₦ 50,000,000",Maitama,2026-05-30 13:25:56
4,4 bedrooms,4bdrm Duplex in Jabi for rent,30000000,"₦ 30,000,000",Jabi,2026-05-30 13:25:56
3,3 bedrooms,Furnished 3bdrm Duplex in Katampe Extension for rent,25000000,"₦ 25,000,000",Katampe Extension,2026-05-30 13:25:56
4,4 bedrooms,4bdrm Duplex in Katampe Extension for rent,20000000,"₦ 20,000,000",Katampe Extension,2026-05-30 13:26:04
2,2 bedrooms,Furnished 2bdrm Block of Flats in Durumi for rent,60000000,"₦ 60,000,000",Durumi,2026-05-30 13:26:04
4,4 bedrooms,Furnished 4bdrm Apartment in Asokoro for rent,25000000,"₦ 25,000,000",Asokoro,2026-05-30 13:26:04
3,3 bedrooms,3bdrm Duplex in Jabi for rent,15000000,"₦ 15,000,000",Jabi,2026-05-30 13:26:04
1,1 bedroom,Furnished Studio Apartment in Gwarinpa for rent,1054000,"₦ 1,054,000",Gwarinpa,2026-05-30 13:26:04
2,2 bedrooms,"Furnished 2bdrm Apartment in Villa, Asokoro for rent",15000000,"₦ 15,000,000",Asokoro,2026-05-30 13:26:04
1,1 bedroom,"1bdrm Block of Flats in Non, Sabon Lugbe for rent",2500000,"₦ 2,500,000",Sabon Lugbe,2026-05-30 13:26:04
2,2 bedrooms,2bdrm Bungalow in Asokoro for rent,15000000,"₦ 15,000,000",Asokoro,2026-05-30 13:26:04
4,4 bedrooms,4bdrm Penthouse in Mabushi for rent,12000000,"₦ 12,000,000",Mabushi,2026-05-30 13:26:04
5,5 bedrooms,5bdrm Duplex in Maitama for rent,50000000,"₦ 50,000,000",Maitama,2026-05-30 13:26:04
4,4 bedrooms,4bdrm Duplex in Jabi for rent,30000000,"₦ 30,000,000",Jabi,2026-05-30 13:26:04
3,3 bedrooms,3bdrm Apartment in Wuse 2 for rent,13000000,"₦ 13,000,000",Wuse 2,2026-05-30 13:26:04
2,2 bedrooms,2bdrm Apartment in Katampe Extension for rent,7000000,"₦ 7,000,000",Katampe Extension,2026-05-30 13:26:04
5,5 bedrooms,"5bdrm Duplex in Abuja, Guzape District for rent",30000000,"₦ 30,000,000",Guzape District,2026-05-30 13:26:04
2,2 bedrooms,2bdrm Apartment in Lokogoma for rent,3999999,"₦ 3,999,999",Lokogoma,2026-05-30 13:26:04
1,1 bedroom,Furnished Studio Apartment in Gwarinpa for rent,450000,"₦ 450,000",Gwarinpa,2026-05-30 13:26:04
1,1 bedroom,"1bdrm Apartment in Queen Street, Galadimawa for rent",1100000,"₦ 1,100,000",Galadimawa,2026-05-30 13:26:04
4,4 bedrooms,"4bdrm Townhouse / Terrace in Estate, Karmo for rent",6000000,"₦ 6,000,000",Karmo,2026-05-30 13:26:04
2,2 bedrooms,2bdrm Block of Flats in Katampe for rent,8000000,"₦ 8,000,000",Katampe,2026-05-30 13:26:04
1,1 bedroom,Furnished 1bdrm Apartment in Katampe for rent,2100000,"₦ 2,100,000",Katampe (Main),2026-05-30 13:26:04
4,4 bedrooms,"4bdrm Duplex in 3Rd Avenue Gwarimpa, Gwarinpa for rent",20000000,"₦ 20,000,000",Gwarinpa,2026-05-30 13:26:04
4,4 bedrooms,4bdrm Block of Flats in Maitama for rent,50000000,"₦ 50,000,000",Maitama,2026-05-30 13:26:04
2,2 bedrooms,"Furnished 2bdrm Apartment in Auta Ibrahim Street, Wuye for rent",4000000,"₦ 4,000,000",Wuye,2026-05-30 13:26:04
1,1 bedroom,"1bdrm Block of Flats in Justice, Karsana for rent",1600000,"₦ 1,600,000",Karsana,2026-05-30 13:26:04
1,1 bedroom,1bdrm Block of Flats in Lokogoma for rent,3000000,"₦ 3,000,000",Lokogoma,2026-05-30 13:26:12
7,7 bedrooms,"7bdrm Duplex in 4Avenue, Bunkoro for rent",15000000,"₦ 15,000,000",Bunkoro,2026-05-30 13:26:12
2,2 bedrooms,2bdrm Apartment in Wuye for rent,7000000,"₦ 7,000,000",Wuye,2026-05-30 13:26:12
6,6 bedrooms,6bdrm House in Guzape District for rent,30000000,"₦ 30,000,000",Guzape District,2026-05-30 13:26:12
4,4 bedrooms,"4bdrm Duplex in Peachville Estate, Dakibiyu for rent",10000000,"₦ 10,000,000",Dakibiyu,2026-05-30 13:26:12
3,3 bedrooms,3bdrm Townhouse / Terrace in Guzape District for rent,18000000,"₦ 18,000,000",Guzape District,2026-05-30 13:26:12
5,5 bedrooms,5bdrm Duplex in Jabi for rent,25000000,"₦ 25,000,000",Jabi,2026-05-30 13:26:12
2,2 bedrooms,Furnished 2bdrm Block of Flats in Asokoro for rent,18000000,"₦ 18,000,000",Asokoro,2026-05-30 13:26:12
1,1 bedroom,Furnished Studio Apartment in Gwarinpa for rent,658750,"₦ 658,750",Gwarinpa,2026-05-30 13:26:12
4,4 bedrooms,4bdrm Duplex in Asokoro for rent,40000000,"₦ 40,000,000",Asokoro,2026-05-30 13:26:12
1,1 bedroom,Furnished Studio Apartment in Wuse 2 for rent,5000000,"₦ 5,000,000",Wuse 2,2026-05-30 13:26:12
3,3 bedrooms,"3bdrm Bungalow in Efab City Estate, Jabi for rent",7000000,"₦ 7,000,000",Jabi,2026-05-30 13:26:12
5,5 bedrooms,"5bdrm Duplex in Efab Metropolis, Gwarinpa for rent",20000000,"₦ 20,000,000",Gwarinpa,2026-05-30 13:26:12
5,5 bedrooms,Furnished 5bdrm Duplex in Guzape District for rent,20000000,"₦ 20,000,000",Guzape District,2026-05-30 13:26:12
4,4 bedrooms,4bdrm Duplex in Guzape Main for rent,25000000,"₦ 25,000,000",Guzape District,2026-05-30 13:26:12
5,5 bedrooms,Furnished 5bdrm Duplex in Utako for rent,60000000,"₦ 60,000,000",Utako,2026-05-30 13:26:12
6,6 bedrooms,6bdrm Duplex in Maitama for rent,79999999,"₦ 79,999,999",Maitama,2026-05-30 13:26:12
3,3 bedrooms,3bdrm Block of Flats in Guzape District for rent,6500000,"₦ 6,500,000",Guzape District,2026-05-30 13:26:12
3,3 bedrooms,3bdrm Block of Flats in Dawaki for rent,4000000,"₦ 4,000,000",Dawaki,2026-05-30 13:26:12
4,4 bedrooms,4bdrm Duplex in Idu for rent,6500000,"₦ 6,500,000",Idu,2026-05-30 13:26:12
4,4 bedrooms,Furnished 4bdrm Duplex in Life Camp for rent,16000000,"₦ 16,000,000",Life Camp,2026-05-30 13:26:12
9,9 bedrooms,9bdrm Mansion in Maitama for rent,75000000,"₦ 75,000,000",Maitama,2026-05-30 13:26:12
1,1 bedroom,"Studio Apartment in Seman Estate, Sabon Lugbe for rent",1000000,"₦ 1,000,000",Sabon Lugbe,2026-05-30 13:26:12
5,5 bedrooms,"5bdrm Duplex in Efab Metropolis, Karsana for rent",20000000,"₦ 20,000,000",Karsana,2026-05-30 13:26:12
1,1 bedroom,"Furnished Studio Apartment in Freedom Avenue, Kubwa for rent",600000,"₦ 600,000",Kubwa,2026-05-30 13:26:19
1,1 bedroom,1bdrm Apartment in Kubwa Estate for rent,45000000,"₦ 45,000,000",Kubwa,2026-05-30 13:26:19
2,2 bedrooms,"2bdrm Block of Flats in In An Estate, FHA for rent",2500000,"₦ 2,500,000",FHA,2026-05-30 13:26:19
1,1 bedroom,Furnished 1bdrm Apartment in Apo Resettlement for rent,3000000,"₦ 3,000,000",Apo Resettlement,2026-05-30 13:26:19
6,6 bedrooms,6bdrm Duplex in Area 1 for rent,24999999,"₦ 24,999,999",Area 1,2026-05-30 13:26:19
3,3 bedrooms,3bdrm Duplex in Maitama for rent,49999999,"₦ 49,999,999",Maitama,2026-05-30 13:26:19
4,4 bedrooms,4bdrm Duplex in Katampe for rent,20000000,"₦ 20,000,000",Katampe Extension,2026-05-30 13:26:19
2,2 bedrooms,2bdrm Apartment in Guzape for rent,6500000,"₦ 6,500,000",Guzape District,2026-05-30 13:26:19
3,3 bedrooms,3bdrm Block of Flats in Guzape for rent,12000000,"₦ 12,000,000",Guzape District,2026-05-30 13:26:19
4,4 bedrooms,4bdrm Duplex in Apo District for rent,10000000,"₦ 10,000,000",Apo District,2026-05-30 13:26:19
4,4 bedrooms,"4bdrm Bungalow in Mab Global, Gwarinpa for rent",8500000,"₦ 8,500,000",Gwarinpa,2026-05-30 13:26:19
5,5 bedrooms,5bdrm Duplex in Galadimawa for rent,13000000,"₦ 13,000,000",Galadimawa,2026-05-30 13:26:19
4,4 bedrooms,4bdrm Townhouse / Terrace in Jabi for rent,20000000,"₦ 20,000,000",Jabi,2026-05-30 13:26:19
2,2 bedrooms,2bdrm Block of Flats in Wuye for rent,6500000,"₦ 6,500,000",Wuye,2026-05-30 13:26:19
4,4 bedrooms,"4bdrm Duplex in By Aso Radio, Katampe (Main) for rent",15000000,"₦ 15,000,000",Katampe (Main),2026-05-30 13:26:19
5,5 bedrooms,5bdrm Duplex in Maitama for rent,25000000,"₦ 25,000,000",Maitama,2026-05-30 13:26:19
3,3 bedrooms,3bdrm Block of Flats in Jahi for rent,75000000,"₦ 75,000,000",Jahi,2026-05-30 13:26:19
2,2 bedrooms,2bdrm Apartment in Lifecamp for rent,5000000,"₦ 5,000,000",Life Camp,2026-05-30 13:26:19
4,4 bedrooms,"4bdrm Duplex in Qwarimpa, Gwarinpa for rent",15000000,"₦ 15,000,000",Gwarinpa,2026-05-30 13:26:19
4,4 bedrooms,"4bdrm Duplex in River Park, FHA for rent",9000000,"₦ 9,000,000",FHA,2026-05-30 13:26:19
2,2 bedrooms,"2bdrm Block of Flats in Dera Estate, Dawaki for rent",4500000,"₦ 4,500,000",Dawaki,2026-05-30 13:26:19
3,3 bedrooms,"3bdrm Apartment in Gowan Street, Durumi for rent",4000000,"₦ 4,000,000",Durumi,2026-05-30 13:26:19
2,2 bedrooms,"Furnished 2bdrm Apartment in City Homes, Lokogoma for rent",3000000,"₦ 3,000,000",Lokogoma,2026-05-30 13:26:19
3,3 bedrooms,3bdrm Townhouse / Terrace in Jahi for rent,10000000,"₦ 10,000,000",Jahi,2026-05-30 13:26:19
5,5 bedrooms,5bdrm Duplex in Galadimawa for rent,13000000,"₦ 13,000,000",Galadimawa,2026-05-30 13:26:28
1,1 bedroom,1bdrm Block of Flats in Dawaki for rent,2800000,"₦ 2,800,000",Dawaki,2026-05-30 13:26:28
4,4 bedrooms,"4bdrm Duplex in By Aso Radio, Katampe (Main) for rent",15000000,"₦ 15,000,000",Katampe (Main),2026-05-30 13:26:28
4,4 bedrooms,"Furnished 4bdrm Duplex in Levi Estate, Galadimawa for rent",8000000,"₦ 8,000,000",Galadimawa,2026-05-30 13:26:28
5,5 bedrooms,5bdrm Duplex in Mabushi Close To for rent,200000000,"₦ 200,000,000",Mabushi,2026-05-30 13:26:28
5,5 bedrooms,5bdrm Duplex in Maitama for rent,25000000,"₦ 25,000,000",Maitama,2026-05-30 13:26:28
4,4 bedrooms,"4bdrm Duplex in Qwarimpa, Gwarinpa for rent",15000000,"₦ 15,000,000",Gwarinpa,2026-05-30 13:26:28
4,4 bedrooms,"4bdrm Duplex in River Park, FHA for rent",9000000,"₦ 9,000,000",FHA,2026-05-30 13:26:28
2,2 bedrooms,2bdrm Apartment in Lifecamp for rent,5000000,"₦ 5,000,000",Life Camp,2026-05-30 13:26:28
1,1 bedroom,"Furnished 1bdrm Apartment in Legislative Quarters, Zone B for rent",1950000,"₦ 1,950,000",Zone B,2026-05-30 13:26:28
3,3 bedrooms,"3bdrm Apartment in Gowan Street, Durumi for rent",4000000,"₦ 4,000,000",Durumi,2026-05-30 13:26:28
2,2 bedrooms,"Furnished 2bdrm Apartment in City Homes, Lokogoma for rent",3000000,"₦ 3,000,000",Lokogoma,2026-05-30 13:26:28
2,2 bedrooms,"2bdrm Block of Flats in Gwarimpa, Gwarinpa for rent",5000000,"₦ 5,000,000",Gwarinpa,2026-05-30 13:26:28
5,5 bedrooms,Furnished 5bdrm Duplex in Guzape District for rent,30000000,"₦ 30,000,000",Guzape District,2026-05-30 13:26:28
5,5 bedrooms,5bdrm Duplex in Mabushi for rent,30000000,"₦ 30,000,000",Mabushi,2026-05-30 13:26:28
2,2 bedrooms,2bdrm Apartment in Mabushi for rent,8000000,"₦ 8,000,000",Mabushi,2026-05-30 13:26:28
2,2 bedrooms,"Furnished 2bdrm Apartment in Bristol Apartments, Life Camp for rent",9000000,"₦ 9,000,000",Life Camp,2026-05-30 13:26:28
2,2 bedrooms,2bdrm Apartment in Jahi for rent,8000000000,"₦ 8,000,000,000",Jahi,2026-05-30 13:26:28
1,1 bedroom,"1bdrm Apartment in Queen Street, Galadimawa for rent",1100000,"₦ 1,100,000",Galadimawa,2026-05-30 13:26:28
2,2 bedrooms,"2bdrm Bungalow in Dantata Estate, Gwarinpa for rent",4200000,"₦ 4,200,000",Gwarinpa,2026-05-30 13:26:28
7,7 bedrooms,7bdrm Duplex in Asokoro for rent,180000000,"₦ 180,000,000",Asokoro,2026-05-30 13:26:28
2,2 bedrooms,"2bdrm Block of Flats in Pyramid Estate, Sabon Lugbe for rent",4000000,"₦ 4,000,000",Sabon Lugbe,2026-05-30 13:26:28
4,4 bedrooms,"4bdrm Townhouse / Terrace in Estate, Karmo for rent",6000000,"₦ 6,000,000",Karmo,2026-05-30 13:26:28
5,5 bedrooms,Furnished 5bdrm Duplex in Guzape District for rent,25000000,"₦ 25,000,000",Guzape District,2026-05-30 13:26:28
4,4 bedrooms,"4bdrm Duplex in 3Rd Avenue Gwarimpa, Gwarinpa for rent",20000000,"₦ 20,000,000",Gwarinpa,2026-05-30 13:26:35
3,3 bedrooms,3bdrm Block of Flats in Gaduwa for rent,6000000,"₦ 6,000,000",Gaduwa,2026-05-30 13:26:35
5,5 bedrooms,Furnished 5bdrm Duplex in Jahi for rent,30000000,"₦ 30,000,000",Jahi,2026-05-30 13:26:35
1,1 bedroom,"Furnished 1bdrm Bedsitter in Riverpark Estate, Lugbe District for rent",3700000,"₦ 3,700,000",Lugbe District,2026-05-30 13:26:35
1,1 bedroom,"Furnished Studio Apartment in Freedom Avenue, Dutse-Alhaji for rent",700000,"₦ 700,000",Dutse-Alhaji,2026-05-30 13:26:35
3,3 bedrooms,"3bdrm Duplex in Hamptons, Maitama for rent",20500000,"₦ 20,500,000",Maitama,2026-05-30 13:26:35
2,2 bedrooms,"Furnished 2bdrm Apartment in Paradise Court, Idu Industrial for rent",70000,"₦ 70,000",Idu Industrial,2026-05-30 13:26:35
2,2 bedrooms,"2bdrm Block of Flats in Sauka Newsite Estate, FHA for rent",2500000,"₦ 2,500,000",FHA,2026-05-30 13:26:35
2,2 bedrooms,Furnished 2bdrm House in Pentville Estate for rent,8000000,"₦ 8,000,000",Lokogoma,2026-05-30 13:26:35
4,4 bedrooms,"Furnished 4bdrm Duplex in Aldenco, Lugbe District for rent",20000000,"₦ 20,000,000",Lugbe District,2026-05-30 13:26:35
4,4 bedrooms,4bdrm Duplex in Jahi for rent,10000000,"₦ 10,000,000",Jahi,2026-05-30 13:26:35
1,1 bedroom,"Furnished 1bdrm Apartment in Iyoba Apartment, Durumi for rent",5000000,"₦ 5,000,000",Durumi,2026-05-30 13:26:35
1,1 bedroom,"Furnished 1bdrm Shared Apartment in Aston Luxury, Apo District for rent",500000,"₦ 500,000",Apo District,2026-05-30 13:26:35
1,1 bedroom,"Studio Apartment in Freedom Avenue, Dutse-Alhaji for rent",600000,"₦ 600,000",Dutse-Alhaji,2026-05-30 13:26:35
3,3 bedrooms,Furnished 3bdrm Block of Flats in Cbn Senior Quarters for rent,13000000,"₦ 13,000,000",Area 11,2026-05-30 13:26:35
3,3 bedrooms,3bdrm Apartment in Jahi for rent,11500000,"₦ 11,500,000",Jahi,2026-05-30 13:26:35
2,2 bedrooms,"2bdrm Apartment in River Park Estate, FHA for rent",6000000,"₦ 6,000,000",FHA,2026-05-30 13:26:35
6,6 bedrooms,"6bdrm Duplex in Gwarinpa Estate, Bunkoro for rent",15000000,"₦ 15,000,000",Bunkoro,2026-05-30 13:26:35
3,3 bedrooms,3bdrm Block of Flats in Wuse 2 for rent,15000000,"₦ 15,000,000",Wuse 2,2026-05-30 13:26:35
5,5 bedrooms,5bdrm Duplex in Zone B for rent,14000000,"₦ 14,000,000",Zone B,2026-05-30 13:26:35
2,2 bedrooms,Furnished 2bdrm Apartment in Utako for rent,4000000,"₦ 4,000,000",Utako,2026-05-30 13:26:35
1,1 bedroom,Furnished Studio Apartment in Wuse 2 for rent,6000000,"₦ 6,000,000",Wuse 2,2026-05-30 13:26:35
5,5 bedrooms,"5bdrm Duplex in Orange Estate Off, Gwarinpa for rent",10000000,"₦ 10,000,000",Gwarinpa,2026-05-30 13:26:35
4,4 bedrooms,4bdrm Duplex in Zone B for rent,9000000,"₦ 9,000,000",Zone B,2026-05-30 13:26:35
3,3 bedrooms,"Furnished 3bdrm Block of Flats in Vintage Villas, Jabi for rent",14000000,"₦ 14,000,000",Jabi,2026-05-30 13:26:43
6,6 bedrooms,"6bdrm Duplex in Naf Valley Estate, Asokoro for rent",30000000,"₦ 30,000,000",Asokoro,2026-05-30 13:26:43
3,3 bedrooms,Furnished 3bdrm Apartment in Wuse 2 for rent,45000000,"₦ 45,000,000",Wuse 2,2026-05-30 13:26:43
3,3 bedrooms,3bdrm Block of Flats in Katampe Main for rent,9000000,"₦ 9,000,000",Katampe (Main),2026-05-30 13:26:43
1,1 bedroom,"Mini Flat in Gwarimpa Estate, Gwarinpa for rent",1500000,"₦ 1,500,000",Gwarinpa,2026-05-30 13:26:43
1,1 bedroom,"Furnished 1bdrm Apartment in Legislative Quarters, Zone B for rent",1700000,"₦ 1,700,000",Zone B,2026-05-30 13:26:43
1,1 bedroom,"Mini Flat in Rock Garden City, Phase 2 / Jikwoyi for rent",500000,"₦ 500,000",Phase 2 / Jikwoyi,2026-05-30 13:26:43
3,3 bedrooms,"3bdrm Apartment in Victoria Garden, Mabushi for rent",10000000,"₦ 10,000,000",Mabushi,2026-05-30 13:26:43
1,1 bedroom,Furnished Studio Apartment in Wuse 2 for rent,800000,"₦ 800,000",Wuse 2,2026-05-30 13:26:43
2,2 bedrooms,"2bdrm House in Crd Estate, FHA for rent",2500000,"₦ 2,500,000",FHA,2026-05-30 13:26:43
4,4 bedrooms,4bdrm Duplex in Life Camp for rent,9000000,"₦ 9,000,000",Life Camp,2026-05-30 13:26:43
4,4 bedrooms,4bdrm Duplex in Asokoro for rent,17000000,"₦ 17,000,000",Asokoro,2026-05-30 13:26:43
2,2 bedrooms,"2bdrm Block of Flats in Beside Dunamis, Sabon Lugbe for rent",4000000,"₦ 4,000,000",Sabon Lugbe,2026-05-30 13:26:43
1,1 bedroom,"Furnished 1bdrm Apartment in Iyoba Apartment, Durumi for rent",5500000,"₦ 5,500,000",Durumi,2026-05-30 13:26:43
4,4 bedrooms,"Furnished 4bdrm Duplex in Rockvale Manor, Gudu for rent",13000000,"₦ 13,000,000",Gudu,2026-05-30 13:26:43
3,3 bedrooms,3bdrm Block of Flats in Wuse 2 for rent,11000000,"₦ 11,000,000",Wuse 2,2026-05-30 13:26:43
3,3 bedrooms,3bdrm Townhouse / Terrace in Apo Resettlement for rent,5000000,"₦ 5,000,000",Apo Resettlement,2026-05-30 13:26:43
3,3 bedrooms,3bdrm Duplex in Utako for rent,15000000,"₦ 15,000,000",Utako,2026-05-30 13:26:43
4,4 bedrooms,4bdrm Townhouse / Terrace in Maitama for rent,30000000,"₦ 30,000,000",Maitama,2026-05-30 13:26:43
3,3 bedrooms,Furnished 3bdrm Bungalow in Kado Estate Phase 1 for rent,18000000,"₦ 18,000,000",Kado,2026-05-30 13:26:43
4,4 bedrooms,Furnished 4bdrm Townhouse / Terrace in Maitama for rent,40000000,"₦ 40,000,000",Maitama,2026-05-30 13:26:43
1,1 bedroom,"1bdrm House in Rock Garden City, Phase 2 / Jikwoyi for rent",1360000,"₦ 1,360,000",Phase 2 / Jikwoyi,2026-05-30 13:26:43
5,5 bedrooms,Furnished 5bdrm Duplex in Guzape District for rent,60000000,"₦ 60,000,000",Guzape District,2026-05-30 13:26:43
4,4 bedrooms,4bdrm Duplex in Life Camp for rent,25000000,"₦ 25,000,000",Life Camp,2026-05-30 13:26:43
5,5 bedrooms,5bdrm Duplex in Maitama for rent,28000000,"₦ 28,000,000",Maitama,2026-05-30 13:26:51
4,4 bedrooms,Furnished 4bdrm Duplex in Hill View Community for rent,9000000,"₦ 9,000,000",Kubwa,2026-05-30 13:26:51
5,5 bedrooms,5bdrm Duplex in Apo Resettlement for rent,8000000,"₦ 8,000,000",Apo Resettlement,2026-05-30 13:26:51
4,4 bedrooms,"Furnished 4bdrm Duplex in Levi Estate, Galadimawa for rent",8000000,"₦ 8,000,000",Galadimawa,2026-05-30 13:26:51
1,1 bedroom,1bdrm Block of Flats in Dawaki for rent,3500000,"₦ 3,500,000",Dawaki,2026-05-30 13:26:51
3,3 bedrooms,3bdrm Apartment in Jabi for rent,200000000,"₦ 200,000,000",Jabi,2026-05-30 13:26:51
2,2 bedrooms,Furnished 2bdrm Apartment in Ado White House for rent,7500000,"₦ 7,500,000",FHA,2026-05-30 13:26:51
4,4 bedrooms,4bdrm Duplex in Asokoro Fct for rent,28000000,"₦ 28,000,000",Asokoro,2026-05-30 13:26:51
3,3 bedrooms,"3bdrm Block of Flats in Regent Apartment, Katampe Extension for rent",10000000,"₦ 10,000,000",Katampe Extension,2026-05-30 13:26:51
4,4 bedrooms,4bdrm Duplex in Wuye for rent,18000000,"₦ 18,000,000",Wuye,2026-05-30 13:26:51
2,2 bedrooms,"2bdrm Bungalow in Abuja, Asokoro for rent",10000000,"₦ 10,000,000",Asokoro,2026-05-30 13:26:51
3,3 bedrooms,3bdrm Apartment in Mabushi for rent,12000000,"₦ 12,000,000",Mabushi,2026-05-30 13:26:51
3,3 bedrooms,3bdrm Apartment in Idu for rent,5500000,"₦ 5,500,000",Idu Industrial,2026-05-30 13:26:51
2,2 bedrooms,Furnished 2bdrm Apartment in Jahi for rent,19000000,"₦ 19,000,000",Jahi,2026-05-30 13:26:51
5,5 bedrooms,"5bdrm Bungalow in Suncity Estate, Galadimawa for rent",10000000,"₦ 10,000,000",Galadimawa,2026-05-30 13:26:51
2,2 bedrooms,2bdrm Block of Flats in Dawaki for rent,4500000,"₦ 4,500,000",Dawaki,2026-05-30 13:26:51
5,5 bedrooms,Furnished 5bdrm Duplex in Guzape for rent,30000000,"₦ 30,000,000",Guzape District,2026-05-30 13:26:51
3,3 bedrooms,"Furnished 3bdrm Duplex in Rockvale Manors, Gudu for rent",13000000,"₦ 13,000,000",Gudu,2026-05-30 13:26:51
2,2 bedrooms,Furnished 2bdrm Block of Flats in Jabi for rent,42000000,"₦ 42,000,000",Jabi,2026-05-30 13:26:51
4,4 bedrooms,"4bdrm Duplex in Tangerine Exquisite, Life Camp for rent",16000000,"₦ 16,000,000",Life Camp,2026-05-30 13:26:51
4,4 bedrooms,4bdrm Duplex in Katampe Newly Built for rent,16000000,"₦ 16,000,000",Katampe (Main),2026-05-30 13:26:51
3,3 bedrooms,3bdrm Block of Flats in Katampe Standard for rent,5000000,"₦ 5,000,000",Katampe (Main),2026-05-30 13:26:51
4,4 bedrooms,4bdrm Duplex in Guzape District for rent,13000000,"₦ 13,000,000",Guzape District,2026-05-30 13:26:51
3,3 bedrooms,3bdrm Block of Flats in Maitama Property for rent,25000000,"₦ 25,000,000",Maitama,2026-05-30 13:26:51
5,5 bedrooms,Furnished 5bdrm Duplex in Guzape for rent,30000000,"₦ 30,000,000",Guzape District,2026-05-30 13:26:57
1,1 bedroom,"Studio Apartment in Arab Road, Kubwa for rent",1200000,"₦ 1,200,000",Kubwa,2026-05-30 13:26:57
1,1 bedroom,"1bdrm Block of Flats in Hillview Estate, Kubwa for rent",2000000,"₦ 2,000,000",Kubwa,2026-05-30 13:26:57
1,1 bedroom,Studio Apartment in Utako for rent,2000000,"₦ 2,000,000",Utako,2026-05-30 13:26:57
3,3 bedrooms,"3bdrm Duplex in Hillview Estate, Kubwa for rent",4000000,"₦ 4,000,000",Kubwa,2026-05-30 13:26:57
7,7 bedrooms,7bdrm Duplex in Maitama for rent,50000000,"₦ 50,000,000",Maitama,2026-05-30 13:26:57
4,4 bedrooms,4bdrm Duplex in Mabushi for rent,12000000,"₦ 12,000,000",Mabushi,2026-05-30 13:26:57
2,2 bedrooms,2bdrm Block of Flats in Katampe Main for rent,4000000,"₦ 4,000,000",Katampe (Main),2026-05-30 13:26:57
1,1 bedroom,1bdrm Apartment in Kado for rent,2000000,"₦ 2,000,000",Kado,2026-05-30 13:26:57
1,1 bedroom,Furnished 1bdrm Room & Parlour in Garki 2 for rent,4900000,"₦ 4,900,000",Garki 2,2026-05-30 13:26:57
1,1 bedroom,1bdrm Apartment in Apo Resettlement for rent,6000000,"₦ 6,000,000",Apo Resettlement,2026-05-30 13:26:57
4,4 bedrooms,4bdrm Townhouse / Terrace in Guzape for rent,17000000,"₦ 17,000,000",Guzape District,2026-05-30 13:26:57
2,2 bedrooms,2bdrm Apartment in Jabi for rent,7000000,"₦ 7,000,000",Jabi,2026-05-30 13:26:57
3,3 bedrooms,3bdrm Block of Flats in Durumi for rent,5000000,"₦ 5,000,000",Durumi,2026-05-30 13:26:57
4,4 bedrooms,Furnished 4bdrm Townhouse / Terrace in Lugbe District for rent,10000000,"₦ 10,000,000",Lugbe District,2026-05-30 13:26:57
3,3 bedrooms,Furnished 3bdrm Block of Flats in Katampe for rent,5000000,"₦ 5,000,000",Katampe (Main),2026-05-30 13:26:57
6,6 bedrooms,6bdrm Duplex in Maitama for rent,65000000,"₦ 65,000,000",Maitama,2026-05-30 13:26:57
4,4 bedrooms,4bdrm Duplex in Wuye District for rent,15000000,"₦ 15,000,000",Wuye,2026-05-30 13:26:57
4,4 bedrooms,"4bdrm Duplex in Main Gusape, Guzape District for rent",20000000,"₦ 20,000,000",Guzape District,2026-05-30 13:26:57
5,5 bedrooms,5bdrm Duplex in Wuye for rent,30000000,"₦ 30,000,000",Wuye,2026-05-30 13:26:57
4,4 bedrooms,4bdrm Townhouse / Terrace in Main Wuye for rent,15000000,"₦ 15,000,000",Wuye,2026-05-30 13:26:57
5,5 bedrooms,"5bdrm Duplex in Nugget, Mabushi for rent",18000000,"₦ 18,000,000",Mabushi,2026-05-30 13:26:57
2,2 bedrooms,"2bdrm Block of Flats in Nugget, Jahi for rent",5000000,"₦ 5,000,000",Jahi,2026-05-30 13:26:57
4,4 bedrooms,4bdrm Townhouse / Terrace in Apo Resettlement for rent,10000000,"₦ 10,000,000",Apo Resettlement,2026-05-30 13:26:57
4,4 bedrooms,4bdrm Duplex in Guzape District for rent,20000000,"₦ 20,000,000",Guzape District,2026-05-30 13:27:09
4,4 bedrooms,"Furnished 4bdrm Townhouse / Terrace in Jimmy Carter, Asokoro for rent",25000000,"₦ 25,000,000",Asokoro,2026-05-30 13:27:09
5,5 bedrooms,5bdrm Duplex in Maitama for rent,80000000,"₦ 80,000,000",Maitama,2026-05-30 13:27:09
2,2 bedrooms,"Furnished 2bdrm Block of Flats in Sauka New Side, Abaji for rent",2500000,"₦ 2,500,000",Abaji,2026-05-30 13:27:09
4,4 bedrooms,4bdrm Duplex in Mabushi for rent,12000000,"₦ 12,000,000",Mabushi,2026-05-30 13:27:09
6,6 bedrooms,"6bdrm Duplex in Brains Abd Hammer, Apo District for rent",13000000,"₦ 13,000,000",Apo District,2026-05-30 13:27:09
3,3 bedrooms,3bdrm Apartment in Guzape District for rent,10000000,"₦ 10,000,000",Guzape District,2026-05-30 13:27:09
2,2 bedrooms,"2bdrm Bungalow in Efab City, Jabi for rent",5500000,"₦ 5,500,000",Jabi,2026-05-30 13:27:09
3,3 bedrooms,3bdrm Apartment in Guzape for rent,12000000,"₦ 12,000,000",Guzape District,2026-05-30 13:27:09
4,4 bedrooms,4bdrm Townhouse / Terrace in Wuye for rent,20000000,"₦ 20,000,000",Wuye,2026-05-30 13:27:09
1,1 bedroom,Furnished Studio Apartment in Gwarinpa for rent,658750,"₦ 658,750",Gwarinpa,2026-05-30 13:27:09
4,4 bedrooms,4bdrm Mansion in Katampe Extension for rent,20000000,"₦ 20,000,000",Katampe Extension,2026-05-30 13:27:09
3,3 bedrooms,3bdrm Townhouse / Terrace in Main Galadimawa for rent,6500000,"₦ 6,500,000",Galadimawa,2026-05-30 13:27:09
1,1 bedroom,Furnished Studio Apartment in Gwarinpa for rent,922250,"₦ 922,250",Gwarinpa,2026-05-30 13:27:09
3,3 bedrooms,"3bdrm Townhouse / Terrace in Dantata Estate, Kubwa for rent",6000000,"₦ 6,000,000",Kubwa,2026-05-30 13:27:09
4,4 bedrooms,4bdrm Townhouse / Terrace in Guzape District for rent,17000000,"₦ 17,000,000",Guzape District,2026-05-30 13:27:09
1,1 bedroom,"1bdrm Block of Flats in Fo1, Kubwa for rent",2300000,"₦ 2,300,000",Kubwa,2026-05-30 13:27:09
1,1 bedroom,1bdrm Apartment in Jahi for rent,6000000,"₦ 6,000,000",Jahi,2026-05-30 13:27:09
4,4 bedrooms,4bdrm Duplex in Mabushi for rent,12000000,"₦ 12,000,000",Mabushi,2026-05-30 13:27:09
4,4 bedrooms,4bdrm Townhouse / Terrace in Wuse for rent,19999999,"₦ 19,999,999",Wuse,2026-05-30 13:27:09
3,3 bedrooms,"3bdrm Block of Flats in Justice Estate, Gwarinpa for rent",3500000,"₦ 3,500,000",Gwarinpa,2026-05-30 13:27:09
2,2 bedrooms,Furnished 2bdrm Apartment in Sabon Lugbe for rent,8500000,"₦ 8,500,000",Sabon Lugbe,2026-05-30 13:27:09
3,3 bedrooms,"3bdrm Bungalow in Efab Queens, Gwarinpa for rent",8000000,"₦ 8,000,000",Gwarinpa,2026-05-30 13:27:09
4,4 bedrooms,4bdrm Duplex in Jahi Gilmore Fct for rent,18000000,"₦ 18,000,000",Jahi,2026-05-30 13:27:09
1,1 bedroom,"1bdrm Block of Flats in News Engineering, Dawaki for rent",2800000,"₦ 2,800,000",Dawaki,2026-05-30 13:27:17
3,3 bedrooms,"3bdrm Block of Flats in Pries Estate, Galadimawa for rent",3800000,"₦ 3,800,000",Galadimawa,2026-05-30 13:27:17
3,3 bedrooms,"3bdrm Block of Flats in E, Wuye for rent",8000000,"₦ 8,000,000",Wuye,2026-05-30 13:27:17
4,4 bedrooms,"Furnished 4bdrm Duplex in Levi Estate, Galadimawa for rent",8000000,"₦ 8,000,000",Galadimawa,2026-05-30 13:27:17
4,4 bedrooms,Furnished 4bdrm Townhouse / Terrace in Wuye for rent,25000000,"₦ 25,000,000",Wuye,2026-05-30 13:27:17
5,5 bedrooms,5bdrm Townhouse / Terrace in Asokoro Main for rent,25000000,"₦ 25,000,000",Asokoro,2026-05-30 13:27:17
1,1 bedroom,Furnished 1bdrm Apartment in Gwarinpa for rent,658750,"₦ 658,750",Gwarinpa,2026-05-30 13:27:17
4,4 bedrooms,"4bdrm Duplex in Jahi Gilmore,Fct for rent",15000000,"₦ 15,000,000",Jahi,2026-05-30 13:27:17
5,5 bedrooms,Furnished 5bdrm Mansion in Maitama for rent,90000000,"₦ 90,000,000",Maitama,2026-05-30 13:27:17
2,2 bedrooms,"2bdrm Townhouse / Terrace in Hill Field Homes, Dawaki for rent",5000000,"₦ 5,000,000",Dawaki,2026-05-30 13:27:17
4,4 bedrooms,4bdrm Bungalow in Kado for rent,8000000,"₦ 8,000,000",Kado,2026-05-30 13:27:17
4,4 bedrooms,4bdrm Duplex in Asokoro for rent,40000000,"₦ 40,000,000",Asokoro,2026-05-30 13:27:17
3,3 bedrooms,"3bdrm Block of Flats in Gwarimpa, Gwarinpa for rent",7000000,"₦ 7,000,000",Gwarinpa,2026-05-30 13:27:17
1,1 bedroom,Furnished Studio Apartment in Gwarinpa for rent,922250,"₦ 922,250",Gwarinpa,2026-05-30 13:27:17
5,5 bedrooms,"5bdrm Duplex in Gwarimpa Estate, Gwarinpa for rent",15000000,"₦ 15,000,000",Gwarinpa,2026-05-30 13:27:17
3,3 bedrooms,"3bdrm Bungalow in Efab Version,By, Gwarinpa for rent",7000000,"₦ 7,000,000",Gwarinpa,2026-05-30 13:27:17
3,3 bedrooms,"3bdrm Townhouse / Terrace in Dantata Estate, Kubwa for rent",6000000,"₦ 6,000,000",Kubwa,2026-05-30 13:27:17
3,3 bedrooms,Furnished 3bdrm Apartment in Jahi for rent,25000000,"₦ 25,000,000",Jahi,2026-05-30 13:27:17
4,4 bedrooms,4bdrm Townhouse / Terrace in Guzape District for rent,17000000,"₦ 17,000,000",Guzape District,2026-05-30 13:27:17
7,7 bedrooms,7bdrm Duplex in Guzape Main for rent,45000000,"₦ 45,000,000",Guzape District,2026-05-30 13:27:17
1,1 bedroom,1bdrm Apartment in Jahi for rent,6000000,"₦ 6,000,000",Jahi,2026-05-30 13:27:17
4,4 bedrooms,4bdrm Townhouse / Terrace in Maitama for rent,35000000,"₦ 35,000,000",Maitama,2026-05-30 13:27:17
1,1 bedroom,"1bdrm Block of Flats in Fo1, Kubwa for rent",2300000,"₦ 2,300,000",Kubwa,2026-05-30 13:27:17
4,4 bedrooms,4bdrm Duplex in Guzape Main for rent,15000000,"₦ 15,000,000",Guzape District,2026-05-30 13:27:17
3,3 bedrooms,3bdrm Townhouse / Terrace in Jahi for rent,10000000,"₦ 10,000,000",Jahi,2026-05-30 13:27:26
5,5 bedrooms,5bdrm Duplex in Maitama for rent,50000000,"₦ 50,000,000",Maitama,2026-05-30 13:27:26
2,2 bedrooms,2bdrm Block of Flats in Dawaki for rent,3000000,"₦ 3,000,000",Dawaki,2026-05-30 13:27:26
6,6 bedrooms,6bdrm House in Guzape District for rent,30000000,"₦ 30,000,000",Guzape District,2026-05-30 13:27:26
3,3 bedrooms,3bdrm Block of Flats in Maitama for rent,10000000,"₦ 10,000,000",Maitama,2026-05-30 13:27:26
4,4 bedrooms,4bdrm Duplex in Wuye for rent,16000000,"₦ 16,000,000",Wuye,2026-05-30 13:27:26
3,3 bedrooms,"3bdrm Bungalow in Gwarimpa Estate,Fct, Gwarinpa for rent",9000000,"₦ 9,000,000",Gwarinpa,2026-05-30 13:27:26
4,4 bedrooms,"4bdrm Bungalow in Gwarimpa Extension, Gwarinpa for rent",10000000,"₦ 10,000,000",Gwarinpa,2026-05-30 13:27:26
2,2 bedrooms,2bdrm Apartment in Lokogoma for rent,3999999,"₦ 3,999,999",Lokogoma,2026-05-30 13:27:26
1,1 bedroom,"Mini Flat in Efab Metropolis, Karsana for rent",2000000,"₦ 2,000,000",Karsana,2026-05-30 13:27:26
3,3 bedrooms,3bdrm Apartment in Maitama for rent,17000000,"₦ 17,000,000",Maitama,2026-05-30 13:27:26
3,3 bedrooms,3bdrm Apartment in Apo Resettlement for rent,7500000,"₦ 7,500,000",Apo Resettlement,2026-05-30 13:27:26
4,4 bedrooms,4bdrm Townhouse / Terrace in Gudu for rent,12000000,"₦ 12,000,000",Gudu,2026-05-30 13:27:26
3,3 bedrooms,3bdrm Block of Flats in Katampe for rent,10000000,"₦ 10,000,000",Katampe,2026-05-30 13:27:26
2,2 bedrooms,"Furnished 2bdrm Apartment in Auta Ibrahim Street, Wuye for rent",4000000,"₦ 4,000,000",Wuye,2026-05-30 13:27:26
2,2 bedrooms,"Furnished 2bdrm Block of Flats in Gwarimpa Estate,Fct, Gwarinpa",200000,"₦ 200,000",Gwarinpa,2026-05-30 13:27:26
5,5 bedrooms,5bdrm Townhouse / Terrace in Katampe (Main) for rent,15000000,"₦ 15,000,000",Katampe (Main),2026-05-30 13:27:26
2,2 bedrooms,"2bdrm Bungalow in Efab City, Jabi for rent",5500000,"₦ 5,500,000",Jabi,2026-05-30 13:27:26
3,3 bedrooms,"Furnished 3bdrm Bungalow in Valley City Estate, Kaura for rent",6000000,"₦ 6,000,000",Kaura,2026-05-30 13:27:26
3,3 bedrooms,"3bdrm Block of Flats in Pries Estate, Galadimawa for rent",3800000,"₦ 3,800,000",Galadimawa,2026-05-30 13:27:26
4,4 bedrooms,4bdrm Duplex in Gaduwa for rent,7999999,"₦ 7,999,999",Gaduwa,2026-05-30 13:27:26
3,3 bedrooms,"Furnished 3bdrm Block of Flats in F01, Kubwa for rent",3800000,"₦ 3,800,000",Kubwa,2026-05-30 13:27:26
4,4 bedrooms,4bdrm Townhouse / Terrace in Jahi for rent,18000000,"₦ 18,000,000",Jahi,2026-05-30 13:27:26
4,4 bedrooms,4bdrm Duplex in Lugbe for rent,8000000,"₦ 8,000,000",Lugbe District,2026-05-30 13:27:26
3,3 bedrooms,3bdrm Block of Flats in Katampe for rent,10000000,"₦ 10,000,000",Katampe,2026-05-30 13:27:33
2,2 bedrooms,"Furnished 2bdrm Apartment in Auta Ibrahim Street, Wuye for rent",4000000,"₦ 4,000,000",Wuye,2026-05-30 13:27:33
1,1 bedroom,"Furnished 1bdrm Block of Flats in Freedom Avenue, Dutse-Alhaji for rent",1500000,"₦ 1,500,000",Dutse-Alhaji,2026-05-30 13:27:33
4,4 bedrooms,"4bdrm Bungalow in Redeemers Estate, Pyakasa for rent",5000000,"₦ 5,000,000",Pyakasa,2026-05-30 13:27:33
2,2 bedrooms,"2bdrm Block of Flats in Sauka Newsite Estate, FHA for rent",2500000,"₦ 2,500,000",FHA,2026-05-30 13:27:33
4,4 bedrooms,4bdrm Duplex in Jahi for rent,10000000,"₦ 10,000,000",Jahi,2026-05-30 13:27:33
3,3 bedrooms,3bdrm Apartment in Apo District for rent,10000000,"₦ 10,000,000",Apo District,2026-05-30 13:27:33
1,1 bedroom,"Studio Apartment in Freedom Avenue, Dutse-Alhaji for rent",600000,"₦ 600,000",Dutse-Alhaji,2026-05-30 13:27:33
4,4 bedrooms,4bdrm Townhouse / Terrace in Jahi for rent,18000000,"₦ 18,000,000",Jahi,2026-05-30 13:27:33
3,3 bedrooms,3bdrm Block of Flats in Wuse 2 for rent,15000000,"₦ 15,000,000",Wuse 2,2026-05-30 13:27:33
4,4 bedrooms,4bdrm Duplex in Lugbe for rent,8000000,"₦ 8,000,000",Lugbe District,2026-05-30 13:27:33
4,4 bedrooms,4bdrm Duplex in Asokoro for rent,40000000,"₦ 40,000,000",Asokoro,2026-05-30 13:27:33
4,4 bedrooms,4bdrm Duplex in Mabushi for rent,15000000,"₦ 15,000,000",Mabushi,2026-05-30 13:27:33
3,3 bedrooms,Furnished 3bdrm Apartment in Jahi for rent,25000000,"₦ 25,000,000",Jahi,2026-05-30 13:27:33
2,2 bedrooms,Furnished 2bdrm Apartment in Jahi for rent,22000000,"₦ 22,000,000",Jahi,2026-05-30 13:27:33
3,3 bedrooms,3bdrm Block of Flats in Wuye for rent,12000000,"₦ 12,000,000",Wuye,2026-05-30 13:27:33
3,3 bedrooms,Furnished 3bdrm Apartment in Wuse 2 for rent,45000000,"₦ 45,000,000",Wuse 2,2026-05-30 13:27:33
2,2 bedrooms,2bdrm Apartment in Wuse 2 for rent,20000000,"₦ 20,000,000",Wuse 2,2026-05-30 13:27:33
1,1 bedroom,Furnished 1bdrm Apartment in Apo District for rent,700000,"₦ 700,000",Apo District,2026-05-30 13:27:33
4,4 bedrooms,4bdrm Townhouse / Terrace in Mabushi for rent,12000000,"₦ 12,000,000",Mabushi,2026-05-30 13:27:33
4,4 bedrooms,Furnished 4bdrm Townhouse / Terrace in Maitama for rent,50000000,"₦ 50,000,000",Maitama,2026-05-30 13:27:33
2,2 bedrooms,Furnished 2bdrm Apartment in Jahi for rent,15000000,"₦ 15,000,000",Jahi,2026-05-30 13:27:33
1,1 bedroom,"Furnished 1bdrm Shared Apartment in Aston Luxury, Apo District for rent",600000,"₦ 600,000",Apo District,2026-05-30 13:27:33
4,4 bedrooms,4bdrm Duplex in Katampe Extension for rent,25000000,"₦ 25,000,000",Katampe Extension,2026-05-30 13:27:33
1,1 bedroom,Furnished 1bdrm Apartment in Garki Area 8 for rent,15000000,"₦ 15,000,000",Area 8,2026-05-30 13:27:39
5,5 bedrooms,"5bdrm Duplex in Kyc Estate, Sabon Lugbe for rent",10000000,"₦ 10,000,000",Sabon Lugbe,2026-05-30 13:27:39
4,4 bedrooms,4bdrm Townhouse / Terrace in Maitama for rent,40000000,"₦ 40,000,000",Maitama,2026-05-30 13:27:39
6,6 bedrooms,6bdrm Duplex in Jabi for rent,55000000,"₦ 55,000,000",Jabi,2026-05-30 13:27:39
3,3 bedrooms,3bdrm Block of Flats in Katampe Main for rent,9000000,"₦ 9,000,000",Katampe (Main),2026-05-30 13:27:39
2,2 bedrooms,Furnished 2bdrm Apartment in Jahi for rent,19000000,"₦ 19,000,000",Jahi,2026-05-30 13:27:39
3,3 bedrooms,3bdrm Apartment in Guzape District for rent,12000000,"₦ 12,000,000",Guzape District,2026-05-30 13:27:39
6,6 bedrooms,6bdrm Duplex in Guzape District for rent,30000000,"₦ 30,000,000",Guzape District,2026-05-30 13:27:39
3,3 bedrooms,3bdrm Block of Flats in Apdc Estate Kubwa for rent,4000000,"₦ 4,000,000",Kubwa,2026-05-30 13:27:39
3,3 bedrooms,3bdrm Apartment in Jabi for rent,7000000,"₦ 7,000,000",Jabi,2026-05-30 13:27:39
3,3 bedrooms,3bdrm Block of Flats in Wuye for rent,5500000,"₦ 5,500,000",Wuye,2026-05-30 13:27:39
3,3 bedrooms,3bdrm Apartment in Wuye for rent,8000000,"₦ 8,000,000",Wuye,2026-05-30 13:27:39
4,4 bedrooms,4bdrm Apartment in Guzape District for rent,25000000,"₦ 25,000,000",Guzape District,2026-05-30 13:27:39
1,1 bedroom,Furnished Studio Apartment in Garki 2 for rent,2900000,"₦ 2,900,000",Garki 2,2026-05-30 13:27:39
3,3 bedrooms,"Furnished 3bdrm Duplex in Aso Villa, Asokoro for rent",50000000,"₦ 50,000,000",Asokoro,2026-05-30 13:27:39
5,5 bedrooms,5bdrm Duplex in Maitama for rent,65000000,"₦ 65,000,000",Maitama,2026-05-30 13:27:39
4,4 bedrooms,4bdrm Penthouse in Mabushi for rent,12000000,"₦ 12,000,000",Mabushi,2026-05-30 13:27:39
3,3 bedrooms,3bdrm Block of Flats in Durumi for rent,5000000,"₦ 5,000,000",Durumi,2026-05-30 13:27:39
3,3 bedrooms,3bdrm Block of Flats in Guzape for rent,9000000,"₦ 9,000,000",Guzape District,2026-05-30 13:27:39
4,4 bedrooms,4bdrm Duplex in Guzape District for rent,15000000,"₦ 15,000,000",Guzape District,2026-05-30 13:27:39
6,6 bedrooms,6bdrm Duplex in Maitama for rent,80000000,"₦ 80,000,000",Maitama,2026-05-30 13:27:39
3,3 bedrooms,3bdrm Block of Flats in Katampe  Main for rent,7500000,"₦ 7,500,000",Katampe (Main),2026-05-30 13:27:39
3,3 bedrooms,Furnished 3bdrm House in Jahi for rent,20000000,"₦ 20,000,000",Jahi,2026-05-30 13:27:39
3,3 bedrooms,"3bdrm Bungalow in Nuggy, Jahi for rent",6500000,"₦ 6,500,000",Jahi,2026-05-30 13:27:39
4,4 bedrooms,4bdrm Duplex in Guzape District for rent,12000000,"₦ 12,000,000",Guzape District,2026-05-30 13:27:45
4,4 bedrooms,4bdrm Townhouse / Terrace in Galadimawa for rent,8000000,"₦ 8,000,000",Galadimawa,2026-05-30 13:27:45
2,2 bedrooms,2bdrm Block of Flats in Katampe for rent,5500000,"₦ 5,500,000",Katampe (Main),2026-05-30 13:27:45
1,1 bedroom,Studio Apartment in Utako for rent,2000000,"₦ 2,000,000",Utako,2026-05-30 13:27:45
3,3 bedrooms,3bdrm Apartment in Jabi for rent,8000000,"₦ 8,000,000",Jabi,2026-05-30 13:27:45
4,4 bedrooms,4bdrm Duplex in Jahi for rent,15000000,"₦ 15,000,000",Jahi,2026-05-30 13:27:45
4,4 bedrooms,4bdrm Townhouse / Terrace in Wuye for rent,20000000,"₦ 20,000,000",Wuye,2026-05-30 13:27:45
4,4 bedrooms,4bdrm Duplex in Mabushi for rent,17000000,"₦ 17,000,000",Mabushi,2026-05-30 13:27:45
4,4 bedrooms,4bdrm Duplex in Katampe Extension for rent,20000000,"₦ 20,000,000",Katampe Extension,2026-05-30 13:27:45
4,4 bedrooms,4bdrm Townhouse / Terrace in Guzape for rent,15000000,"₦ 15,000,000",Guzape District,2026-05-30 13:27:45
4,4 bedrooms,4bdrm Duplex in Maitama Main for rent,30000000,"₦ 30,000,000",Maitama,2026-05-30 13:27:45
4,4 bedrooms,4bdrm Townhouse / Terrace in Maitama for rent,50000000,"₦ 50,000,000",Maitama,2026-05-30 13:27:45
4,4 bedrooms,4bdrm Duplex in Guzape for rent,15000000,"₦ 15,000,000",Guzape District,2026-05-30 13:27:45
4,4 bedrooms,4bdrm Townhouse / Terrace in Katampe Main for rent,15000000,"₦ 15,000,000",Katampe (Main),2026-05-30 13:27:45
4,4 bedrooms,"Furnished 4bdrm Townhouse / Terrace in Jimmy Carter, Asokoro for rent",25000000,"₦ 25,000,000",Asokoro,2026-05-30 13:27:45
1,1 bedroom,Furnished 1bdrm Apartment in Katampe Main for rent,6000000,"₦ 6,000,000",Katampe (Main),2026-05-30 13:27:45
1,1 bedroom,Furnished Studio Apartment in Gwarinpa for rent,450000,"₦ 450,000",Gwarinpa,2026-05-30 13:27:45
2,2 bedrooms,"2bdrm Block of Flats in Trans Engineering, Dawaki for rent",6000000,"₦ 6,000,000",Dawaki,2026-05-30 13:27:45
2,2 bedrooms,"2bdrm Block of Flats in Along Jedo, Sabon Lugbe for rent",3500000,"₦ 3,500,000",Sabon Lugbe,2026-05-30 13:27:45
2,2 bedrooms,"Furnished 2bdrm Block of Flats in Villa, Asokoro for rent",35000000,"₦ 35,000,000",Asokoro,2026-05-30 13:27:45
2,2 bedrooms,"2bdrm Block of Flats in Fortune Estate, Jahi for rent",8000000,"₦ 8,000,000",Jahi,2026-05-30 13:27:45
2,2 bedrooms,"2bdrm Apartment in F14, Kubwa for rent",2500000,"₦ 2,500,000",Kubwa,2026-05-30 13:27:45
3,3 bedrooms,3bdrm Block of Flats in Mabushi Main for rent,9000000,"₦ 9,000,000",Mabushi,2026-05-30 13:27:45
1,1 bedroom,1bdrm Block of Flats in Dawaki for rent,2000000,"₦ 2,000,000",Dawaki,2026-05-30 13:27:45
4,4 bedrooms,4bdrm Block of Flats in Maitama for rent,50000000,"₦ 50,000,000",Maitama,2026-05-30 13:27:50
6,6 bedrooms,"6bdrm Duplex in Brains Abd Hammer, Apo District for rent",13000000,"₦ 13,000,000",Apo District,2026-05-30 13:27:50
4,4 bedrooms,4bdrm Duplex in Mabushi for rent,12000000,"₦ 12,000,000",Mabushi,2026-05-30 13:27:50
1,1 bedroom,Studio Apartment in Utako for rent,2000000,"₦ 2,000,000",Utako,2026-05-30 13:27:50
2,2 bedrooms,Furnished 2bdrm Duplex in Lugbe District for rent,6000000,"₦ 6,000,000",Lugbe District,2026-05-30 13:27:50
4,4 bedrooms,Furnished 4bdrm Duplex in Lugbe District for rent,9000000,"₦ 9,000,000",Lugbe District,2026-05-30 13:27:50
3,3 bedrooms,3bdrm Apartment in Guzape District for rent,10000000,"₦ 10,000,000",Guzape District,2026-05-30 13:27:50
1,1 bedroom,Furnished Studio Apartment in Gwarinpa for rent,1054000,"₦ 1,054,000",Gwarinpa,2026-05-30 13:27:50
2,2 bedrooms,Furnished 2bdrm Block of Flats in Asokoro for rent,15000000,"₦ 15,000,000",Asokoro,2026-05-30 13:27:50
2,2 bedrooms,2bdrm Duplex in Guzape for rent,9000000,"₦ 9,000,000",Guzape District,2026-05-30 13:27:50
4,4 bedrooms,Furnished 4bdrm Duplex in Utako for rent,30000000,"₦ 30,000,000",Utako,2026-05-30 13:27:50
4,4 bedrooms,4bdrm Duplex in Katampe for rent,18000000,"₦ 18,000,000",Katampe Extension,2026-05-30 13:27:50
4,4 bedrooms,"4bdrm Duplex in Gwarimpa Estate, Gwarinpa for rent",12000000,"₦ 12,000,000",Gwarinpa,2026-05-30 13:27:50
3,3 bedrooms,"3bdrm Block of Flats in E, Wuye for rent",8000000,"₦ 8,000,000",Wuye,2026-05-30 13:27:50
5,5 bedrooms,5bdrm Townhouse / Terrace in Asokoro Main for rent,25000000,"₦ 25,000,000",Asokoro,2026-05-30 13:27:50
2,2 bedrooms,2bdrm Bungalow in Lugbe District for rent,4000000,"₦ 4,000,000",Lugbe District,2026-05-30 13:27:50
4,4 bedrooms,4bdrm Townhouse / Terrace in Maitama for rent,20000000,"₦ 20,000,000",Maitama,2026-05-30 13:27:50
5,5 bedrooms,Furnished 5bdrm Mansion in Maitama for rent,90000000,"₦ 90,000,000",Maitama,2026-05-30 13:27:50
4,4 bedrooms,"4bdrm Duplex in Jahi Gilmore,Fct for rent",15000000,"₦ 15,000,000",Jahi,2026-05-30 13:27:50
1,1 bedroom,Furnished 1bdrm Apartment in Gwarinpa for rent,658750,"₦ 658,750",Gwarinpa,2026-05-30 13:27:50
4,4 bedrooms,4bdrm Bungalow in Kado for rent,8000000,"₦ 8,000,000",Kado,2026-05-30 13:27:50
6,6 bedrooms,Furnished 6bdrm Duplex in Asokoro for rent,140000000,"₦ 140,000,000",Asokoro,2026-05-30 13:27:50
1,1 bedroom,1bdrm Room & Parlour in Maitama for rent,5000000,"₦ 5,000,000",Maitama,2026-05-30 13:27:50
4,4 bedrooms,4bdrm Townhouse / Terrace in Guzape District for rent,17000000,"₦ 17,000,000",Guzape District,2026-05-30 13:27:50
4,4 bedrooms,4bdrm Townhouse / Terrace in Mabushi for rent,15000000,"₦ 15,000,000",Mabushi,2026-05-30 13:27:59
1,1 bedroom,"Studio Apartment in Seman Estate, Sabon Lugbe for rent",1000000,"₦ 1,000,000",Sabon Lugbe,2026-05-30 13:27:59
7,7 bedrooms,7bdrm Duplex in Maitama for rent,70000000,"₦ 70,000,000",Maitama,2026-05-30 13:27:59
1,1 bedroom,Furnished 1bdrm Apartment in Apo Resettlement for rent,3000000,"₦ 3,000,000",Apo Resettlement,2026-05-30 13:27:59
3,3 bedrooms,3bdrm Block of Flats in Wuse 2 for rent,15000000,"₦ 15,000,000",Wuse 2,2026-05-30 13:27:59
2,2 bedrooms,Furnished 2bdrm Townhouse / Terrace in Lugbe District for rent,8000000,"₦ 8,000,000",Lugbe District,2026-05-30 13:27:59
4,4 bedrooms,4bdrm Duplex in Wuse 2 for rent,68600000,"₦ 68,600,000",Wuse 2,2026-05-30 13:27:59
4,4 bedrooms,4bdrm Duplex in Asokoro for rent,30000000,"₦ 30,000,000",Asokoro,2026-05-30 13:27:59
4,4 bedrooms,"Furnished 4bdrm Duplex in City Estate, Galadimawa for rent",5500000,"₦ 5,500,000",Galadimawa,2026-05-30 13:27:59
3,3 bedrooms,3bdrm Block of Flats in Katampe (Main) for rent,8000000,"₦ 8,000,000",Katampe (Main),2026-05-30 13:27:59
4,4 bedrooms,"Furnished 4bdrm Duplex in Spring Boulevard, Galadimawa for rent",8000000,"₦ 8,000,000",Galadimawa,2026-05-30 13:27:59
3,3 bedrooms,"Furnished 3bdrm Bungalow in Suncity Estate, Galadimawa for rent",6000000,"₦ 6,000,000",Galadimawa,2026-05-30 13:27:59
2,2 bedrooms,"2bdrm Block of Flats in In An Estate, FHA for rent",2500000,"₦ 2,500,000",FHA,2026-05-30 13:27:59
6,6 bedrooms,6bdrm Duplex in Area 1 for rent,24999999,"₦ 24,999,999",Area 1,2026-05-30 13:27:59
2,2 bedrooms,"2bdrm Block of Flats in Only God Is Good, Sabon Lugbe for rent",3500000,"₦ 3,500,000",Sabon Lugbe,2026-05-30 13:27:59
4,4 bedrooms,"Furnished 4bdrm Duplex in F01, Kubwa for rent",7500000,"₦ 7,500,000",Kubwa,2026-05-30 13:27:59
1,1 bedroom,"Furnished Studio Apartment in Freedom Avenue, Dutse-Alhaji for rent",650000,"₦ 650,000",Dutse-Alhaji,2026-05-30 13:27:59
4,4 bedrooms,"4bdrm Duplex in River Park, FHA for rent",9000000,"₦ 9,000,000",FHA,2026-05-30 13:27:59
4,4 bedrooms,4bdrm Duplex in Galadimawa for rent,10000000,"₦ 10,000,000",Galadimawa,2026-05-30 13:27:59
1,1 bedroom,1bdrm Block of Flats in Lugbe District for rent,2000000,"₦ 2,000,000",Lugbe District,2026-05-30 13:27:59
1,1 bedroom,1bdrm Bungalow in Kubwa for rent,2500000,"₦ 2,500,000",Kubwa,2026-05-30 13:27:59
4,4 bedrooms,"Furnished 4bdrm Duplex in F01, Kubwa for rent",5000000,"₦ 5,000,000",Kubwa,2026-05-30 13:27:59
3,3 bedrooms,3bdrm Block of Flats in Gaduwa for rent,6000000,"₦ 6,000,000",Gaduwa,2026-05-30 13:27:59
1,1 bedroom,Furnished 1bdrm Block of Flats in Dawaki for rent,1500000,"₦ 1,500,000",Dawaki,2026-05-30 13:27:59
1,1 bedroom,"Furnished 1bdrm Room & Parlour in Maryland, Garki 2 for rent",5500000,"₦ 5,500,000",Garki 2,2026-05-30 13:28:04
1,1 bedroom,1bdrm Apartment in Wuye for rent,7000000,"₦ 7,000,000",Wuye,2026-05-30 13:28:04
6,6 bedrooms,6bdrm Apartment in Guzape District for rent,30000000,"₦ 30,000,000",Guzape District,2026-05-30 13:28:04
3,3 bedrooms,3bdrm Apartment in Jabi for rent,12000000,"₦ 12,000,000",Jabi,2026-05-30 13:28:04
1,1 bedroom,1bdrm Bungalow in Utako District for rent,4500000,"₦ 4,500,000",Utako,2026-05-30 13:28:04
3,3 bedrooms,3bdrm Apartment in Main Wuye for rent,12000000,"₦ 12,000,000",Wuye,2026-05-30 13:28:04
2,2 bedrooms,Furnished 2bdrm Apartment in Aso Villa Asokoro for rent,25000000,"₦ 25,000,000",Asokoro,2026-05-30 13:28:04
4,4 bedrooms,4bdrm Duplex in Katampe Extension for rent,20000000,"₦ 20,000,000",Katampe Extension,2026-05-30 13:28:04
5,5 bedrooms,5bdrm Duplex in Guzape District for rent,35000000,"₦ 35,000,000",Guzape District,2026-05-30 13:28:04
2,2 bedrooms,"2bdrm Townhouse / Terrace in Nugget, Lugbe District for rent",5500000,"₦ 5,500,000",Lugbe District,2026-05-30 13:28:04
3,3 bedrooms,3bdrm Block of Flats in Utako for rent,10000000,"₦ 10,000,000",Utako,2026-05-30 13:28:04
2,2 bedrooms,2bdrm Apartment in Wuye for rent,6500000,"₦ 6,500,000",Wuye,2026-05-30 13:28:04
4,4 bedrooms,4bdrm Duplex in Maitama for rent,60000000,"₦ 60,000,000",Maitama,2026-05-30 13:28:04
3,3 bedrooms,3bdrm Apartment in Mabushi for rent,10000000,"₦ 10,000,000",Mabushi,2026-05-30 13:28:04
4,4 bedrooms,"Furnished 4bdrm Duplex in Nugget, Jabi for rent",35000000,"₦ 35,000,000",Jabi,2026-05-30 13:28:04
20,20 bedrooms,Furnished 20bdrm Mansion in Katampe Extension for rent,150000000,"₦ 150,000,000",Katampe Extension,2026-05-30 13:28:04
4,4 bedrooms,4bdrm Townhouse / Terrace in Katampe for rent,14000000,"₦ 14,000,000",Katampe (Main),2026-05-30 13:28:04
5,5 bedrooms,"5bdrm Duplex in Nugget, Guzape District for rent",15000000,"₦ 15,000,000",Guzape District,2026-05-30 13:28:04
2,2 bedrooms,2bdrm Block of Flats in Jahi Glimo for rent,6500000,"₦ 6,500,000",Jahi,2026-05-30 13:28:04
4,4 bedrooms,4bdrm Townhouse / Terrace in Jahi for rent,16000000,"₦ 16,000,000",Jahi,2026-05-30 13:28:04
4,4 bedrooms,4bdrm Townhouse / Terrace in Guzape for rent,15000000,"₦ 15,000,000",Guzape District,2026-05-30 13:28:04
3,3 bedrooms,3bdrm Apartment in Guzape for rent,12000000,"₦ 12,000,000",Guzape District,2026-05-30 13:28:04
2,2 bedrooms,2bdrm Apartment in Jabi for rent,7000000,"₦ 7,000,000",Jabi,2026-05-30 13:28:04
1,1 bedroom,1bdrm Apartment in Jahi for rent,7000000,"₦ 7,000,000",Jahi,2026-05-30 13:28:04
3,3 bedrooms,3bdrm Apartment in Jahi for rent,8000000,"₦ 8,000,000",Jahi,2026-05-30 13:28:15
4,4 bedrooms,4bdrm Duplex in Jahi for rent,12000000,"₦ 12,000,000",Jahi,2026-05-30 13:28:15
4,4 bedrooms,4bdrm Townhouse / Terrace in Mabushi for rent,12000000,"₦ 12,000,000",Mabushi,2026-05-30 13:28:15
1,1 bedroom,"Furnished 1bdrm Bedsitter in Riverpark Estate, Lugbe District for rent",3700000,"₦ 3,700,000",Lugbe District,2026-05-30 13:28:15
3,3 bedrooms,3bdrm Apartment in Jabi for rent,8000000,"₦ 8,000,000",Jabi,2026-05-30 13:28:15
4,4 bedrooms,4bdrm Townhouse / Terrace in Mabushi for rent,20000000,"₦ 20,000,000",Mabushi,2026-05-30 13:28:15
4,4 bedrooms,4bdrm Duplex in Katampe Main for rent,15000000,"₦ 15,000,000",Katampe (Main),2026-05-30 13:28:15
4,4 bedrooms,4bdrm Duplex in Guzape Main for rent,15000000,"₦ 15,000,000",Guzape District,2026-05-30 13:28:15
3,3 bedrooms,Furnished 3bdrm Apartment in Guzape District for rent,17000000,"₦ 17,000,000",Guzape District,2026-05-30 13:28:15
3,3 bedrooms,3bdrm Block of Flats in Main Jabi By Fcmb for rent,5500000,"₦ 5,500,000",Jabi,2026-05-30 13:28:15
4,4 bedrooms,4bdrm Duplex in Mabushi for rent,17000000,"₦ 17,000,000",Mabushi,2026-05-30 13:28:15
5,5 bedrooms,5bdrm Duplex in Guzape District for rent,30000000,"₦ 30,000,000",Guzape District,2026-05-30 13:28:15
4,4 bedrooms,4bdrm Townhouse / Terrace in Main Guzape for rent,15000000,"₦ 15,000,000",Guzape District,2026-05-30 13:28:15
3,3 bedrooms,"3bdrm Townhouse / Terrace in Main Gwarimpa, Gwarinpa for rent",7500000,"₦ 7,500,000",Gwarinpa,2026-05-30 13:28:15
3,3 bedrooms,3bdrm Block of Flats in Guzape for rent,12000000,"₦ 12,000,000",Guzape District,2026-05-30 13:28:15
2,2 bedrooms,Furnished 2bdrm Block of Flats in Katampe for rent,15000000,"₦ 15,000,000",Katampe Extension,2026-05-30 13:28:15
4,4 bedrooms,4bdrm Duplex in Katampe Extension for rent,20000000,"₦ 20,000,000",Katampe Extension,2026-05-30 13:28:15
2,2 bedrooms,2bdrm Bungalow in Kubwa for rent,2500000,"₦ 2,500,000",Kubwa,2026-05-30 13:28:15
3,3 bedrooms,3bdrm Block of Flats in Palm Estate Dawaki for rent,5000000,"₦ 5,000,000",Dawaki,2026-05-30 13:28:15
3,3 bedrooms,3bdrm Block of Flats in Jahi for rent,75000000,"₦ 75,000,000",Jahi,2026-05-30 13:28:15
4,4 bedrooms,4bdrm Duplex in Life Camp for rent,13000000,"₦ 13,000,000",Life Camp,2026-05-30 13:28:15
4,4 bedrooms,4bdrm Duplex in Katampe Extension for rent,20000000,"₦ 20,000,000",Katampe Extension,2026-05-30 13:28:15
5,5 bedrooms,5bdrm Duplex in Katampe Main for rent,25000000,"₦ 25,000,000",Katampe (Main),2026-05-30 13:28:15
4,4 bedrooms,4bdrm Duplex in Guzape for rent,15000000,"₦ 15,000,000",Guzape District,2026-05-30 13:28:15
3,3 bedrooms,"3bdrm Block of Flats in Ipent 7, Karsana for rent",4500000,"₦ 4,500,000",Karsana,2026-05-30 13:28:22
4,4 bedrooms,4bdrm Duplex in Jabi for rent,30000000,"₦ 30,000,000",Jabi,2026-05-30 13:28:22
4,4 bedrooms,4bdrm Duplex in Guzape District for rent,20000000,"₦ 20,000,000",Guzape District,2026-05-30 13:28:22
1,1 bedroom,Furnished Studio Apartment in Jahi for rent,4500000,"₦ 4,500,000",Jahi,2026-05-30 13:28:22
3,3 bedrooms,3bdrm Apartment in Maitama for rent,17000000,"₦ 17,000,000",Maitama,2026-05-30 13:28:22
2,2 bedrooms,"Furnished 2bdrm Block of Flats in Gwarimpa Estate,Fct, Gwarinpa",200000,"₦ 200,000",Gwarinpa,2026-05-30 13:28:22
2,2 bedrooms,2bdrm Block of Flats in Durumi for rent,4000000,"₦ 4,000,000",Durumi,2026-05-30 13:28:22
6,6 bedrooms,"6bdrm Duplex in Brains Abd Hammer, Apo District for rent",13000000,"₦ 13,000,000",Apo District,2026-05-30 13:28:22
3,3 bedrooms,"3bdrm Bungalow in Efab Queen Estate By, Gwarinpa for rent",9000000,"₦ 9,000,000",Gwarinpa,2026-05-30 13:28:22
1,1 bedroom,Furnished Studio Apartment in Gwarinpa for rent,1054000,"₦ 1,054,000",Gwarinpa,2026-05-30 13:28:22
2,2 bedrooms,Furnished 2bdrm Duplex in Lugbe District for rent,6000000,"₦ 6,000,000",Lugbe District,2026-05-30 13:28:22
3,3 bedrooms,3bdrm Apartment in Guzape District for rent,10000000,"₦ 10,000,000",Guzape District,2026-05-30 13:28:22
4,4 bedrooms,4bdrm Duplex in Katampe for rent,18000000,"₦ 18,000,000",Katampe Extension,2026-05-30 13:28:22
4,4 bedrooms,4bdrm Block of Flats in Dakibiyu for rent,8000000,"₦ 8,000,000",Dakibiyu,2026-05-30 13:28:22
3,3 bedrooms,3bdrm Block of Flats in Guzape District for rent,9000000,"₦ 9,000,000",Guzape District,2026-05-30 13:28:22
4,4 bedrooms,4bdrm Townhouse / Terrace in Jahi for rent,15000000,"₦ 15,000,000",Jahi,2026-05-30 13:28:22
2,2 bedrooms,2bdrm Bungalow in Lugbe District for rent,4000000,"₦ 4,000,000",Lugbe District,2026-05-30 13:28:22
5,5 bedrooms,5bdrm Townhouse / Terrace in Asokoro Main for rent,25000000,"₦ 25,000,000",Asokoro,2026-05-30 13:28:22
3,3 bedrooms,"3bdrm Block of Flats in E, Wuye for rent",8000000,"₦ 8,000,000",Wuye,2026-05-30 13:28:22
5,5 bedrooms,5bdrm Duplex in Katampe Extension for rent,29999999,"₦ 29,999,999",Katampe Extension,2026-05-30 13:28:22
1,1 bedroom,1bdrm Room & Parlour in Maitama for rent,5000000,"₦ 5,000,000",Maitama,2026-05-30 13:28:22
1,1 bedroom,Furnished Studio Apartment in Gwarinpa for rent,922250,"₦ 922,250",Gwarinpa,2026-05-30 13:28:22
1,1 bedroom,1bdrm Apartment in Jahi for rent,6000000,"₦ 6,000,000",Jahi,2026-05-30 13:28:22
4,4 bedrooms,4bdrm Townhouse / Terrace in Maitama for rent,35000000,"₦ 35,000,000",Maitama,2026-05-30 13:28:22
5,5 bedrooms,5bdrm Duplex in Maitama for rent,44999999,"₦ 44,999,999",Maitama,2026-05-30 13:28:31
6,6 bedrooms,"Furnished 6bdrm Duplex in Jessy Street, Wuye for rent",25000000,"₦ 25,000,000",Wuye,2026-05-30 13:28:31
3,3 bedrooms,"3bdrm Apartment in Gowan Street, Durumi for rent",4000000,"₦ 4,000,000",Durumi,2026-05-30 13:28:31
2,2 bedrooms,2bdrm Townhouse / Terrace in Lugbe District for rent,3000000,"₦ 3,000,000",Lugbe District,2026-05-30 13:28:31
4,4 bedrooms,"Furnished 4bdrm Duplex in F01, Kubwa for rent",5000000,"₦ 5,000,000",Kubwa,2026-05-30 13:28:31
3,3 bedrooms,"Furnished 3bdrm Duplex in Fcda, Kubwa for rent",5500000,"₦ 5,500,000",Kubwa,2026-05-30 13:28:31
1,1 bedroom,"Furnished Studio Apartment in Luxury Studio, Garki 2 for rent",3200000,"₦ 3,200,000",Garki 2,2026-05-30 13:28:31
2,2 bedrooms,2bdrm Apartment in Durumi for rent,4000000,"₦ 4,000,000",Durumi,2026-05-30 13:28:31
1,1 bedroom,Furnished 1bdrm Apartment in Wuye for rent,10000000,"₦ 10,000,000",Wuye,2026-05-30 13:28:31
4,4 bedrooms,"4bdrm Townhouse / Terrace in Gusape, Guzape District for rent",16000000,"₦ 16,000,000",Guzape District,2026-05-30 13:28:31
5,5 bedrooms,5bdrm Duplex in Wuse 2 for rent,55000000,"₦ 55,000,000",Wuse 2,2026-05-30 13:28:31
3,3 bedrooms,"3bdrm Apartment in Wuye Dakibiu, Dakibiyu for rent",8000000,"₦ 8,000,000",Dakibiyu,2026-05-30 13:28:31
4,4 bedrooms,4bdrm Townhouse / Terrace in Guzape District for rent,15000000,"₦ 15,000,000",Guzape District,2026-05-30 13:28:31
6,6 bedrooms,6bdrm Duplex in Asokoro for rent,35000000,"₦ 35,000,000",Asokoro,2026-05-30 13:28:31
2,2 bedrooms,2bdrm Block of Flats in Durumi for rent,6500000,"₦ 6,500,000",Durumi,2026-05-30 13:28:31
4,4 bedrooms,4bdrm Duplex in Guzape District for rent,15000000,"₦ 15,000,000",Guzape District,2026-05-30 13:28:31
4,4 bedrooms,4bdrm Townhouse / Terrace in Guzape District for rent,12000000,"₦ 12,000,000",Guzape District,2026-05-30 13:28:31
5,5 bedrooms,5bdrm Townhouse / Terrace in Mabushi for rent,15000000,"₦ 15,000,000",Mabushi,2026-05-30 13:28:31
5,5 bedrooms,5bdrm Duplex in Asokoro for rent,100000000,"₦ 100,000,000",Asokoro,2026-05-30 13:28:31
4,4 bedrooms,4bdrm Townhouse / Terrace in Guzape for rent,15000000,"₦ 15,000,000",Guzape District,2026-05-30 13:28:31
4,4 bedrooms,4bdrm Townhouse / Terrace in Jahi Glimo for rent,18000000,"₦ 18,000,000",Jahi,2026-05-30 13:28:31
5,5 bedrooms,"5bdrm Duplex in Nugget, Guzape District for rent",60000000,"₦ 60,000,000",Guzape District,2026-05-30 13:28:31
4,4 bedrooms,4bdrm Townhouse / Terrace in Wuye for rent,20000000,"₦ 20,000,000",Wuye,2026-05-30 13:28:31
4,4 bedrooms,4bdrm Mansion in Katampe Extension for rent,20000000,"₦ 20,000,000",Katampe Extension,2026-05-30 13:28:31
5,5 bedrooms,5bdrm Duplex in Asokoro for rent,45000000,"₦ 45,000,000",Asokoro,2026-05-30 13:28:36
3,3 bedrooms,3bdrm Block of Flats in Jahi for rent,8500000,"₦ 8,500,000",Jahi,2026-05-30 13:28:36
4,4 bedrooms,"Furnished 4bdrm Duplex in Nugget, Jabi for rent",35000000,"₦ 35,000,000",Jabi,2026-05-30 13:28:36
2,2 bedrooms,"Furnished 2bdrm Block of Flats in Sauka New Side, Abaji for rent",2500000,"₦ 2,500,000",Abaji,2026-05-30 13:28:36
4,4 bedrooms,"4bdrm Duplex in Nugget, Mabushi for rent",15000000,"₦ 15,000,000",Mabushi,2026-05-30 13:28:36
5,5 bedrooms,"5bdrm Duplex in Nugget, Guzape District for rent",15000000,"₦ 15,000,000",Guzape District,2026-05-30 13:28:36
1,1 bedroom,Furnished 1bdrm Apartment in Katampe for rent,2100000,"₦ 2,100,000",Katampe (Main),2026-05-30 13:28:36
4,4 bedrooms,4bdrm Townhouse / Terrace in Guzape for rent,15000000,"₦ 15,000,000",Guzape District,2026-05-30 13:28:36
4,4 bedrooms,4bdrm Townhouse / Terrace in Jahi for rent,16000000,"₦ 16,000,000",Jahi,2026-05-30 13:28:36
2,2 bedrooms,2bdrm Apartment in Jabi for rent,7000000,"₦ 7,000,000",Jabi,2026-05-30 13:28:36
5,5 bedrooms,5bdrm Townhouse / Terrace in Jahi Gilmore for rent,18000000,"₦ 18,000,000",Jahi,2026-05-30 13:28:36
1,1 bedroom,"1bdrm Block of Flats in News Engineering, Dawaki for rent",2800000,"₦ 2,800,000",Dawaki,2026-05-30 13:28:36
1,1 bedroom,"Studio Apartment in Efab Verizon, Gwarinpa for rent",1500000,"₦ 1,500,000",Gwarinpa,2026-05-30 13:28:36
1,1 bedroom,1bdrm Apartment in Jahi for rent,7000000,"₦ 7,000,000",Jahi,2026-05-30 13:28:36
4,4 bedrooms,4bdrm Townhouse / Terrace in Jahi for rent,25000000,"₦ 25,000,000",Jahi,2026-05-30 13:28:36
3,3 bedrooms,"3bdrm Block of Flats in Fortune Estate, Jahi for rent",10000000,"₦ 10,000,000",Jahi,2026-05-30 13:28:36
3,3 bedrooms,"3bdrm Townhouse / Terrace in Dantata Estate, Kubwa for rent",6000000,"₦ 6,000,000",Kubwa,2026-05-30 13:28:36
4,4 bedrooms,4bdrm Townhouse / Terrace in Apo Resettlement for rent,10000000,"₦ 10,000,000",Apo Resettlement,2026-05-30 13:28:36
1,1 bedroom,"1bdrm Block of Flats in Fo1, Kubwa for rent",2300000,"₦ 2,300,000",Kubwa,2026-05-30 13:28:36
5,5 bedrooms,"5bdrm Duplex in Jahi Gilmore,Fct, Gwarinpa for rent",15000000,"₦ 15,000,000",Gwarinpa,2026-05-30 13:28:36
4,4 bedrooms,"4bdrm Duplex in Jahi Gilmore,Fct for rent",20000000,"₦ 20,000,000",Jahi,2026-05-30 13:28:36
5,5 bedrooms,"5bdrm Mansion in Efab Metropolitan, Gwarinpa for rent",18000000,"₦ 18,000,000",Gwarinpa,2026-05-30 13:28:36
6,6 bedrooms,6bdrm Duplex in Jabi for rent,60000000,"₦ 60,000,000",Jabi,2026-05-30 13:28:36
6,6 bedrooms,6bdrm Duplex in Maitama for rent,100000000,"₦ 100,000,000",Maitama,2026-05-30 13:28:36
4,4 bedrooms,"4bdrm Duplex in Gwarimpa Estate By, Gwarinpa for rent",15000000,"₦ 15,000,000",Gwarinpa,2026-05-30 13:28:42
4,4 bedrooms,4bdrm Duplex in Mabushi for rent,20000000,"₦ 20,000,000",Mabushi,2026-05-30 13:28:42
4,4 bedrooms,Furnished 4bdrm Duplex in Utako for rent,30000000,"₦ 30,000,000",Utako,2026-05-30 13:28:42
3,3 bedrooms,3bdrm Apartment in Jabi for rent,12000000,"₦ 12,000,000",Jabi,2026-05-30 13:28:42
4,4 bedrooms,4bdrm Block of Flats in Dakibiyu for rent,8000000,"₦ 8,000,000",Dakibiyu,2026-05-30 13:28:42
4,4 bedrooms,4bdrm Townhouse / Terrace in Jahi for rent,15000000,"₦ 15,000,000",Jahi,2026-05-30 13:28:42
5,5 bedrooms,5bdrm Townhouse / Terrace in Asokoro Main for rent,25000000,"₦ 25,000,000",Asokoro,2026-05-30 13:28:42
3,3 bedrooms,"3bdrm Block of Flats in E, Wuye for rent",8000000,"₦ 8,000,000",Wuye,2026-05-30 13:28:42
1,1 bedroom,1bdrm Room & Parlour in Maitama for rent,5000000,"₦ 5,000,000",Maitama,2026-05-30 13:28:42
4,4 bedrooms,"4bdrm Duplex in Riverpark, Sabon Lugbe for rent",13000000,"₦ 13,000,000",Sabon Lugbe,2026-05-30 13:28:42
1,1 bedroom,Furnished Studio Apartment in Gwarinpa for rent,658750,"₦ 658,750",Gwarinpa,2026-05-30 13:28:42
5,5 bedrooms,5bdrm Townhouse / Terrace in Wuye for rent,30000000,"₦ 30,000,000",Wuye,2026-05-30 13:28:42
4,4 bedrooms,4bdrm Duplex in Wumba for rent,12000000,"₦ 12,000,000",Wumba,2026-05-30 13:28:42
3,3 bedrooms,3bdrm Townhouse / Terrace in Zone B for rent,10000000,"₦ 10,000,000",Zone B,2026-05-30 13:28:42
4,4 bedrooms,4bdrm Townhouse / Terrace in Guzape for rent,15000000,"₦ 15,000,000",Guzape District,2026-05-30 13:28:42
1,1 bedroom,Furnished Studio Apartment in Gwarinpa for rent,790500,"₦ 790,500",Gwarinpa,2026-05-30 13:28:42
3,3 bedrooms,3bdrm Apartment in Jabi for rent,7000000,"₦ 7,000,000",Jabi,2026-05-30 13:28:42
4,4 bedrooms,4bdrm Townhouse / Terrace in Guzape District for rent,13000000,"₦ 13,000,000",Guzape District,2026-05-30 13:28:42
9,9 bedrooms,9bdrm House in Wuse 2 for rent,40000000,"₦ 40,000,000",Wuse 2,2026-05-30 13:28:42
3,3 bedrooms,"Furnished 3bdrm Duplex in Aso Villa, Asokoro for rent",50000000,"₦ 50,000,000",Asokoro,2026-05-30 13:28:42
4,4 bedrooms,4bdrm Penthouse in Mabushi for rent,12000000,"₦ 12,000,000",Mabushi,2026-05-30 13:28:42
5,5 bedrooms,5bdrm Duplex in Maitama for rent,65000000,"₦ 65,000,000",Maitama,2026-05-30 13:28:42
4,4 bedrooms,4bdrm Townhouse / Terrace in Mabushi for rent,15000000,"₦ 15,000,000",Mabushi,2026-05-30 13:28:42
2,2 bedrooms,2bdrm Apartment in Jahi for rent,7000000,"₦ 7,000,000",Jahi,2026-05-30 13:28:42
3,3 bedrooms,3bdrm Apartment in Mabushi for rent,10000000,"₦ 10,000,000",Mabushi,2026-05-30 13:28:49
4,4 bedrooms,4bdrm Duplex in Guzape District for rent,13000000,"₦ 13,000,000",Guzape District,2026-05-30 13:28:49
1,1 bedroom,1bdrm Apartment in Wuye for rent,7000000,"₦ 7,000,000",Wuye,2026-05-30 13:28:49
4,4 bedrooms,4bdrm Townhouse / Terrace in Karmo for rent,6000000,"₦ 6,000,000",Karmo,2026-05-30 13:28:49
2,2 bedrooms,Furnished 2bdrm Apartment in Wuye for rent,15000000,"₦ 15,000,000",Wuye,2026-05-30 13:28:49
4,4 bedrooms,4bdrm Bungalow in Maitama for rent,20000000,"₦ 20,000,000",Maitama,2026-05-30 13:28:49
3,3 bedrooms,3bdrm Block of Flats in Jahi Gilmore for rent,144000000,"₦ 144,000,000",Jahi,2026-05-30 13:28:49
4,4 bedrooms,4bdrm Duplex in Guzape District for rent,12000000,"₦ 12,000,000",Guzape District,2026-05-30 13:28:49
2,2 bedrooms,2bdrm Block of Flats in Gaduwa for rent,3500000,"₦ 3,500,000",Gaduwa,2026-05-30 13:28:49
2,2 bedrooms,2bdrm Block of Flats in Katampe for rent,5500000,"₦ 5,500,000",Katampe (Main),2026-05-30 13:28:49
4,4 bedrooms,4bdrm Duplex in Jahi for rent,15000000,"₦ 15,000,000",Jahi,2026-05-30 13:28:49
20,20 bedrooms,20bdrm Block of Flats in Jahi for rent,72000000,"₦ 72,000,000",Jahi,2026-05-30 13:28:49
5,5 bedrooms,5bdrm Duplex in Katampe Extension for rent,30000000,"₦ 30,000,000",Katampe Extension,2026-05-30 13:28:49
4,4 bedrooms,"4bdrm Duplex in Nugget, Mabushi for rent",15000000,"₦ 15,000,000",Mabushi,2026-05-30 13:28:49
4,4 bedrooms,4bdrm Townhouse / Terrace in Wuye for rent,25000000,"₦ 25,000,000",Wuye,2026-05-30 13:28:49
3,3 bedrooms,3bdrm Duplex in Katampe Extension for rent,30000000,"₦ 30,000,000",Katampe Extension,2026-05-30 13:28:49
2,2 bedrooms,"2bdrm Block of Flats in Paradise, Life Camp for rent",5000000,"₦ 5,000,000",Life Camp,2026-05-30 13:28:49
5,5 bedrooms,"5bdrm Duplex in Nugget, Guzape District for rent",15000000,"₦ 15,000,000",Guzape District,2026-05-30 13:28:49
3,3 bedrooms,"3bdrm Townhouse / Terrace in Apo Dutse, Zone B for rent",10000000,"₦ 10,000,000",Zone B,2026-05-30 13:28:49
4,4 bedrooms,4bdrm Townhouse / Terrace in Jahi Gilmore for rent,15000000,"₦ 15,000,000",Jahi,2026-05-30 13:28:49
2,2 bedrooms,2bdrm Apartment in Life Camp for rent,6000000,"₦ 6,000,000",Life Camp,2026-05-30 13:28:49
1,1 bedroom,Furnished 1bdrm Apartment in Katampe Main for rent,6000000,"₦ 6,000,000",Katampe (Main),2026-05-30 13:28:49
3,3 bedrooms,3bdrm Townhouse / Terrace in Apo for rent,10000000,"₦ 10,000,000",Apo District,2026-05-30 13:28:49
2,2 bedrooms,"2bdrm Block of Flats in Fortune Estate, Jahi for rent",8000000,"₦ 8,000,000",Jahi,2026-05-30 13:28:49
5,5 bedrooms,Furnished 5bdrm Duplex in Jahi for rent,20000000,"₦ 20,000,000",Jahi,2026-05-30 13:28:56
2,2 bedrooms,Furnished 2bdrm Block of Flats in Asokoro for rent,15000000,"₦ 15,000,000",Asokoro,2026-05-30 13:28:56
4,4 bedrooms,"4bdrm Duplex in Mabeglober Estate, Gwarinpa for rent",13000000,"₦ 13,000,000",Gwarinpa,2026-05-30 13:28:56
4,4 bedrooms,"Furnished 4bdrm Duplex in Levi Estate, Galadimawa for rent",8000000,"₦ 8,000,000",Galadimawa,2026-05-30 13:28:56
4,4 bedrooms,4bdrm Duplex in Katampe for rent,18000000,"₦ 18,000,000",Katampe Extension,2026-05-30 13:28:56
4,4 bedrooms,"4bdrm Duplex in Gwarimpa Estate, Gwarinpa for rent",12000000,"₦ 12,000,000",Gwarinpa,2026-05-30 13:28:56
3,3 bedrooms,3bdrm Block of Flats in Guzape District for rent,9000000,"₦ 9,000,000",Guzape District,2026-05-30 13:28:56
4,4 bedrooms,4bdrm Townhouse / Terrace in Maitama for rent,75000000,"₦ 75,000,000",Maitama,2026-05-30 13:28:56
6,6 bedrooms,6bdrm Bungalow in Kado for rent,18000000,"₦ 18,000,000",Kado,2026-05-30 13:28:56
2,2 bedrooms,2bdrm Block of Flats in Wuye for rent,6500000,"₦ 6,500,000",Wuye,2026-05-30 13:28:56
4,4 bedrooms,4bdrm Duplex in Mabushi for rent,12000000,"₦ 12,000,000",Mabushi,2026-05-30 13:28:56
4,4 bedrooms,4bdrm Duplex in Mabushi for rent,25000000,"₦ 25,000,000",Mabushi,2026-05-30 13:28:56
1,1 bedroom,Furnished 1bdrm Block of Flats in Garki 2 for rent,5500000,"₦ 5,500,000",Garki 2,2026-05-30 13:28:56
3,3 bedrooms,3bdrm Block of Flats in Jahi for rent,72000000,"₦ 72,000,000",Jahi,2026-05-30 13:28:56
2,2 bedrooms,"Furnished 2bdrm Apartment in Apo Nepa, Zone B for rent",7500000,"₦ 7,500,000",Zone B,2026-05-30 13:28:56
4,4 bedrooms,4bdrm Duplex in Wuye for rent,15000000,"₦ 15,000,000",Wuye,2026-05-30 13:28:56
7,7 bedrooms,7bdrm Duplex in Maitama for rent,100000000,"₦ 100,000,000",Maitama,2026-05-30 13:28:56
10,10 bedrooms,10bdrm Duplex in Maitama District for rent,250000000,"₦ 250,000,000",Maitama,2026-05-30 13:28:56
1,1 bedroom,Studio Apartment in Mabushi for rent,3500000,"₦ 3,500,000",Mabushi,2026-05-30 13:28:56
3,3 bedrooms,Furnished 3bdrm Apartment in Katampe Extension for rent,180000000,"₦ 180,000,000",Katampe Extension,2026-05-30 13:28:56
3,3 bedrooms,3bdrm Townhouse / Terrace in Jahi for rent,10000000,"₦ 10,000,000",Jahi,2026-05-30 13:28:56
3,3 bedrooms,3bdrm Townhouse / Terrace in Katampe Extension for rent,20000000,"₦ 20,000,000",Katampe Extension,2026-05-30 13:28:56
5,5 bedrooms,5bdrm Duplex in Wuse 2 for rent,25000000,"₦ 25,000,000",Wuse 2,2026-05-30 13:28:56
1,1 bedroom,"Furnished 1bdrm Room & Parlour in Maryland, Garki 2 for rent",5500000,"₦ 5,500,000",Garki 2,2026-05-30 13:28:56
3,3 bedrooms,3bdrm Apartment in Jahi for rent,7500000,"₦ 7,500,000",Jahi,2026-05-30 13:29:04
4,4 bedrooms,4bdrm Townhouse / Terrace in Guzape for rent,17000000,"₦ 17,000,000",Guzape District,2026-05-30 13:29:04
18,18 bedrooms,Furnished 18bdrm Block of Flats in Katampe Main for rent,60000000,"₦ 60,000,000",Katampe (Main),2026-05-30 13:29:04
2,2 bedrooms,"Furnished 2bdrm Block of Flats in Sauka New Side, Abaji for rent",2500000,"₦ 2,500,000",Abaji,2026-05-30 13:29:04
3,3 bedrooms,3bdrm Block of Flats in Wuse 2 for rent,10000000,"₦ 10,000,000",Wuse 2,2026-05-30 13:29:04
4,4 bedrooms,4bdrm Townhouse / Terrace in Guzape for rent,25000000,"₦ 25,000,000",Guzape District,2026-05-30 13:29:04
2,2 bedrooms,"2bdrm Block of Flats in Bilaad Estate, Life Camp for rent",6500000,"₦ 6,500,000",Life Camp,2026-05-30 13:29:04
2,2 bedrooms,"2bdrm Block of Flats in Justice Estate, Gwarinpa for rent",4200000,"₦ 4,200,000",Gwarinpa,2026-05-30 13:29:04
3,3 bedrooms,3bdrm Apartment in Asokoro for rent,23000000,"₦ 23,000,000",Asokoro,2026-05-30 13:29:04
6,6 bedrooms,6bdrm Duplex in Maitama for rent,80000000,"₦ 80,000,000",Maitama,2026-05-30 13:29:04
1,1 bedroom,"Furnished Studio Apartment in Paradise Estate, Katampe (Main) for rent",2300000,"₦ 2,300,000",Katampe (Main),2026-05-30 13:29:04
2,2 bedrooms,"2bdrm Block of Flats in Jahi Gilmore,Fct for rent",9000000,"₦ 9,000,000",Jahi,2026-05-30 13:29:04
2,2 bedrooms,2bdrm Block of Flats in Dawaki for rent,4000000,"₦ 4,000,000",Dawaki,2026-05-30 13:29:04
1,1 bedroom,"1bdrm Block of Flats in Fo1, Kubwa for rent",2500000,"₦ 2,500,000",Kubwa,2026-05-30 13:29:04
3,3 bedrooms,3bdrm Block of Flats in Dawaki for rent,4000000,"₦ 4,000,000",Dawaki,2026-05-30 13:29:04
4,4 bedrooms,"4bdrm Duplex in Gwarimpa Estate By, Gwarinpa for rent",16000000,"₦ 16,000,000",Gwarinpa,2026-05-30 13:29:04
3,3 bedrooms,"Furnished 3bdrm Duplex in Gwarimpa Extension, Gwarinpa for rent",15000000,"₦ 15,000,000",Gwarinpa,2026-05-30 13:29:04
3,3 bedrooms,"3bdrm Block of Flats in Nuggets, Katampe (Main) for rent",9000000,"₦ 9,000,000",Katampe (Main),2026-05-30 13:29:04
4,4 bedrooms,4bdrm Duplex in Guzape Main for rent,15000000,"₦ 15,000,000",Guzape District,2026-05-30 13:29:04
3,3 bedrooms,"3bdrm Block of Flats in Federal Housing, Guzape District for rent",9500000,"₦ 9,500,000",Guzape District,2026-05-30 13:29:04
4,4 bedrooms,4bdrm Duplex in Guzape Main for rent,15000000,"₦ 15,000,000",Guzape District,2026-05-30 13:29:04
3,3 bedrooms,3bdrm Duplex in Life Camp for rent,10000000,"₦ 10,000,000",Life Camp,2026-05-30 13:29:04
3,3 bedrooms,Furnished 3bdrm Block of Flats in Jahi for rent,20000000,"₦ 20,000,000",Jahi,2026-05-30 13:29:04
4,4 bedrooms,"4bdrm Duplex in Nugget, Mabushi for rent",15000000,"₦ 15,000,000",Mabushi,2026-05-30 13:29:04
4,4 bedrooms,4bdrm Duplex in Guzape Main for rent,15000000,"₦ 15,000,000",Guzape District,2026-05-30 13:29:09
4,4 bedrooms,"4bdrm Duplex in Nugget, Mabushi for rent",15000000,"₦ 15,000,000",Mabushi,2026-05-30 13:29:09
5,5 bedrooms,5bdrm Duplex in Jahi Gilmore Fct for rent,16000000,"₦ 16,000,000",Jahi,2026-05-30 13:29:09
1,1 bedroom,Furnished 1bdrm Apartment in Apo Resettlement for rent,3000000,"₦ 3,000,000",Apo Resettlement,2026-05-30 13:29:09
4,4 bedrooms,"4bdrm Bungalow in Gwarimpa Extension, Gwarinpa for rent",10000000,"₦ 10,000,000",Gwarinpa,2026-05-30 13:29:09
5,5 bedrooms,"5bdrm Duplex in Nugget, Guzape District for rent",15000000,"₦ 15,000,000",Guzape District,2026-05-30 13:29:09
2,2 bedrooms,2bdrm Apartment in Life Camp for rent,6000000,"₦ 6,000,000",Life Camp,2026-05-30 13:29:09
4,4 bedrooms,4bdrm Duplex in Guzape Main for rent,30000000,"₦ 30,000,000",Guzape District,2026-05-30 13:29:09
5,5 bedrooms,"5bdrm Duplex in Nuggy, Katampe for rent",25000000,"₦ 25,000,000",Katampe,2026-05-30 13:29:09
4,4 bedrooms,4bdrm Block of Flats in Dakibiyu for rent,8000000,"₦ 8,000,000",Dakibiyu,2026-05-30 13:29:09
4,4 bedrooms,4bdrm Townhouse / Terrace in Jahi for rent,15000000,"₦ 15,000,000",Jahi,2026-05-30 13:29:09
3,3 bedrooms,3bdrm Block of Flats in Guzape District for rent,9000000,"₦ 9,000,000",Guzape District,2026-05-30 13:29:09
2,2 bedrooms,2bdrm Block of Flats in Wuye for rent,6500000,"₦ 6,500,000",Wuye,2026-05-30 13:29:09
4,4 bedrooms,4bdrm Duplex in Mabushi for rent,12000000,"₦ 12,000,000",Mabushi,2026-05-30 13:29:09
1,1 bedroom,1bdrm Apartment in Kado for rent,2000000,"₦ 2,000,000",Kado,2026-05-30 13:29:09
6,6 bedrooms,6bdrm Duplex in Guzape District for rent,30000000,"₦ 30,000,000",Guzape District,2026-05-30 13:29:09
3,3 bedrooms,3bdrm Apartment in Jabi for rent,7000000,"₦ 7,000,000",Jabi,2026-05-30 13:29:09
4,4 bedrooms,4bdrm Duplex in Wuye District for rent,15000000,"₦ 15,000,000",Wuye,2026-05-30 13:29:09
4,4 bedrooms,"4bdrm Duplex in Main Gusape, Guzape District for rent",20000000,"₦ 20,000,000",Guzape District,2026-05-30 13:29:09
3,3 bedrooms,3bdrm Duplex in Durumi District for rent,15000000,"₦ 15,000,000",Durumi,2026-05-30 13:29:09
6,6 bedrooms,6bdrm Duplex in Maitama for rent,80000000,"₦ 80,000,000",Maitama,2026-05-30 13:29:09
4,4 bedrooms,4bdrm Duplex in Guzape District for rent,12500000,"₦ 12,500,000",Guzape District,2026-05-30 13:29:09
2,2 bedrooms,2bdrm Block of Flats in Durumi for rent,6000000,"₦ 6,000,000",Durumi,2026-05-30 13:29:09
3,3 bedrooms,Furnished 3bdrm Block of Flats in Katampe (Main) for rent,8000000,"₦ 8,000,000",Katampe (Main),2026-05-30 13:29:09
1,1 bedroom,"Furnished 1bdrm Bungalow in Firstrut Estate, Katampe (Main) for rent",4000000,"₦ 4,000,000",Katampe (Main),2026-05-30 13:29:17
2,2 bedrooms,"2bdrm Block of Flats in Rockville Estate, Dawaki for rent",4000000,"₦ 4,000,000",Dawaki,2026-05-30 13:29:17
2,2 bedrooms,2bdrm Block of Flats in Dawaki for rent,4000000,"₦ 4,000,000",Dawaki,2026-05-30 13:29:17
2,2 bedrooms,"2bdrm Apartment in Apase Estate, FHA for rent",2800000,"₦ 2,800,000",FHA,2026-05-30 13:29:17
5,5 bedrooms,5bdrm Duplex in Katampe Extension for rent,35000000,"₦ 35,000,000",Katampe Extension,2026-05-30 13:29:17
3,3 bedrooms,"3bdrm Townhouse / Terrace in Value Chain Estate, Dawaki for rent",8000000,"₦ 8,000,000",Dawaki,2026-05-30 13:29:17
4,4 bedrooms,"4bdrm Duplex in Gwarimpa Estate,Fct, Gwarinpa for rent",11000000,"₦ 11,000,000",Gwarinpa,2026-05-30 13:29:17
4,4 bedrooms,"4bdrm Duplex in Jahi Gilmore,Very for rent",15000000,"₦ 15,000,000",Jahi,2026-05-30 13:29:17
3,3 bedrooms,3bdrm Block of Flats in Guzape for rent,8000000,"₦ 8,000,000",Guzape District,2026-05-30 13:29:17
3,3 bedrooms,3bdrm Block of Flats in Guzape for rent,12000000,"₦ 12,000,000",Guzape District,2026-05-30 13:29:17
2,2 bedrooms,Furnished 2bdrm Block of Flats in Jabi for rent,20000000,"₦ 20,000,000",Jabi,2026-05-30 13:29:17
5,5 bedrooms,5bdrm Townhouse / Terrace in Kado District for rent,30000000,"₦ 30,000,000",Kado,2026-05-30 13:29:17
5,5 bedrooms,5bdrm Duplex in Asokoro for rent,25000000,"₦ 25,000,000",Asokoro,2026-05-30 13:29:17
3,3 bedrooms,"3bdrm Townhouse / Terrace in Main Maita, Maitama for rent",20000000,"₦ 20,000,000",Maitama,2026-05-30 13:29:17
1,1 bedroom,Furnished 1bdrm Apartment in Wuye for rent,7300000,"₦ 7,300,000",Wuye,2026-05-30 13:29:17
5,5 bedrooms,5bdrm Duplex in Guzape District for rent,25000000,"₦ 25,000,000",Guzape District,2026-05-30 13:29:17
7,7 bedrooms,7bdrm Duplex in Maitama for rent,50000000,"₦ 50,000,000",Maitama,2026-05-30 13:29:17
4,4 bedrooms,4bdrm Duplex in Mabushi for rent,12000000,"₦ 12,000,000",Mabushi,2026-05-30 13:29:17
1,1 bedroom,1bdrm Apartment in Apo Resettlement for rent,6000000,"₦ 6,000,000",Apo Resettlement,2026-05-30 13:29:17
3,3 bedrooms,3bdrm Duplex in Apo Resettlement for rent,4500000,"₦ 4,500,000",Apo Resettlement,2026-05-30 13:29:17
3,3 bedrooms,3bdrm Block of Flats in Durumi for rent,5000000,"₦ 5,000,000",Durumi,2026-05-30 13:29:17
4,4 bedrooms,Furnished 4bdrm Townhouse / Terrace in Lugbe District for rent,10000000,"₦ 10,000,000",Lugbe District,2026-05-30 13:29:17
3,3 bedrooms,3bdrm Block of Flats in Jahi for rent,12500000,"₦ 12,500,000",Jahi,2026-05-30 13:29:17
3,3 bedrooms,3bdrm Block of Flats in Jahi for rent,8500000,"₦ 8,500,000",Jahi,2026-05-30 13:29:17
4,4 bedrooms,4bdrm Townhouse / Terrace in Mabushi for rent,13000000,"₦ 13,000,000",Mabushi,2026-05-30 13:29:25
6,6 bedrooms,Furnished 6bdrm Duplex in Wuse 2 for rent,20000000,"₦ 20,000,000",Wuse 2,2026-05-30 13:29:25
2,2 bedrooms,2bdrm Apartment in Jahi for rent,7000000,"₦ 7,000,000",Jahi,2026-05-30 13:29:25
2,2 bedrooms,Furnished 2bdrm Block of Flats in Brains & Hammers for rent,8800000,"₦ 8,800,000",Life Camp,2026-05-30 13:29:25
4,4 bedrooms,4bdrm Duplex in Katampe Main for rent,15000000,"₦ 15,000,000",Katampe (Main),2026-05-30 13:29:25
2,2 bedrooms,"2bdrm Block of Flats in Fo1, Kubwa for rent",3500000,"₦ 3,500,000",Kubwa,2026-05-30 13:29:25
2,2 bedrooms,2bdrm Block of Flats in Dawaki for rent,3500000,"₦ 3,500,000",Dawaki,2026-05-30 13:29:25
3,3 bedrooms,"3bdrm Townhouse / Terrace in Belham, Gwarinpa for rent",5500000,"₦ 5,500,000",Gwarinpa,2026-05-30 13:29:25
2,2 bedrooms,"2bdrm Block of Flats in Fo1, Kubwa for rent",3000000,"₦ 3,000,000",Kubwa,2026-05-30 13:29:25
3,3 bedrooms,3bdrm Block of Flats in Main Jabi By Fcmb for rent,5500000,"₦ 5,500,000",Jabi,2026-05-30 13:29:25
4,4 bedrooms,4bdrm Duplex in Kado Before Life for rent,20000000,"₦ 20,000,000",Kado,2026-05-30 13:29:25
4,4 bedrooms,"4bdrm Duplex in Gwarimpa Estate By, Gwarinpa for rent",15000000,"₦ 15,000,000",Gwarinpa,2026-05-30 13:29:25
4,4 bedrooms,4bdrm Townhouse / Terrace in Main Guzape for rent,15000000,"₦ 15,000,000",Guzape District,2026-05-30 13:29:25
4,4 bedrooms,"4bdrm Duplex in Gwarimpa, Gwarinpa for rent",11000000,"₦ 11,000,000",Gwarinpa,2026-05-30 13:29:25
1,1 bedroom,Furnished 1bdrm Apartment in Katampe for rent,7000000,"₦ 7,000,000",Katampe (Main),2026-05-30 13:29:25
3,3 bedrooms,3bdrm Apartment in Guzape for rent,10000000,"₦ 10,000,000",Guzape District,2026-05-30 13:29:25
3,3 bedrooms,3bdrm Apartment in Jahi Gilmore for rent,15000000,"₦ 15,000,000",Jahi,2026-05-30 13:29:25
4,4 bedrooms,4bdrm Duplex in Guzape Main for rent,30000000,"₦ 30,000,000",Guzape District,2026-05-30 13:29:25
3,3 bedrooms,3bdrm Block of Flats in Guzape Main for rent,12000000,"₦ 12,000,000",Guzape District,2026-05-30 13:29:25
3,3 bedrooms,3bdrm Apartment in Wuse 2 for rent,15000000,"₦ 15,000,000",Wuse 2,2026-05-30 13:29:25
4,4 bedrooms,4bdrm Townhouse / Terrace in Main Wuye for rent,15000000,"₦ 15,000,000",Wuye,2026-05-30 13:29:25
3,3 bedrooms,"3bdrm Apartment in Main Gusape, Guzape District for rent",16000000,"₦ 16,000,000",Guzape District,2026-05-30 13:29:25
6,6 bedrooms,6bdrm Duplex in Guzape District for rent,30000000,"₦ 30,000,000",Guzape District,2026-05-30 13:29:25
3,3 bedrooms,3bdrm Apartment in Jabi for rent,7000000,"₦ 7,000,000",Jabi,2026-05-30 13:29:25
4,4 bedrooms,4bdrm Duplex in Guzape Main for rent,40000000,"₦ 40,000,000",Guzape District,2026-05-30 13:29:32
3,3 bedrooms,"Furnished 3bdrm Apartment in Main Gusape, Guzape District for rent",30000000,"₦ 30,000,000",Guzape District,2026-05-30 13:29:32
6,6 bedrooms,6bdrm Duplex in Asokoro District for rent,45000000,"₦ 45,000,000",Asokoro,2026-05-30 13:29:32
1,1 bedroom,Mini Flat in Dutse-Alhaji for rent,700000,"₦ 700,000",Dutse-Alhaji,2026-05-30 13:29:32
4,4 bedrooms,4bdrm Townhouse / Terrace in Wuye Main for rent,25000000,"₦ 25,000,000",Wuye,2026-05-30 13:29:32
2,2 bedrooms,2bdrm Apartment in Wuse 2 for rent,12500000,"₦ 12,500,000",Wuse 2,2026-05-30 13:29:32
4,4 bedrooms,4bdrm Duplex in Jahi for rent,20000000,"₦ 20,000,000",Jahi,2026-05-30 13:29:32
4,4 bedrooms,4bdrm Duplex in Life Camp for rent,16000000,"₦ 16,000,000",Life Camp,2026-05-30 13:29:32
4,4 bedrooms,4bdrm Duplex in Guzape District for rent,30000000,"₦ 30,000,000",Guzape District,2026-05-30 13:29:32
3,3 bedrooms,3bdrm Block of Flats in Guzape District for rent,8000000,"₦ 8,000,000",Guzape District,2026-05-30 13:29:32
3,3 bedrooms,3bdrm Block of Flats in Zone B for rent,7500000,"₦ 7,500,000",Zone B,2026-05-30 13:29:32
3,3 bedrooms,3bdrm Block of Flats in Mabushi for rent,7000000,"₦ 7,000,000",Mabushi,2026-05-30 13:29:32
3,3 bedrooms,"Furnished 3bdrm Block of Flats in Gilmo, Jahi for rent",10000000,"₦ 10,000,000",Jahi,2026-05-30 13:29:32
4,4 bedrooms,4bdrm Townhouse / Terrace in Katampe for rent,14000000,"₦ 14,000,000",Katampe (Main),2026-05-30 13:29:32
4,4 bedrooms,4bdrm Apartment in Wuye for rent,20000000,"₦ 20,000,000",Wuye,2026-05-30 13:29:32
4,4 bedrooms,4bdrm Apartment in Katampe Extension for rent,16000000,"₦ 16,000,000",Katampe Extension,2026-05-30 13:29:32
2,2 bedrooms,Furnished 2bdrm Apartment in Main Idu for rent,6000000,"₦ 6,000,000",Idu,2026-05-30 13:29:32
5,5 bedrooms,5bdrm Townhouse / Terrace in Jahi Gilmore for rent,18000000,"₦ 18,000,000",Jahi,2026-05-30 13:29:32
1,1 bedroom,"1bdrm Block of Flats in News Engineering, Dawaki for rent",2800000,"₦ 2,800,000",Dawaki,2026-05-30 13:29:32
3,3 bedrooms,3bdrm Block of Flats in Jahi for rent,12500000,"₦ 12,500,000",Jahi,2026-05-30 13:29:32
3,3 bedrooms,"3bdrm Block of Flats in Durunmi, Durumi for rent",9000000,"₦ 9,000,000",Durumi,2026-05-30 13:29:32
2,2 bedrooms,"2bdrm Townhouse / Terrace in Hill Field Homes, Dawaki for rent",5000000,"₦ 5,000,000",Dawaki,2026-05-30 13:29:32
4,4 bedrooms,4bdrm Townhouse / Terrace in Guzape for rent,15000000,"₦ 15,000,000",Guzape District,2026-05-30 13:29:32
3,3 bedrooms,"3bdrm Townhouse / Terrace in Dantata Estate, Kubwa for rent",6000000,"₦ 6,000,000",Kubwa,2026-05-30 13:29:32
4,4 bedrooms,"4bdrm Duplex in Jahi Gilmore,Very for rent",15000000,"₦ 15,000,000",Jahi,2026-05-30 13:29:37
3,3 bedrooms,3bdrm Block of Flats in Guzape for rent,10000000,"₦ 10,000,000",Guzape District,2026-05-30 13:29:37
3,3 bedrooms,3bdrm Apartment in Jahi Gilmore for rent,15000000,"₦ 15,000,000",Jahi,2026-05-30 13:29:37
1,1 bedroom,1bdrm Bungalow in Lokogoma for rent,550000,"₦ 550,000",Lokogoma,2026-05-30 13:29:37
2,2 bedrooms,2bdrm Apartment in Maitama District for rent,15000000,"₦ 15,000,000",Maitama,2026-05-30 13:29:37
5,5 bedrooms,"5bdrm Townhouse / Terrace in Main Gusape, Guzape District for rent",15000000,"₦ 15,000,000",Guzape District,2026-05-30 13:29:37
4,4 bedrooms,4bdrm Duplex in Utako District for rent,18000000,"₦ 18,000,000",Utako,2026-05-30 13:29:37
3,3 bedrooms,3bdrm Apartment in Mabushi for rent,7000000,"₦ 7,000,000",Mabushi,2026-05-30 13:29:37
6,6 bedrooms,6bdrm Duplex in Life Camp for rent,35000000,"₦ 35,000,000",Life Camp,2026-05-30 13:29:37
1,1 bedroom,Furnished 1bdrm Apartment in Wuye for rent,7300000,"₦ 7,300,000",Wuye,2026-05-30 13:29:37
5,5 bedrooms,5bdrm Duplex in Guzape District for rent,20000000,"₦ 20,000,000",Guzape District,2026-05-30 13:29:37
4,4 bedrooms,4bdrm Duplex in Durumi for rent,12000000,"₦ 12,000,000",Durumi,2026-05-30 13:29:37
5,5 bedrooms,5bdrm Duplex in Guzape District for rent,25000000,"₦ 25,000,000",Guzape District,2026-05-30 13:29:37
4,4 bedrooms,4bdrm Townhouse / Terrace in Mabushi for rent,13000000,"₦ 13,000,000",Mabushi,2026-05-30 13:29:37
6,6 bedrooms,Furnished 6bdrm Duplex in Wuse 2 for rent,20000000,"₦ 20,000,000",Wuse 2,2026-05-30 13:29:37
4,4 bedrooms,4bdrm Townhouse / Terrace in Jahi for rent,15000000,"₦ 15,000,000",Jahi,2026-05-30 13:29:37
1,1 bedroom,Furnished Studio Apartment in Katampe Main for rent,2300000,"₦ 2,300,000",Katampe (Main),2026-05-30 13:29:37
1,1 bedroom,"Furnished 1bdrm Bungalow in Firstrut Estate, Katampe (Main) for rent",4000000,"₦ 4,000,000",Katampe (Main),2026-05-30 13:29:37
3,3 bedrooms,"Furnished 3bdrm Townhouse / Terrace in Belham Estate, Gwarinpa for rent",11000000,"₦ 11,000,000",Gwarinpa,2026-05-30 13:29:37
3,3 bedrooms,3bdrm Apartment in Wuye for rent,170000000,"₦ 170,000,000",Wuye,2026-05-30 13:29:37
2,2 bedrooms,"2bdrm Block of Flats in Rockville Estate, Dawaki for rent",4000000,"₦ 4,000,000",Dawaki,2026-05-30 13:29:37
2,2 bedrooms,2bdrm Block of Flats in Dawaki for rent,4000000,"₦ 4,000,000",Dawaki,2026-05-30 13:29:37
3,3 bedrooms,"3bdrm Townhouse / Terrace in Value Chain Estate, Dawaki for rent",8000000,"₦ 8,000,000",Dawaki,2026-05-30 13:29:37
4,4 bedrooms,"4bdrm Duplex in Gwarimpa Estate Fct, Gwarinpa for rent",15000000,"₦ 15,000,000",Gwarinpa,2026-05-30 13:29:37
4,4 bedrooms,4bdrm Apartment in Wuye for rent,20000000,"₦ 20,000,000",Wuye,2026-05-30 13:29:45
1,1 bedroom,1bdrm Apartment in Jabi Main for rent,16500000,"₦ 16,500,000",Jabi,2026-05-30 13:29:45
4,4 bedrooms,4bdrm Duplex in Mabushi District for rent,17000000,"₦ 17,000,000",Mabushi,2026-05-30 13:29:45
2,2 bedrooms,"2bdrm Apartment in Kuchiyako Estate, Kuje for rent",2000000,"₦ 2,000,000",Kuje,2026-05-30 13:29:45
4,4 bedrooms,Furnished 4bdrm Townhouse / Terrace in Maitama District for rent,90000000,"₦ 90,000,000",Maitama,2026-05-30 13:29:45
3,3 bedrooms,3bdrm Townhouse / Terrace in Jahi for rent,10000000,"₦ 10,000,000",Jahi,2026-05-30 13:29:45
3,3 bedrooms,3bdrm House in Wuse 2 for rent,20000000,"₦ 20,000,000",Wuse 2,2026-05-30 13:29:45
3,3 bedrooms,3bdrm Block of Flats in Gudu for rent,8000000,"₦ 8,000,000",Gudu,2026-05-30 13:29:45
2,2 bedrooms,2bdrm Bungalow in Apo Resettlement for rent,4000000,"₦ 4,000,000",Apo Resettlement,2026-05-30 13:29:45
4,4 bedrooms,4bdrm Townhouse / Terrace in Wuse 2 for rent,35000000,"₦ 35,000,000",Wuse 2,2026-05-30 13:29:45
5,5 bedrooms,5bdrm Duplex in Durumi for rent,10000000,"₦ 10,000,000",Durumi,2026-05-30 13:29:45
3,3 bedrooms,3bdrm Block of Flats in Jahi for rent,10000000,"₦ 10,000,000",Jahi,2026-05-30 13:29:45
3,3 bedrooms,Furnished 3bdrm Block of Flats in Jahi for rent,10000000,"₦ 10,000,000",Jahi,2026-05-30 13:29:45
4,4 bedrooms,4bdrm Townhouse / Terrace in Mabushi for rent,15000000,"₦ 15,000,000",Mabushi,2026-05-30 13:29:45
2,2 bedrooms,2bdrm Block of Flats in Kubwa for rent,3500000,"₦ 3,500,000",Kubwa,2026-05-30 13:29:45
2,2 bedrooms,Furnished 2bdrm Block of Flats in Katampe for rent,15000000,"₦ 15,000,000",Katampe Extension,2026-05-30 13:29:45
1,1 bedroom,1bdrm Block of Flats in Dawaki for rent,2800000,"₦ 2,800,000",Dawaki,2026-05-30 13:29:45
2,2 bedrooms,"2bdrm Apartment in Diplomatic Zone, Katampe Extension for rent",11000000,"₦ 11,000,000",Katampe Extension,2026-05-30 13:29:45
5,5 bedrooms,"5bdrm Duplex in Jahi Gilmore,Fct for rent",17000000,"₦ 17,000,000",Jahi,2026-05-30 13:29:45
2,2 bedrooms,2bdrm Block of Flats in Idu Main for rent,4000000,"₦ 4,000,000",Idu,2026-05-30 13:29:45
3,3 bedrooms,"3bdrm Duplex in Gwarimpa Estate,Fct, Gwarinpa for rent",10000000,"₦ 10,000,000",Gwarinpa,2026-05-30 13:29:45
5,5 bedrooms,5bdrm Duplex in Jahi Gilmore Fct for rent,16000000,"₦ 16,000,000",Jahi,2026-05-30 13:29:45
2,2 bedrooms,"2bdrm Apartment in River Park, Lugbe District for rent",6000000,"₦ 6,000,000",Lugbe District,2026-05-30 13:29:45
4,4 bedrooms,4bdrm Duplex in Mabushi for rent,12000000,"₦ 12,000,000",Mabushi,2026-05-30 13:29:45
3,3 bedrooms,"Furnished 3bdrm Block of Flats in Gilmo, Jahi for rent",10000000,"₦ 10,000,000",Jahi,2026-05-30 13:29:56
2,2 bedrooms,"2bdrm Block of Flats in Fo1, Kubwa for rent",5000000,"₦ 5,000,000",Kubwa,2026-05-30 13:29:56
4,4 bedrooms,4bdrm Duplex in Kubwa for rent,8000000,"₦ 8,000,000",Kubwa,2026-05-30 13:29:56
1,1 bedroom,"1bdrm Apartment in Banana Island, Jahi for rent",2000000,"₦ 2,000,000",Jahi,2026-05-30 13:29:56
4,4 bedrooms,4bdrm Townhouse / Terrace in Katampe for rent,14000000,"₦ 14,000,000",Katampe (Main),2026-05-30 13:29:56
4,4 bedrooms,4bdrm Townhouse / Terrace in Katampe Extension for rent,10000000,"₦ 10,000,000",Katampe Extension,2026-05-30 13:29:56
4,4 bedrooms,"4bdrm Townhouse / Terrace in Off 3Rd Avenue, Gwarinpa for rent",9000000,"₦ 9,000,000",Gwarinpa,2026-05-30 13:29:56
1,1 bedroom,Furnished 1bdrm Apartment in Katampe Main for rent,6000000,"₦ 6,000,000",Katampe (Main),2026-05-30 13:29:56
2,2 bedrooms,2bdrm Block of Flats in Jahi Glimo for rent,6500000,"₦ 6,500,000",Jahi,2026-05-30 13:29:56
5,5 bedrooms,"Furnished 5bdrm Duplex in Trem Church, Life Camp for rent",15000000,"₦ 15,000,000",Life Camp,2026-05-30 13:29:56
5,5 bedrooms,"5bdrm Duplex in Gwarimpa Estate By, Gwarinpa for rent",14000000,"₦ 14,000,000",Gwarinpa,2026-05-30 13:29:56
4,4 bedrooms,"4bdrm Bungalow in Gwarimpa, Gwarinpa for rent",10000000,"₦ 10,000,000",Gwarinpa,2026-05-30 13:29:56
4,4 bedrooms,"4bdrm Duplex in Jahi Gilmore,Fct for rent",20000000,"₦ 20,000,000",Jahi,2026-05-30 13:29:56
2,2 bedrooms,2bdrm Apartment in Lifecamp for rent,5000000,"₦ 5,000,000",Life Camp,2026-05-30 13:29:56
4,4 bedrooms,4bdrm Townhouse / Terrace in Katampe Main for rent,14000000,"₦ 14,000,000",Katampe,2026-05-30 13:29:56
3,3 bedrooms,Furnished 3bdrm Apartment in Main Asokoro for rent,75000000,"₦ 75,000,000",Asokoro,2026-05-30 13:29:56
6,6 bedrooms,6bdrm House in Life Camp for rent,25000000,"₦ 25,000,000",Life Camp,2026-05-30 13:29:56
4,4 bedrooms,4bdrm Bungalow in Maitama for rent,20000000,"₦ 20,000,000",Maitama,2026-05-30 13:29:56
4,4 bedrooms,4bdrm Townhouse / Terrace in Guzape District for rent,15000000,"₦ 15,000,000",Guzape District,2026-05-30 13:29:56
2,2 bedrooms,2bdrm Block of Flats in Kaura for rent,7500000,"₦ 7,500,000",Kaura,2026-05-30 13:29:56
4,4 bedrooms,4bdrm Duplex in Gaduwa for rent,10000000,"₦ 10,000,000",Gaduwa,2026-05-30 13:29:56
3,3 bedrooms,3bdrm Bungalow in Life Camp for rent,6000000,"₦ 6,000,000",Life Camp,2026-05-30 13:29:56
5,5 bedrooms,"5bdrm Duplex in Harmony Estate, Gwarinpa for rent",12000000,"₦ 12,000,000",Gwarinpa,2026-05-30 13:29:56
2,2 bedrooms,"2bdrm Block of Flats in Citizen, Dawaki for rent",3700000,"₦ 3,700,000",Dawaki,2026-05-30 13:29:56
4,4 bedrooms,"4bdrm Duplex in Gwarimpa, Gwarinpa for rent",11000000,"₦ 11,000,000",Gwarinpa,2026-05-30 13:30:04
3,3 bedrooms,Furnished 3bdrm Apartment in Jabi By Lakeview for rent,68250000,"₦ 68,250,000",Jabi,2026-05-30 13:30:04
4,4 bedrooms,4bdrm Duplex in Main Wuye for rent,25000000,"₦ 25,000,000",Wuye,2026-05-30 13:30:04
4,4 bedrooms,"Furnished 4bdrm Duplex in Levi Estate, Galadimawa for rent",8000000,"₦ 8,000,000",Galadimawa,2026-05-30 13:30:04
2,2 bedrooms,Furnished 2bdrm Apartment in Maitama for rent,48000000,"₦ 48,000,000",Maitama,2026-05-30 13:30:04
5,5 bedrooms,5bdrm Duplex in Wuye for rent,30000000,"₦ 30,000,000",Wuye,2026-05-30 13:30:04
3,3 bedrooms,3bdrm Apartment in Maitama for rent,20000000,"₦ 20,000,000",Maitama,2026-05-30 13:30:04
3,3 bedrooms,3bdrm Apartment in Jahi for rent,9000000,"₦ 9,000,000",Jahi,2026-05-30 13:30:04
3,3 bedrooms,3bdrm Block of Flats in Durumi for rent,5000000,"₦ 5,000,000",Durumi,2026-05-30 13:30:04
4,4 bedrooms,4bdrm Duplex in Guzape District for rent,15000000,"₦ 15,000,000",Guzape District,2026-05-30 13:30:04
3,3 bedrooms,3bdrm House in Wuse 2 for rent,20000000,"₦ 20,000,000",Wuse 2,2026-05-30 13:30:04
2,2 bedrooms,2bdrm Block of Flats in Dawaki for rent,3500000,"₦ 3,500,000",Dawaki,2026-05-30 13:30:04
2,2 bedrooms,"2bdrm Block of Flats in Fo1, Kubwa for rent",3000000,"₦ 3,000,000",Kubwa,2026-05-30 13:30:04
4,4 bedrooms,4bdrm Townhouse / Terrace in Mabushi for rent,15000000,"₦ 15,000,000",Mabushi,2026-05-30 13:30:04
3,3 bedrooms,3bdrm Block of Flats in Main Jabi By Fcmb for rent,5500000,"₦ 5,500,000",Jabi,2026-05-30 13:30:04
3,3 bedrooms,3bdrm Apartment in Jahi Gilmore for rent,8500000,"₦ 8,500,000",Jahi,2026-05-30 13:30:04
3,3 bedrooms,"3bdrm Block of Flats in Extension 3, Kubwa for rent",4000000,"₦ 4,000,000",Kubwa,2026-05-30 13:30:04
4,4 bedrooms,4bdrm Townhouse / Terrace in Main Guzape for rent,15000000,"₦ 15,000,000",Guzape District,2026-05-30 13:30:04
4,4 bedrooms,4bdrm Duplex in Jahi Gilmore Fct for rent,15000000,"₦ 15,000,000",Jahi,2026-05-30 13:30:04
4,4 bedrooms,4bdrm Duplex in Katampe for rent,20000000,"₦ 20,000,000",Katampe Extension,2026-05-30 13:30:04
5,5 bedrooms,"5bdrm Duplex in Gwarimpa Estate, Gwarinpa for rent",18000000,"₦ 18,000,000",Gwarinpa,2026-05-30 13:30:04
3,3 bedrooms,3bdrm Block of Flats in Jahi for rent,8500000,"₦ 8,500,000",Jahi,2026-05-30 13:30:04
3,3 bedrooms,3bdrm Block of Flats in Asokoro for rent,35000000,"₦ 35,000,000",Asokoro,2026-05-30 13:30:04
2,2 bedrooms,Furnished 2bdrm Apartment in Wuse 2 for rent,20000000,"₦ 20,000,000",Wuse 2,2026-05-30 13:30:04
5,5 bedrooms,5bdrm Duplex in Maitama for rent,60000000,"₦ 60,000,000",Maitama,2026-05-30 13:30:12
4,4 bedrooms,4bdrm Duplex in Guzape District for rent,12000000,"₦ 12,000,000",Guzape District,2026-05-30 13:30:12
4,4 bedrooms,4bdrm Duplex in Maitama for rent,77500000,"₦ 77,500,000",Maitama,2026-05-30 13:30:12
4,4 bedrooms,"Furnished 4bdrm Duplex in Levi Estate, Galadimawa for rent",8000000,"₦ 8,000,000",Galadimawa,2026-05-30 13:30:12
3,3 bedrooms,3bdrm Block of Flats in Durumi for rent,8000000,"₦ 8,000,000",Durumi,2026-05-30 13:30:12
3,3 bedrooms,"3bdrm Block of Flats in Dera Community, Dawaki for rent",5000000,"₦ 5,000,000",Dawaki,2026-05-30 13:30:12
3,3 bedrooms,"3bdrm Block of Flats in Fo1, Kubwa for rent",5000000,"₦ 5,000,000",Kubwa,2026-05-30 13:30:12
2,2 bedrooms,"2bdrm Block of Flats in News Engineering, Dawaki for rent",5000000,"₦ 5,000,000",Dawaki,2026-05-30 13:30:12
1,1 bedroom,Furnished 1bdrm Apartment in Katampe Main for rent,6000000,"₦ 6,000,000",Katampe (Main),2026-05-30 13:30:12
5,5 bedrooms,"Furnished 5bdrm Duplex in Trem Church, Life Camp for rent",15000000,"₦ 15,000,000",Life Camp,2026-05-30 13:30:12
2,2 bedrooms,"2bdrm Apartment in F14, Kubwa for rent",2500000,"₦ 2,500,000",Kubwa,2026-05-30 13:30:12
5,5 bedrooms,5bdrm Duplex in Guzape for rent,30000000,"₦ 30,000,000",Guzape District,2026-05-30 13:30:12
3,3 bedrooms,"3bdrm Bungalow in Efab Queen Estate By, Gwarinpa for rent",9000000,"₦ 9,000,000",Gwarinpa,2026-05-30 13:30:12
4,4 bedrooms,"4bdrm Duplex in Mabeglober Estate, Gwarinpa for rent",13000000,"₦ 13,000,000",Gwarinpa,2026-05-30 13:30:12
3,3 bedrooms,Furnished 3bdrm Farm House in Naf Valley Asokoro for rent,20000000,"₦ 20,000,000",Asokoro,2026-05-30 13:30:12
10,10 bedrooms,10bdrm Duplex in Maitama District for rent,250000000,"₦ 250,000,000",Maitama,2026-05-30 13:30:12
3,3 bedrooms,"Furnished 3bdrm Duplex in Aso Villa, Asokoro for rent",50000000,"₦ 50,000,000",Asokoro,2026-05-30 13:30:12
2,2 bedrooms,2bdrm Apartment in Wuse 2 for rent,12500000,"₦ 12,500,000",Wuse 2,2026-05-30 13:30:12
4,4 bedrooms,4bdrm Duplex in Jahi for rent,20000000,"₦ 20,000,000",Jahi,2026-05-30 13:30:12
4,4 bedrooms,4bdrm Townhouse / Terrace in Mabushi for rent,15000000,"₦ 15,000,000",Mabushi,2026-05-30 13:30:12
2,2 bedrooms,2bdrm Block of Flats in Kaura for rent,7500000,"₦ 7,500,000",Kaura,2026-05-30 13:30:12
3,3 bedrooms,3bdrm Bungalow in Life Camp for rent,6000000,"₦ 6,000,000",Life Camp,2026-05-30 13:30:12
4,4 bedrooms,4bdrm Duplex in Gaduwa for rent,10000000,"₦ 10,000,000",Gaduwa,2026-05-30 13:30:12
2,2 bedrooms,"2bdrm Block of Flats in Dera Estate, Dawaki for rent",4500000,"₦ 4,500,000",Dawaki,2026-05-30 13:30:12
4,4 bedrooms,4bdrm Duplex in Durumi for rent,12000000,"₦ 12,000,000",Durumi,2026-05-30 13:30:20
3,3 bedrooms,3bdrm Block of Flats in Maitama for rent,200000000,"₦ 200,000,000",Maitama,2026-05-30 13:30:20
6,6 bedrooms,6bdrm House in Life Camp for rent,25000000,"₦ 25,000,000",Life Camp,2026-05-30 13:30:20
3,3 bedrooms,3bdrm Apartment in Jabi for rent,12000000,"₦ 12,000,000",Jabi,2026-05-30 13:30:20
4,4 bedrooms,Furnished 4bdrm House in Jabi for rent,60000000,"₦ 60,000,000",Jabi,2026-05-30 13:30:20
5,5 bedrooms,Furnished 5bdrm Duplex in Main Idu for rent,15000000,"₦ 15,000,000",Idu Industrial,2026-05-30 13:30:20
2,2 bedrooms,"2bdrm Block of Flats in Dera Community, Dawaki for rent",4000000,"₦ 4,000,000",Dawaki,2026-05-30 13:30:20
2,2 bedrooms,2bdrm Block of Flats in Kubwa for rent,3500000,"₦ 3,500,000",Kubwa,2026-05-30 13:30:20
3,3 bedrooms,3bdrm Block of Flats in Dawaki for rent,5000000,"₦ 5,000,000",Dawaki,2026-05-30 13:30:20
2,2 bedrooms,"2bdrm Block of Flats in Paradise Estate, Life Camp for rent",6000000,"₦ 6,000,000",Life Camp,2026-05-30 13:30:20
3,3 bedrooms,3bdrm Apartment in Main Guzape for rent,8000000,"₦ 8,000,000",Guzape District,2026-05-30 13:30:20
5,5 bedrooms,"5bdrm Duplex in Jahi Gilmore,Fct for rent",17000000,"₦ 17,000,000",Jahi,2026-05-30 13:30:20
10,10 bedrooms,10bdrm Duplex in Wuye for rent,65000000,"₦ 65,000,000",Wuye,2026-05-30 13:30:20
6,6 bedrooms,"6bdrm Duplex in Asokoro District, Wuye for rent",60000000,"₦ 60,000,000",Wuye,2026-05-30 13:30:20
2,2 bedrooms,Furnished 2bdrm Bedsitter in Main Utako for rent,18000000,"₦ 18,000,000",Utako,2026-05-30 13:30:20
3,3 bedrooms,3bdrm Block of Flats in Guzape District for rent,17000000,"₦ 17,000,000",Guzape District,2026-05-30 13:30:20
4,4 bedrooms,4bdrm Duplex in Durumi for rent,12000000,"₦ 12,000,000",Durumi,2026-05-30 13:30:20
3,3 bedrooms,3bdrm Block of Flats in Guzape District for rent,12000000,"₦ 12,000,000",Guzape District,2026-05-30 13:30:20
5,5 bedrooms,5bdrm Duplex in Maitama for rent,60000000,"₦ 60,000,000",Maitama,2026-05-30 13:30:20
2,2 bedrooms,2bdrm Apartment in Wuse 2 for rent,12500000,"₦ 12,500,000",Wuse 2,2026-05-30 13:30:20
4,4 bedrooms,4bdrm Duplex in Jahi for rent,20000000,"₦ 20,000,000",Jahi,2026-05-30 13:30:20
2,2 bedrooms,Furnished 2bdrm Block of Flats in Katampe for rent,15000000,"₦ 15,000,000",Katampe Extension,2026-05-30 13:30:20
2,2 bedrooms,"2bdrm Block of Flats in Fo1, Kubwa for rent",3500000,"₦ 3,500,000",Kubwa,2026-05-30 13:30:20
1,1 bedroom,1bdrm Block of Flats in Dawaki for rent,2800000,"₦ 2,800,000",Dawaki,2026-05-30 13:30:20
3,3 bedrooms,"3bdrm Block of Flats in Marigold Estate, Dawaki for rent",5000000,"₦ 5,000,000",Dawaki,2026-05-30 13:30:29
2,2 bedrooms,"2bdrm Block of Flats in Fo1, Kubwa for rent",3500000,"₦ 3,500,000",Kubwa,2026-05-30 13:30:29
2,2 bedrooms,"2bdrm Block of Flats in Range View Estate, Dawaki for rent",5000000,"₦ 5,000,000",Dawaki,2026-05-30 13:30:29
1,1 bedroom,Furnished 1bdrm Apartment in Jahi for rent,1200000,"₦ 1,200,000",Jahi,2026-05-30 13:30:29
4,4 bedrooms,4bdrm Duplex in Kado Before Life for rent,20000000,"₦ 20,000,000",Kado,2026-05-30 13:30:29
5,5 bedrooms,5bdrm Duplex in Asokoro for rent,25000000,"₦ 25,000,000",Asokoro,2026-05-30 13:30:29
3,3 bedrooms,"3bdrm Townhouse / Terrace in Main Maita, Maitama for rent",20000000,"₦ 20,000,000",Maitama,2026-05-30 13:30:29
4,4 bedrooms,4bdrm Duplex in Jabi Main for rent,25000000,"₦ 25,000,000",Jabi,2026-05-30 13:30:29
3,3 bedrooms,3bdrm House in Wuse 2 for rent,20000000,"₦ 20,000,000",Wuse 2,2026-05-30 13:30:29
2,2 bedrooms,2bdrm Block of Flats in Durumi for rent,6000000,"₦ 6,000,000",Durumi,2026-05-30 13:30:29
4,4 bedrooms,4bdrm Townhouse / Terrace in Wuse 2 for rent,35000000,"₦ 35,000,000",Wuse 2,2026-05-30 13:30:29
5,5 bedrooms,5bdrm Duplex in Wuse 2 for rent,25000000,"₦ 25,000,000",Wuse 2,2026-05-30 13:30:29
4,4 bedrooms,4bdrm Duplex in Durumi for rent,12000000,"₦ 12,000,000",Durumi,2026-05-30 13:30:29
3,3 bedrooms,3bdrm Block of Flats in Guzape District for rent,17000000,"₦ 17,000,000",Guzape District,2026-05-30 13:30:29
4,4 bedrooms,4bdrm Townhouse / Terrace in Katampe (Main) for rent,8500000,"₦ 8,500,000",Katampe (Main),2026-05-30 13:30:29
2,2 bedrooms,2bdrm Block of Flats in Dawaki for rent,3500000,"₦ 3,500,000",Dawaki,2026-05-30 13:30:29
2,2 bedrooms,"2bdrm Block of Flats in Fo1, Kubwa for rent",3000000,"₦ 3,000,000",Kubwa,2026-05-30 13:30:29
6,6 bedrooms,"6bdrm Duplex in Main Gusape, Guzape District for rent",60000000,"₦ 60,000,000",Guzape District,2026-05-30 13:30:29
3,3 bedrooms,Furnished 3bdrm Apartment in Jabi By Lakeview for rent,68250000,"₦ 68,250,000",Jabi,2026-05-30 13:30:29
2,2 bedrooms,2bdrm Apartment in Wuse2 for rent,25000000,"₦ 25,000,000",Wuse 2,2026-05-30 13:30:29
4,4 bedrooms,4bdrm Duplex in Durumi for rent,12000000,"₦ 12,000,000",Durumi,2026-05-30 13:30:29
3,3 bedrooms,3bdrm Block of Flats in Maitama for rent,200000000,"₦ 200,000,000",Maitama,2026-05-30 13:30:29
6,6 bedrooms,6bdrm House in Life Camp for rent,25000000,"₦ 25,000,000",Life Camp,2026-05-30 13:30:29
3,3 bedrooms,3bdrm Block of Flats in Guzape District for rent,12000000,"₦ 12,000,000",Guzape District,2026-05-30 13:30:29
5,5 bedrooms,"5bdrm Duplex in Harmony Estate, Gwarinpa for rent",12000000,"₦ 12,000,000",Gwarinpa,2026-05-30 13:30:38
1,1 bedroom,Studio Apartment in Mabushi for rent,3500000,"₦ 3,500,000",Mabushi,2026-05-30 13:30:38
3,3 bedrooms,Furnished 3bdrm Duplex in Jabi District for rent,18000000,"₦ 18,000,000",Jabi,2026-05-30 13:30:38
1,1 bedroom,Studio Apartment in Utako for rent,2000000,"₦ 2,000,000",Utako,2026-05-30 13:30:38
2,2 bedrooms,2bdrm Apartment in Lifecamp for rent,5000000,"₦ 5,000,000",Life Camp,2026-05-30 13:30:38
2,2 bedrooms,2bdrm Block of Flats in Jabi for rent,60000000,"₦ 60,000,000",Jabi,2026-05-30 13:30:38
3,3 bedrooms,3bdrm Block of Flats in Guzape District for rent,100000000,"₦ 100,000,000",Guzape District,2026-05-30 13:30:38
3,3 bedrooms,3bdrm Block of Flats in Durumi for rent,8000000,"₦ 8,000,000",Durumi,2026-05-30 13:30:38
3,3 bedrooms,Furnished 3bdrm Apartment in Maitama for rent,45500000,"₦ 45,500,000",Maitama,2026-05-30 13:30:38
4,4 bedrooms,4bdrm Townhouse / Terrace in Katampe Extension for rent,10000000,"₦ 10,000,000",Katampe Extension,2026-05-30 13:30:38
6,6 bedrooms,6bdrm Duplex in Asokoro for rent,75000000,"₦ 75,000,000",Asokoro,2026-05-30 13:30:38
2,2 bedrooms,"2bdrm Block of Flats in Castle View Estate, Dawaki for rent",4000000,"₦ 4,000,000",Dawaki,2026-05-30 13:30:38
3,3 bedrooms,3bdrm Duplex in Zone B for rent,10000000,"₦ 10,000,000",Zone B,2026-05-30 13:30:38
2,2 bedrooms,2bdrm Block of Flats in Dawaki for rent,3500000,"₦ 3,500,000",Dawaki,2026-05-30 13:30:38
4,4 bedrooms,4bdrm Townhouse / Terrace in Katampe Main for rent,14000000,"₦ 14,000,000",Katampe,2026-05-30 13:30:38
5,5 bedrooms,5bdrm Duplex in Kado By Lake View for rent,20000000,"₦ 20,000,000",Kado,2026-05-30 13:30:38
4,4 bedrooms,"4bdrm Duplex in Life Camp Closed To, Jabi for rent",22000000,"₦ 22,000,000",Jabi,2026-05-30 13:30:38
3,3 bedrooms,3bdrm Apartment in Guzape District for rent,10000000,"₦ 10,000,000",Guzape District,2026-05-30 13:30:38
3,3 bedrooms,3bdrm Farm House in Life Camp After for rent,10000000,"₦ 10,000,000",Life Camp,2026-05-30 13:30:38
1,1 bedroom,1bdrm Apartment in Life Camp for rent,10500000,"₦ 10,500,000",Life Camp,2026-05-30 13:30:38
5,5 bedrooms,"5bdrm Townhouse / Terrace in Main Wuye, Utako for rent",30000000,"₦ 30,000,000",Utako,2026-05-30 13:30:38
2,2 bedrooms,2bdrm Apartment in Mabushi Close To for rent,120000000,"₦ 120,000,000",Mabushi,2026-05-30 13:30:38
12,12 bedrooms,12bdrm Duplex in Main Asokoro for rent,60000000,"₦ 60,000,000",Asokoro,2026-05-30 13:30:38
4,4 bedrooms,4bdrm Townhouse / Terrace in Main Wuye for rent,120000000,"₦ 120,000,000",Wuye,2026-05-30 13:30:38
1,1 bedroom,Furnished 1bdrm Apartment in Maitama Main for rent,15000000,"₦ 15,000,000",Maitama,2026-05-30 13:30:45
3,3 bedrooms,3bdrm Apartment in Garki Area 11 for rent,36000000,"₦ 36,000,000",Area 11,2026-05-30 13:30:45
3,3 bedrooms,3bdrm Apartment in Wuye District for rent,20000000,"₦ 20,000,000",Wuye,2026-05-30 13:30:45
3,3 bedrooms,3bdrm Apartment in Luxiar Apartments for rent,5000000,"₦ 5,000,000",Life Camp,2026-05-30 13:30:45
3,3 bedrooms,3bdrm Apartment in Maitama District for rent,30000000,"₦ 30,000,000",Maitama,2026-05-30 13:30:45
2,2 bedrooms,"2bdrm Apartment in Dakibiu Wuye, Dakibiyu for rent",6500000,"₦ 6,500,000",Dakibiyu,2026-05-30 13:30:45
2,2 bedrooms,Furnished 2bdrm Bungalow in Main Maitama for rent,22000000,"₦ 22,000,000",Maitama,2026-05-30 13:30:45
3,3 bedrooms,"Furnished 3bdrm Apartment in Main Gusape, Guzape District for rent",30000000,"₦ 30,000,000",Guzape District,2026-05-30 13:30:45
4,4 bedrooms,4bdrm Townhouse / Terrace in Wuye Main for rent,25000000,"₦ 25,000,000",Wuye,2026-05-30 13:30:45
4,4 bedrooms,4bdrm Townhouse / Terrace in Wuse 2 for rent,390000000,"₦ 390,000,000",Wuse 2,2026-05-30 13:30:45
6,6 bedrooms,6bdrm Duplex in Utako for rent,40000000,"₦ 40,000,000",Utako,2026-05-30 13:30:45
3,3 bedrooms,Furnished 3bdrm Duplex in Maitama District for rent,112000000,"₦ 112,000,000",Maitama,2026-05-30 13:30:45
3,3 bedrooms,3bdrm Apartment in Katampe Main for rent,8500000,"₦ 8,500,000",Katampe (Main),2026-05-30 13:30:45
4,4 bedrooms,4bdrm Townhouse / Terrace in Wuye for rent,15000000,"₦ 15,000,000",Wuye,2026-05-30 13:30:45
3,3 bedrooms,3bdrm Apartment in Life Camp By Air for rent,8000000,"₦ 8,000,000",Life Camp,2026-05-30 13:30:45
3,3 bedrooms,3bdrm Apartment in Maitama District for rent,180000000,"₦ 180,000,000",Maitama,2026-05-30 13:30:45
3,3 bedrooms,3bdrm Apartment in Dawaki for rent,6000000,"₦ 6,000,000",Dawaki,2026-05-30 13:30:45
3,3 bedrooms,3bdrm Apartment in Utako District for rent,8500000,"₦ 8,500,000",Utako,2026-05-30 13:30:45
3,3 bedrooms,3bdrm Apartment in Wuye District for rent,10000000,"₦ 10,000,000",Wuye,2026-05-30 13:30:45
3,3 bedrooms,3bdrm Townhouse / Terrace in Main Jabi for rent,22000000,"₦ 22,000,000",Jabi,2026-05-30 13:30:45
4,4 bedrooms,4bdrm Duplex in Jabi Life Camp for rent,15000000,"₦ 15,000,000",Life Camp,2026-05-30 13:30:45
2,2 bedrooms,2bdrm Bungalow in Maitama for rent,15000000,"₦ 15,000,000",Maitama,2026-05-30 13:30:45
2,2 bedrooms,Furnished 2bdrm Apartment in Main Jabi for rent,22000000,"₦ 22,000,000",Jabi,2026-05-30 13:30:45
2,2 bedrooms,Furnished 2bdrm Apartment in Wuse 2 for rent,27000000,"₦ 27,000,000",Wuse 2,2026-05-30 13:30:45
3,3 bedrooms,3bdrm Apartment in Utako District for rent,8500000,"₦ 8,500,000",Utako,2026-05-30 13:30:54
3,3 bedrooms,3bdrm Apartment in Wuye District for rent,10000000,"₦ 10,000,000",Wuye,2026-05-30 13:30:54
3,3 bedrooms,3bdrm Townhouse / Terrace in Main Jabi for rent,22000000,"₦ 22,000,000",Jabi,2026-05-30 13:30:54
3,3 bedrooms,3bdrm Duplex in Jabi for rent,15000000,"₦ 15,000,000",Jabi,2026-05-30 13:30:54
4,4 bedrooms,4bdrm Duplex in Jabi Life Camp for rent,15000000,"₦ 15,000,000",Life Camp,2026-05-30 13:30:54
2,2 bedrooms,Furnished 2bdrm Apartment in Main Jabi for rent,22000000,"₦ 22,000,000",Jabi,2026-05-30 13:30:54
2,2 bedrooms,2bdrm Bungalow in Maitama for rent,15000000,"₦ 15,000,000",Maitama,2026-05-30 13:30:54
2,2 bedrooms,2bdrm Apartment in Main Maitama for rent,25000000,"₦ 25,000,000",Maitama,2026-05-30 13:30:54
2,2 bedrooms,Furnished 2bdrm Apartment in Wuse 2 for rent,27000000,"₦ 27,000,000",Wuse 2,2026-05-30 13:30:54
5,5 bedrooms,5bdrm Duplex in Maitama District for rent,140000000,"₦ 140,000,000",Maitama,2026-05-30 13:30:54
4,4 bedrooms,4bdrm Townhouse / Terrace in Main Jabi for rent,22000000,"₦ 22,000,000",Jabi,2026-05-30 13:30:54
2,2 bedrooms,2bdrm Apartment in Jahi Gimoh for rent,8000000,"₦ 8,000,000",Jahi,2026-05-30 13:30:54
2,2 bedrooms,"Furnished 2bdrm Apartment in Diplomatic Zone, Katampe Extension",30000000,"₦ 30,000,000",Katampe Extension,2026-05-30 13:30:54
2,2 bedrooms,Furnished 2bdrm Apartment in Jabi for rent,160000000,"₦ 160,000,000",Jabi,2026-05-30 13:30:54
3,3 bedrooms,3bdrm Apartment in Main Wuye for rent,13000000,"₦ 13,000,000",Wuye,2026-05-30 13:30:54
4,4 bedrooms,4bdrm Townhouse / Terrace in Wuye District for rent,25000000,"₦ 25,000,000",Wuye,2026-05-30 13:30:54
3,3 bedrooms,3bdrm Townhouse / Terrace in Wuye District for rent,15000000,"₦ 15,000,000",Wuye,2026-05-30 13:30:54
3,3 bedrooms,3bdrm Apartment in Wuye District for rent,10000000,"₦ 10,000,000",Wuye,2026-05-30 13:30:54
3,3 bedrooms,3bdrm Apartment in Main  Wuye for rent,10000000,"₦ 10,000,000",Wuye,2026-05-30 13:30:54
4,4 bedrooms,4bdrm Duplex in Life Camp for rent,15000000,"₦ 15,000,000",Life Camp,2026-05-30 13:30:54
3,3 bedrooms,3bdrm Apartment in Main Jahi for rent,72000000,"₦ 72,000,000",Jahi,2026-05-30 13:30:54
1,1 bedroom,Furnished 1bdrm Apartment in Wuse 2 for rent,18000000,"₦ 18,000,000",Wuse 2,2026-05-30 13:30:54
4,4 bedrooms,4bdrm Bedsitter in Jabi District for rent,180000000,"₦ 180,000,000",Jabi,2026-05-30 13:30:54
3,3 bedrooms,3bdrm Apartment in Maitama District for rent,180000000,"₦ 180,000,000",Maitama,2026-05-30 13:30:54
3,3 bedrooms,3bdrm House in Gudu for rent,65000000,"₦ 65,000,000",Gudu,2026-05-30 13:31:02
4,4 bedrooms,"4bdrm Duplex in Gwarimpa Estate Fct, Gwarinpa for rent",17000000,"₦ 17,000,000",Gwarinpa,2026-05-30 13:31:02
1,1 bedroom,"1bdrm Block of Flats in Crown Community, Dawaki for rent",3500000,"₦ 3,500,000",Dawaki,2026-05-30 13:31:02
3,3 bedrooms,3bdrm Block of Flats in Palm Estate Dawaki for rent,5000000,"₦ 5,000,000",Dawaki,2026-05-30 13:31:02
1,1 bedroom,"1bdrm Block of Flats in Citizen, Dawaki for rent",2500000,"₦ 2,500,000",Dawaki,2026-05-30 13:31:02
1,1 bedroom,"Furnished Studio Apartment in F01, Kubwa for rent",1200000,"₦ 1,200,000",Kubwa,2026-05-30 13:31:02
3,3 bedrooms,3bdrm Bungalow in Lugbe District for rent,3300000,"₦ 3,300,000",Lugbe District,2026-05-30 13:31:02
4,4 bedrooms,"Furnished 4bdrm Duplex in F01, Kubwa for rent",7500000,"₦ 7,500,000",Kubwa,2026-05-30 13:31:02
1,1 bedroom,"Furnished Studio Apartment in Freedom Avenue, Dutse-Alhaji for rent",600000,"₦ 600,000",Dutse-Alhaji,2026-05-30 13:31:02
4,4 bedrooms,4bdrm Bedsitter in Jabi District for rent,180000000,"₦ 180,000,000",Jabi,2026-05-30 13:31:02
4,4 bedrooms,4bdrm Duplex in Katampe Extension By for rent,20000000,"₦ 20,000,000",Katampe Extension,2026-05-30 13:31:02
5,5 bedrooms,5bdrm Duplex in Mabushi Close To for rent,200000000,"₦ 200,000,000",Mabushi,2026-05-30 13:31:02
3,3 bedrooms,3bdrm Duplex in Apo Resettlement for rent,10000000,"₦ 10,000,000",Apo Resettlement,2026-05-30 13:31:02
3,3 bedrooms,Furnished 3bdrm Apartment in Katampe Extension for rent,9000000,"₦ 9,000,000",Katampe Extension,2026-05-30 13:31:02
3,3 bedrooms,3bdrm Block of Flats in Area 1 for rent,8000000,"₦ 8,000,000",Area 1,2026-05-30 13:31:02
3,3 bedrooms,3bdrm Block of Flats in Asokoro for rent,35000000,"₦ 35,000,000",Asokoro,2026-05-30 13:31:02
3,3 bedrooms,3bdrm Apartment in Maitama District for rent,180000000,"₦ 180,000,000",Maitama,2026-05-30 13:31:02
5,5 bedrooms,5bdrm Duplex in Katampe Main for rent,25000000,"₦ 25,000,000",Katampe (Main),2026-05-30 13:31:02
3,3 bedrooms,3bdrm Block of Flats in Guzape for rent,10000000,"₦ 10,000,000",Guzape District,2026-05-30 13:31:02
2,2 bedrooms,Furnished 2bdrm Apartment in Asokoro for rent,26000000,"₦ 26,000,000",Asokoro,2026-05-30 13:31:02
5,5 bedrooms,5bdrm Duplex in Wuye for rent,30000000,"₦ 30,000,000",Wuye,2026-05-30 13:31:02
2,2 bedrooms,"2bdrm Block of Flats in Paradise Estate, Life Camp for rent",6000000,"₦ 6,000,000",Life Camp,2026-05-30 13:31:02
3,3 bedrooms,3bdrm Apartment in Main Guzape for rent,8000000,"₦ 8,000,000",Guzape District,2026-05-30 13:31:02
2,2 bedrooms,"2bdrm Apartment in Diplomatic Zone, Katampe Extension for rent",11000000,"₦ 11,000,000",Katampe Extension,2026-05-30 13:31:02
3,3 bedrooms,3bdrm Duplex in Life Camp for rent,10000000,"₦ 10,000,000",Life Camp,2026-05-30 13:31:09
4,4 bedrooms,4bdrm Townhouse / Terrace in Mabushi for rent,15000000,"₦ 15,000,000",Mabushi,2026-05-30 13:31:09
1,1 bedroom,"Furnished 1bdrm Apartment in Legislative Quarters, Zone B for rent",1950000,"₦ 1,950,000",Zone B,2026-05-30 13:31:09
4,4 bedrooms,Furnished 4bdrm Duplex in Lugbe District for rent,8000000,"₦ 8,000,000",Lugbe District,2026-05-30 13:31:09
3,3 bedrooms,"3bdrm Bungalow in Von, Lugbe District for rent",6000000,"₦ 6,000,000",Lugbe District,2026-05-30 13:31:09
3,3 bedrooms,Furnished 3bdrm Block of Flats in Jahi for rent,20000000,"₦ 20,000,000",Jahi,2026-05-30 13:31:09
4,4 bedrooms,Furnished 4bdrm Townhouse / Terrace in Idu Industrial for rent,15000000,"₦ 15,000,000",Idu Industrial,2026-05-30 13:31:09
4,4 bedrooms,4bdrm Duplex in Galadimawa for rent,10000000,"₦ 10,000,000",Galadimawa,2026-05-30 13:31:09
1,1 bedroom,"Furnished Studio Apartment in Rock Garden City, Phase 2 / Jikwoyi",1800000,"₦ 1,800,000",Phase 2 / Jikwoyi,2026-05-30 13:31:09
6,6 bedrooms,6bdrm Duplex in Katampe Property for rent,25000000,"₦ 25,000,000",Katampe Extension,2026-05-30 13:31:09
6,6 bedrooms,"Furnished 6bdrm Duplex in Jessy Street, Wuye for rent",25000000,"₦ 25,000,000",Wuye,2026-05-30 13:31:09
3,3 bedrooms,3bdrm Apartment in Jahi Gilmore for rent,15000000,"₦ 15,000,000",Jahi,2026-05-30 13:31:09
5,5 bedrooms,5bdrm Duplex in Maitama for rent,44999999,"₦ 44,999,999",Maitama,2026-05-30 13:31:09
3,3 bedrooms,"Furnished 3bdrm Block of Flats in Gilmo, Jahi for rent",10000000,"₦ 10,000,000",Jahi,2026-05-30 13:31:09
4,4 bedrooms,4bdrm Townhouse / Terrace in Katampe for rent,25000000,"₦ 25,000,000",Katampe,2026-05-30 13:31:09
5,5 bedrooms,5bdrm Duplex in Apo District for rent,20000000,"₦ 20,000,000",Apo District,2026-05-30 13:31:09
1,1 bedroom,Furnished Studio Apartment in Gwarinpa for rent,3450000,"₦ 3,450,000",Gwarinpa,2026-05-30 13:31:09
4,4 bedrooms,4bdrm Townhouse / Terrace in Wuye for rent,25000000,"₦ 25,000,000",Wuye,2026-05-30 13:31:09
4,4 bedrooms,4bdrm Townhouse / Terrace in Wuse 2 for rent,30000000,"₦ 30,000,000",Wuse 2,2026-05-30 13:31:09
4,4 bedrooms,4bdrm Duplex in Zone 1 for rent,30000000,"₦ 30,000,000",Zone 1 / Wuse,2026-05-30 13:31:09
3,3 bedrooms,3bdrm Block of Flats in Guzape District for rent,100000000,"₦ 100,000,000",Guzape District,2026-05-30 13:31:09
3,3 bedrooms,3bdrm Block of Flats in Kaura for rent,5000000,"₦ 5,000,000",Kaura,2026-05-30 13:31:09
1,1 bedroom,1bdrm Block of Flats in Lugbe District for rent,2000000,"₦ 2,000,000",Lugbe District,2026-05-30 13:31:09
3,3 bedrooms,Furnished 3bdrm Apartment in Maitama for rent,25000000,"₦ 25,000,000",Maitama,2026-05-30 13:31:09
4,4 bedrooms,4bdrm Duplex in Mabushi for rent,20000000,"₦ 20,000,000",Mabushi,2026-05-30 13:31:15
3,3 bedrooms,"Furnished 3bdrm Duplex in Wikki Estate, Maitama for rent",25000000,"₦ 25,000,000",Maitama,2026-05-30 13:31:15
5,5 bedrooms,"5bdrm Duplex in Nuggy, Katampe for rent",25000000,"₦ 25,000,000",Katampe,2026-05-30 13:31:15
4,4 bedrooms,"Furnished 4bdrm Duplex in Aldenco, Lugbe District for rent",20000000,"₦ 20,000,000",Lugbe District,2026-05-30 13:31:15
3,3 bedrooms,3bdrm Apartment in Wuye for rent,150000000,"₦ 150,000,000",Wuye,2026-05-30 13:31:15
5,5 bedrooms,5bdrm Townhouse / Terrace in Wuse 2 for rent,90000000,"₦ 90,000,000",Wuse 2,2026-05-30 13:31:15
3,3 bedrooms,3bdrm Block of Flats in Katampe (Main) for rent,9000000,"₦ 9,000,000",Katampe (Main),2026-05-30 13:31:15
3,3 bedrooms,3bdrm Apartment in Apo District for rent,10000000,"₦ 10,000,000",Apo District,2026-05-30 13:31:15
4,4 bedrooms,4bdrm Block of Flats in Dakibiyu for rent,8000000,"₦ 8,000,000",Dakibiyu,2026-05-30 13:31:15
5,5 bedrooms,Furnished 5bdrm Duplex in Maitama for rent,50000000,"₦ 50,000,000",Maitama,2026-05-30 13:31:15
2,2 bedrooms,2bdrm Bungalow in Lugbe District for rent,4000000,"₦ 4,000,000",Lugbe District,2026-05-30 13:31:15
4,4 bedrooms,"4bdrm Duplex in Naf Valley Estate, Asokoro for rent",18000000,"₦ 18,000,000",Asokoro,2026-05-30 13:31:15
3,3 bedrooms,"3bdrm Block of Flats in Prince Estate, Guzape District for rent",10000000,"₦ 10,000,000",Guzape District,2026-05-30 13:31:15
4,4 bedrooms,4bdrm Townhouse / Terrace in Kado for rent,19999999,"₦ 19,999,999",Kado,2026-05-30 13:31:15
1,1 bedroom,1bdrm Room & Parlour in After Berger Clinic for rent,3000000,"₦ 3,000,000",Life Camp,2026-05-30 13:31:15
4,4 bedrooms,4bdrm Duplex in Durumi for rent,12000000,"₦ 12,000,000",Durumi,2026-05-30 13:31:15
3,3 bedrooms,3bdrm Block of Flats in Wuse 2 for rent,15000000,"₦ 15,000,000",Wuse 2,2026-05-30 13:31:15
1,1 bedroom,1bdrm Room & Parlour in Maitama for rent,5000000,"₦ 5,000,000",Maitama,2026-05-30 13:31:15
2,2 bedrooms,2bdrm Block of Flats in Wuye for rent,6500000,"₦ 6,500,000",Wuye,2026-05-30 13:31:15
5,5 bedrooms,5bdrm Duplex in Zone B for rent,14000000,"₦ 14,000,000",Zone B,2026-05-30 13:31:15
2,2 bedrooms,Furnished 2bdrm Apartment in Jahi for rent,22000000,"₦ 22,000,000",Jahi,2026-05-30 13:31:15
5,5 bedrooms,5bdrm Duplex in Katampe Extension for rent,29999999,"₦ 29,999,999",Katampe Extension,2026-05-30 13:31:15
5,5 bedrooms,"5bdrm Duplex in Orange Estate Off, Gwarinpa for rent",10000000,"₦ 10,000,000",Gwarinpa,2026-05-30 13:31:15
4,4 bedrooms,4bdrm Duplex in Mabushi for rent,15000000,"₦ 15,000,000",Mabushi,2026-05-30 13:31:15
4,4 bedrooms,"4bdrm Duplex in Grace Bovlevard, Jahi for rent",13000000,"₦ 13,000,000",Jahi,2026-05-30 13:31:22
3,3 bedrooms,3bdrm Block of Flats in Katampe (Main) for rent,7500000,"₦ 7,500,000",Katampe (Main),2026-05-30 13:31:22
4,4 bedrooms,4bdrm Duplex in Durumi for rent,12000000,"₦ 12,000,000",Durumi,2026-05-30 13:31:22
2,2 bedrooms,2bdrm Apartment in Mabushi Abuja for rent,8000000,"₦ 8,000,000",Mabushi,2026-05-30 13:31:22
1,1 bedroom,"Furnished 1bdrm Shared Apartment in Aston Luxury, Apo District for rent",600000,"₦ 600,000",Apo District,2026-05-30 13:31:22
4,4 bedrooms,4bdrm Duplex in Katampe Extension for rent,25000000,"₦ 25,000,000",Katampe Extension,2026-05-30 13:31:22
6,6 bedrooms,6bdrm Duplex in Maitama for rent,100000000,"₦ 100,000,000",Maitama,2026-05-30 13:31:22
1,1 bedroom,Furnished Studio Apartment in Gwarinpa for rent,790500,"₦ 790,500",Gwarinpa,2026-05-30 13:31:22
3,3 bedrooms,Furnished 3bdrm Block of Flats in Area 11 for rent,25000000,"₦ 25,000,000",Area 11,2026-05-30 13:31:22
3,3 bedrooms,3bdrm Block of Flats in Maitama for rent,200000000,"₦ 200,000,000",Maitama,2026-05-30 13:31:22
3,3 bedrooms,3bdrm Duplex in Utako for rent,15000000,"₦ 15,000,000",Utako,2026-05-30 13:31:22
4,4 bedrooms,Furnished 4bdrm Townhouse / Terrace in Maitama for rent,40000000,"₦ 40,000,000",Maitama,2026-05-30 13:31:22
2,2 bedrooms,Furnished 2bdrm Block of Flats in Wuye for rent,15000000,"₦ 15,000,000",Wuye,2026-05-30 13:31:22
1,1 bedroom,Furnished 1bdrm Apartment in Garki Area 8 for rent,15000000,"₦ 15,000,000",Area 8,2026-05-30 13:31:22
4,4 bedrooms,4bdrm Townhouse / Terrace in Guzape for rent,30000000,"₦ 30,000,000",Guzape District,2026-05-30 13:31:22
4,4 bedrooms,Furnished 4bdrm Duplex in Hill View Community for rent,9000000,"₦ 9,000,000",Kubwa,2026-05-30 13:31:22
1,1 bedroom,1bdrm Block of Flats in Dawaki for rent,3500000,"₦ 3,500,000",Dawaki,2026-05-30 13:31:22
3,3 bedrooms,3bdrm Apartment in Jabi for rent,200000000,"₦ 200,000,000",Jabi,2026-05-30 13:31:22
5,5 bedrooms,5bdrm Duplex in Maitama for rent,28000000,"₦ 28,000,000",Maitama,2026-05-30 13:31:22
2,2 bedrooms,Furnished 2bdrm Apartment in Ado White House for rent,7500000,"₦ 7,500,000",FHA,2026-05-30 13:31:22
1,1 bedroom,"1bdrm Room & Parlour in Gwarimpa 6Th Avenue, Life Camp for rent",3500000,"₦ 3,500,000",Life Camp,2026-05-30 13:31:22
1,1 bedroom,"Mini Flat in Gwarimpa Extension, Life Camp for rent",2000000,"₦ 2,000,000",Life Camp,2026-05-30 13:31:22
4,4 bedrooms,4bdrm Duplex in Asokoro Fct for rent,28000000,"₦ 28,000,000",Asokoro,2026-05-30 13:31:22
4,4 bedrooms,4bdrm Duplex in Wuye for rent,18000000,"₦ 18,000,000",Wuye,2026-05-30 13:31:22
3,3 bedrooms,Furnished 3bdrm Block of Flats in Area 11 for rent,25000000,"₦ 25,000,000",Area 11,2026-05-30 13:31:27
2,2 bedrooms,2bdrm Block of Flats in Asokoro for rent,5000000,"₦ 5,000,000",Asokoro,2026-05-30 13:31:27
1,1 bedroom,"1bdrm Room & Parlour in Gwarimpa 6Th Avenue, Life Camp for rent",3500000,"₦ 3,500,000",Life Camp,2026-05-30 13:31:27
1,1 bedroom,"Mini Flat in Gwarimpa Extension, Life Camp for rent",2000000,"₦ 2,000,000",Life Camp,2026-05-30 13:31:27
7,7 bedrooms,Furnished 7bdrm Duplex in Asokoro for rent,150000000,"₦ 150,000,000",Asokoro,2026-05-30 13:31:27
2,2 bedrooms,Furnished 2bdrm Block of Flats in Jabi for rent,42000000,"₦ 42,000,000",Jabi,2026-05-30 13:31:27
3,3 bedrooms,Furnished 3bdrm Block of Flats in Jabi for rent,48000000,"₦ 48,000,000",Jabi,2026-05-30 13:31:27
3,3 bedrooms,3bdrm Apartment in Idu for rent,6000000,"₦ 6,000,000",Idu Industrial,2026-05-30 13:31:27
5,5 bedrooms,5bdrm Duplex in Jabi for rent,60000000,"₦ 60,000,000",Jabi,2026-05-30 13:31:27
2,2 bedrooms,2bdrm Block of Flats in Apo Legislative for rent,50000000,"₦ 50,000,000",Apo District,2026-05-30 13:31:27
3,3 bedrooms,3bdrm Townhouse / Terrace in Maitama for rent,45000000,"₦ 45,000,000",Maitama,2026-05-30 13:31:27
4,4 bedrooms,4bdrm Block of Flats in Mabushi for rent,15000000,"₦ 15,000,000",Mabushi,2026-05-30 13:31:27
4,4 bedrooms,4bdrm Townhouse / Terrace in Guzape District for rent,16000000,"₦ 16,000,000",Guzape District,2026-05-30 13:31:27
4,4 bedrooms,Furnished 4bdrm Duplex in Wuye for rent,20000000,"₦ 20,000,000",Wuye,2026-05-30 13:31:27
3,3 bedrooms,3bdrm Apartment in Idu for rent,6000000,"₦ 6,000,000",Idu,2026-05-30 13:31:27
3,3 bedrooms,"3bdrm Block of Flats in Dera Community, Dawaki for rent",5000000,"₦ 5,000,000",Dawaki,2026-05-30 13:31:27
2,2 bedrooms,2bdrm Bungalow in Kubwa for rent,2500000,"₦ 2,500,000",Kubwa,2026-05-30 13:31:27
1,1 bedroom,"1bdrm Block of Flats in Hill Side Estate, Dawaki for rent",3000000,"₦ 3,000,000",Dawaki,2026-05-30 13:31:27
1,1 bedroom,"Furnished Studio Apartment in Freedom Avenue, Dutse-Alhaji for rent",650000,"₦ 650,000",Dutse-Alhaji,2026-05-30 13:31:27
5,5 bedrooms,"5bdrm Duplex in Jahi Gilmore,Fct for rent",17000000,"₦ 17,000,000",Jahi,2026-05-30 13:31:27
3,3 bedrooms,"3bdrm Duplex in Gwarimpa Estate,Fct, Gwarinpa for rent",10000000,"₦ 10,000,000",Gwarinpa,2026-05-30 13:31:27
2,2 bedrooms,2bdrm Block of Flats in Idu Main for rent,4000000,"₦ 4,000,000",Idu,2026-05-30 13:31:27
1,1 bedroom,Furnished 1bdrm Block of Flats in Mabushi for rent,7000000,"₦ 7,000,000",Mabushi,2026-05-30 13:31:27
4,4 bedrooms,"Furnished 4bdrm Duplex in F01, Kubwa for rent",5000000,"₦ 5,000,000",Kubwa,2026-05-30 13:31:27
4,4 bedrooms,4bdrm Duplex in Jahi Gilmore Very for rent,15000000,"₦ 15,000,000",Jahi,2026-05-30 13:31:33
2,2 bedrooms,2bdrm Duplex in Katampe for rent,13000000,"₦ 13,000,000",Katampe (Main),2026-05-30 13:31:33
4,4 bedrooms,4bdrm Duplex in Jabi Life Camp for rent,15000000,"₦ 15,000,000",Life Camp,2026-05-30 13:31:33
2,2 bedrooms,"2bdrm Block of Flats in Crown Community, Dawaki for rent",4500000,"₦ 4,500,000",Dawaki,2026-05-30 13:31:33
2,2 bedrooms,Furnished 2bdrm Apartment in Main Jabi for rent,22000000,"₦ 22,000,000",Jabi,2026-05-30 13:31:33
4,4 bedrooms,4bdrm Duplex in Guzape for rent,13000000,"₦ 13,000,000",Guzape District,2026-05-30 13:31:33
3,3 bedrooms,3bdrm Apartment in Guzape District for rent,10000000,"₦ 10,000,000",Guzape District,2026-05-30 13:31:33
5,5 bedrooms,"5bdrm Duplex in Garki Property, Area 11 for rent",25000000,"₦ 25,000,000",Area 11,2026-05-30 13:31:33
2,2 bedrooms,Furnished 2bdrm Apartment in Jahi Gilmore for rent,12000000,"₦ 12,000,000",Jahi,2026-05-30 13:31:33
2,2 bedrooms,2bdrm Apartment in Main Jahi for rent,7000000,"₦ 7,000,000",Jahi,2026-05-30 13:31:33
4,4 bedrooms,4bdrm Townhouse / Terrace in Asokoro for rent,25000000,"₦ 25,000,000",Asokoro,2026-05-30 13:31:33
4,4 bedrooms,4bdrm Townhouse / Terrace in Maitama for rent,25000000,"₦ 25,000,000",Maitama,2026-05-30 13:31:33
2,2 bedrooms,2bdrm Block of Flats in Life  Camp  Estate for rent,6000000,"₦ 6,000,000",Life Camp,2026-05-30 13:31:33
2,2 bedrooms,Furnished 2bdrm Apartment in Jabi for rent,160000000,"₦ 160,000,000",Jabi,2026-05-30 13:31:33
3,3 bedrooms,3bdrm Block of Flats in Main Wuye for rent,10500000,"₦ 10,500,000",Wuye,2026-05-30 13:31:33
4,4 bedrooms,4bdrm Bungalow in Lugbe District for rent,10000000,"₦ 10,000,000",Lugbe District,2026-05-30 13:31:33
2,2 bedrooms,2bdrm Block of Flats in Dawaki for rent,4500000,"₦ 4,500,000",Dawaki,2026-05-30 13:31:33
2,2 bedrooms,"Furnished 2bdrm Block of Flats in F01, Kubwa for rent",4000000,"₦ 4,000,000",Kubwa,2026-05-30 13:31:33
4,4 bedrooms,4bdrm Duplex in Katampe Newly Built for rent,16000000,"₦ 16,000,000",Katampe (Main),2026-05-30 13:31:33
4,4 bedrooms,4bdrm Duplex in Wumba for rent,35000000,"₦ 35,000,000",Wumba,2026-05-30 13:31:33
4,4 bedrooms,"Furnished 4bdrm Duplex in Spring Boulevard, Galadimawa for rent",8000000,"₦ 8,000,000",Galadimawa,2026-05-30 13:31:33
2,2 bedrooms,Furnished 2bdrm Block of Flats in Demi Street Area 1 for rent,7000000,"₦ 7,000,000",Area 1,2026-05-30 13:31:33
2,2 bedrooms,"Furnished 2bdrm Block of Flats in F01, Kubwa for rent",3500000,"₦ 3,500,000",Kubwa,2026-05-30 13:31:33
2,2 bedrooms,Furnished 2bdrm Apartment in Lifecamp for rent,9000000,"₦ 9,000,000",Life Camp,2026-05-30 13:31:33
4,4 bedrooms,4bdrm Duplex in Asokoro for rent,25000000,"₦ 25,000,000",Asokoro,2026-05-30 13:31:39
4,4 bedrooms,Furnished 4bdrm Townhouse / Terrace in Maitama for rent,50000000,"₦ 50,000,000",Maitama,2026-05-30 13:31:39
1,1 bedroom,Furnished 1bdrm Apartment in Maitama for rent,27000000,"₦ 27,000,000",Maitama,2026-05-30 13:31:39
4,4 bedrooms,4bdrm Duplex in Idu Industrial for rent,9000000,"₦ 9,000,000",Idu Industrial,2026-05-30 13:31:39
4,4 bedrooms,4bdrm Duplex in Guzape Main for rent,35000000,"₦ 35,000,000",Guzape District,2026-05-30 13:31:39
4,4 bedrooms,4bdrm Duplex in Katampe Extension for rent,25000000,"₦ 25,000,000",Katampe Extension,2026-05-30 13:31:39
2,2 bedrooms,"Furnished 2bdrm Apartment in Apo Nepa, Zone B for rent",7500000,"₦ 7,500,000",Zone B,2026-05-30 13:31:39
4,4 bedrooms,4bdrm Townhouse / Terrace in Maitama for rent,30000000,"₦ 30,000,000",Maitama,2026-05-30 13:31:39
3,3 bedrooms,Furnished 3bdrm Bungalow in Kado Estate Phase 1 for rent,18000000,"₦ 18,000,000",Kado,2026-05-30 13:31:39
7,7 bedrooms,7bdrm Duplex in Maitama for rent,100000000,"₦ 100,000,000",Maitama,2026-05-30 13:31:39
2,2 bedrooms,Furnished 2bdrm Block of Flats in Wuye for rent,15000000,"₦ 15,000,000",Wuye,2026-05-30 13:31:39
1,1 bedroom,1bdrm Block of Flats in Dawaki for rent,3500000,"₦ 3,500,000",Dawaki,2026-05-30 13:31:39
4,4 bedrooms,4bdrm Duplex in Wuye for rent,18000000,"₦ 18,000,000",Wuye,2026-05-30 13:31:39
2,2 bedrooms,"2bdrm Bungalow in Abuja, Asokoro for rent",10000000,"₦ 10,000,000",Asokoro,2026-05-30 13:31:39
7,7 bedrooms,Furnished 7bdrm Duplex in Asokoro for rent,150000000,"₦ 150,000,000",Asokoro,2026-05-30 13:31:39
2,2 bedrooms,2bdrm Block of Flats in Wuse 2 for rent,7000000,"₦ 7,000,000",Wuse 2,2026-05-30 13:31:39
1,1 bedroom,1bdrm Bungalow in Asokoro for rent,3500000,"₦ 3,500,000",Asokoro,2026-05-30 13:31:39
2,2 bedrooms,2bdrm Block of Flats in Wuse 2 for rent,8000000,"₦ 8,000,000",Wuse 2,2026-05-30 13:31:39
1,1 bedroom,1bdrm Apartment in Karu for rent,800000,"₦ 800,000",Karu,2026-05-30 13:31:39
5,5 bedrooms,5bdrm Duplex in Apo District for rent,20000000,"₦ 20,000,000",Apo District,2026-05-30 13:31:39
1,1 bedroom,"Furnished Studio Apartment in Rock Garden City, Phase 2 / Jikwoyi",1800000,"₦ 1,800,000",Phase 2 / Jikwoyi,2026-05-30 13:31:39
1,1 bedroom,Studio Apartment in Karu for rent,400000,"₦ 400,000",Karu,2026-05-30 13:31:39
1,1 bedroom,Studio Apartment in Karu for rent,350000,"₦ 350,000",Karu,2026-05-30 13:31:39
1,1 bedroom,"Studio Apartment in Rock Garden City, Jikwoyi for rent",2400000,"₦ 2,400,000",Jikwoyi,2026-05-30 13:31:39
1,1 bedroom,1bdrm Block of Flats in Utako for rent,5000000,"₦ 5,000,000",Utako,2026-05-30 13:31:44
10,10 bedrooms,10bdrm Duplex in Zone 1 / Wuse for rent,50000000,"₦ 50,000,000",Zone 1 / Wuse,2026-05-30 13:31:44
2,2 bedrooms,2bdrm Block of Flats in Wuse 2 for rent,8000000,"₦ 8,000,000",Wuse 2,2026-05-30 13:31:44
4,4 bedrooms,4bdrm Townhouse / Terrace in Katampe Extension for rent,20000000,"₦ 20,000,000",Katampe Extension,2026-05-30 13:31:44
2,2 bedrooms,"2bdrm Block of Flats in Fo1, Kubwa for rent",3500000,"₦ 3,500,000",Kubwa,2026-05-30 13:31:44
2,2 bedrooms,"2bdrm Block of Flats in Fo1, Kubwa for rent",5000000,"₦ 5,000,000",Kubwa,2026-05-30 13:31:44
3,3 bedrooms,"Furnished 3bdrm Bungalow in Valley City Estate, Kaura for rent",6000000,"₦ 6,000,000",Kaura,2026-05-30 13:31:44
3,3 bedrooms,3bdrm Block of Flats in Katampe Main for rent,9000000,"₦ 9,000,000",Katampe (Main),2026-05-30 13:31:44
1,1 bedroom,"1bdrm Apartment in Swan Street, Durumi for rent",3000000,"₦ 3,000,000",Durumi,2026-05-30 13:31:44
4,4 bedrooms,4bdrm Townhouse / Terrace in Kado for rent,20000000,"₦ 20,000,000",Kado,2026-05-30 13:31:44
6,6 bedrooms,6bdrm Bungalow in Kado for rent,18000000,"₦ 18,000,000",Kado,2026-05-30 13:31:44
2,2 bedrooms,2bdrm Apartment in Jahi Gilmore for rent,9000000,"₦ 9,000,000",Jahi,2026-05-30 13:31:44
2,2 bedrooms,2bdrm Block of Flats in Wuye for rent,6500000,"₦ 6,500,000",Wuye,2026-05-30 13:31:44
3,3 bedrooms,"Furnished 3bdrm Apartment in Mustapha Crescent, Gaduwa for rent",4500000,"₦ 4,500,000",Gaduwa,2026-05-30 13:31:44
4,4 bedrooms,4bdrm Block of Flats in Maitama Property for rent,45000000,"₦ 45,000,000",Maitama,2026-05-30 13:31:44
3,3 bedrooms,Furnished 3bdrm Block of Flats in Katampe Apartment for rent,25000000,"₦ 25,000,000",Katampe (Main),2026-05-30 13:31:44
5,5 bedrooms,"5bdrm Duplex in Gwarimpa Estate By, Gwarinpa for rent",14000000,"₦ 14,000,000",Gwarinpa,2026-05-30 13:31:44
4,4 bedrooms,4bdrm Duplex in Maitama Property for rent,25000000,"₦ 25,000,000",Maitama,2026-05-30 13:31:44
4,4 bedrooms,"4bdrm Duplex in Jahi Gilmore,Fct for rent",20000000,"₦ 20,000,000",Jahi,2026-05-30 13:31:44
4,4 bedrooms,4bdrm Townhouse / Terrace in Asokoro for rent,27000000,"₦ 27,000,000",Asokoro,2026-05-30 13:31:44
5,5 bedrooms,"5bdrm Mansion in Efab Metropolitan, Gwarinpa for rent",18000000,"₦ 18,000,000",Gwarinpa,2026-05-30 13:31:44
3,3 bedrooms,"Furnished 3bdrm Block of Flats in Fo1, Kubwa for rent",6500000,"₦ 6,500,000",Kubwa,2026-05-30 13:31:44
4,4 bedrooms,Furnished 4bdrm Townhouse / Terrace in Guzape District for rent,30000000,"₦ 30,000,000",Guzape District,2026-05-30 13:31:44
4,4 bedrooms,4bdrm Duplex in Asokoro for rent,17000000,"₦ 17,000,000",Asokoro,2026-05-30 13:31:44
3,3 bedrooms,3bdrm Duplex in Apo Resettlement for rent,10000000,"₦ 10,000,000",Apo Resettlement,2026-05-30 13:31:50
3,3 bedrooms,3bdrm Apartment in Maitama District for rent,180000000,"₦ 180,000,000",Maitama,2026-05-30 13:31:50
3,3 bedrooms,"Furnished 3bdrm Apartment in Mustapha Street, Kaura for rent",6500000,"₦ 6,500,000",Kaura,2026-05-30 13:31:50
4,4 bedrooms,4bdrm Duplex in Galadimawa for rent,10000000,"₦ 10,000,000",Galadimawa,2026-05-30 13:31:50
3,3 bedrooms,"3bdrm Block of Flats in Devin Street, Guzape District for rent",8000000,"₦ 8,000,000",Guzape District,2026-05-30 13:31:50
4,4 bedrooms,"Furnished 4bdrm Duplex in Royal Estate, Apo Resettlement for rent",9000000,"₦ 9,000,000",Apo Resettlement,2026-05-30 13:31:50
4,4 bedrooms,4bdrm Duplex in Katampe Extension for rent,20000000,"₦ 20,000,000",Katampe Extension,2026-05-30 13:31:50
1,1 bedroom,"1bdrm Bungalow in Naf Valley Estate, Asokoro for rent",4500000,"₦ 4,500,000",Asokoro,2026-05-30 13:31:50
4,4 bedrooms,4bdrm Duplex in Maitama for rent,30000000,"₦ 30,000,000",Maitama,2026-05-30 13:31:50
2,2 bedrooms,2bdrm Block of Flats in Asokoro for rent,6000000,"₦ 6,000,000",Asokoro,2026-05-30 13:31:50
1,1 bedroom,1bdrm Apartment in Karu for rent,800000,"₦ 800,000",Karu,2026-05-30 13:31:50
1,1 bedroom,1bdrm Apartment in Karu for rent,1200000,"₦ 1,200,000",Karu,2026-05-30 13:31:50
3,3 bedrooms,3bdrm Bungalow in Karu for rent,2000000,"₦ 2,000,000",Karu,2026-05-30 13:31:50
3,3 bedrooms,3bdrm Townhouse / Terrace in Maitama for rent,45000000,"₦ 45,000,000",Maitama,2026-05-30 13:31:50
4,4 bedrooms,4bdrm Townhouse / Terrace in Guzape District for rent,16000000,"₦ 16,000,000",Guzape District,2026-05-30 13:31:50
5,5 bedrooms,5bdrm Duplex in Wuse 2 for rent,50000000,"₦ 50,000,000",Wuse 2,2026-05-30 13:31:50
2,2 bedrooms,"2bdrm Block of Flats in Rockville Estate, Dawaki for rent",4000000,"₦ 4,000,000",Dawaki,2026-05-30 13:31:50
2,2 bedrooms,2bdrm Block of Flats in Dawaki for rent,4000000,"₦ 4,000,000",Dawaki,2026-05-30 13:31:50
3,3 bedrooms,"3bdrm Bungalow in Efab Verizon, Gwarinpa for rent",8000000,"₦ 8,000,000",Gwarinpa,2026-05-30 13:31:50
4,4 bedrooms,"4bdrm Duplex in Jahi Gilmore,Very for rent",15000000,"₦ 15,000,000",Jahi,2026-05-30 13:31:50
4,4 bedrooms,"4bdrm Duplex in Gwarimpa Estate Fct, Gwarinpa for rent",15000000,"₦ 15,000,000",Gwarinpa,2026-05-30 13:31:50
5,5 bedrooms,"5bdrm Duplex in In A Private Estate, Idu for rent",350000000,"₦ 350,000,000",Idu,2026-05-30 13:31:50
3,3 bedrooms,Furnished 3bdrm Block of Flats in Wuse 2 Estate for rent,50000000,"₦ 50,000,000",Wuse 2,2026-05-30 13:31:50
3,3 bedrooms,3bdrm Block of Flats in Guzape for rent,8000000,"₦ 8,000,000",Guzape District,2026-05-30 13:31:50
2,2 bedrooms,"2bdrm Block of Flats in Main Fo1, Kubwa for rent",4000000,"₦ 4,000,000",Kubwa,2026-05-30 13:31:57
3,3 bedrooms,"3bdrm Bungalow in Efab Queen, Gwarinpa for rent",12000000,"₦ 12,000,000",Gwarinpa,2026-05-30 13:31:57
5,5 bedrooms,"Furnished 5bdrm Duplex in Citizen Avenue, Dawaki for rent",10000000,"₦ 10,000,000",Dawaki,2026-05-30 13:31:57
2,2 bedrooms,"2bdrm Townhouse / Terrace in Fo1, Kubwa for rent",4500000,"₦ 4,500,000",Kubwa,2026-05-30 13:31:57
5,5 bedrooms,Furnished 5bdrm Duplex in Guzape District for rent,60000000,"₦ 60,000,000",Guzape District,2026-05-30 13:31:57
4,4 bedrooms,4bdrm Townhouse / Terrace in Maitama for rent,40000000,"₦ 40,000,000",Maitama,2026-05-30 13:31:57
4,4 bedrooms,4bdrm Townhouse / Terrace in Guzape District for rent,18000000,"₦ 18,000,000",Guzape District,2026-05-30 13:31:57
5,5 bedrooms,"5bdrm Duplex in Garki Property, Area 11 for rent",25000000,"₦ 25,000,000",Area 11,2026-05-30 13:31:57
2,2 bedrooms,2bdrm Block of Flats in Life  Camp  Estate for rent,6000000,"₦ 6,000,000",Life Camp,2026-05-30 13:31:57
10,10 bedrooms,10bdrm Duplex in Wuse 2 Property for rent,225000000,"₦ 225,000,000",Wuse 2,2026-05-30 13:31:57
1,1 bedroom,"Furnished Studio Apartment in Freedom Avenue, Dutse-Alhaji for rent",600000,"₦ 600,000",Dutse-Alhaji,2026-05-30 13:31:57
3,3 bedrooms,"Furnished 3bdrm Apartment in Mustapha Street, Kaura for rent",6500000,"₦ 6,500,000",Kaura,2026-05-30 13:31:57
6,6 bedrooms,"Furnished 6bdrm Duplex in Jessy Street, Wuye for rent",25000000,"₦ 25,000,000",Wuye,2026-05-30 13:31:57
3,3 bedrooms,"3bdrm Block of Flats in Devin Street, Guzape District for rent",8000000,"₦ 8,000,000",Guzape District,2026-05-30 13:31:57
1,1 bedroom,1bdrm Block of Flats in Maitama for rent,5500000,"₦ 5,500,000",Maitama,2026-05-30 13:31:57
3,3 bedrooms,3bdrm Duplex in Life Camp for rent,7500000,"₦ 7,500,000",Life Camp,2026-05-30 13:31:57
2,2 bedrooms,2bdrm Apartment in Asokoro for rent,10000000,"₦ 10,000,000",Asokoro,2026-05-30 13:31:57
1,1 bedroom,"Furnished Studio Apartment in Freedom Avenue, Dutse-Alhaji for rent",700000,"₦ 700,000",Dutse-Alhaji,2026-05-30 13:31:57
1,1 bedroom,1bdrm Apartment in Nurses Estate City for rent,1350000,"₦ 1,350,000",Karu,2026-05-30 13:31:57
1,1 bedroom,1bdrm Room & Parlour in Karu for rent,700000,"₦ 700,000",Karu,2026-05-30 13:31:57
1,1 bedroom,"1bdrm Apartment in Nurses Estate, Karu for rent",1200000,"₦ 1,200,000",Karu,2026-05-30 13:31:57
5,5 bedrooms,5bdrm Duplex in Maitama for rent,60000000,"₦ 60,000,000",Maitama,2026-05-30 13:31:57
3,3 bedrooms,3bdrm Block of Flats in Jahi for rent,75000000,"₦ 75,000,000",Jahi,2026-05-30 13:31:57
5,5 bedrooms,5bdrm Townhouse / Terrace in Zone 1 / Wuse for rent,28000000,"₦ 28,000,000",Zone 1 / Wuse,2026-05-30 13:31:57
2,2 bedrooms,2bdrm Block of Flats in Karu for rent,5000000,"₦ 5,000,000",Karu,2026-05-30 13:32:05
5,5 bedrooms,5bdrm Duplex in Guzape District for rent,35000000,"₦ 35,000,000",Guzape District,2026-05-30 13:32:05
3,3 bedrooms,3bdrm Block of Flats in Jahi for rent,8500000,"₦ 8,500,000",Jahi,2026-05-30 13:32:05
4,4 bedrooms,4bdrm Block of Flats in Wuse 2 for rent,15000000,"₦ 15,000,000",Wuse 2,2026-05-30 13:32:05
2,2 bedrooms,"2bdrm Block of Flats in Fo1, Kubwa for rent",3500000,"₦ 3,500,000",Kubwa,2026-05-30 13:32:05
3,3 bedrooms,"3bdrm Bungalow in Efab Queen Estate, Gwarinpa for rent",12000000,"₦ 12,000,000",Gwarinpa,2026-05-30 13:32:05
4,4 bedrooms,4bdrm Duplex in Katampe for rent,15000000,"₦ 15,000,000",Katampe,2026-05-30 13:32:05
2,2 bedrooms,2bdrm Block of Flats in Dawaki Fct Abuja for rent,5000000,"₦ 5,000,000",Dawaki,2026-05-30 13:32:05
4,4 bedrooms,"4bdrm Duplex in Gwarimpa Estate Fct, Gwarinpa for rent",11000000,"₦ 11,000,000",Gwarinpa,2026-05-30 13:32:05
4,4 bedrooms,4bdrm Duplex in Katampe Extension for rent,20000000,"₦ 20,000,000",Katampe Extension,2026-05-30 13:32:05
6,6 bedrooms,6bdrm Duplex in Asokoro Property for rent,65000000,"₦ 65,000,000",Asokoro,2026-05-30 13:32:05
2,2 bedrooms,"2bdrm Block of Flats in Main Fo1, Kubwa for rent",4000000,"₦ 4,000,000",Kubwa,2026-05-30 13:32:05
2,2 bedrooms,"Furnished 2bdrm Block of Flats in Pries Estate, Lokogoma for rent",4000000,"₦ 4,000,000",Lokogoma,2026-05-30 13:32:05
3,3 bedrooms,Furnished 3bdrm Apartment in Idu for rent,9000000,"₦ 9,000,000",Idu,2026-05-30 13:32:05
2,2 bedrooms,2bdrm Apartment in Katampe Extension for rent,8000000,"₦ 8,000,000",Katampe Extension,2026-05-30 13:32:05
3,3 bedrooms,3bdrm Block of Flats in Jahi Gilmore for rent,10000000,"₦ 10,000,000",Jahi,2026-05-30 13:32:05
3,3 bedrooms,3bdrm Apartment in Wuye for rent,10000000,"₦ 10,000,000",Wuye,2026-05-30 13:32:05
3,3 bedrooms,Furnished 3bdrm Apartment in Jahi Furnished for rent,14000000,"₦ 14,000,000",Jahi,2026-05-30 13:32:05
4,4 bedrooms,4bdrm Townhouse / Terrace in Wuye for rent,25000000,"₦ 25,000,000",Wuye,2026-05-30 13:32:05
2,2 bedrooms,Furnished 2bdrm Block of Flats in Maitama Estate for rent,30000000,"₦ 30,000,000",Maitama,2026-05-30 13:32:05
3,3 bedrooms,"3bdrm Apartment in Kings Street, Wuye for rent",9000000,"₦ 9,000,000",Wuye,2026-05-30 13:32:05
4,4 bedrooms,"4bdrm Duplex in Games Village, Kaura for rent",18000000,"₦ 18,000,000",Kaura,2026-05-30 13:32:05
1,1 bedroom,Studio Apartment in Asokoro for rent,3000000,"₦ 3,000,000",Asokoro,2026-05-30 13:32:05
5,5 bedrooms,5bdrm Duplex in Maitama for rent,65000000,"₦ 65,000,000",Maitama,2026-05-30 13:32:05
1,1 bedroom,1bdrm Apartment in Mararaba for rent,850000,"₦ 850,000",Mararaba,2026-05-30 13:32:11
1,1 bedroom,"1bdrm Apartment in Nurses Estate Phase, Karu for rent",1500000,"₦ 1,500,000",Karu,2026-05-30 13:32:11
3,3 bedrooms,3bdrm Block of Flats in Jahi for rent,10000000,"₦ 10,000,000",Jahi,2026-05-30 13:32:11
3,3 bedrooms,3bdrm Townhouse / Terrace in Jahi for rent,18000000,"₦ 18,000,000",Jahi,2026-05-30 13:32:11
3,3 bedrooms,Furnished 3bdrm Apartment in Wuse 2 for rent,20000000,"₦ 20,000,000",Wuse 2,2026-05-30 13:32:11
3,3 bedrooms,"Furnished 3bdrm Duplex in Gwarimpa Extension, Gwarinpa for rent",15000000,"₦ 15,000,000",Gwarinpa,2026-05-30 13:32:11
2,2 bedrooms,"2bdrm Block of Flats in Non, Kubwa for rent",3000000,"₦ 3,000,000",Kubwa,2026-05-30 13:32:11
2,2 bedrooms,"2bdrm Block of Flats in Rockville Estate, Dawaki for rent",4000000,"₦ 4,000,000",Dawaki,2026-05-30 13:32:11
2,2 bedrooms,2bdrm Block of Flats in Dawaki for rent,4000000,"₦ 4,000,000",Dawaki,2026-05-30 13:32:11
4,4 bedrooms,"4bdrm Duplex in Gwarimpa Estate,Fct, Gwarinpa for rent",11000000,"₦ 11,000,000",Gwarinpa,2026-05-30 13:32:11
4,4 bedrooms,"4bdrm Duplex in Jahi Gilmore,Very for rent",15000000,"₦ 15,000,000",Jahi,2026-05-30 13:32:11
3,3 bedrooms,Furnished 3bdrm Apartment in Katampe Extension for rent,30000000,"₦ 30,000,000",Katampe Extension,2026-05-30 13:32:11
5,5 bedrooms,5bdrm Duplex in Wuse 2 for rent,50000000,"₦ 50,000,000",Wuse 2,2026-05-30 13:32:11
4,4 bedrooms,Furnished 4bdrm Townhouse / Terrace in Utako for rent,17000000,"₦ 17,000,000",Utako,2026-05-30 13:32:11
1,1 bedroom,Furnished 1bdrm Apartment in Garki 2 Estate for rent,20000000,"₦ 20,000,000",Garki 2,2026-05-30 13:32:11
3,3 bedrooms,Furnished 3bdrm Block of Flats in Maitama Apartment for rent,13500000,"₦ 13,500,000",Maitama,2026-05-30 13:32:11
19,19 bedrooms,19bdrm Duplex in Wuse 2 Estate for rent,250000000,"₦ 250,000,000",Wuse 2,2026-05-30 13:32:11
3,3 bedrooms,"3bdrm Duplex in Grace Valley Estate, Galadimawa for rent",7000000,"₦ 7,000,000",Galadimawa,2026-05-30 13:32:11
3,3 bedrooms,"Furnished 3bdrm Apartment in Mustapha Crescent, Gaduwa for rent",4500000,"₦ 4,500,000",Gaduwa,2026-05-30 13:32:11
4,4 bedrooms,"4bdrm Duplex in Naf Valley Estate, Asokoro for rent",25000000,"₦ 25,000,000",Asokoro,2026-05-30 13:32:11
2,2 bedrooms,2bdrm Block of Flats in Asokoro for rent,6000000,"₦ 6,000,000",Asokoro,2026-05-30 13:32:11
2,2 bedrooms,2bdrm Block of Flats in Zone 5 / Wuse for rent,5000000,"₦ 5,000,000",Zone 5 / Wuse,2026-05-30 13:32:11
4,4 bedrooms,"4bdrm Duplex in Sanctuary Street In, Dakwo District for rent",7000000,"₦ 7,000,000",Dakwo District,2026-05-30 13:32:11
1,1 bedroom,1bdrm Apartment in Karu for rent,500000,"₦ 500,000",Karu,2026-05-30 13:32:11
2,2 bedrooms,2bdrm Block of Flats in Jabi for rent,6000000,"₦ 6,000,000",Jabi,2026-05-30 13:32:16
1,1 bedroom,1bdrm Room & Parlour in Karu for rent,650000,"₦ 650,000",Karu,2026-05-30 13:32:16
4,4 bedrooms,4bdrm Duplex in Asokoro for rent,15000000,"₦ 15,000,000",Asokoro,2026-05-30 13:32:16
1,1 bedroom,1bdrm Room & Parlour in Karu for rent,700000,"₦ 700,000",Karu,2026-05-30 13:32:16
1,1 bedroom,1bdrm Apartment in Karu for rent,800000,"₦ 800,000",Karu,2026-05-30 13:32:16
3,3 bedrooms,"Furnished 3bdrm Apartment in Mustapha Street, Kaura for rent",6500000,"₦ 6,500,000",Kaura,2026-05-30 13:32:16
3,3 bedrooms,3bdrm Block of Flats in Jahi for rent,8500000,"₦ 8,500,000",Jahi,2026-05-30 13:32:16
4,4 bedrooms,4bdrm Block of Flats in Wuse 2 for rent,15000000,"₦ 15,000,000",Wuse 2,2026-05-30 13:32:16
8,8 bedrooms,8bdrm Duplex in Asokoro for rent,70000000,"₦ 70,000,000",Asokoro,2026-05-30 13:32:16
2,2 bedrooms,2bdrm Block of Flats in Kubwa for rent,3500000,"₦ 3,500,000",Kubwa,2026-05-30 13:32:16
4,4 bedrooms,4bdrm Townhouse / Terrace in Katampe Extension for rent,20000000,"₦ 20,000,000",Katampe Extension,2026-05-30 13:32:16
2,2 bedrooms,"2bdrm Block of Flats in Fo1, Kubwa for rent",5000000,"₦ 5,000,000",Kubwa,2026-05-30 13:32:16
5,5 bedrooms,5bdrm Duplex in Katampe Main Fct for rent,30000000,"₦ 30,000,000",Katampe (Main),2026-05-30 13:32:16
3,3 bedrooms,3bdrm Block of Flats in Life Camp Abuja for rent,68000000,"₦ 68,000,000",Life Camp,2026-05-30 13:32:16
3,3 bedrooms,3bdrm Apartment in Life Camp for rent,7500000,"₦ 7,500,000",Life Camp,2026-05-30 13:32:16
3,3 bedrooms,Furnished 3bdrm Apartment in Jabi for rent,35000000,"₦ 35,000,000",Jabi,2026-05-30 13:32:16
3,3 bedrooms,Furnished 3bdrm Apartment in Idu for rent,9000000,"₦ 9,000,000",Idu,2026-05-30 13:32:16
5,5 bedrooms,5bdrm Duplex in Life Camp Tarred for rent,14000000,"₦ 14,000,000",Life Camp,2026-05-30 13:32:16
3,3 bedrooms,Furnished 3bdrm Apartment in Jahi Furnished for rent,14000000,"₦ 14,000,000",Jahi,2026-05-30 13:32:16
6,6 bedrooms,6bdrm Duplex in Maitama Property for rent,90000000,"₦ 90,000,000",Maitama,2026-05-30 13:32:16
2,2 bedrooms,Furnished 2bdrm Block of Flats in Maitama Estate for rent,30000000,"₦ 30,000,000",Maitama,2026-05-30 13:32:16
3,3 bedrooms,3bdrm Apartment in Maitama for rent,10000000,"₦ 10,000,000",Maitama,2026-05-30 13:32:16
2,2 bedrooms,"2bdrm Apartment in Naf Valley Estate, Asokoro for rent",7000000,"₦ 7,000,000",Asokoro,2026-05-30 13:32:16
4,4 bedrooms,Furnished 4bdrm Townhouse / Terrace in Main Wuye for rent,20000000,"₦ 20,000,000",Wuye,2026-05-30 13:32:16
3,3 bedrooms,"Furnished 3bdrm Apartment in Mustapha Street, Kaura for rent",6500000,"₦ 6,500,000",Kaura,2026-05-30 13:32:24
3,3 bedrooms,"3bdrm Block of Flats in Devin Street, Guzape District for rent",8000000,"₦ 8,000,000",Guzape District,2026-05-30 13:32:24
1,1 bedroom,1bdrm Apartment in Nurses Estate City for rent,1350000,"₦ 1,350,000",Karu,2026-05-30 13:32:24
1,1 bedroom,1bdrm Room & Parlour in Karu for rent,700000,"₦ 700,000",Karu,2026-05-30 13:32:24
1,1 bedroom,"1bdrm Apartment in Nurses Estate, Karu for rent",1200000,"₦ 1,200,000",Karu,2026-05-30 13:32:24
5,5 bedrooms,5bdrm Townhouse / Terrace in Zone 1 / Wuse for rent,28000000,"₦ 28,000,000",Zone 1 / Wuse,2026-05-30 13:32:24
4,4 bedrooms,4bdrm Townhouse / Terrace in Mabushi for rent,13000000,"₦ 13,000,000",Mabushi,2026-05-30 13:32:24
3,3 bedrooms,3bdrm Block of Flats in Jahi for rent,12000000,"₦ 12,000,000",Jahi,2026-05-30 13:32:24
2,2 bedrooms,"2bdrm Block of Flats in Fo1, Kubwa for rent",3000000,"₦ 3,000,000",Kubwa,2026-05-30 13:32:24
2,2 bedrooms,"2bdrm Block of Flats in Fo1, Abuja (FCT) for rent",6000000,"₦ 6,000,000",Abuja (FCT),2026-05-30 13:32:24
3,3 bedrooms,"3bdrm Block of Flats in Not In An Estate, Dawaki for rent",5500000,"₦ 5,500,000",Dawaki,2026-05-30 13:32:24
5,5 bedrooms,5bdrm Duplex in Life Camp Tarred for rent,14000000,"₦ 14,000,000",Life Camp,2026-05-30 13:32:24
4,4 bedrooms,"4bdrm Duplex in Kado Phase 2,Fct for rent",15000000,"₦ 15,000,000",Kado,2026-05-30 13:32:24
3,3 bedrooms,"3bdrm Block of Flats in Jahi Gilmore,Fct for rent",9000000,"₦ 9,000,000",Jahi,2026-05-30 13:32:24
4,4 bedrooms,4bdrm Townhouse / Terrace in Life Camp for rent,15000000,"₦ 15,000,000",Life Camp,2026-05-30 13:32:24
7,7 bedrooms,7bdrm Duplex in Jabi Detached Duplex for rent,60000000,"₦ 60,000,000",Jabi,2026-05-30 13:32:24
4,4 bedrooms,4bdrm Townhouse / Terrace in Maitama for rent,40000000,"₦ 40,000,000",Maitama,2026-05-30 13:32:24
4,4 bedrooms,4bdrm Townhouse / Terrace in Guzape District for rent,18000000,"₦ 18,000,000",Guzape District,2026-05-30 13:32:24
3,3 bedrooms,Furnished 3bdrm Block of Flats in Jabi Apartment for rent,15000000,"₦ 15,000,000",Jabi,2026-05-30 13:32:24
6,6 bedrooms,6bdrm Duplex in Maitama Property for rent,80000000,"₦ 80,000,000",Maitama,2026-05-30 13:32:24
4,4 bedrooms,4bdrm Duplex in Asokoro for rent,35000000,"₦ 35,000,000",Asokoro,2026-05-30 13:32:24
2,2 bedrooms,2bdrm Duplex in Naf Valley Estate for rent,10000000,"₦ 10,000,000",Asokoro,2026-05-30 13:32:24
3,3 bedrooms,3bdrm Apartment in Asokoro for rent,12000000,"₦ 12,000,000",Asokoro,2026-05-30 13:32:24
1,1 bedroom,1bdrm Apartment in Karu for rent,1200000,"₦ 1,200,000",Karu,2026-05-30 13:32:24
4,4 bedrooms,4bdrm Block of Flats in Wuse 2 for rent,15000000,"₦ 15,000,000",Wuse 2,2026-05-30 13:32:33
2,2 bedrooms,"2bdrm Block of Flats in Afolabi Community, Dawaki for rent",4000000,"₦ 4,000,000",Dawaki,2026-05-30 13:32:33
2,2 bedrooms,2bdrm Block of Flats in Kubwa for rent,3500000,"₦ 3,500,000",Kubwa,2026-05-30 13:32:33
3,3 bedrooms,3bdrm Block of Flats in Katampe for rent,15000000,"₦ 15,000,000",Katampe,2026-05-30 13:32:33
5,5 bedrooms,"5bdrm Duplex in Jahi Gilmore,Fct for rent",17000000,"₦ 17,000,000",Jahi,2026-05-30 13:32:33
3,3 bedrooms,"3bdrm Duplex in Gwarimpa Estate,Fct, Gwarinpa for rent",10000000,"₦ 10,000,000",Gwarinpa,2026-05-30 13:32:33
4,4 bedrooms,4bdrm House in Kado Face 2 Abuja for rent,18000000,"₦ 18,000,000",Kado,2026-05-30 13:32:33
4,4 bedrooms,4bdrm Duplex in Jahi Property for rent,15000000,"₦ 15,000,000",Jahi,2026-05-30 13:32:33
3,3 bedrooms,3bdrm Block of Flats in Katampe Apartment for rent,8000000,"₦ 8,000,000",Katampe (Main),2026-05-30 13:32:33
1,1 bedroom,Furnished 1bdrm Block of Flats in Katampe Apartment for rent,6000000,"₦ 6,000,000",Katampe (Main),2026-05-30 13:32:33
5,5 bedrooms,Furnished 5bdrm Townhouse / Terrace in Guzape District for rent,16000000,"₦ 16,000,000",Guzape District,2026-05-30 13:32:33
5,5 bedrooms,Furnished 5bdrm Duplex in Maitama for rent,50000000,"₦ 50,000,000",Maitama,2026-05-30 13:32:33
2,2 bedrooms,2bdrm Apartment in Maitama for rent,20000000,"₦ 20,000,000",Maitama,2026-05-30 13:32:33
4,4 bedrooms,4bdrm Townhouse / Terrace in Asokoro for rent,12000000,"₦ 12,000,000",Asokoro,2026-05-30 13:32:33
4,4 bedrooms,4bdrm Bungalow in Wuse 2 for rent,12000000,"₦ 12,000,000",Wuse 2,2026-05-30 13:32:33
8,8 bedrooms,8bdrm Duplex in Maitama for rent,50000000,"₦ 50,000,000",Maitama,2026-05-30 13:32:33
1,1 bedroom,1bdrm Room & Parlour in Karu for rent,650000,"₦ 650,000",Karu,2026-05-30 13:32:33
2,2 bedrooms,2bdrm Bungalow in Karu for rent,2000000,"₦ 2,000,000",Karu,2026-05-30 13:32:33
1,1 bedroom,1bdrm Room & Parlour in Karu for rent,700000,"₦ 700,000",Karu,2026-05-30 13:32:33
3,3 bedrooms,3bdrm Block of Flats in Asokoro for rent,35000000,"₦ 35,000,000",Asokoro,2026-05-30 13:32:33
5,5 bedrooms,5bdrm Duplex in Maitama for rent,60000000,"₦ 60,000,000",Maitama,2026-05-30 13:32:33
3,3 bedrooms,3bdrm Block of Flats in Jahi for rent,75000000,"₦ 75,000,000",Jahi,2026-05-30 13:32:33
2,2 bedrooms,"2bdrm Block of Flats in Fo1, Kubwa for rent",3500000,"₦ 3,500,000",Kubwa,2026-05-30 13:32:33
3,3 bedrooms,"3bdrm Block of Flats in Dera Community, Dawaki for rent",5000000,"₦ 5,000,000",Dawaki,2026-05-30 13:32:33
6,6 bedrooms,Furnished 6bdrm Duplex in Asokoro for rent,70000000,"₦ 70,000,000",Asokoro,2026-05-30 13:32:39
1,1 bedroom,1bdrm Apartment in Karu for rent,370000,"₦ 370,000",Karu,2026-05-30 13:32:39
1,1 bedroom,1bdrm Apartment in Karu for rent,1000000,"₦ 1,000,000",Karu,2026-05-30 13:32:39
2,2 bedrooms,"2bdrm Bungalow in Lape Estate, Karu for rent",1300000,"₦ 1,300,000",Karu,2026-05-30 13:32:39
3,3 bedrooms,3bdrm Townhouse / Terrace in Jahi for rent,18000000,"₦ 18,000,000",Jahi,2026-05-30 13:32:39
3,3 bedrooms,Furnished 3bdrm Apartment in Wuse 2 for rent,20000000,"₦ 20,000,000",Wuse 2,2026-05-30 13:32:39
3,3 bedrooms,3bdrm Block of Flats in Maitama for rent,25000000,"₦ 25,000,000",Maitama,2026-05-30 13:32:39
4,4 bedrooms,4bdrm Townhouse / Terrace in Guzape District for rent,15000000,"₦ 15,000,000",Guzape District,2026-05-30 13:32:39
3,3 bedrooms,3bdrm Block of Flats in Life Camp for rent,7500000,"₦ 7,500,000",Life Camp,2026-05-30 13:32:39
2,2 bedrooms,Furnished 2bdrm Apartment in Guzape District for rent,15000000,"₦ 15,000,000",Guzape District,2026-05-30 13:32:39
2,2 bedrooms,Furnished 2bdrm Block of Flats in Jahi Furnished for rent,12000000,"₦ 12,000,000",Jahi,2026-05-30 13:32:39
2,2 bedrooms,Furnished 2bdrm Block of Flats in Jahi Apartment for rent,250000000,"₦ 250,000,000",Jahi,2026-05-30 13:32:39
3,3 bedrooms,3bdrm Block of Flats in Katampe for rent,15000000,"₦ 15,000,000",Katampe,2026-05-30 13:32:39
4,4 bedrooms,4bdrm Duplex in Maitama Property for rent,75000000,"₦ 75,000,000",Maitama,2026-05-30 13:32:39
4,4 bedrooms,"4bdrm Duplex in Non, Life Camp for rent",15000000,"₦ 15,000,000",Life Camp,2026-05-30 13:32:39
1,1 bedroom,"1bdrm Duplex in Gwarimpa Abuja By, Gwarinpa for rent",20000000,"₦ 20,000,000",Gwarinpa,2026-05-30 13:32:39
2,2 bedrooms,2bdrm Block of Flats in Kubwa for rent,3500000,"₦ 3,500,000",Kubwa,2026-05-30 13:32:39
8,8 bedrooms,8bdrm Mansion in Maitama for rent,150000000,"₦ 150,000,000",Maitama,2026-05-30 13:32:39
6,6 bedrooms,"6bdrm Duplex in Naf Valley Estate, Asokoro for rent",25000000,"₦ 25,000,000",Asokoro,2026-05-30 13:32:39
1,1 bedroom,1bdrm Apartment in Area 11 for rent,3500000,"₦ 3,500,000",Area 11,2026-05-30 13:32:39
3,3 bedrooms,"3bdrm Bungalow in Nurses Estate, Karu for rent",3500000,"₦ 3,500,000",Karu,2026-05-30 13:32:39
1,1 bedroom,Studio Apartment in Karu for rent,400000,"₦ 400,000",Karu,2026-05-30 13:32:39
1,1 bedroom,Studio Apartment in Karu for rent,400000,"₦ 400,000",Karu,2026-05-30 13:32:39
3,3 bedrooms,3bdrm Apartment in Wuye for rent,15000000,"₦ 15,000,000",Wuye,2026-05-30 13:32:39
4,4 bedrooms,Furnished 4bdrm Townhouse / Terrace in Guzape District for rent,30000000,"₦ 30,000,000",Guzape District,2026-05-30 13:32:46
5,5 bedrooms,5bdrm Duplex in Maitama for rent,35000000,"₦ 35,000,000",Maitama,2026-05-30 13:32:46
2,2 bedrooms,2bdrm Block of Flats in Asokoro for rent,5000000,"₦ 5,000,000",Asokoro,2026-05-30 13:32:46
6,6 bedrooms,6bdrm Duplex in Asokoro for rent,48000000,"₦ 48,000,000",Asokoro,2026-05-30 13:32:46
1,1 bedroom,1bdrm Apartment in Mararaba for rent,500000,"₦ 500,000",Mararaba,2026-05-30 13:32:46
1,1 bedroom,1bdrm Apartment in Nurses Estate Phase for rent,1500000,"₦ 1,500,000",Karu,2026-05-30 13:32:46
3,3 bedrooms,"Furnished 3bdrm Penthouse in Osilama Garden, FHA for rent",5000000,"₦ 5,000,000",FHA,2026-05-30 13:32:46
2,2 bedrooms,2bdrm Block of Flats in Kubwa for rent,3500000,"₦ 3,500,000",Kubwa,2026-05-30 13:32:46
4,4 bedrooms,"4bdrm Townhouse / Terrace in Palm Estate, Dawaki for rent",20000000,"₦ 20,000,000",Dawaki,2026-05-30 13:32:46
2,2 bedrooms,"2bdrm Block of Flats in Fo1, Kubwa for rent",5000000,"₦ 5,000,000",Kubwa,2026-05-30 13:32:46
5,5 bedrooms,5bdrm Duplex in Maitama Estate for rent,50000000,"₦ 50,000,000",Maitama,2026-05-30 13:32:46
4,4 bedrooms,4bdrm Duplex in Maitama Property for rent,25000000,"₦ 25,000,000",Maitama,2026-05-30 13:32:46
2,2 bedrooms,Furnished 2bdrm Block of Flats in Jahi Property for rent,13000000,"₦ 13,000,000",Jahi,2026-05-30 13:32:46
2,2 bedrooms,Furnished 2bdrm Apartment in Wuye for rent,25000000,"₦ 25,000,000",Wuye,2026-05-30 13:32:46
4,4 bedrooms,Furnished 4bdrm Townhouse / Terrace in Guzape District for rent,12000000,"₦ 12,000,000",Guzape District,2026-05-30 13:32:46
3,3 bedrooms,3bdrm Apartment in Life Camp for rent,7500000,"₦ 7,500,000",Life Camp,2026-05-30 13:32:46
5,5 bedrooms,"5bdrm Duplex in Naf Valley Estate, Asokoro for rent",20000000,"₦ 20,000,000",Asokoro,2026-05-30 13:32:46
3,3 bedrooms,3bdrm Block of Flats in Maitama for rent,30000000,"₦ 30,000,000",Maitama,2026-05-30 13:32:46
2,2 bedrooms,2bdrm Bungalow in Maitama for rent,6000000,"₦ 6,000,000",Maitama,2026-05-30 13:32:46
3,3 bedrooms,"3bdrm Bungalow in Efab Queen Estate, Gwarinpa for rent",12000000,"₦ 12,000,000",Gwarinpa,2026-05-30 13:32:46
2,2 bedrooms,"2bdrm Block of Flats in Fo1, Kubwa for rent",3500000,"₦ 3,500,000",Kubwa,2026-05-30 13:32:46
3,3 bedrooms,"3bdrm Block of Flats in Not In An Estate, Dawaki for rent",5500000,"₦ 5,500,000",Dawaki,2026-05-30 13:32:46
3,3 bedrooms,Furnished 3bdrm Apartment in Garki Apartment for rent,35000000,"₦ 35,000,000",Garki 2,2026-05-30 13:32:46
3,3 bedrooms,Furnished 3bdrm Apartment in Idu for rent,9000000,"₦ 9,000,000",Idu,2026-05-30 13:32:46
3,3 bedrooms,"3bdrm Bungalow in Efab Queen Estate, Gwarinpa for rent",12000000,"₦ 12,000,000",Gwarinpa,2026-05-30 13:32:51
2,2 bedrooms,"2bdrm Block of Flats in Fo1, Kubwa for rent",3500000,"₦ 3,500,000",Kubwa,2026-05-30 13:32:51
2,2 bedrooms,"2bdrm Block of Flats in Fo1, Kubwa for rent",3500000,"₦ 3,500,000",Kubwa,2026-05-30 13:32:51
4,4 bedrooms,Furnished 4bdrm Duplex in Asokoro for rent,40000000,"₦ 40,000,000",Asokoro,2026-05-30 13:32:51
4,4 bedrooms,4bdrm Duplex in Kado for rent,20000000,"₦ 20,000,000",Kado,2026-05-30 13:32:51
4,4 bedrooms,4bdrm Duplex in Life Camp Property for rent,250000000,"₦ 250,000,000",Life Camp,2026-05-30 13:32:51
5,5 bedrooms,Furnished 5bdrm Townhouse / Terrace in Guzape District for rent,16000000,"₦ 16,000,000",Guzape District,2026-05-30 13:32:51
6,6 bedrooms,"6bdrm Duplex in Naf Valley Estate, Asokoro for rent",20000000,"₦ 20,000,000",Asokoro,2026-05-30 13:32:51
2,2 bedrooms,2bdrm Block of Flats in Guzape District for rent,6000000,"₦ 6,000,000",Guzape District,2026-05-30 13:32:51
4,4 bedrooms,4bdrm Duplex in Asokoro for rent,15000000,"₦ 15,000,000",Asokoro,2026-05-30 13:32:51
2,2 bedrooms,Furnished 2bdrm Block of Flats in Wuse 2 Apartment for rent,18000000,"₦ 18,000,000",Wuse 2,2026-05-30 13:32:51
3,3 bedrooms,Furnished 3bdrm Block of Flats in Wuse 2 Property for rent,40000000,"₦ 40,000,000",Wuse 2,2026-05-30 13:32:51
2,2 bedrooms,"2bdrm Block of Flats in Fo1, Kubwa for rent",3000000,"₦ 3,000,000",Kubwa,2026-05-30 13:32:51
3,3 bedrooms,"3bdrm Block of Flats in Not In An Estate, Dawaki for rent",5500000,"₦ 5,500,000",Dawaki,2026-05-30 13:32:51
2,2 bedrooms,"2bdrm Block of Flats in Fo1, Abuja (FCT) for rent",6000000,"₦ 6,000,000",Abuja (FCT),2026-05-30 13:32:51
2,2 bedrooms,2bdrm Block of Flats in Jabi for rent,6000000,"₦ 6,000,000",Jabi,2026-05-30 13:32:51
1,1 bedroom,Studio Apartment in Asokoro for rent,3000000,"₦ 3,000,000",Asokoro,2026-05-30 13:32:51
3,3 bedrooms,3bdrm Apartment in Maitama for rent,10000000,"₦ 10,000,000",Maitama,2026-05-30 13:32:51
3,3 bedrooms,3bdrm Block of Flats in Life Camp for rent,7500000,"₦ 7,500,000",Life Camp,2026-05-30 13:32:51
2,2 bedrooms,Furnished 2bdrm Block of Flats in Jahi Furnished for rent,12000000,"₦ 12,000,000",Jahi,2026-05-30 13:32:51
3,3 bedrooms,3bdrm Apartment in Wuye for rent,15000000,"₦ 15,000,000",Wuye,2026-05-30 13:32:51
2,2 bedrooms,Furnished 2bdrm Block of Flats in Jahi Apartment for rent,250000000,"₦ 250,000,000",Jahi,2026-05-30 13:32:51
4,4 bedrooms,4bdrm Duplex in Maitama Property for rent,75000000,"₦ 75,000,000",Maitama,2026-05-30 13:32:51
3,3 bedrooms,3bdrm Duplex in Lugbe District for rent,6000000,"₦ 6,000,000",Lugbe District,2026-05-30 13:32:51
2,2 bedrooms,Furnished 2bdrm Block of Flats in Jabi Property for rent,49000000,"₦ 49,000,000",Jabi,2026-05-30 13:32:58
3,3 bedrooms,3bdrm Block of Flats in Jahi Property for rent,8000000,"₦ 8,000,000",Jahi,2026-05-30 13:32:58
4,4 bedrooms,4bdrm Duplex in Jahi Property for rent,15000000,"₦ 15,000,000",Jahi,2026-05-30 13:32:58
4,4 bedrooms,4bdrm Duplex in Wuse for rent,70000000,"₦ 70,000,000",Wuse,2026-05-30 13:32:58
3,3 bedrooms,3bdrm Apartment in Apo District for rent,9000000,"₦ 9,000,000",Apo District,2026-05-30 13:32:58
8,8 bedrooms,8bdrm Mansion in Maitama for rent,150000000,"₦ 150,000,000",Maitama,2026-05-30 13:32:58
6,6 bedrooms,"6bdrm Duplex in Naf Valley Estate, Asokoro for rent",25000000,"₦ 25,000,000",Asokoro,2026-05-30 13:32:58
1,1 bedroom,1bdrm Apartment in Area 11 for rent,3500000,"₦ 3,500,000",Area 11,2026-05-30 13:32:58
4,4 bedrooms,4bdrm Duplex in Maitama for rent,15000000,"₦ 15,000,000",Maitama,2026-05-30 13:32:58
1,1 bedroom,"1bdrm Bungalow in Naf Valley Estate, Asokoro for rent",4500000,"₦ 4,500,000",Asokoro,2026-05-30 13:32:58
4,4 bedrooms,4bdrm Duplex in Maitama for rent,30000000,"₦ 30,000,000",Maitama,2026-05-30 13:32:58
5,5 bedrooms,5bdrm Duplex in Maitama Estate for rent,50000000,"₦ 50,000,000",Maitama,2026-05-30 13:32:58
2,2 bedrooms,Furnished 2bdrm Block of Flats in Jahi Property for rent,13000000,"₦ 13,000,000",Jahi,2026-05-30 13:32:58
4,4 bedrooms,4bdrm Duplex in Life Camp Property for rent,250000000,"₦ 250,000,000",Life Camp,2026-05-30 13:32:58
4,4 bedrooms,"4bdrm Duplex in Naf Valley Estate, Asokoro for rent",25000000,"₦ 25,000,000",Asokoro,2026-05-30 13:32:58
2,2 bedrooms,2bdrm Block of Flats in Asokoro for rent,6000000,"₦ 6,000,000",Asokoro,2026-05-30 13:32:58
2,2 bedrooms,2bdrm Block of Flats in Zone 5 / Wuse for rent,5000000,"₦ 5,000,000",Zone 5 / Wuse,2026-05-30 13:32:58
3,3 bedrooms,Furnished 3bdrm Duplex in Asokoro for rent,15000000,"₦ 15,000,000",Asokoro,2026-05-30 13:32:58
4,4 bedrooms,4bdrm Duplex in Asokoro for rent,20000000,"₦ 20,000,000",Asokoro,2026-05-30 13:32:58
3,3 bedrooms,Furnished 3bdrm Apartment in Maitama for rent,12000000,"₦ 12,000,000",Maitama,2026-05-30 13:32:58
3,3 bedrooms,"3bdrm Block of Flats in Naf Valley Estate, Asokoro for rent",10000000,"₦ 10,000,000",Asokoro,2026-05-30 13:32:58
4,4 bedrooms,4bdrm Duplex in Guzape District for rent,13000000,"₦ 13,000,000",Guzape District,2026-05-30 13:32:58
4,4 bedrooms,4bdrm Townhouse / Terrace in Asokoro for rent,12000000,"₦ 12,000,000",Asokoro,2026-05-30 13:32:58
8,8 bedrooms,8bdrm Duplex in Maitama for rent,50000000,"₦ 50,000,000",Maitama,2026-05-30 13:32:58
4,4 bedrooms,4bdrm Duplex in Jabi for rent,12000000,"₦ 12,000,000",Jabi,2026-05-30 13:33:04
2,2 bedrooms,Furnished 2bdrm Apartment in Wuse 2 for rent,17000000,"₦ 17,000,000",Wuse 2,2026-05-30 13:33:04
3,3 bedrooms,Furnished 3bdrm Apartment in Wuse 2 for rent,50750000,"₦ 50,750,000",Wuse 2,2026-05-30 13:33:04
1,1 bedroom,Furnished Studio Apartment in Asokoro for rent,6500000,"₦ 6,500,000",Asokoro,2026-05-30 13:33:04
4,4 bedrooms,Furnished 4bdrm Duplex in Maitama for rent,35000000,"₦ 35,000,000",Maitama,2026-05-30 13:33:04
1,1 bedroom,Studio Apartment in Asokoro for rent,2000000,"₦ 2,000,000",Asokoro,2026-05-30 13:33:04
1,1 bedroom,1bdrm Block of Flats in Maitama for rent,5500000,"₦ 5,500,000",Maitama,2026-05-30 13:33:04
2,2 bedrooms,Furnished 2bdrm Block of Flats in Maitama for rent,20000000,"₦ 20,000,000",Maitama,2026-05-30 13:33:04
2,2 bedrooms,Mini Flat in Asokoro for rent,10599000,"₦ 10,599,000",Asokoro,2026-05-30 13:33:04
3,3 bedrooms,3bdrm Block of Flats in Maitama for rent,12000000,"₦ 12,000,000",Maitama,2026-05-30 13:33:04
3,3 bedrooms,Mini Flat in Wuse 2 for rent,40000000,"₦ 40,000,000",Wuse 2,2026-05-30 13:33:04
3,3 bedrooms,3bdrm Duplex in Life Camp for rent,7500000,"₦ 7,500,000",Life Camp,2026-05-30 13:33:04
5,5 bedrooms,"5bdrm Duplex in Naf Valley Estate, Asokoro for rent",700000000,"₦ 700,000,000",Asokoro,2026-05-30 13:33:04
