Property Category,Price (Per Annum),Location,Scraped_At
Conference / meeting / training room for rent,"₦200,000","Kumasi Crescent, Wuse 2, Abuja",2026-06-01 11:07:00
2 bedroom flat / apartment for rent,"₦6,000,000","Jabi, Abuja",2026-06-01 11:07:00
3 bedroom detached bungalow for rent,"₦12,000,000","Lifecamp Main By Kado Round About, Life Camp, Abuja",2026-06-01 11:07:00
3 bedroom flat / apartment for rent,"₦6,000,000","Idu Industrial, Abuja",2026-06-01 11:07:00
Office space for rent,"₦180,000,000","Wuse 2, Abuja",2026-06-01 11:07:00
5 bedroom terraced duplex for rent,"₦15,000,000","Citec, Jabi, Abuja",2026-06-01 11:07:00
4 bedroom terraced duplex for rent,"₦5,000,000","Von Axis, Lugbe District, Abuja",2026-06-01 11:07:00
3 bedroom terraced duplex for rent,"₦15,000,000","Jabi, Abuja",2026-06-01 11:07:00
2 bedroom flat / apartment for rent,"₦4,000,000","Before The Turkish Hospital, Idu Industrial, Abuja",2026-06-01 11:07:00
1 bedroom flat / apartment for rent,"₦2,500,000","News Engineering, Dawaki, Gwarinpa, Abuja",2026-06-01 11:07:00
Commercial property for rent,"₦4,000,000","6th Avenue, Gwarinpa, Abuja",2026-06-01 11:07:00
1 bedroom mini flat (room and parlour) for rent,"₦4,000,000","Brains And Hammer City, Life Camp, Abuja",2026-06-01 11:07:00
3 bedroom flat / apartment for rent,"₦15,000,000","Jahi, Jahi, Abuja",2026-06-01 11:07:00
1 bedroom flat / apartment for rent,"₦5,500,000","Wuse Zone 5, Wuse, Abuja",2026-06-01 11:07:00
2 bedroom detached bungalow for rent,"₦2,800,000","Light Gold Estate Lugbe Abuja, Sabon Lugbe, Lugbe District, Abuja",2026-06-01 11:07:00
4 bedroom terraced duplex for rent,"₦10,000,000","Mpape, Maitama 2, Maitama District, Abuja",2026-06-01 11:07:00
2 bedroom flat / apartment for rent,"₦5,700,000","Estate Scheme 1)* Opposite The Abuja Intl Airport Flyover Bridge, Lugbe District, Abuja",2026-06-01 11:07:00
4 bedroom detached duplex for rent,"₦20,000,000","Katampe Extension, Katampe Extension, Katampe, Abuja",2026-06-01 11:07:00
6 bedroom terraced duplex for rent,"₦25,000,000","Katampe Extension, Katampe, Abuja",2026-06-01 11:07:00
4 bedroom terraced duplex for rent,"₦13,500,000","Apo Dutse Opposite Cedarcrest Hospital, Apo, Abuja",2026-06-01 11:07:00
2 bedroom flat / apartment for rent,"₦5,500,000","Katampe Main Behind Aso Radio, Katampe, Abuja",2026-06-01 11:07:00
Conference / meeting / training room for rent,"₦200,000","Kumasi Crescent, Wuse 2, Abuja",2026-06-01 11:07:08
4 bedroom terraced duplex for rent,"₦10,000,000","Legistlative Quatres, Apo, Abuja",2026-06-01 11:07:08
4 bedroom terraced duplex for rent,"₦25,000,000","Asokoro District, Abuja",2026-06-01 11:07:08
3 bedroom flat / apartment for rent,"₦5,000,000","By American International School, Durumi, Abuja",2026-06-01 11:07:08
4 bedroom terraced duplex for rent,"₦15,000,000","Mabushi, Abuja",2026-06-01 11:07:08
3 bedroom terraced duplex for rent,"₦10,000,000","By Cedacrest, Apo, Abuja",2026-06-01 11:07:08
4 bedroom terraced duplex for rent,"₦12,000,000","Mabushi, Abuja",2026-06-01 11:07:08
4 bedroom terraced duplex for rent,"₦12,000,000","Mabushi, Abuja",2026-06-01 11:07:08
3 bedroom terraced duplex for rent,"₦12,000,000","Gilmore Area, Jahi, Abuja",2026-06-01 11:07:08
3 bedroom flat / apartment for rent,"₦5,000,000","Mabushi, Abuja",2026-06-01 11:07:08
3 bedroom flat / apartment for rent,"₦13,000,000","Jabi, Abuja",2026-06-01 11:07:08
3 bedroom flat / apartment for rent,"₦10,000,000","Jabi, Abuja",2026-06-01 11:07:08
2 bedroom flat / apartment for rent,"₦6,000,000","Wuye, Abuja",2026-06-01 11:07:08
2 bedroom flat / apartment for rent,"₦4,500,000","Life Camp, Abuja",2026-06-01 11:07:08
5 bedroom terraced duplex for rent,"₦15,000,000","Guzape District, Abuja",2026-06-01 11:07:08
3 bedroom semi-detached duplex for rent,"₦10,000,000","Apo, Apo, Abuja",2026-06-01 11:07:08
1 bedroom mini flat (room and parlour) for rent,"₦3,000,000","Bitmore Estate Behind Suncity, Galadimawa, Abuja",2026-06-01 11:07:08
1 bedroom mini flat (room and parlour) for rent,"₦1,500,000","Kubwa, Abuja",2026-06-01 11:07:08
2 bedroom flat / apartment for rent,"₦7,500,000","Jahi, Abuja",2026-06-01 11:07:08
4 bedroom terraced duplex for rent,"₦11,000,000","Close To Apo Legislative Quarters, Gudu, Abuja",2026-06-01 11:07:08
Self contain (single rooms) for rent,"₦1,500,000","Zone 2, Wuse, Abuja",2026-06-01 11:07:08
Conference / meeting / training room for rent,"₦200,000","Kumasi Crescent, Wuse 2, Abuja",2026-06-01 11:07:15
3 bedroom flat / apartment for rent,"₦8,000,000","Katampe Main, Katampe, Abuja",2026-06-01 11:07:15
2 bedroom flat / apartment for rent,"₦4,500,000","Apo-dutse By Cedacrest Hospital, Apo, Abuja",2026-06-01 11:07:15
Office space for rent,"₦45,000,000","Asokoro District, Abuja",2026-06-01 11:07:15
2 bedroom flat / apartment for rent,"₦6,000,000","Jabi, Abuja",2026-06-01 11:07:15
1 bedroom flat / apartment for rent,"₦4,000,000","By El Amin School, Maitama District, Abuja",2026-06-01 11:07:15
5 bedroom flat / apartment for rent,"₦20,000,000","Diplomatic Zones, Katampe Extension, Katampe, Abuja",2026-06-01 11:07:15
5 bedroom detached duplex for rent,"₦100,000,000","Maitama District, Abuja",2026-06-01 11:07:15
3 bedroom semi-detached duplex for rent,"₦10,000,000","Apo, Apo, Abuja",2026-06-01 11:07:15
4 bedroom terraced duplex for rent,"₦18,000,000","Jahi, Abuja",2026-06-01 11:07:15
Self contain (single rooms) for rent,"₦2,000,000","Sahara Estate, Gwarinpa, Abuja",2026-06-01 11:07:15
1 bedroom flat / apartment for rent,"₦1,500,000","FO1 Layout, Kubwa, Abuja",2026-06-01 11:07:15
1 bedroom flat / apartment for rent,"₦2,300,000","Karu, Abuja",2026-06-01 11:07:15
3 bedroom flat / apartment for rent,"₦13,000,000","By Diplomatic Zone, Katampe Extension, Katampe, Abuja",2026-06-01 11:07:15
Self contain (single rooms) for rent,"₦650,000","Close To Kabusa Gardens Estate Along Sunnyvale Junction Road, Lokogoma District, Abuja",2026-06-01 11:07:15
3 bedroom detached bungalow for rent,"₦5,000,000","Efab Sunshine Apo Wasa After Primary, Apo, Abuja",2026-06-01 11:07:15
3 bedroom house for rent,"₦11,000,000","Katampe (Main), Katampe, Abuja",2026-06-01 11:07:15
4 bedroom terraced duplex for rent,"₦17,000,000","Jahi Gilmore, Jahi, Abuja",2026-06-01 11:07:15
3 bedroom flat / apartment for rent,"₦7,500,000","Jahi, Abuja",2026-06-01 11:07:15
3 bedroom flat / apartment for rent,"₦10,000,000","Jahi, Abuja",2026-06-01 11:07:15
2 bedroom flat / apartment for rent,"₦4,500,000","Jahi, Abuja",2026-06-01 11:07:15
Conference / meeting / training room for rent,"₦200,000","Kumasi Crescent, Wuse 2, Abuja",2026-06-01 11:07:22
3 bedroom semi-detached duplex for rent,"₦10,000,000","Apo Abuja, Apo, Abuja",2026-06-01 11:07:22
2 bedroom flat / apartment for rent,"₦6,000,000","Inside A Well Secured Estate In Apo Nepa By Cedercrest Hospital, Apo, Abuja",2026-06-01 11:07:22
4 bedroom semi-detached duplex for rent,"₦11,000,000","Gudu, Abuja",2026-06-01 11:07:22
2 bedroom flat / apartment for rent,"₦6,000,000","Jabi, Abuja",2026-06-01 11:07:22
Self contain (single rooms) for rent,"₦1,000,000","Seman Estate Behind Dunamis Church, Lugbe, Lugbe District, Abuja",2026-06-01 11:07:22
5 bedroom detached duplex for rent,"₦15,000,000","Citygate Estate, Kukwaba, Abuja",2026-06-01 11:07:22
3 bedroom flat / apartment for rent,"₦9,000,000","Katampe (Main), Katampe, Abuja",2026-06-01 11:07:22
2 bedroom flat / apartment for rent,"₦5,000,000","Katampe, Abuja",2026-06-01 11:07:22
3 bedroom flat / apartment for rent,"₦15,000,000","Guzape District, Abuja",2026-06-01 11:07:22
3 bedroom flat / apartment for rent,"₦10,000,000","Wuse 2, Abuja",2026-06-01 11:07:22
4 bedroom detached duplex for rent,"₦10,000,000","Estate Tarred Road Near Main Road, Lokogoma District, Abuja",2026-06-01 11:07:22
3 bedroom flat / apartment for rent,"₦9,500,000","In A Secured Estate, Guzape District, Abuja",2026-06-01 11:07:22
4 bedroom terraced duplex for rent,"₦20,000,000","Guzape District, Abuja",2026-06-01 11:07:22
5 bedroom terraced duplex for rent,"₦35,000,000","Guzape District, Abuja",2026-06-01 11:07:22
5 bedroom terraced duplex for rent,"₦30,000,000","Guzape District, Abuja",2026-06-01 11:07:22
5 bedroom detached duplex for rent,"₦18,000,000","Godab Estate, Life Camp, Abuja",2026-06-01 11:07:22
5 bedroom detached duplex for rent,"₦12,000,000","4th Avenue, Gwarinpa, Abuja",2026-06-01 11:07:22
3 bedroom detached duplex for rent,"₦15,000,000","Jabi Main, Jabi, Abuja",2026-06-01 11:07:22
3 bedroom flat / apartment for rent,"₦10,000,000","Jahi, Abuja",2026-06-01 11:07:22
4 bedroom detached duplex for rent,"₦10,000,000","Lokogoma District, Abuja",2026-06-01 11:07:22
1 bedroom flat / apartment for rent,"₦9,000,000","Maitama District, Abuja",2026-06-01 11:07:29
Shop for rent,"₦5,000,000","Gwarinpa, Abuja",2026-06-01 11:07:29
4 bedroom terraced duplex for rent,"₦9,000,000","Peachville Estate, Beside Kingscourt Estate, Dakibiyu, Jabi, Abuja",2026-06-01 11:07:29
3 bedroom flat / apartment for rent,"₦7,500,000","Jahi, Abuja",2026-06-01 11:07:29
3 bedroom terraced duplex for rent,"₦20,000,000","Maitama District, Abuja",2026-06-01 11:07:29
7 bedroom semi-detached duplex for rent,"₦30,000,000","By Next Mall, Kado, Abuja",2026-06-01 11:07:29
Self contain (single rooms) for rent,"₦3,000,000","Katampe Extension, Katampe, Abuja",2026-06-01 11:07:29
Self contain (single rooms) for rent,"₦1,500,000","Efab Estate, Lokogoma District, Abuja",2026-06-01 11:07:29
1 bedroom mini flat (room and parlour) for rent,"₦1,700,000","Living Faith Axis, Lugbe District, Abuja",2026-06-01 11:07:29
2 bedroom flat / apartment for rent,"₦3,500,000","News Engineering Dawaki, Dawaki, Gwarinpa, Abuja",2026-06-01 11:07:29
4 bedroom terraced duplex for rent,"₦30,000,000","Jabi, Abuja",2026-06-01 11:07:29
4 bedroom flat / apartment for rent,"₦15,000,000","Katampe (Main), Katampe, Abuja",2026-06-01 11:07:29
4 bedroom flat / apartment for rent,"₦15,000,000","Jahi, Abuja",2026-06-01 11:07:29
2 bedroom flat / apartment for rent,"₦6,500,000","Wuye Main(tarred Rd), Wuye, Abuja",2026-06-01 11:07:29
1 bedroom mini flat (room and parlour) for rent,"₦3,700,000","Queens Estate Gwarinpa Extension, Gwarinpa, Abuja",2026-06-01 11:07:29
4 bedroom terraced duplex for rent,"₦25,000,000","Jabi, Abuja",2026-06-01 11:07:29
4 bedroom terraced duplex for rent,"₦8,500,000","By National Assembly Quarters, Gudu, Abuja",2026-06-01 11:07:29
1 bedroom mini flat (room and parlour) for rent,"₦2,500,000","Kugbo Gra ,along Nyanya Road., Asokoro District, Abuja",2026-06-01 11:07:29
4 bedroom semi-detached duplex for rent,"₦20,000,000","Admiralty Estate, Asokoro District, Abuja",2026-06-01 11:07:29
5 bedroom detached duplex for rent,"₦50,000,000","Asokoro District, Abuja",2026-06-01 11:07:29
2 bedroom flat / apartment for rent,"₦12,000,000","Wuse 2, Abuja",2026-06-01 11:07:29
Conference / meeting / training room for rent,"₦200,000","Kumasi Crescent, Wuse 2, Abuja",2026-06-01 11:07:38
1 bedroom flat / apartment for rent,"₦4,000,000","News Engineering, Dawaki, Gwarinpa, Abuja",2026-06-01 11:07:38
2 bedroom flat / apartment for rent,"₦5,000,000","River Park Estate, Lugbe District, Abuja",2026-06-01 11:07:38
Self contain (single rooms) for rent,"₦1,800,000","Inside Estate Galadimawa, Galadimawa, Abuja",2026-06-01 11:07:38
1 bedroom flat / apartment for rent,"₦3,000,000","Katampe Extension, Katampe, Abuja",2026-06-01 11:07:38
5 bedroom terraced duplex for rent,"₦25,000,000","Guzape Main, Guzape District, Abuja",2026-06-01 11:07:38
2 bedroom flat / apartment for rent,"₦5,500,000","By American  Intâl School, Durumi, Abuja",2026-06-01 11:07:38
3 bedroom terraced duplex for rent,"₦15,000,000","Jabi, Abuja",2026-06-01 11:07:38
3 bedroom flat / apartment for rent,"₦1,500,000","Life Camp, Life Camp, Abuja",2026-06-01 11:07:38
3 bedroom flat / apartment for rent,"₦7,500,000","Jahi, Jahi, Abuja",2026-06-01 11:07:38
2 bedroom terraced duplex for rent,"₦3,000,000","Crd Iron Bridge, FHA (F.H.A), Lugbe District, Abuja",2026-06-01 11:07:38
3 bedroom flat / apartment for rent,"₦7,000,000","Guzape District, Abuja",2026-06-01 11:07:38
3 bedroom terraced duplex for rent,"₦15,000,000","Jabi, Abuja",2026-06-01 11:07:38
3 bedroom semi-detached duplex for rent,"₦10,000,000","Apo Abuja, Apo, Abuja",2026-06-01 11:07:38
3 bedroom flat / apartment for rent,"₦7,000,000","Plot 1274 Ahmed Isah Yuguda Street, Guzape District, Abuja",2026-06-01 11:07:38
1 bedroom mini flat (room and parlour) for rent,"₦2,000,000","Von Axis, Lugbe District, Abuja",2026-06-01 11:07:38
3 bedroom flat / apartment for rent,"₦8,000,000","Katampe (Main), Katampe, Abuja",2026-06-01 11:07:38
3 bedroom detached bungalow for rent,"₦5,000,000","Few Minutes Away From Same Global, Galadimawa, Abuja",2026-06-01 11:07:38
3 bedroom detached duplex for rent,"₦4,500,000","Few Minutes Away From Kabusa Garden Estate, Galadimawa, Abuja",2026-06-01 11:07:38
2 bedroom semi-detached bungalow for rent,"₦4,500,000","Few Minutes Away From Kabusa Garden Estate, Galadimawa, Abuja",2026-06-01 11:07:38
5 bedroom terraced duplex for rent,"₦19,000,000","Katampe Extension, Katampe, Abuja",2026-06-01 11:07:38
1 bedroom flat / apartment for rent,"₦9,000,000","Maitama District, Abuja",2026-06-01 11:07:46
4 bedroom detached duplex for rent,"₦20,000,000","Asokoro District, Abuja",2026-06-01 11:07:46
Conference / meeting / training room for rent,"₦350,000","Maitama District, Abuja",2026-06-01 11:07:46
Office space for rent,"₦35,000,000","By Akara Cafe, Zone 5, Wuse, Abuja",2026-06-01 11:07:46
3 bedroom flat / apartment for rent,"₦25,000,000","Off Ibb Way, Maitama District, Abuja",2026-06-01 11:07:46
4 bedroom terraced duplex for rent,"₦8,000,000","Ncdc, Gaduwa, Abuja",2026-06-01 11:07:46
4 bedroom detached duplex for rent,"₦10,000,000","River Park Estate, Lugbe District, Abuja",2026-06-01 11:07:46
3 bedroom flat / apartment for rent,"₦8,000,000","Gwarinpa, Abuja",2026-06-01 11:07:46
4 bedroom terraced duplex for rent,"₦8,000,000","News Engineering, Dawaki, Gwarinpa, Abuja",2026-06-01 11:07:46
1 bedroom mini flat (room and parlour) for rent,"₦1,500,000","Katampe Extension, Katampe, Abuja",2026-06-01 11:07:46
Self contain (single rooms) for rent,"₦5,000,000","Parakou Crescent, Wuse 2, Abuja",2026-06-01 11:07:46
1 bedroom flat / apartment for rent,"₦2,200,000","Garki 2, Garki, Abuja",2026-06-01 11:07:46
1 bedroom flat / apartment for rent,"₦4,000,000","Katampe Main, Katampe, Abuja",2026-06-01 11:07:46
1 bedroom mini flat (room and parlour) for rent,"₦3,500,000","Apo Dutse By Shoprite Axis ,cedar Crest Hospital, Apo, Abuja",2026-06-01 11:07:46
1 bedroom mini flat (room and parlour) for rent,"₦3,500,000","Northstar Estate, Dakwo, Abuja",2026-06-01 11:07:46
4 bedroom terraced duplex for rent,"₦15,000,000","Kado, Abuja",2026-06-01 11:07:46
3 bedroom detached bungalow for rent,"₦5,500,000","Galadimawa, Abuja",2026-06-01 11:07:46
4 bedroom terraced duplex for rent,"₦12,000,000","Apo, Abuja",2026-06-01 11:07:46
4 bedroom terraced duplex for rent,"₦8,000,000","Turkish Hospital Nzamiye, Idu Industrial, Abuja",2026-06-01 11:07:46
1 bedroom flat / apartment for rent,"₦1,500,000","By Corner Shop, FHA (F.H.A), Lugbe District, Abuja",2026-06-01 11:07:46
4 bedroom house for rent,"$150,000","Wuse 2, Abuja",2026-06-01 11:07:46
Conference / meeting / training room for rent,"₦200,000","Kumasi Crescent, Wuse 2, Abuja",2026-06-01 11:07:55
3 bedroom house for rent,"$45,000","Wuse 2, Abuja",2026-06-01 11:07:55
2 bedroom house for rent,"$35,000","Wuse 2, Abuja",2026-06-01 11:07:55
4 bedroom terraced duplex for rent,"₦35,000,000","Maitama District, Abuja",2026-06-01 11:07:55
4 bedroom terraced duplex for rent,"₦13,000,000","Guzape Main, Guzape District, Abuja",2026-06-01 11:07:55
4 bedroom terraced duplex for rent,"₦16,000,000","Guzape District, Abuja",2026-06-01 11:07:55
7 bedroom detached duplex for rent,"₦90,000,000","Asokoro District, Abuja",2026-06-01 11:07:55
Self contain (single rooms) for rent,"₦3,000,000","Garki 2, Garki, Abuja",2026-06-01 11:07:55
4 bedroom detached duplex for rent,"₦25,000,000","Jabi, Abuja",2026-06-01 11:07:55
1 bedroom flat / apartment for rent,"₦5,000,000","Garki 2, Garki, Abuja",2026-06-01 11:07:55
5 bedroom terraced duplex for rent,"₦10,000,000","By Aduvie, Jahi, Abuja",2026-06-01 11:07:55
2 bedroom semi-detached bungalow for rent,"₦1,800,000","FHA (F.H.A), Lugbe District, Abuja",2026-06-01 11:07:55
Office space for rent,"₦17,500,000","Mabushi, Abuja",2026-06-01 11:07:55
1 bedroom mini flat (room and parlour) for rent,"₦5,000,000","Close To Police Station, Wuye, Abuja",2026-06-01 11:07:55
3 bedroom flat / apartment for rent,"₦7,000,000","Diplomatic Zone (video Of The Apartment Is Attached), Katampe Extension, Katampe, Abuja",2026-06-01 11:07:55
2 bedroom flat / apartment for rent,"₦5,500,000","Katampe (Main), Katampe, Abuja",2026-06-01 11:07:55
Self contain (single rooms) for rent,"₦1,800,000","Estate By The Express, Lokogoma District, Abuja",2026-06-01 11:07:55
1 bedroom flat / apartment for rent,"₦2,500,000","Galadimawa, Abuja",2026-06-01 11:07:55
Self contain (single rooms) for rent,"₦1,200,000","Kaura, Abuja",2026-06-01 11:07:55
2 bedroom flat / apartment for rent,"₦2,500,000","Phase 4, Close To Gtbank, Kubwa, Abuja",2026-06-01 11:07:55
4 bedroom detached duplex for rent,"₦14,000,000","By Nizamiye Hospital, Karmo, Abuja",2026-06-01 11:07:55
Conference / meeting / training room for rent,"₦200,000","Kumasi Crescent, Wuse 2, Abuja",2026-06-01 11:08:04
3 bedroom flat / apartment for rent,"₦30,000,000","Shoprite Axis, Jabi, Abuja",2026-06-01 11:08:04
3 bedroom terraced duplex for rent,"₦18,000,000","Barumak Estate, Wuye, Abuja",2026-06-01 11:08:04
4 bedroom flat / apartment for rent,"₦12,000,000","Mabushi, Abuja",2026-06-01 11:08:04
6 bedroom detached duplex for rent,"₦35,000,000","Katampe Extension, Katampe, Abuja",2026-06-01 11:08:04
3 bedroom flat / apartment for rent,"₦10,000,000","Wuse 2, Abuja",2026-06-01 11:08:04
Shop for rent,"₦7,000,000","Maitama District, Abuja",2026-06-01 11:08:04
Conference / meeting / training room for rent,"₦300,000","Wuse 2, Abuja",2026-06-01 11:08:04
4 bedroom house for rent,"₦15,000,000","Mabushi, Abuja",2026-06-01 11:08:04
2 bedroom flat / apartment for rent,"₦6,500,000","Guzape District, Abuja",2026-06-01 11:08:04
8 bedroom detached duplex for rent,"₦40,000,000","Off Aliyu Modibbo Street, Guzape District, Abuja",2026-06-01 11:08:04
4 bedroom flat / apartment for rent,"₦40,000,000","Ibrahim Babangida Blvd, Maitama District, Abuja",2026-06-01 11:08:04
3 bedroom flat / apartment for rent,"₦45,000,000","Off Mtn Office, Maitama District, Abuja",2026-06-01 11:08:04
6 bedroom detached duplex for rent,"₦60,000,000","Jabi, Abuja",2026-06-01 11:08:04
3 bedroom flat / apartment for rent,"₦9,000,000","Katampe, Abuja",2026-06-01 11:08:04
3 bedroom flat / apartment for rent,"₦6,000,000","Idu Industrial, Abuja",2026-06-01 11:08:04
3 bedroom semi-detached duplex for rent,"₦10,000,000","Apo, Abuja",2026-06-01 11:08:04
2 bedroom flat / apartment for rent,"₦7,000,000","By New Judges Quarters In An Estate, Katampe (Main), Katampe, Abuja",2026-06-01 11:08:04
6 bedroom terraced duplex for rent,"₦22,000,000","Main, Katampe Extension, Katampe, Abuja",2026-06-01 11:08:04
2 bedroom flat / apartment for rent,"₦10,000,000","Asokoro District, Abuja",2026-06-01 11:08:04
4 bedroom terraced duplex for rent,"₦13,000,000","Guzape District, Abuja",2026-06-01 11:08:04
Conference / meeting / training room for rent,"₦200,000","Kumasi Crescent, Wuse 2, Abuja",2026-06-01 11:08:11
3 bedroom flat / apartment for rent,"₦5,000,000","Golden Street., Kaura, Abuja",2026-06-01 11:08:11
3 bedroom flat / apartment for rent,"₦17,000,000","Maitama Main, Maitama District, Abuja",2026-06-01 11:08:11
2 bedroom flat / apartment for rent,"₦5,000,000","American International School, Garki, Abuja",2026-06-01 11:08:11
3 bedroom flat / apartment for rent,"₦17,000,000","Off Ibb Way., Maitama District, Abuja",2026-06-01 11:08:11
2 bedroom flat / apartment for rent,"₦2,500,000","Phase 4, Kubwa, Abuja",2026-06-01 11:08:11
3 bedroom detached bungalow for rent,"₦15,000,000","Suncity, Galadimawa, Abuja",2026-06-01 11:08:11
4 bedroom detached duplex for rent,"₦14,000,000","Suncity Estate, Galadimawa, Abuja",2026-06-01 11:08:11
Self contain (single rooms) for rent,"₦1,200,000","Along Pyakasa, Lugbe District, Abuja",2026-06-01 11:08:11
4 bedroom terraced duplex for rent,"₦17,000,000","Jahi, Abuja",2026-06-01 11:08:11
20 bedroom commercial property for rent,"₦90,000,000","3rd Avenue, Gwarinpa, Abuja",2026-06-01 11:08:11
2 bedroom flat / apartment for rent,"₦20,000,000","Wuye, Abuja",2026-06-01 11:08:11
3 bedroom flat / apartment for rent,"₦25,000,000","Jahi, Abuja",2026-06-01 11:08:11
4 bedroom terraced duplex for rent,"₦35,000,000","Guzape, Guzape District, Abuja",2026-06-01 11:08:11
4 bedroom flat / apartment for rent,"₦13,000,000","Guzape, Guzape District, Abuja",2026-06-01 11:08:11
2 bedroom flat / apartment for rent,"₦15,000,000","Wuse 2, Abuja",2026-06-01 11:08:11
1 bedroom mini flat (room and parlour) for rent,"₦6,000,000","Gaduwa, Abuja",2026-06-01 11:08:11
6 bedroom detached duplex for rent,"₦30,000,000","Guzape District, Abuja",2026-06-01 11:08:11
3 bedroom flat / apartment for rent,"₦8,000,000","Wuye, Abuja",2026-06-01 11:08:11
3 bedroom flat / apartment for rent,"₦17,000,000","Maitama District, Abuja",2026-06-01 11:08:11
2 bedroom terraced duplex for rent,"₦10,000,000","Asokoro District, Abuja",2026-06-01 11:08:11
Conference / meeting / training room for rent,"₦200,000","Kumasi Crescent, Wuse 2, Abuja",2026-06-01 11:08:20
2 bedroom terraced duplex for rent,"₦10,000,000","Asokoro District, Abuja",2026-06-01 11:08:20
Plaza / complex / mall for rent,"₦3,000,000","Garki 2, Garki, Abuja",2026-06-01 11:08:20
5 bedroom detached duplex for rent,"₦11,000,000","Gaduwa, Abuja",2026-06-01 11:08:20
4 bedroom detached duplex for rent,"₦10,000,000","Gaduwa, Abuja",2026-06-01 11:08:20
7 bedroom detached duplex for rent,"₦40,000,000","Wuse 2, Abuja",2026-06-01 11:08:20
3 bedroom flat / apartment for rent,"₦8,000,000","Wuye, Abuja",2026-06-01 11:08:20
6 bedroom detached duplex for rent,"₦30,000,000","Guzape By Hmedix, Guzape District, Abuja",2026-06-01 11:08:20
2 bedroom flat / apartment for rent,"₦4,500,000","Jahi, Abuja",2026-06-01 11:08:20
4 bedroom detached duplex for rent,"₦8,000,000","Kado Estate, Kado, Abuja",2026-06-01 11:08:20
3 bedroom flat / apartment for rent,"₦17,000,000","Maitama District, Abuja",2026-06-01 11:08:20
4 bedroom terraced duplex for rent,"₦13,000,000","Guzape District, Abuja",2026-06-01 11:08:20
3 bedroom flat / apartment for rent,"₦17,000,000","Maitama District, Abuja",2026-06-01 11:08:20
3 bedroom semi-detached duplex for rent,"₦10,000,000","Apo, Abuja",2026-06-01 11:08:20
5 bedroom house for rent,"₦70,000,000","Wuse 2, Abuja",2026-06-01 11:08:20
3 bedroom semi-detached duplex for rent,"₦10,000,000","Apo, Abuja",2026-06-01 11:08:20
1 bedroom flat / apartment for rent,"₦7,000,000","Gilmore, Jahi, Abuja",2026-06-01 11:08:20
Shop for rent,"₦5,500,000","4th Avenue, Gwarinpa, Abuja",2026-06-01 11:08:20
Self contain (single rooms) for rent,"₦1,300,000","By American International School, Durumi, Abuja",2026-06-01 11:08:20
5 bedroom detached duplex for rent,"₦60,000,000","Guzape District, Abuja",2026-06-01 11:08:20
4 bedroom semi-detached duplex for rent,"₦25,000,000","Off Aminu Kano Crescent, Wuse 2, Abuja",2026-06-01 11:08:20
1 bedroom flat / apartment for rent,"₦9,000,000","Maitama District, Abuja",2026-06-01 11:08:29
4 bedroom terraced duplex for rent,"₦20,000,000","Jahi, Abuja",2026-06-01 11:08:29
3 bedroom flat / apartment for rent,"₦5,500,000","Karmo, Abuja",2026-06-01 11:08:29
4 bedroom terraced duplex for rent,"₦12,000,000","Mabushi, Abuja",2026-06-01 11:08:29
3 bedroom flat / apartment for rent,"₦45,000,000","Wuse 2, Abuja",2026-06-01 11:08:29
3 bedroom flat / apartment for rent,"₦35,000,000","Wuse 2, Abuja",2026-06-01 11:08:29
3 bedroom flat / apartment for rent,"₦50,000,000","Wuse 2, Abuja",2026-06-01 11:08:29
3 bedroom flat / apartment for rent,"₦25,000,000","Guzape District, Abuja",2026-06-01 11:08:29
2 bedroom flat / apartment for rent,"₦21,000,000","Guzape District, Abuja",2026-06-01 11:08:29
4 bedroom detached duplex for rent,"₦23,000,000","Mabushi, Abuja",2026-06-01 11:08:29
Plaza / complex / mall for rent,"₦20,000,000","Wuse 2, Abuja",2026-06-01 11:08:29
3 bedroom flat / apartment for rent,"₦15,000,000","Asokoro District, Abuja",2026-06-01 11:08:29
Warehouse for rent,"₦38,500,000","Idu Industrial, Abuja",2026-06-01 11:08:29
7 bedroom semi-detached duplex for rent,"₦25,000,000","By Judges Quarters, Katampe, Abuja",2026-06-01 11:08:29
4 bedroom terraced duplex for rent,"₦20,000,000","Jahi, Abuja",2026-06-01 11:08:29
Self contain (single rooms) for rent,"₦2,000,000","News Engineering, Dawaki, Gwarinpa, Abuja",2026-06-01 11:08:29
1 bedroom flat / apartment for rent,"₦3,500,000","News Engineering, Dawaki, Gwarinpa, Abuja",2026-06-01 11:08:29
3 bedroom flat / apartment for rent,"₦11,000,000","Katampe (Main), Katampe, Abuja",2026-06-01 11:08:29
4 bedroom terraced duplex for rent,"₦6,000,000","Close To Nzamiye Hospital, Idu Industrial, Abuja",2026-06-01 11:08:29
2 bedroom flat / apartment for rent,"₦6,000,000","Apo Resettlement, Apo, Abuja",2026-06-01 11:08:29
4 bedroom detached duplex for rent,"₦13,000,000","Apo Wumba, Along Lokogoma Expressway, Apo, Abuja",2026-06-01 11:08:29
Conference / meeting / training room for rent,"₦200,000","Kumasi Crescent, Wuse 2, Abuja",2026-06-01 11:08:37
3 bedroom flat / apartment for rent,"₦15,000,000","Katampe, Abuja",2026-06-01 11:08:37
4 bedroom semi-detached duplex for rent,"₦40,000,000","Maitama District, Abuja",2026-06-01 11:08:37
3 bedroom flat / apartment for rent,"₦7,500,000","Jahi After Aduvei International School, Jahi, Abuja",2026-06-01 11:08:37
4 bedroom terraced duplex for rent,"₦15,000,000","B&h City, Paradise-ochacho Road, Life Camp, Abuja",2026-06-01 11:08:37
Self contain (single rooms) for rent,"₦1,000,000","Off Gilbert Chikelu Crescent, Guzape District, Abuja",2026-06-01 11:08:37
3 bedroom semi-detached duplex for rent,"₦10,000,000","Apo, Abuja",2026-06-01 11:08:37
3 bedroom flat / apartment for rent,"₦9,000,000","Katampe (Main), Katampe, Abuja",2026-06-01 11:08:37
3 bedroom flat / apartment for rent,"₦12,500,000","By Vio, Mabushi, Abuja",2026-06-01 11:08:37
3 bedroom flat / apartment for rent,"₦8,000,000","Jahi, Abuja",2026-06-01 11:08:37
3 bedroom semi-detached duplex for rent,"₦12,000,000","Apo, Abuja",2026-06-01 11:08:37
3 bedroom flat / apartment for rent,"₦8,000,000","Mabushi, Abuja",2026-06-01 11:08:37
1 bedroom mini flat (room and parlour) for rent,"₦2,000,000","Nelox Estate  By Pyakassa Road Along Redeem Estate/diamond Estate, Pyakasa, Lugbe District, Abuja",2026-06-01 11:08:37
4 bedroom terraced duplex for rent,"₦12,000,000","Main, Wuye, Abuja",2026-06-01 11:08:37
Office space for rent,"₦7,000,000","Coza, Guzape District, Abuja",2026-06-01 11:08:37
4 bedroom terraced duplex for rent,"₦20,000,000","Gilmore, Jahi, Abuja",2026-06-01 11:08:37
2 bedroom flat / apartment for rent,"₦4,500,000","Jahi By Aduvei School, Jahi, Abuja",2026-06-01 11:08:37
4 bedroom terraced duplex for rent,"₦13,500,000","Wuye Main, Wuye, Abuja",2026-06-01 11:08:37
4 bedroom terraced duplex for rent,"₦20,000,000","By Zartech Supermarket, Wuye, Abuja",2026-06-01 11:08:37
4 bedroom detached duplex for rent,"₦10,000,000","Nelox Estate  By Pyakassa Rd Along Redeem Estate/diamond Est, Pyakasa, Lugbe District, Abuja",2026-06-01 11:08:37
4 bedroom terraced duplex for rent,"₦20,000,000","Jahi, Abuja",2026-06-01 11:08:37
1 bedroom flat / apartment for rent,"₦9,000,000","Maitama District, Abuja",2026-06-01 11:08:44
4 bedroom detached bungalow for rent,"₦15,000,000","Garki, Abuja",2026-06-01 11:08:44
6 bedroom detached duplex for rent,"₦500,000,000","Asokoro District, Abuja",2026-06-01 11:08:44
2 bedroom flat / apartment for rent,"₦4,000,000","News Engineering, Dawaki, Gwarinpa, Abuja",2026-06-01 11:08:44
Commercial land for rent,"₦30,000,000","By Jabi Garage(tarred Rd, Jabi, Abuja",2026-06-01 11:08:44
2 bedroom flat / apartment for rent,"₦6,500,000","Wuye, Wuye, Abuja",2026-06-01 11:08:44
3 bedroom flat / apartment for rent,"₦7,000,000","Gimbya, Area 11, Garki, Abuja",2026-06-01 11:08:44
4 bedroom terraced duplex for rent,"$50,000","Asokoro District, Abuja",2026-06-01 11:08:44
5 bedroom detached duplex for rent,"₦30,000,000","Guzape District, Abuja",2026-06-01 11:08:44
4 bedroom flat / apartment for rent,"₦20,000,000","Guzape District, Abuja",2026-06-01 11:08:44
4 bedroom terraced duplex for rent,"₦10,000,000","Apo Legislative Qtr,( Zone A) Tarred Rd, Garki, Abuja",2026-06-01 11:08:44
2 bedroom flat / apartment for rent,"₦15,000,000","Asokoro District, Abuja",2026-06-01 11:08:44
3 bedroom house for rent,"₦10,000,000","Apo, Abuja",2026-06-01 11:08:44
4 bedroom terraced duplex for rent,"₦15,000,000","Guzape District, Abuja",2026-06-01 11:08:44
4 bedroom house for rent,"₦180,000,000","Area 11, Garki, Abuja",2026-06-01 11:08:44
Office space for rent,"₦250,000,000","Area 2, Garki, Abuja",2026-06-01 11:08:44
1 bedroom mini flat (room and parlour) for rent,"₦2,500,000","Gwarinpa, Abuja",2026-06-01 11:08:44
4 bedroom detached duplex for rent,"₦10,000,000","Main Gwarimpa, Gwarinpa, Abuja",2026-06-01 11:08:44
5 bedroom detached duplex for rent,"₦30,000,000","Main Mabushi, Mabushi, Abuja",2026-06-01 11:08:44
5 bedroom semi-detached duplex for rent,"₦30,000,000","By Wuye Police Station, Wuye, Abuja",2026-06-01 11:08:44
1 bedroom mini flat (room and parlour) for rent,"₦4,000,000","Katampe (Main), Katampe, Abuja",2026-06-01 11:08:44
1 bedroom flat / apartment for rent,"₦9,000,000","Maitama District, Abuja",2026-06-01 11:08:51
4 bedroom semi-detached duplex for rent,"₦13,000,000","Kado, Abuja",2026-06-01 11:08:51
4 bedroom terraced duplex for rent,"₦23,000,000","Diplomatic Zone, Katampe Extension, Katampe, Abuja",2026-06-01 11:08:51
3 bedroom flat / apartment for rent,"₦9,000,000","Aso Radio, Katampe, Abuja",2026-06-01 11:08:51
Office space for rent,"₦180,000,000","Wuse 2, Abuja",2026-06-01 11:08:51
3 bedroom flat / apartment for rent,"₦9,000,000","By Aso Radio., Katampe (Main), Katampe, Abuja",2026-06-01 11:08:51
3 bedroom detached bungalow for rent,"₦5,500,000","Ado Street, Galadimawa, Abuja",2026-06-01 11:08:51
1 bedroom detached bungalow for rent,"₦1,800,000","111a Gold Street, Kaura, Abuja",2026-06-01 11:08:51
1 bedroom detached bungalow for rent,"₦2,000,000","Hilda Bacy Street, Galadimawa, Abuja",2026-06-01 11:08:51
2 bedroom flat / apartment for rent,"₦7,000,000","Grace Court, Katampe (Main), Katampe, Abuja",2026-06-01 11:08:51
4 bedroom terraced duplex for rent,"₦15,000,000","Katampe (Main), Katampe, Abuja",2026-06-01 11:08:51
28 bedroom terraced duplex for rent,"₦252,000,000","Gudu, Abuja",2026-06-01 11:08:51
2 bedroom terraced duplex for rent,"₦7,000,000","Katampe Main Behind Aso Radio, Katampe, Abuja",2026-06-01 11:08:51
4 bedroom flat / apartment for rent,"₦35,000,000","Bellavue Estate, Life Camp, Abuja",2026-06-01 11:08:51
Plaza / complex / mall for rent,"₦6,500,000","By Bannex, Wuse 2, Abuja",2026-06-01 11:08:51
2 bedroom flat / apartment for rent,"₦13,000,000","Bellavue Estate, Life Camp, Abuja",2026-06-01 11:08:51
2 bedroom flat / apartment for rent,"₦3,000,000","Off Nizamiye Hospital, Idu Industrial, Abuja",2026-06-01 11:08:51
4 bedroom terraced duplex for rent,"₦13,000,000","Living Faith Church, Katampe, Abuja",2026-06-01 11:08:51
3 bedroom flat / apartment for rent,"₦5,300,000","Idu Industrial, Abuja",2026-06-01 11:08:51
3 bedroom flat / apartment for rent,"₦5,300,000","Idu Industrial, Abuja",2026-06-01 11:08:51
1 bedroom mini flat (room and parlour) for rent,"₦2,700,000","Idu Industrial, Abuja",2026-06-01 11:08:51
Conference / meeting / training room for rent,"₦200,000","Kumasi Crescent, Wuse 2, Abuja",2026-06-01 11:08:57
4 bedroom detached duplex for rent,"₦45,000,000","Maitama District, Abuja",2026-06-01 11:08:57
5 bedroom detached duplex for rent,"₦100,000,000","Maitama District, Abuja",2026-06-01 11:08:57
4 bedroom semi-detached duplex for rent,"₦17,000,000","Mabushi, Abuja",2026-06-01 11:08:57
Self contain (single rooms) for rent,"₦2,000,000","By Gig Logistics, Wuye, Abuja",2026-06-01 11:08:57
4 bedroom terraced duplex for rent,"₦1,800,000,000","Guzape District, Abuja",2026-06-01 11:08:57
3 bedroom detached bungalow for rent,"₦12,000,000","Lifecamp Roundabout Junction, Life Camp, Abuja",2026-06-01 11:08:57
4 bedroom detached duplex for rent,"₦25,000,000","Mabushi, Abuja",2026-06-01 11:08:57
6 bedroom terraced duplex for rent,"₦25,000,000","Katampe (Main), Katampe, Abuja",2026-06-01 11:08:57
3 bedroom flat / apartment for rent,"₦40,000,000","Maitama District, Abuja",2026-06-01 11:08:57
4 bedroom terraced duplex for rent,"₦15,000,000","Katampe (Main), Katampe, Abuja",2026-06-01 11:08:57
4 bedroom terraced duplex for rent,"₦7,500,000","Galadimawa, Abuja",2026-06-01 11:08:57
4 bedroom terraced duplex for rent,"₦13,000,000","By Lake View Estate, Kado, Abuja",2026-06-01 11:08:57
4 bedroom terraced duplex for rent,"₦25,000,000","Wuye, Abuja",2026-06-01 11:08:57
3 bedroom flat / apartment for rent,"₦7,500,000","Wuse, Abuja",2026-06-01 11:08:57
Office space for rent,"₦15,000,000","Wuse 2, Abuja",2026-06-01 11:08:57
Self contain (single rooms) for rent,"₦1,000,000","Along Von Estate, Lugbe District, Abuja",2026-06-01 11:08:57
8 bedroom detached duplex for rent,"₦50,000,000","Wuse, Abuja",2026-06-01 11:08:57
1 bedroom mini flat (room and parlour) for rent,"₦1,700,000","Along Von Road, Lugbe District, Abuja",2026-06-01 11:08:57
3 bedroom flat / apartment for rent,"₦25,000,000","Maitama District, Abuja",2026-06-01 11:08:57
3 bedroom flat / apartment for rent,"₦25,000,000","Jabi, Abuja",2026-06-01 11:08:57
Conference / meeting / training room for rent,"₦200,000","Kumasi Crescent, Wuse 2, Abuja",2026-06-01 11:09:03
1 bedroom mini flat (room and parlour) for rent,"₦4,000,000","Naf Valley Estate, Asokoro District, Abuja",2026-06-01 11:09:03
4 bedroom terraced duplex for rent,"₦30,000,000","Guzape District, Abuja",2026-06-01 11:09:03
2 bedroom flat / apartment for rent,"₦4,500,000","Life Camp, Abuja",2026-06-01 11:09:03
4 bedroom semi-detached duplex for rent,"₦8,000,000","Life Camp, Abuja",2026-06-01 11:09:03
Office space for rent,"₦1,200,000,000","Wuse, Abuja",2026-06-01 11:09:03
3 bedroom flat / apartment for rent,"₦11,000,000","Katampe, Abuja",2026-06-01 11:09:03
2 bedroom flat / apartment for rent,"₦4,000,000","News Engineering, Dawaki, Gwarinpa, Abuja",2026-06-01 11:09:03
Office space for rent,"₦8,000,000","Wuse 2, Abuja",2026-06-01 11:09:03
1 bedroom flat / apartment for rent,"₦4,000,000","Wuse, Abuja",2026-06-01 11:09:03
4 bedroom detached duplex for rent,"₦45,000,000","Asokoro Residential, Asokoro District, Abuja",2026-06-01 11:09:03
4 bedroom terraced duplex for rent,"₦8,000,000","Jabi, Abuja",2026-06-01 11:09:03
3 bedroom flat / apartment for rent,"₦25,000,000","Maitama District, Abuja",2026-06-01 11:09:03
3 bedroom flat / apartment for rent,"₦7,000,000","Off Gudu Junction, Gudu, Abuja",2026-06-01 11:09:03
2 bedroom flat / apartment for rent,"₦15,000,000","No. 1 Niqs Crescent Opposite Maryam Apartment, Mabushi, Abuja",2026-06-01 11:09:03
2 bedroom flat / apartment for rent,"₦4,000,000","News Engineering, Dawaki, Gwarinpa, Abuja",2026-06-01 11:09:03
4 bedroom house for rent,"₦15,000,000","Katampe (Main), Katampe, Abuja",2026-06-01 11:09:03
4 bedroom terraced duplex for rent,"₦10,000,000","Apo Legislative Quaters, Apo, Abuja",2026-06-01 11:09:03
4 bedroom semi-detached duplex for rent,"₦40,000,000","Maitama District, Abuja",2026-06-01 11:09:03
5 bedroom semi-detached duplex for rent,"₦17,000,000","Apo Legislative Quaters., Apo, Abuja",2026-06-01 11:09:03
3 bedroom terraced duplex for rent,"₦6,500,000","Kabusa Garden, Dakwo, Abuja",2026-06-01 11:09:03
Conference / meeting / training room for rent,"₦200,000","Kumasi Crescent, Wuse 2, Abuja",2026-06-01 11:09:11
3 bedroom flat / apartment for rent,"₦5,000,000","Kaura, Abuja",2026-06-01 11:09:11
1 bedroom mini flat (room and parlour) for rent,"₦6,000,000","By American International School, Durumi, Abuja",2026-06-01 11:09:11
2 bedroom flat / apartment for rent,"₦4,500,000","Life Camp, Abuja",2026-06-01 11:09:11
Office space for rent,"₦5,500,000","By Ndic, Central Business District, Abuja",2026-06-01 11:09:11
Office space for rent,"₦11,000,000","By Ndic, Central Business District, Abuja",2026-06-01 11:09:11
3 bedroom detached bungalow for rent,"₦20,000,000","Kado, Abuja",2026-06-01 11:09:11
Self contain (single rooms) for rent,"₦2,000,000","Kaura, Abuja",2026-06-01 11:09:11
2 bedroom flat / apartment for rent,"₦5,500,000","Kaura, Abuja",2026-06-01 11:09:11
3 bedroom flat / apartment for rent,"₦10,000,000","By Coza, Guzape District, Abuja",2026-06-01 11:09:11
4 bedroom terraced duplex for rent,"₦15,000,000","Near American School, Durumi, Abuja",2026-06-01 11:09:11
2 bedroom flat / apartment for rent,"₦6,500,000","Guzape District, Abuja",2026-06-01 11:09:11
3 bedroom flat / apartment for rent,"₦9,000,000","Katampe, Abuja",2026-06-01 11:09:11
3 bedroom flat / apartment for rent,"₦165,000,000","Mabushi, Abuja",2026-06-01 11:09:11
2 bedroom flat / apartment for rent,"₦4,000,000","Apo Extension By Arab, Apo, Abuja",2026-06-01 11:09:11
Shop for rent,"₦7,500,000","Ademola Adetokunbo, Wuse 2, Abuja",2026-06-01 11:09:11
5 bedroom detached duplex for rent,"₦60,000,000","Guzape District, Abuja",2026-06-01 11:09:11
3 bedroom flat / apartment for rent,"₦3,500,000","Lugbe District, Abuja",2026-06-01 11:09:11
3 bedroom flat / apartment for rent,"₦11,000,000","Main Katamoe, Katampe, Abuja",2026-06-01 11:09:11
5 bedroom detached duplex for rent,"₦30,000,000","Guzape District, Abuja",2026-06-01 11:09:11
5 bedroom semi-detached duplex for rent,"₦25,000,000","Guzape District, Abuja",2026-06-01 11:09:11
1 bedroom flat / apartment for rent,"₦6,000,000","Maitama District, Abuja",2026-06-01 11:09:18
2 bedroom flat / apartment for rent,"₦15,000,000","Asokoro District, Abuja",2026-06-01 11:09:18
4 bedroom semi-detached duplex for rent,"₦35,000,000","Asokoro District, Abuja",2026-06-01 11:09:18
5 bedroom detached duplex for rent,"₦50,000,000","Maitama District, Abuja",2026-06-01 11:09:18
4 bedroom terraced duplex for rent,"₦45,000,000","Maitama District, Abuja",2026-06-01 11:09:18
3 bedroom detached bungalow for rent,"₦3,000,000","Mouko By Tipper Garrage, Dutse, Abuja",2026-06-01 11:09:18
1 bedroom flat / apartment for rent,"₦3,500,000","By Shafa, Wuye, Abuja",2026-06-01 11:09:18
3 bedroom semi-detached duplex for rent,"₦10,000,000","Apo, Abuja",2026-06-01 11:09:18
4 bedroom terraced duplex for rent,"₦12,000,000","Katampe, Abuja",2026-06-01 11:09:18
Self contain (single rooms) for rent,"₦1,500,000","Guzape District, Abuja",2026-06-01 11:09:18
Self contain (single rooms) for rent,"₦850,000","Guzape District, Abuja",2026-06-01 11:09:18
Self contain (single rooms) for rent,"₦650,000","In Apo Dutse Community, Apo, Abuja",2026-06-01 11:09:18
3 bedroom flat / apartment for rent,"₦10,000,000","Jahi, Abuja",2026-06-01 11:09:18
1 bedroom flat / apartment for rent,"₦3,500,000","Wuye, Abuja",2026-06-01 11:09:18
2 bedroom flat / apartment for rent,"₦2,500,000","Area 1, Garki, Abuja",2026-06-01 11:09:18
2 bedroom flat / apartment for rent,"₦3,800,000","News Engineering, Dawaki, Gwarinpa, Abuja",2026-06-01 11:09:18
5 bedroom detached duplex for rent,"₦80,000,000","Guzape District, Abuja",2026-06-01 11:09:18
6 bedroom detached duplex for rent,"₦50,000,000","Asokoro District, Abuja",2026-06-01 11:09:18
6 bedroom detached duplex for rent,"₦60,000,000","Katampe Extension, Katampe, Abuja",2026-06-01 11:09:18
4 bedroom terraced duplex for rent,"₦13,000,000","Guzape District, Abuja",2026-06-01 11:09:18
3 bedroom flat / apartment for rent,"₦8,000,000","By Judges Quarters, Katampe, Abuja",2026-06-01 11:09:18
1 bedroom flat / apartment for rent,"₦6,000,000","Maitama District, Abuja",2026-06-01 11:09:26
4 bedroom terraced duplex for rent,"₦13,000,000","Guzape District, Abuja",2026-06-01 11:09:26
2 bedroom flat / apartment for rent,"₦4,500,000","News Engineering Extension, Dawaki, Gwarinpa, Abuja",2026-06-01 11:09:26
6 bedroom terraced duplex for rent,"₦23,000,000","Katampe Extension, Katampe, Abuja",2026-06-01 11:09:26
Self contain (single rooms) for rent,"₦750,000","Asokoro Extension,  Kpaduna 3, Asokoro District, Abuja",2026-06-01 11:09:26
1 bedroom mini flat (room and parlour) for rent,"₦1,300,000","Asokoro Extension,  Kpaduma 3, Asokoro District, Abuja",2026-06-01 11:09:26
4 bedroom terraced duplex for rent,"₦15,000,000","Asokoro District, Abuja",2026-06-01 11:09:26
Self contain (single rooms) for rent,"₦750,000","Asokoro Extension,  Kpaduma 3, Asokoro District, Abuja",2026-06-01 11:09:26
4 bedroom detached duplex for rent,"₦15,000,000","69 Road, Gwarinpa, By Abiodun Falade Hospital Just After Charley Boy, Gwarinpa, Abuja",2026-06-01 11:09:26
2 bedroom flat / apartment for rent,"₦4,500,000","By Gishiri, Katampe (Main), Katampe, Abuja",2026-06-01 11:09:26
1 bedroom flat / apartment for rent,"₦5,500,000","Kado, Abuja",2026-06-01 11:09:26
Self contain (single rooms) for rent,"₦2,000,000","Kado, Abuja",2026-06-01 11:09:26
1 bedroom mini flat (room and parlour) for rent,"₦3,000,000","Mabushi, Abuja",2026-06-01 11:09:26
6 bedroom detached duplex for rent,"₦60,000,000","Katampe Extension, Katampe, Abuja",2026-06-01 11:09:26
2 bedroom flat / apartment for rent,"₦7,500,000","Mabushi, Abuja",2026-06-01 11:09:26
Self contain (single rooms) for rent,"₦2,000,000","Sunnyvale Estate, Galadimawa, Abuja",2026-06-01 11:09:26
5 bedroom terraced duplex for rent,"₦10,000,000","Jahi, Abuja",2026-06-01 11:09:26
3 bedroom flat / apartment for rent,"₦17,000,000","Wuse 2, Abuja",2026-06-01 11:09:26
3 bedroom flat / apartment for rent,"₦25,000,000","Maitama District, Abuja",2026-06-01 11:09:26
2 bedroom flat / apartment for rent,"₦17,000,000","Utako, Abuja",2026-06-01 11:09:26
1 bedroom mini flat (room and parlour) for rent,"₦4,000,000","Lokogoma District, Abuja",2026-06-01 11:09:26
1 bedroom flat / apartment for rent,"₦9,000,000","Maitama District, Abuja",2026-06-01 11:09:35
Self contain (single rooms) for rent,"₦1,800,000","Galadimawa, Abuja",2026-06-01 11:09:35
3 bedroom detached bungalow for rent,"₦5,000,000","Sungold, Galadimawa, Abuja",2026-06-01 11:09:35
3 bedroom terraced duplex for rent,"₦15,000,000","Guzape, Guzape District, Abuja",2026-06-01 11:09:35
4 bedroom terraced duplex for rent,"₦25,000,000","Guzape District, Abuja",2026-06-01 11:09:35
5 bedroom terraced duplex for rent,"₦30,000,000","Guzape, Guzape District, Abuja",2026-06-01 11:09:35
3 bedroom semi-detached duplex for rent,"₦10,000,000","Apo, Abuja",2026-06-01 11:09:35
1 bedroom flat / apartment for rent,"₦2,000,000","Gwarinpa Extension, Gwarinpa, Abuja",2026-06-01 11:09:35
3 bedroom flat / apartment for rent,"₦9,000,000","Katampe (Main), Katampe, Abuja",2026-06-01 11:09:35
6 bedroom detached duplex for rent,"₦50,000,000","Before Sunrise Hill Estate, Asokoro District, Abuja",2026-06-01 11:09:35
4 bedroom semi-detached duplex for rent,"₦60,000,000","Palm Springs, Maitama 2, Maitama District, Abuja",2026-06-01 11:09:35
3 bedroom flat / apartment for rent,"₦4,500,000","Dawaki, Gwarinpa, Abuja",2026-06-01 11:09:35
3 bedroom flat / apartment for rent,"₦7,000,000","Diplomatic Zone, Katampe Extension, Katampe, Abuja",2026-06-01 11:09:35
4 bedroom semi-detached duplex for rent,"₦6,000,000","Off Linda Chalker Street, Asokoro District, Abuja",2026-06-01 11:09:35
4 bedroom detached duplex for rent,"₦30,000,000","Zone 1, Wuse, Abuja",2026-06-01 11:09:35
2 bedroom flat / apartment for rent,"₦6,000,000","Guzape District, Abuja",2026-06-01 11:09:35
3 bedroom house for rent,"₦15,000,000","Guzape District, Abuja",2026-06-01 11:09:35
5 bedroom semi-detached duplex for rent,"₦55,000,000","Guzape District, Abuja",2026-06-01 11:09:35
2 bedroom flat / apartment for rent,"₦5,000,000","Whitescape Apartments, Katampe (Main), Katampe, Abuja",2026-06-01 11:09:35
3 bedroom flat / apartment for rent,"₦7,500,000","Area 2, Garki, Abuja",2026-06-01 11:09:35
4 bedroom terraced duplex for rent,"₦40,000,000","Wuse 2, Abuja",2026-06-01 11:09:35
1 bedroom flat / apartment for rent,"₦9,000,000","Maitama District, Abuja",2026-06-01 11:09:42
1 bedroom flat / apartment for rent,"₦3,000,000","Area 1 Shopping Center, Garki, Abuja",2026-06-01 11:09:42
4 bedroom terraced duplex for rent,"₦12,000,000","Gilmore, Jahi, Abuja",2026-06-01 11:09:42
1 bedroom flat / apartment for rent,"₦4,000,000","Jabi Main(tarred Rd), Jabi, Abuja",2026-06-01 11:09:42
3 bedroom flat / apartment for rent,"₦41,000,000","Jabi, Abuja",2026-06-01 11:09:42
2 bedroom house for rent,"₦30,000,000","(fully Tarred Rd) Jahi Gilmore, Jahi, Abuja",2026-06-01 11:09:42
4 bedroom terraced duplex for rent,"₦15,000,000","Guzape District, Abuja",2026-06-01 11:09:42
4 bedroom semi-detached duplex for rent,"₦8,000,000","Life Camp, Abuja",2026-06-01 11:09:42
4 bedroom terraced duplex for rent,"₦12,000,000","Guzape District, Abuja",2026-06-01 11:09:42
4 bedroom flat / apartment for rent,"₦40,000,000","Maitama District, Abuja",2026-06-01 11:09:42
1 bedroom flat / apartment for rent,"₦3,000,000","Area 2, Garki, Abuja",2026-06-01 11:09:42
3 bedroom flat / apartment for rent,"₦6,000,000","Idu Industrial, Abuja",2026-06-01 11:09:42
5 bedroom semi-detached duplex for rent,"₦40,000,000","Guzape Main, Guzape District, Abuja",2026-06-01 11:09:42
3 bedroom terraced duplex for rent,"₦30,000,000","Asokoro Main, Asokoro District, Abuja",2026-06-01 11:09:42
3 bedroom flat / apartment for rent,"₦5,000,000","By Old Secteriat, Durumi, Abuja",2026-06-01 11:09:42
2 bedroom flat / apartment for rent,"₦18,000,000","Wuse 2, Abuja",2026-06-01 11:09:42
Office space for rent,"₦4,000,000","Wuse 2, Abuja",2026-06-01 11:09:42
Self contain (single rooms) for rent,"₦2,000,000","Mabushi, Abuja",2026-06-01 11:09:42
2 bedroom flat / apartment for rent,"₦12,000,000","Maitama District, Abuja",2026-06-01 11:09:42
2 bedroom flat / apartment for rent,"₦4,000,000","64, Crescent, Gwarinpa, Abuja",2026-06-01 11:09:42
3 bedroom flat / apartment for rent,"₦6,000,000","Gudu, Abuja",2026-06-01 11:09:42
1 bedroom flat / apartment for rent,"₦6,000,000","Maitama District, Abuja",2026-06-01 11:09:47
4 bedroom terraced duplex for rent,"₦13,000,000","Life Camp, Abuja",2026-06-01 11:09:47
3 bedroom terraced duplex for rent,"₦15,000,000","Guzape Main, Guzape District, Abuja",2026-06-01 11:09:47
5 bedroom terraced duplex for rent,"₦25,000,000","Guzape Main, Guzape District, Abuja",2026-06-01 11:09:47
4 bedroom semi-detached duplex for rent,"₦25,000,000","Guzape Main, Guzape District, Abuja",2026-06-01 11:09:47
2 bedroom flat / apartment for rent,"₦5,500,000","Galadimawa, Abuja",2026-06-01 11:09:47
2 bedroom flat / apartment for rent,"₦6,000,000","Mabushi, Abuja",2026-06-01 11:09:47
3 bedroom terraced duplex for rent,"₦10,000,000","Jahi, Abuja",2026-06-01 11:09:47
1 bedroom mini flat (room and parlour) for rent,"₦1,600,000","Arab Road, Kubwa, Abuja",2026-06-01 11:09:47
3 bedroom detached bungalow for rent,"₦4,000,000","Arab Road, Kubwa, Abuja",2026-06-01 11:09:47
1 bedroom house for rent,"₦2,000,000","Chikakore, Kubwa, Abuja",2026-06-01 11:09:47
3 bedroom flat / apartment for rent,"₦4,000,000","Mabushi, Abuja",2026-06-01 11:09:47
3 bedroom semi-detached duplex for rent,"₦10,000,000","Apo, Abuja",2026-06-01 11:09:47
2 bedroom flat / apartment for rent,"₦4,500,000","News Engineering, Dawaki, Gwarinpa, Abuja",2026-06-01 11:09:47
3 bedroom flat / apartment for rent,"₦40,000,000","Maitama Main, Maitama District, Abuja",2026-06-01 11:09:47
3 bedroom terraced duplex for rent,"₦10,000,000","Jahi, Abuja",2026-06-01 11:09:47
3 bedroom terraced duplex for rent,"₦25,000,000","Zone 2, Wuse, Abuja",2026-06-01 11:09:47
5 bedroom terraced duplex for rent,"₦25,000,000","Guzape District, Abuja",2026-06-01 11:09:47
5 bedroom semi-detached duplex for rent,"₦30,000,000","Guzape District, Abuja",2026-06-01 11:09:47
2 bedroom flat / apartment for rent,"₦6,000,000","Garki, Abuja",2026-06-01 11:09:47
Plaza / complex / mall for rent,"₦7,500,000","Main, Gwarinpa, Abuja",2026-06-01 11:09:47
Conference / meeting / training room for rent,"₦200,000","Kumasi Crescent, Wuse 2, Abuja",2026-06-01 11:09:55
5 bedroom semi-detached duplex for rent,"₦25,000,000","Guzape District, Abuja",2026-06-01 11:09:55
3 bedroom flat / apartment for rent,"₦11,000,000","Katampe (Main), Katampe, Abuja",2026-06-01 11:09:55
2 bedroom flat / apartment for rent,"₦4,500,000","Nut Axis, Lugbe District, Abuja",2026-06-01 11:09:55
2 bedroom semi-detached bungalow for rent,"₦5,000,000","Apo, Abuja",2026-06-01 11:09:55
4 bedroom terraced duplex for rent,"₦8,000,000","Kaura, Abuja",2026-06-01 11:09:55
4 bedroom terraced duplex for rent,"₦18,000,000","Katampe Extension, Katampe, Abuja",2026-06-01 11:09:55
3 bedroom flat / apartment for rent,"₦5,000,000","Kaura, Abuja",2026-06-01 11:09:55
5 bedroom semi-detached duplex for rent,"₦25,000,000","Guzape District, Abuja",2026-06-01 11:09:55
18 bedroom hotel / guest house for rent,"₦30,000,000","Zone 2, Wuse, Abuja",2026-06-01 11:09:55
3 bedroom flat / apartment for rent,"₦8,000,000","Jahi, Abuja",2026-06-01 11:09:55
Plaza / complex / mall for rent,"₦80,000,000","Wuse 2, Abuja",2026-06-01 11:09:55
5 bedroom house for rent,"₦25,000,000","Guzape District, Abuja",2026-06-01 11:09:55
7 bedroom detached duplex for rent,"₦60,000,000","By Arab, Utako, Abuja",2026-06-01 11:09:55
3 bedroom flat / apartment for rent,"₦4,500,000","By Nizamiye Hospital, Karmo, Abuja",2026-06-01 11:09:55
3 bedroom flat / apartment for rent,"₦4,000,000","Mabushi, Abuja",2026-06-01 11:09:55
Plaza / complex / mall for rent,"₦15,000,000","Arab Road, Kubwa, Abuja",2026-06-01 11:09:55
3 bedroom flat / apartment for rent,"₦10,000,000","Wuye Main, Wuye, Abuja",2026-06-01 11:09:55
4 bedroom terraced duplex for rent,"₦28,000,000","Maitama Main, Maitama District, Abuja",2026-06-01 11:09:55
3 bedroom flat / apartment for rent,"₦6,500,000","Garki, Abuja",2026-06-01 11:09:55
3 bedroom flat / apartment for rent,"₦12,000,000","Jabi Main, Jabi, Abuja",2026-06-01 11:09:55
1 bedroom flat / apartment for rent,"₦9,000,000","Maitama District, Abuja",2026-06-01 11:10:05
1 bedroom flat / apartment for rent,"₦2,500,000","By Opp. Games Village, Kaura, Abuja",2026-06-01 11:10:05
3 bedroom flat / apartment for rent,"₦10,000,000","Wuye Main, Wuye, Abuja",2026-06-01 11:10:05
4 bedroom terraced duplex for rent,"₦10,000,000","Gwarinpa, Abuja",2026-06-01 11:10:05
5 bedroom terraced duplex for rent,"₦25,000,000","Wuse, Abuja",2026-06-01 11:10:05
7 bedroom detached duplex for rent,"₦55,000,000","Jabi Main, Jabi, Abuja",2026-06-01 11:10:05
32 bedroom hotel / guest house for rent,"₦80,000,000","Off Ademola Adetunkubo (tarred Rd), Wuse 2, Abuja",2026-06-01 11:10:05
4 bedroom terraced duplex for rent,"₦25,000,000","Maitama District, Abuja",2026-06-01 11:10:05
4 bedroom detached duplex for rent,"₦70,000,000","Guzape District, Abuja",2026-06-01 11:10:05
3 bedroom flat / apartment for rent,"₦9,000,000","Guzape District, Abuja",2026-06-01 11:10:05
Commercial property for rent,"₦200,000,000","Around Churchgate, Central Business District, Abuja",2026-06-01 11:10:05
5 bedroom detached duplex for rent,"₦90,000,000","Maitama District, Abuja",2026-06-01 11:10:05
3 bedroom flat / apartment for rent,"₦6,000,000","By Ebeano, Gaduwa, Abuja",2026-06-01 11:10:05
3 bedroom flat / apartment for rent,"$35,000","Maitama District, Abuja",2026-06-01 11:10:05
Self contain (single rooms) for rent,"₦2,500,000","Yah Wahab Estate Phase 2, Wuye, Abuja",2026-06-01 11:10:05
2 bedroom flat / apartment for rent,"₦3,000,000","Dawaki, Gwarinpa, Abuja",2026-06-01 11:10:05
5 bedroom terraced duplex for rent,"₦25,000,000","Wuse, Abuja",2026-06-01 11:10:05
2 bedroom flat / apartment for rent,"₦6,000,000","Wuye Main(tarred Rd), Wuye, Abuja",2026-06-01 11:10:05
3 bedroom flat / apartment for rent,"₦8,000,000","Off American International School, Durumi, Abuja",2026-06-01 11:10:05
3 bedroom semi-detached duplex for rent,"₦10,000,000","Apo, Abuja",2026-06-01 11:10:05
1 bedroom mini flat (room and parlour) for rent,"₦3,500,000","Brick City Estate Phase Ii, Kubwa, Abuja",2026-06-01 11:10:05
1 bedroom flat / apartment for rent,"₦9,000,000","Maitama District, Abuja",2026-06-01 11:10:13
1 bedroom mini flat (room and parlour) for rent,"₦8,000,000","Uptown Apartments, Katampe, Abuja",2026-06-01 11:10:13
1 bedroom mini flat (room and parlour) for rent,"₦4,500,000","Brick City Estate, Kubwa, Abuja",2026-06-01 11:10:13
Self contain (single rooms) for rent,"₦3,000,000","Works And Housing Estate, Karu, Abuja",2026-06-01 11:10:13
1 bedroom flat / apartment for rent,"₦4,500,000","Phase 3, Kubwa, Abuja",2026-06-01 11:10:13
1 bedroom mini flat (room and parlour) for rent,"₦3,500,000","Brick City Estate, Kubwa, Abuja",2026-06-01 11:10:13
2 bedroom house for rent,"₦10,000,000","Lugbe District, Abuja",2026-06-01 11:10:13
1 bedroom mini flat (room and parlour) for rent,"₦2,500,000","Lugbe District, Abuja",2026-06-01 11:10:13
3 bedroom flat / apartment for rent,"₦11,000,000","Katampe, Katampe, Abuja",2026-06-01 11:10:13
3 bedroom flat / apartment for rent,"₦7,000,000","Katampe (Main), Katampe, Abuja",2026-06-01 11:10:13
3 bedroom flat / apartment for rent,"₦11,000,000","Katampe, Abuja",2026-06-01 11:10:13
1 bedroom mini flat (room and parlour) for rent,"₦6,000,000","By Capital Hub, Mabushi, Abuja",2026-06-01 11:10:13
4 bedroom terraced duplex for rent,"₦9,000,000","Extension Mpape, Maitama 2, Maitama District, Abuja",2026-06-01 11:10:13
5 bedroom detached duplex for rent,"₦60,000,000","Asokoro District, Abuja",2026-06-01 11:10:13
3 bedroom flat / apartment for rent,"₦7,000,000","By American International, Durumi, Abuja",2026-06-01 11:10:13
3 bedroom flat / apartment for rent,"₦6,000,000","News Engineering, Dawaki, Gwarinpa, Abuja",2026-06-01 11:10:13
4 bedroom terraced duplex for rent,"₦13,000,000","By Lifecamp Junction., Life Camp, Abuja",2026-06-01 11:10:13
2 bedroom flat / apartment for rent,"₦6,000,000","Main, Wuye, Abuja",2026-06-01 11:10:13
3 bedroom flat / apartment for rent,"₦10,000,000","By Gilmore, Jahi, Abuja",2026-06-01 11:10:13
2 bedroom flat / apartment for rent,"₦3,500,000","Idu Industrial, Abuja",2026-06-01 11:10:13
3 bedroom house for rent,"$30,000","Asokoro Main, Asokoro District, Abuja",2026-06-01 11:10:13
Conference / meeting / training room for rent,"₦200,000","Kumasi Crescent, Wuse 2, Abuja",2026-06-01 11:10:18
5 bedroom flat / apartment for rent,"₦35,000,000","Kado, Abuja",2026-06-01 11:10:18
5 bedroom detached duplex for rent,"₦75,000,000","Maitama District, Abuja",2026-06-01 11:10:18
4 bedroom terraced duplex for rent,"₦20,000,000","3rd Avenue, Gwarinpa, Abuja",2026-06-01 11:10:18
Plaza / complex / mall for rent,"₦2,500,000","Area 2, Garki, Abuja",2026-06-01 11:10:18
4 bedroom terraced duplex for rent,"₦10,000,000","Rockvale Manor Estate, After  Cedarcrest Hospital, Gudu, Abuja",2026-06-01 11:10:18
3 bedroom house for rent,"₦15,000,000","Foreign Affairs Qautars, Maitama District, Abuja",2026-06-01 11:10:18
5 bedroom house for rent,"₦3,500,000","Arab Road, Kubwa, Abuja",2026-06-01 11:10:18
Plaza / complex / mall for rent,"₦16,500,000","Gwarinpa, Abuja",2026-06-01 11:10:18
Office space for rent,"₦150,000","Zone 5, Wuse, Abuja",2026-06-01 11:10:18
2 bedroom flat / apartment for rent,"₦3,500,000","FO1 Layout, Kubwa, Abuja",2026-06-01 11:10:18
2 bedroom flat / apartment for rent,"₦3,500,000","FO1 Layout, Kubwa, Abuja",2026-06-01 11:10:18
2 bedroom flat / apartment for rent,"₦3,500,000","Kubwa, Abuja",2026-06-01 11:10:18
4 bedroom terraced duplex for rent,"₦18,000,000","Jahi, Abuja",2026-06-01 11:10:18
3 bedroom semi-detached duplex for rent,"₦10,000,000","Apo, Abuja",2026-06-01 11:10:18
2 bedroom flat / apartment for rent,"₦4,000,000","Dawaki, Gwarinpa, Abuja",2026-06-01 11:10:18
Office space for rent,"₦30,000,000","4th Avenue Main Express Busy Road, Gwarinpa, Abuja",2026-06-01 11:10:18
Office space for rent,"₦12,500,000","69 Road, Gwarinpa, Abuja",2026-06-01 11:10:18
1 bedroom flat / apartment for rent,"₦3,200,000","Dawaki, Gwarinpa, Abuja",2026-06-01 11:10:18
Plaza / complex / mall for rent,"₦2,880,000","Jabi, Abuja",2026-06-01 11:10:18
2 bedroom flat / apartment for rent,"₦4,500,000","Katampe, Abuja",2026-06-01 11:10:18
Conference / meeting / training room for rent,"₦200,000","Kumasi Crescent, Wuse 2, Abuja",2026-06-01 11:10:24
Self contain (single rooms) for rent,"₦1,500,000","Life Camp, Abuja",2026-06-01 11:10:24
1 bedroom flat / apartment for rent,"₦3,000,000","News Engineering, Dawaki, Gwarinpa, Abuja",2026-06-01 11:10:24
2 bedroom flat / apartment for rent,"₦4,000,000","News Engineering, Dawaki, Gwarinpa, Abuja",2026-06-01 11:10:24
4 bedroom detached duplex for rent,"₦35,000,000","Kado By Mfm, Mabushi, Abuja",2026-06-01 11:10:24
3 bedroom flat / apartment for rent,"₦8,000,000","Kaura, Abuja",2026-06-01 11:10:24
2 bedroom flat / apartment for rent,"₦7,000,000","Kaura, Abuja",2026-06-01 11:10:24
3 bedroom flat / apartment for rent,"₦10,000,000","Jahi, Abuja",2026-06-01 11:10:24
2 bedroom flat / apartment for rent,"₦8,000,000","Jahi, Abuja",2026-06-01 11:10:24
3 bedroom flat / apartment for rent,"₦10,000,000","Jahi, Abuja",2026-06-01 11:10:24
3 bedroom flat / apartment for rent,"₦11,000,000","Wuye, Abuja",2026-06-01 11:10:24
Office space for rent,"₦300,000,000","Cbd, Central Business District, Abuja",2026-06-01 11:10:24
Office space for rent,"₦360,000,000","Area 11, Garki, Abuja",2026-06-01 11:10:24
4 bedroom terraced duplex for rent,"₦10,000,000","Apo, Abuja",2026-06-01 11:10:24
Office space for rent,"₦25,000,000","Wuse 2, Abuja",2026-06-01 11:10:24
3 bedroom flat / apartment for rent,"₦15,000,000","No. 16 Oladipo, Jahi, Abuja",2026-06-01 11:10:24
3 bedroom flat / apartment for rent,"₦18,000,000","Oladapo Afolabi Crescent, Jahi, Abuja",2026-06-01 11:10:24
4 bedroom flat / apartment for rent,"₦40,000,000","Katampe Extension, Katampe, Abuja",2026-06-01 11:10:24
3 bedroom flat / apartment for rent,"₦8,000,000","Katampe (Main), Katampe, Abuja",2026-06-01 11:10:24
Commercial property for rent,"₦80,000,000","Maitama District, Abuja",2026-06-01 11:10:24
4 bedroom terraced duplex for rent,"₦8,000,000","Galadimawa, Abuja",2026-06-01 11:10:24
Conference / meeting / training room for rent,"₦200,000","Kumasi Crescent, Wuse 2, Abuja",2026-06-01 11:10:32
4 bedroom semi-detached duplex for rent,"₦40,000,000","Maitama District, Abuja",2026-06-01 11:10:32
2 bedroom terraced duplex for rent,"₦13,000,000","Katampe (Main), Katampe, Abuja",2026-06-01 11:10:32
2 bedroom flat / apartment for rent,"₦8,000,000","Katampe (Main), Katampe, Abuja",2026-06-01 11:10:32
3 bedroom flat / apartment for rent,"₦11,000,000","By Living Faith, Katampe (Main), Katampe, Abuja",2026-06-01 11:10:32
1 bedroom mini flat (room and parlour) for rent,"₦1,100,000","G.r.a Gbessa Opposite Immigration Hq, Sauka Airport Road, Kyami, Abuja",2026-06-01 11:10:32
3 bedroom flat / apartment for rent,"₦6,500,000","Area 1 Axis., Durumi, Abuja",2026-06-01 11:10:32
3 bedroom flat / apartment for rent,"₦30,000,000","By Shoprite, Jabi, Abuja",2026-06-01 11:10:32
1 bedroom flat / apartment for rent,"₦4,000,000","News Engineering, Dawaki, Gwarinpa, Abuja",2026-06-01 11:10:32
Office space for rent,"₦6,000,000","Gaduwa, Abuja",2026-06-01 11:10:32
Self contain (single rooms) for rent,"₦1,500,000","News Engineering, Dawaki, Gwarinpa, Abuja",2026-06-01 11:10:32
Office space for rent,"₦6,000,000","Gaduwa, Abuja",2026-06-01 11:10:32
6 bedroom detached duplex for rent,"₦25,000,000","Jabi, Abuja",2026-06-01 11:10:32
3 bedroom flat / apartment for rent,"₦5,500,000","Gaduwa, Abuja",2026-06-01 11:10:32
3 bedroom flat / apartment for rent,"₦7,000,000","Gudu, Abuja",2026-06-01 11:10:32
1 bedroom flat / apartment for rent,"₦2,500,000","Galadimawa, Abuja",2026-06-01 11:10:32
Office space for rent,"₦15,477,600","Wuse 2, Abuja",2026-06-01 11:10:32
1 bedroom flat / apartment for rent,"₦3,000,000","Dawaki District, Dawaki, Gwarinpa, Abuja",2026-06-01 11:10:32
3 bedroom semi-detached duplex for rent,"₦10,000,000","Apo, Abuja",2026-06-01 11:10:32
2 bedroom flat / apartment for rent,"₦3,000,000","Dawaki District, Dawaki, Gwarinpa, Abuja",2026-06-01 11:10:32
4 bedroom semi-detached duplex for rent,"₦25,000,000","Life Camp, Abuja",2026-06-01 11:10:32
1 bedroom flat / apartment for rent,"₦6,000,000","Maitama District, Abuja",2026-06-01 11:10:41
4 bedroom terraced duplex for rent,"₦40,000,000","Maitama District, Abuja",2026-06-01 11:10:41
Office space for rent,"₦400,000,000","Area 11, Garki, Abuja",2026-06-01 11:10:41
3 bedroom flat / apartment for rent,"₦7,000,000","Along Lokogoma Road, Gaduwa, Abuja",2026-06-01 11:10:41
3 bedroom semi-detached duplex for rent,"₦10,000,000","By Ceder Crest Hospital, Apo, Abuja",2026-06-01 11:10:41
5 bedroom detached duplex for rent,"₦12,000,000","Gaduwa, Abuja",2026-06-01 11:10:41
4 bedroom detached duplex for rent,"₦11,000,000","Gaduwa, Abuja",2026-06-01 11:10:41
1 bedroom mini flat (room and parlour) for rent,"₦2,500,000","Lokogoma District, Abuja",2026-06-01 11:10:41
4 bedroom terraced duplex for rent,"₦3,000,000","Guzape District, Abuja",2026-06-01 11:10:41
3 bedroom terraced duplex for rent,"₦10,000,000","Apo, Abuja",2026-06-01 11:10:41
4 bedroom detached duplex for rent,"₦7,000,000","Von Axis, Lugbe District, Abuja",2026-06-01 11:10:41
Self contain (single rooms) for rent,"₦1,500,000","Von Axis, Lugbe District, Abuja",2026-06-01 11:10:41
Shop for rent,"₦7,000,000","On Ademola Adetokumbo, Wuse 2, Abuja",2026-06-01 11:10:41
4 bedroom detached duplex for rent,"₦15,000,000,000","Life Camp, Abuja",2026-06-01 11:10:41
3 bedroom flat / apartment for rent,"₦6,500,000","Jahi, Abuja",2026-06-01 11:10:41
3 bedroom flat / apartment for rent,"₦18,000,000","Zone 6, Wuse, Abuja",2026-06-01 11:10:41
2 bedroom flat / apartment for rent,"₦20,000,000","Wuse 2, Abuja",2026-06-01 11:10:41
Warehouse for rent,"₦70,000","Gudu, Abuja",2026-06-01 11:10:41
4 bedroom terraced duplex for rent,"₦10,000,000","By Gaat School, Gaduwa, Abuja",2026-06-01 11:10:41
Warehouse for rent,"₦25,000,000","Dei Dei Expressway, Dei-Dei, Abuja",2026-06-01 11:10:41
3 bedroom flat / apartment for rent,"₦25,000,000","Maitama District, Abuja",2026-06-01 11:10:41
1 bedroom flat / apartment for rent,"₦9,000,000","Maitama District, Abuja",2026-06-01 11:10:45
3 bedroom semi-detached duplex for rent,"₦10,000,000","Apo, Abuja",2026-06-01 11:10:45
3 bedroom flat / apartment for rent,"₦10,000,000","Zone 6, Wuse, Abuja",2026-06-01 11:10:45
3 bedroom flat / apartment for rent,"₦40,000,000","Around British Village, Wuse 2, Abuja",2026-06-01 11:10:45
3 bedroom flat / apartment for rent,"₦6,000,000","Area 2, Garki, Abuja",2026-06-01 11:10:45
Office space for rent,"₦5,000,000","Gana Street, Maitama District, Abuja",2026-06-01 11:10:45
2 bedroom flat / apartment for rent,"₦25,000,000","By Shoprite, Jabi, Abuja",2026-06-01 11:10:45
3 bedroom terraced duplex for rent,"₦25,000,000","Off Mississippi, Maitama District, Abuja",2026-06-01 11:10:45
2 bedroom flat / apartment for rent,"₦7,000,000","By Nut Axis, Lugbe District, Abuja",2026-06-01 11:10:45
Office space for rent,"₦35,000,000","Wuse Zone, Wuse, Abuja",2026-06-01 11:10:45
4 bedroom house for rent,"₦9,000,000","Apo, Abuja",2026-06-01 11:10:45
4 bedroom terraced duplex for rent,"₦20,000,000","Jabi, Abuja",2026-06-01 11:10:45
4 bedroom terraced duplex for rent,"₦40,000,000","Lakeview, Jabi, Abuja",2026-06-01 11:10:45
2 bedroom flat / apartment for rent,"₦25,000,000","Wuye, Abuja",2026-06-01 11:10:45
4 bedroom terraced duplex for rent,"₦37,000,000","Wuye, Abuja",2026-06-01 11:10:45
3 bedroom semi-detached duplex for rent,"₦10,000,000","Apo, Abuja",2026-06-01 11:10:45
Commercial property for rent,"₦35,000,000","Jabi, Abuja",2026-06-01 11:10:45
Commercial property for rent,"₦80,000,000","Wuse 2, Abuja",2026-06-01 11:10:45
2 bedroom terraced duplex for rent,"₦9,000,000","Guzape District, Abuja",2026-06-01 11:10:45
4 bedroom terraced duplex for rent,"₦15,000,000","Mabushi, Abuja",2026-06-01 11:10:45
3 bedroom flat / apartment for rent,"₦25,000,000","Off Ibb Boulevard, Maitama District, Abuja",2026-06-01 11:10:45
1 bedroom flat / apartment for rent,"₦9,000,000","Maitama District, Abuja",2026-06-01 11:10:52
3 bedroom flat / apartment for rent,"₦25,000,000","Aso-drive, Maitama District, Abuja",2026-06-01 11:10:52
4 bedroom semi-detached duplex for rent,"₦27,000,000","Asokoro District, Abuja",2026-06-01 11:10:52
3 bedroom flat / apartment for rent,"₦7,000,000","Kado, Abuja",2026-06-01 11:10:52
1 bedroom mini flat (room and parlour) for rent,"₦1,500,000","Kubwa, Abuja",2026-06-01 11:10:52
3 bedroom flat / apartment for rent,"₦7,000,000","Durumi, Abuja",2026-06-01 11:10:52
3 bedroom flat / apartment for rent,"₦6,500,000","Main, Guzape District, Abuja",2026-06-01 11:10:52
1 bedroom mini flat (room and parlour) for rent,"₦2,500,000","Galadimawa, Abuja",2026-06-01 11:10:52
3 bedroom flat / apartment for rent,"₦6,000,000","Life Camp, Abuja",2026-06-01 11:10:52
4 bedroom terraced duplex for rent,"₦25,000,000","Guzape District, Abuja",2026-06-01 11:10:52
2 bedroom flat / apartment for rent,"₦17,000,000","Utako, Abuja",2026-06-01 11:10:52
2 bedroom flat / apartment for rent,"₦6,500,000","Wuye, Abuja",2026-06-01 11:10:52
6 bedroom detached duplex for rent,"₦35,000,000","Katampe, Abuja",2026-06-01 11:10:52
4 bedroom terraced duplex for rent,"₦17,000,000","Guzape District, Abuja",2026-06-01 11:10:52
4 bedroom terraced duplex for rent,"₦15,000,000","Guzape, Guzape District, Abuja",2026-06-01 11:10:52
2 bedroom flat / apartment for rent,"₦6,000,000","By Old Secret, Area 1, Garki, Abuja",2026-06-01 11:10:52
3 bedroom flat / apartment for rent,"₦8,500,000","Bilard Estate, Life Camp, Abuja",2026-06-01 11:10:52
Office space for rent,"₦50,000","Off Gudu Electronic Market, Gudu, Abuja",2026-06-01 11:10:52
3 bedroom terraced duplex for rent,"₦15,000,000","Guzape, Guzape District, Abuja",2026-06-01 11:10:52
4 bedroom terraced duplex for rent,"₦16,000,000","Jabi, Abuja",2026-06-01 11:10:52
Conference / meeting / training room for rent,"₦100,000","Kumasi Crescent, Wuse 2, Abuja",2026-06-01 11:10:52
1 bedroom flat / apartment for rent,"₦6,000,000","Maitama District, Abuja",2026-06-01 11:10:58
1 bedroom flat / apartment for rent,"₦9,000,000","Maitama District, Abuja",2026-06-01 11:10:58
2 bedroom flat / apartment for rent,"₦4,500,000","Nizamiya Hospital Axis, Idu Industrial, Abuja",2026-06-01 11:10:58
4 bedroom semi-detached duplex for rent,"₦9,000,000","River Park Estate Cluster 3, Lugbe District, Abuja",2026-06-01 11:10:58
4 bedroom terraced duplex for rent,"₦30,000,000","Guzape District, Abuja",2026-06-01 11:10:58
3 bedroom flat / apartment for rent,"₦10,000,000","Jahi, Abuja",2026-06-01 11:10:58
3 bedroom terraced duplex for rent,"₦11,000,000","Jabi, Abuja",2026-06-01 11:10:58
4 bedroom semi-detached duplex for rent,"₦9,000,000","Riverpark Estate, Lugbe District, Abuja",2026-06-01 11:10:58
Plaza / complex / mall for rent,"₦7,000,000","Wuse 2, Abuja",2026-06-01 11:10:58
3 bedroom flat / apartment for rent,"₦14,000,000","Kukwaba, Abuja",2026-06-01 11:10:58
1 bedroom flat / apartment for rent,"₦2,500,000","Lugbe District, Abuja",2026-06-01 11:10:58
3 bedroom flat / apartment for rent,"₦20,000,000","Garki, Abuja",2026-06-01 11:10:58
5 bedroom house for rent,"₦25,000,000","Guzape District, Abuja",2026-06-01 11:10:58
5 bedroom semi-detached duplex for rent,"₦60,000,000","Asokoro District, Abuja",2026-06-01 11:10:58
4 bedroom detached duplex for rent,"₦15,000,000","Life Camp, Abuja",2026-06-01 11:10:58
4 bedroom terraced duplex for rent,"₦30,000,000","Guzape District, Abuja",2026-06-01 11:10:58
2 bedroom flat / apartment for rent,"₦4,500,000","Kubwa Extension, FO1 Layout, Kubwa, Abuja",2026-06-01 11:10:58
2 bedroom flat / apartment for rent,"₦6,000,000","Galadimawa, Abuja",2026-06-01 11:10:58
5 bedroom detached duplex for rent,"₦50,000,000","Maitama District, Abuja",2026-06-01 11:10:58
2 bedroom flat / apartment for rent,"₦8,000,000","Jahi, Abuja",2026-06-01 11:10:58
3 bedroom flat / apartment for rent,"₦10,000,000","Jahi, Abuja",2026-06-01 11:10:58
1 bedroom flat / apartment for rent,"₦9,000,000","Maitama District, Abuja",2026-06-01 11:11:06
Self contain (single rooms) for rent,"₦1,000,000","6th Avenue, Gwarinpa, Abuja",2026-06-01 11:11:06
1 bedroom mini flat (room and parlour) for rent,"₦7,500,000","Garki, Abuja",2026-06-01 11:11:06
Office space for rent,"₦94,050,000","Gudu, Abuja",2026-06-01 11:11:06
3 bedroom semi-detached duplex for rent,"₦10,000,000","Apo, Abuja",2026-06-01 11:11:06
4 bedroom flat / apartment for rent,"₦7,000,000","FO1 Layout, Kubwa, Abuja",2026-06-01 11:11:06
3 bedroom flat / apartment for rent,"₦7,000,000","Durumi, Abuja",2026-06-01 11:11:06
4 bedroom terraced duplex for rent,"₦20,000,000","Jabi, Abuja",2026-06-01 11:11:06
2 bedroom flat / apartment for rent,"₦7,000,000","Diplomatic Zone, Katampe Extension, Katampe, Abuja",2026-06-01 11:11:06
3 bedroom semi-detached duplex for rent,"₦10,000,000","Apo, Abuja",2026-06-01 11:11:06
5 bedroom detached duplex for rent,"₦30,000,000","Mabushi, Abuja",2026-06-01 11:11:06
3 bedroom house for rent,"₦12,000,000","Mabushi, Abuja",2026-06-01 11:11:06
2 bedroom flat / apartment for rent,"₦8,000,000","Mabushi, Abuja",2026-06-01 11:11:06
4 bedroom detached duplex for rent,"₦12,000,000","Cluster 4, River Park Estate Airport Road, Lugbe District, Abuja",2026-06-01 11:11:06
4 bedroom semi-detached duplex for rent,"₦12,000,000","Garki, Abuja",2026-06-01 11:11:06
1 bedroom flat / apartment for rent,"₦4,000,000","Durumi, Durumi, Abuja",2026-06-01 11:11:06
3 bedroom flat / apartment for rent,"₦6,000,000","Area 2, Garki, Abuja",2026-06-01 11:11:06
3 bedroom flat / apartment for rent,"₦10,000,000","Gilmore, Jahi, Abuja",2026-06-01 11:11:06
2 bedroom flat / apartment for rent,"₦8,000,000","Diplomatic Zone., Katampe Extension, Katampe, Abuja",2026-06-01 11:11:06
2 bedroom house for rent,"₦26,000,000","Wuye, Abuja",2026-06-01 11:11:06
2 bedroom house for rent,"₦3,000,000","Wuye, Abuja",2026-06-01 11:11:06
1 bedroom flat / apartment for rent,"₦6,000,000","Maitama District, Abuja",2026-06-01 11:11:14
2 bedroom house for rent,"₦3,000,000","Wuye, Abuja",2026-06-01 11:11:14
5 bedroom detached duplex for rent,"₦35,000,000","Guzape District, Abuja",2026-06-01 11:11:14
2 bedroom house for rent,"₦3,000,000","Wuye, Abuja",2026-06-01 11:11:14
3 bedroom flat / apartment for rent,"₦40,000,000","Maitama District, Abuja",2026-06-01 11:11:14
Self contain (single rooms) for rent,"₦600,000","Guidna Opposite Nysc Junction Off Kubwa Express Way, Kubwa, Abuja",2026-06-01 11:11:14
7 bedroom detached duplex for rent,"₦120,000,000","Maitama District, Abuja",2026-06-01 11:11:14
5 bedroom detached duplex for rent,"₦20,000,000","Gillmore, Jahi, Abuja",2026-06-01 11:11:14
5 bedroom detached duplex for rent,"₦20,000,000","By American International School, Durumi, Abuja",2026-06-01 11:11:14
3 bedroom terraced duplex for rent,"₦10,000,000","Gaduwa, Abuja",2026-06-01 11:11:14
3 bedroom flat / apartment for rent,"₦7,000,000","Gudu, Abuja",2026-06-01 11:11:14
4 bedroom terraced duplex for rent,"₦30,000,000","Guzape District, Abuja",2026-06-01 11:11:14
2 bedroom flat / apartment for rent,"₦4,500,000","Nnpc Estate, Life Camp, Abuja",2026-06-01 11:11:14
3 bedroom terraced duplex for rent,"₦10,000,000","Apo, Abuja",2026-06-01 11:11:14
4 bedroom terraced duplex for rent,"₦17,000,000","Katampe Extension, Katampe, Abuja",2026-06-01 11:11:14
3 bedroom flat / apartment for rent,"$25,000","Jabi, Abuja",2026-06-01 11:11:14
5 bedroom detached duplex for rent,"₦50,000,000","Asokoro District, Abuja",2026-06-01 11:11:14
4 bedroom semi-detached duplex for rent,"₦6,000,000","Kool Street, Galadimawa, Abuja",2026-06-01 11:11:14
3 bedroom flat / apartment for rent,"₦25,000,000","Jahi, Abuja",2026-06-01 11:11:14
2 bedroom flat / apartment for rent,"₦4,500,000","Associated Estate, Karmo, Abuja",2026-06-01 11:11:14
1 bedroom flat / apartment for rent,"₦4,000,000","Nice Location At Mabushi By Vio, Mabushi, Abuja",2026-06-01 11:11:14
1 bedroom flat / apartment for rent,"₦6,000,000","Maitama District, Abuja",2026-06-01 11:11:20
3 bedroom semi-detached duplex for rent,"₦10,000,000","Apo, Abuja",2026-06-01 11:11:20
3 bedroom terraced duplex for rent,"₦10,000,000","Apo Abuja, Apo, Abuja",2026-06-01 11:11:20
9 bedroom detached duplex for rent,"₦20,000,000","By American School, Garki, Abuja",2026-06-01 11:11:20
Self contain (single rooms) for rent,"₦2,500,000","By Arab( Fully Tarred), Utako, Abuja",2026-06-01 11:11:20
4 bedroom house for rent,"₦13,000,000","Guzape District, Abuja",2026-06-01 11:11:20
2 bedroom flat / apartment for rent,"₦7,000,000","By Shafa( Fully Tarred Rd), Wuse, Abuja",2026-06-01 11:11:20
Self contain (single rooms) for rent,"₦3,000,000","69 Road, Gwarinpa, Abuja",2026-06-01 11:11:20
3 bedroom terraced duplex for rent,"₦10,000,000","By Gudu Junction, Close To Ceedercrest Hospital., Apo, Abuja",2026-06-01 11:11:20
3 bedroom semi-detached duplex for rent,"₦10,000,000","By Cedar Crest, Apo, Abuja",2026-06-01 11:11:20
3 bedroom semi-detached duplex for rent,"₦10,000,000","Apo, Abuja",2026-06-01 11:11:20
5 bedroom detached duplex for rent,"₦12,000,000","Gaduwa, Abuja",2026-06-01 11:11:20
3 bedroom terraced duplex for rent,"₦10,000,000","Apo-dutse By Amina Court, Apo, Abuja",2026-06-01 11:11:20
3 bedroom flat / apartment for rent,"₦6,500,000","Enl Estate, Guzape District, Abuja",2026-06-01 11:11:20
Self contain (single rooms) for rent,"₦1,750,000","Guzape District, Abuja",2026-06-01 11:11:20
3 bedroom detached bungalow for rent,"₦7,000,000","Galadimawa, Abuja",2026-06-01 11:11:20
Self contain (single rooms) for rent,"₦1,200,000","Apo Primary Super Cell Estate, Apo, Abuja",2026-06-01 11:11:20
Self contain (single rooms) for rent,"₦700,000","Lugbe District, Abuja",2026-06-01 11:11:20
Self contain (single rooms) for rent,"₦1,200,000","Super Cell Estate, Apo, Abuja",2026-06-01 11:11:20
Office space for rent,"₦40,000,000","Close To Aa Rano Filling Station, Utako, Abuja",2026-06-01 11:11:20
5 bedroom detached duplex for rent,"₦30,000,000","Close To Vio, Mabushi, Abuja",2026-06-01 11:11:20
1 bedroom flat / apartment for rent,"₦6,000,000","Maitama District, Abuja",2026-06-01 11:11:27
3 bedroom terraced duplex for rent,"₦10,000,000","Near Cedar Crest Hospital, Apo, Abuja",2026-06-01 11:11:27
3 bedroom semi-detached bungalow for rent,"₦6,000,000","Favour Land Estate, Life Camp, Abuja",2026-06-01 11:11:27
3 bedroom terraced duplex for rent,"₦10,000,000","Apo, Abuja",2026-06-01 11:11:27
2 bedroom flat / apartment for rent,"₦4,000,000","Mike Street, Galadimawa, Abuja",2026-06-01 11:11:27
1 bedroom mini flat (room and parlour) for rent,"₦2,500,000","Dinners Street, Galadimawa, Abuja",2026-06-01 11:11:27
2 bedroom flat / apartment for rent,"₦25,000,000","Wuse, Abuja",2026-06-01 11:11:27
4 bedroom terraced duplex for rent,"₦15,000,000","Kado, Abuja",2026-06-01 11:11:27
5 bedroom terraced duplex for rent,"₦25,000,000","Wuse Zone, Wuse, Abuja",2026-06-01 11:11:27
4 bedroom house for rent,"₦25,000,000","Bilard Estate, Life Camp, Abuja",2026-06-01 11:11:27
3 bedroom flat / apartment for rent,"₦7,000,000","Mabushi, Abuja",2026-06-01 11:11:27
3 bedroom terraced duplex for rent,"₦15,000,000","Gilmor, Jahi, Abuja",2026-06-01 11:11:27
3 bedroom flat / apartment for rent,"₦10,000,000","Jahi, Abuja",2026-06-01 11:11:27
3 bedroom detached bungalow for rent,"₦9,000,000","Galadimawa, Abuja",2026-06-01 11:11:27
5 bedroom terraced duplex for rent,"₦25,000,000","Wuse 2, Abuja",2026-06-01 11:11:27
2 bedroom semi-detached bungalow for rent,"₦5,000,000","Centage Estate Apo Close To Cedacrest Hospital, Apo, Abuja",2026-06-01 11:11:27
Self contain (single rooms) for rent,"₦3,000,000","Federal Ministry Of Works And Housing Estate, Karu Phase I, Karu, Abuja",2026-06-01 11:11:27
2 bedroom flat / apartment for rent,"₦8,000,000","Life Camp, Abuja",2026-06-01 11:11:27
3 bedroom terraced duplex for rent,"₦10,000,000","Apo, Abuja",2026-06-01 11:11:27
4 bedroom terraced duplex for rent,"₦7,500,000","By Brains And Hammers Estate, Galadimawa, Abuja",2026-06-01 11:11:27
2 bedroom flat / apartment for rent,"₦16,000,000","Jahi District, Jahi, Abuja",2026-06-01 11:11:27
Conference / meeting / training room for rent,"₦200,000","Kumasi Crescent, Wuse 2, Abuja",2026-06-01 11:11:34
1 bedroom mini flat (room and parlour) for rent,"₦8,030,000","Gudu, Abuja",2026-06-01 11:11:34
4 bedroom flat / apartment for rent,"₦5,000,000","Gaduwa, Abuja",2026-06-01 11:11:34
4 bedroom detached duplex for rent,"₦25,000,000","Galadimawa, Abuja",2026-06-01 11:11:34
2 bedroom flat / apartment for rent,"₦6,000,000","Garki Area 11, Garki, Abuja",2026-06-01 11:11:34
3 bedroom flat / apartment for rent,"₦8,000,000","Asokoro, Asokoro District, Abuja",2026-06-01 11:11:34
8 bedroom detached duplex for rent,"₦65,000,000","Asokoro Main, Asokoro District, Abuja",2026-06-01 11:11:34
3 bedroom flat / apartment for rent,"₦15,000,000","Katampe, Abuja",2026-06-01 11:11:34
3 bedroom terraced duplex for rent,"₦10,000,000","Gaduwa, Abuja",2026-06-01 11:11:34
4 bedroom semi-detached duplex for rent,"₦18,000,000","Naf Estate, Asokoro District, Abuja",2026-06-01 11:11:34
1 bedroom flat / apartment for rent,"₦1,500,000","By Kabusa Gardens Estate Along Sunnyvale Junction Road., Lokogoma District, Abuja",2026-06-01 11:11:34
Self contain (single rooms) for rent,"₦500,000","Close To Kabusa Gardens Estate, Along Sunnyvale Junction Road, Lokogoma District, Abuja",2026-06-01 11:11:34
Self contain (single rooms) for rent,"₦450,000","Close To Kabusa Gardens Estate Along Sunnyvale Junction Road, Lokogoma District, Abuja",2026-06-01 11:11:34
8 bedroom detached duplex for rent,"₦65,000,000","Haile Selassi Street, Asokoro District, Abuja",2026-06-01 11:11:34
3 bedroom terraced duplex for rent,"₦10,000,000","Apo, Abuja",2026-06-01 11:11:34
2 bedroom flat / apartment for rent,"₦4,500,000","Idu Industrial, Abuja",2026-06-01 11:11:34
2 bedroom flat / apartment for rent,"₦8,000,000","Mabushi, Abuja",2026-06-01 11:11:34
3 bedroom flat / apartment for rent,"₦8,000,000","Wuse, Abuja",2026-06-01 11:11:34
5 bedroom detached duplex for rent,"₦70,000,000","Off Amazon, Maitama District, Abuja",2026-06-01 11:11:34
2 bedroom flat / apartment for rent,"₦6,000,000","Maitama District, Abuja",2026-06-01 11:11:34
4 bedroom terraced duplex for rent,"₦30,000,000","Maitama District, Abuja",2026-06-01 11:11:34
1 bedroom flat / apartment for rent,"₦9,000,000","Maitama District, Abuja",2026-06-01 11:11:42
5 bedroom detached duplex for rent,"₦60,000,000","Wuse 2, Abuja",2026-06-01 11:11:42
5 bedroom detached duplex for rent,"₦75,000,000","Maitama District, Abuja",2026-06-01 11:11:42
3 bedroom flat / apartment for rent,"₦8,000,000","Off Amino Kano Crescent, Wuse 2, Abuja",2026-06-01 11:11:42
3 bedroom flat / apartment for rent,"$35,000","Maitama District, Abuja",2026-06-01 11:11:42
Self contain (single rooms) for rent,"₦1,300,000","By Sahara 4, Lokogoma District, Abuja",2026-06-01 11:11:42
4 bedroom semi-detached duplex for rent,"₦8,500,000","Cluster 3, River Park Estate Airport Road Abuja, Lugbe District, Abuja",2026-06-01 11:11:42
2 bedroom flat / apartment for rent,"₦4,500,000","Close To Beger Yard Lifecamp, Abuja, Life Camp, Abuja",2026-06-01 11:11:42
3 bedroom flat / apartment for rent,"₦5,500,000","News Engineering, Dawaki, Gwarinpa, Abuja",2026-06-01 11:11:42
4 bedroom semi-detached duplex for rent,"₦40,000,000","Minister Hill, Maitama Abuja, Maitama District, Abuja",2026-06-01 11:11:42
6 bedroom detached duplex for rent,"₦35,000,000","Katampe  Extension, Katampe Extension, Katampe, Abuja",2026-06-01 11:11:42
2 bedroom flat / apartment for rent,"$30,000","Maitama District, Abuja",2026-06-01 11:11:42
Shop for rent,"₦8,000,000","Gwarinpa Estate, Gwarinpa, Abuja",2026-06-01 11:11:42
3 bedroom flat / apartment for rent,"₦6,500,000","Mabushi, Abuja",2026-06-01 11:11:42
4 bedroom terraced duplex for rent,"₦30,000,000","Jahi, Abuja",2026-06-01 11:11:42
6 bedroom detached duplex for rent,"₦60,000,000","Asokoro District, Abuja",2026-06-01 11:11:42
2 bedroom flat / apartment for rent,"₦9,000,000","Guzape District, Abuja",2026-06-01 11:11:42
5 bedroom detached duplex for rent,"₦30,000,000","Asokoro District, Abuja",2026-06-01 11:11:42
3 bedroom terraced duplex for rent,"₦10,000,000","Apo Abuja, Apo, Abuja",2026-06-01 11:11:42
5 bedroom detached duplex for rent,"₦20,000,000","Jabi, Abuja",2026-06-01 11:11:42
Office space for rent,"₦180,000","Wuse, Abuja",2026-06-01 11:11:42
1 bedroom flat / apartment for rent,"₦9,000,000","Maitama District, Abuja",2026-06-01 11:11:49
3 bedroom flat / apartment for rent,"₦6,000,000","Life Camp, Abuja",2026-06-01 11:11:49
4 bedroom detached duplex for rent,"₦35,000,000","Maitama District, Abuja",2026-06-01 11:11:49
5 bedroom detached duplex for rent,"₦50,000,000","Wuse 2, Abuja",2026-06-01 11:11:49
5 bedroom house for rent,"₦35,000,000","Wuye, Abuja",2026-06-01 11:11:49
Office space for rent,"₦15,000,000","Wuse 2, Abuja",2026-06-01 11:11:49
4 bedroom terraced duplex for rent,"₦70,000,000","Wuse 2, Abuja",2026-06-01 11:11:49
4 bedroom terraced duplex for rent,"₦7,000,000","Idu Industrial, Abuja",2026-06-01 11:11:49
Office space for rent,"₦20,000,000","Jabi, Abuja",2026-06-01 11:11:49
3 bedroom flat / apartment for rent,"₦15,000,000","Jahi, Abuja",2026-06-01 11:11:49
Office space for rent,"₦80,000,000","Area 11, Garki, Abuja",2026-06-01 11:11:49
4 bedroom terraced duplex for rent,"₦14,000,000","Guzape District, Abuja",2026-06-01 11:11:49
4 bedroom house for rent,"₦13,000,000","Citec Estate Extension, Mbora (Nbora), Abuja",2026-06-01 11:11:49
2 bedroom flat / apartment for rent,"₦5,000,000","Gwarinpa, Abuja",2026-06-01 11:11:49
3 bedroom flat / apartment for rent,"₦9,000,000","Katampe (Main), Katampe, Abuja",2026-06-01 11:11:49
2 bedroom flat / apartment for rent,"₦6,000,000","Gwarinpa, Abuja",2026-06-01 11:11:49
3 bedroom flat / apartment for rent,"₦8,000,000","Jabi, Abuja",2026-06-01 11:11:49
5 bedroom terraced duplex for rent,"₦20,000,000","Jabi, Abuja",2026-06-01 11:11:49
4 bedroom detached duplex for rent,"₦35,000,000","Kado, Abuja",2026-06-01 11:11:49
3 bedroom flat / apartment for rent,"₦7,000,000","Soji Adegoke Road, Katampe (Main), Katampe, Abuja",2026-06-01 11:11:49
5 bedroom semi-detached duplex for rent,"₦35,000,000","Zone 5, Wuse, Abuja",2026-06-01 11:11:49
Conference / meeting / training room for rent,"₦200,000","Kumasi Crescent, Wuse 2, Abuja",2026-06-01 11:11:57
5 bedroom detached duplex for rent,"₦70,000,000","Off Ty Danjuma, Asokoro District, Abuja",2026-06-01 11:11:57
3 bedroom flat / apartment for rent,"₦10,000,000","Jahi, Abuja",2026-06-01 11:11:57
3 bedroom house for rent,"₦15,000,000","Jabi, Abuja",2026-06-01 11:11:57
4 bedroom terraced duplex for rent,"₦15,000,000","Mabushi, Abuja",2026-06-01 11:11:57
1 bedroom mini flat (room and parlour) for rent,"₦6,000,000","Gaduwa, Abuja",2026-06-01 11:11:57
1 bedroom flat / apartment for rent,"₦6,000,000","Katampe (Main), Katampe, Abuja",2026-06-01 11:11:57
4 bedroom terraced duplex for rent,"₦30,000,000","Wuye District, Wuye, Abuja",2026-06-01 11:11:57
2 bedroom flat / apartment for rent,"₦6,000,000","Wuye, Abuja",2026-06-01 11:11:57
4 bedroom semi-detached duplex for rent,"₦15,000,000","Wuse 2, Abuja",2026-06-01 11:11:57
2 bedroom semi-detached bungalow for rent,"₦4,000,000","Along Voice Of Nigeria Road, Emmanuel Mbaka Boulevard, Airport Road, Lugbe District, Abuja",2026-06-01 11:11:57
Self contain (single rooms) for rent,"₦1,000,000","Lokogoma District, Abuja",2026-06-01 11:11:57
2 bedroom flat / apartment for rent,"₦25,000,000","Jabi, Abuja",2026-06-01 11:11:57
5 bedroom detached duplex for rent,"₦75,000,000","Maitama District, Abuja",2026-06-01 11:11:57
4 bedroom terraced duplex for rent,"₦25,000,000","Guzape District, Abuja",2026-06-01 11:11:57
4 bedroom terraced duplex for rent,"₦30,000,000","Guzape District, Abuja",2026-06-01 11:11:57
3 bedroom flat / apartment for rent,"₦16,000,000","Katampe, Katampe (Main), Katampe, Abuja",2026-06-01 11:11:57
1 bedroom mini flat (room and parlour) for rent,"₦1,600,000","Lokogoma District, Abuja",2026-06-01 11:11:57
Plaza / complex / mall for rent,"₦15,000,000","Wuse 2, Abuja",2026-06-01 11:11:57
4 bedroom semi-detached duplex for rent,"₦35,000,000","Wuse 2, Abuja",2026-06-01 11:11:57
2 bedroom flat / apartment for rent,"₦27,000,000","Garki, Abuja",2026-06-01 11:11:57
1 bedroom flat / apartment for rent,"₦9,000,000","Maitama District, Abuja",2026-06-01 11:12:06
2 bedroom flat / apartment for rent,"$35,000","Maitama District, Abuja",2026-06-01 11:12:06
5 bedroom detached duplex for rent,"₦75,000,000","Wuse 2, Abuja",2026-06-01 11:12:06
6 bedroom semi-detached duplex for rent,"₦50,000,000","Maitama Main, Maitama District, Abuja",2026-06-01 11:12:06
3 bedroom detached bungalow for rent,"₦7,000,000","By Lavista, Galadimawa, Abuja",2026-06-01 11:12:06
5 bedroom detached duplex for rent,"₦25,000,000","Mabushi, Abuja",2026-06-01 11:12:06
3 bedroom flat / apartment for rent,"₦8,000,000","Wuye District, Wuye, Abuja",2026-06-01 11:12:06
4 bedroom terraced duplex for rent,"₦30,000,000","Guzape District, Abuja",2026-06-01 11:12:06
4 bedroom flat / apartment for rent,"₦16,000,000","Unit 2, Abdulkareem Adisa Close, Guzape District, Abuja",2026-06-01 11:12:06
2 bedroom flat / apartment for rent,"₦6,500,000","Life Camp, Abuja",2026-06-01 11:12:06
5 bedroom detached duplex for rent,"₦50,000,000","Maitama District, Abuja",2026-06-01 11:12:06
5 bedroom detached duplex for rent,"₦20,000,000","Mabushi, Abuja",2026-06-01 11:12:06
1 bedroom mini flat (room and parlour) for rent,"₦19,500,000","Asokoro District, Abuja",2026-06-01 11:12:06
4 bedroom terraced duplex for rent,"₦15,000,000","Gudu, Abuja",2026-06-01 11:12:06
4 bedroom terraced duplex for rent,"₦40,000,000","Maitama Main, Maitama District, Abuja",2026-06-01 11:12:06
3 bedroom flat / apartment for rent,"₦4,500,000","By Mobil, Mabushi, Abuja",2026-06-01 11:12:06
2 bedroom flat / apartment for rent,"₦4,000,000","News Engineering Estate Dawaki, Gwarinpa, Abuja",2026-06-01 11:12:06
4 bedroom detached duplex for rent,"₦40,000,000","Maitama District, Abuja",2026-06-01 11:12:06
5 bedroom detached duplex for rent,"₦18,000,000","Godab Estate, Life Camp, Abuja",2026-06-01 11:12:06
2 bedroom flat / apartment for rent,"₦10,000,000","Guzape District, Abuja",2026-06-01 11:12:06
3 bedroom terraced duplex for rent,"₦65,000,000","Asokoro District, Abuja",2026-06-01 11:12:06
Conference / meeting / training room for rent,"₦200,000","Kumasi Crescent, Wuse 2, Abuja",2026-06-01 11:12:15
1 bedroom flat / apartment for rent,"₦6,000,000","Guzape District, Abuja",2026-06-01 11:12:15
4 bedroom detached duplex for rent,"₦45,000,000","Asokoro District, Abuja",2026-06-01 11:12:15
5 bedroom terraced duplex for rent,"₦15,000,000","Jahi Gilmore, Jahi, Abuja",2026-06-01 11:12:15
4 bedroom semi-detached duplex for rent,"₦8,000,000","Lokogoma District, Abuja",2026-06-01 11:12:15
5 bedroom semi-detached duplex for rent,"₦9,000,000","Close To Suncity, Lokogoma District, Abuja",2026-06-01 11:12:15
1 bedroom mini flat (room and parlour) for rent,"₦7,000,000","Katampe (Main), Katampe, Abuja",2026-06-01 11:12:15
Office space for rent,"₦4,000,000","Wuse 2, Abuja",2026-06-01 11:12:15
4 bedroom semi-detached duplex for rent,"₦7,000,000","Gwarinpa Extension, Gwarinpa, Abuja",2026-06-01 11:12:15
5 bedroom detached duplex for rent,"₦30,000,000","Asokoro By Iom, Asokoro District, Abuja",2026-06-01 11:12:15
4 bedroom terraced duplex for rent,"₦15,000,000","Guzape By Coza, Guzape District, Abuja",2026-06-01 11:12:15
3 bedroom house for rent,"₦12,000,000","Guzape By H Medix, Guzape District, Abuja",2026-06-01 11:12:15
Office space for rent,"₦292,000","Central Business District, Abuja",2026-06-01 11:12:15
2 bedroom flat / apartment for rent,"₦5,000,000","Off 1st Avenue, Gwarinpa, Abuja",2026-06-01 11:12:15
2 bedroom flat / apartment for rent,"₦8,000,000","Off Aminu Kano Crescent, Wuse 2, Abuja",2026-06-01 11:12:15
4 bedroom semi-detached duplex for rent,"₦7,000,000","Gwarinpa Extension, Gwarinpa, Abuja",2026-06-01 11:12:15
Office space for rent,"₦1,125,000,000","Zone 5, Wuse, Abuja",2026-06-01 11:12:15
4 bedroom terraced duplex for rent,"₦20,000,000","Legislative Zone E, Apo, Abuja",2026-06-01 11:12:15
Office space for rent,"₦150,000,000","Asokoro District, Abuja",2026-06-01 11:12:15
3 bedroom flat / apartment for rent,"₦12,000,000","Jahi, Abuja",2026-06-01 11:12:15
Plaza / complex / mall for rent,"₦12,000,000","Wuse 2, Wuse 2, Abuja",2026-06-01 11:12:15
Conference / meeting / training room for rent,"₦200,000","Kumasi Crescent, Wuse 2, Abuja",2026-06-01 11:12:23
4 bedroom terraced duplex for rent,"₦14,000,000","Gilmore, Jahi, Abuja",2026-06-01 11:12:23
4 bedroom terraced duplex for rent,"₦9,500,000","By Gaduwa Estate, Gaduwa, Abuja",2026-06-01 11:12:23
Self contain (single rooms) for rent,"₦2,700,000","Next Cash And Carry, Kado, Abuja",2026-06-01 11:12:23
2 bedroom flat / apartment for rent,"₦6,000,000","Life Camp, Abuja",2026-06-01 11:12:23
3 bedroom flat / apartment for rent,"₦8,000,000","Jahi, Abuja",2026-06-01 11:12:23
3 bedroom flat / apartment for rent,"₦8,000,000","By Victoria Garden, Mabushi, Abuja",2026-06-01 11:12:23
2 bedroom flat / apartment for rent,"₦4,500,000","By Nnpc Ochacho, Life Camp, Abuja",2026-06-01 11:12:23
2 bedroom flat / apartment for rent,"₦4,500,000","News Engineering, Dawaki, Gwarinpa, Abuja",2026-06-01 11:12:23
4 bedroom semi-detached duplex for rent,"₦9,000,000","Idu Industrial, Abuja",2026-06-01 11:12:23
2 bedroom flat / apartment for rent,"₦20,000,000","Maitama District, Abuja",2026-06-01 11:12:23
26 bedroom house for rent,"₦250,000,000","Area 11, Garki, Abuja",2026-06-01 11:12:23
4 bedroom terraced duplex for rent,"₦37,000,000","Wuye, Abuja",2026-06-01 11:12:23
4 bedroom terraced duplex for rent,"₦25,000,000","Jabi, Abuja",2026-06-01 11:12:23
1 bedroom flat / apartment for rent,"₦3,000,000","Behind Aso Radio, Katampe (Main), Katampe, Abuja",2026-06-01 11:12:23
3 bedroom terraced duplex for rent,"₦10,000,000","Apo, Abuja",2026-06-01 11:12:23
3 bedroom terraced duplex for rent,"₦10,000,000","Apo, Abuja",2026-06-01 11:12:23
4 bedroom terraced duplex for rent,"₦8,000,000","Close To Galadimawa Roundabout, Galadimawa, Abuja",2026-06-01 11:12:23
4 bedroom terraced duplex for rent,"₦40,000,000","Maitama District, Abuja",2026-06-01 11:12:23
2 bedroom flat / apartment for rent,"₦20,000,000","Wuye, Abuja",2026-06-01 11:12:23
2 bedroom flat / apartment for rent,"₦20,000,000","Wuye, Wuye, Abuja",2026-06-01 11:12:23
1 bedroom flat / apartment for rent,"₦6,000,000","Maitama District, Abuja",2026-06-01 11:12:30
2 bedroom flat / apartment for rent,"₦15,000,000","Jahi, Abuja",2026-06-01 11:12:30
2 bedroom flat / apartment for rent,"₦15,000,000","Wuse 2, Abuja",2026-06-01 11:12:30
Warehouse for rent,"₦16,000","Plot 751 Adamu Ismaila Crescent, Idu Industrial, Abuja",2026-06-01 11:12:30
5 bedroom detached duplex for rent,"₦18,000,000","Gwarinpa, Abuja",2026-06-01 11:12:30
5 bedroom terraced duplex for rent,"₦25,000,000","Asokoro District, Abuja",2026-06-01 11:12:30
Shop for rent,"₦3,000,000","Wuse 2, Abuja",2026-06-01 11:12:30
3 bedroom flat / apartment for rent,"₦9,000,000","Zone 3, Wuse, Abuja",2026-06-01 11:12:30
2 bedroom flat / apartment for rent,"₦5,000,000","Katampe (Main), Katampe, Abuja",2026-06-01 11:12:30
4 bedroom terraced duplex for rent,"₦7,500,000","Galadimawa, Abuja",2026-06-01 11:12:30
3 bedroom terraced duplex for rent,"₦10,000,000","Cedar Crest Hospital, Apo, Abuja",2026-06-01 11:12:30
2 bedroom flat / apartment for rent,"₦4,500,000","Life Camp, Abuja",2026-06-01 11:12:30
Self contain (single rooms) for rent,"₦900,000","Piwoyi Airport Road, Lugbe District, Abuja",2026-06-01 11:12:30
3 bedroom flat / apartment for rent,"₦12,000,000","Main, Katampe, Abuja",2026-06-01 11:12:30
2 bedroom flat / apartment for rent,"₦4,500,000","Kubwa, Abuja",2026-06-01 11:12:30
Self contain (single rooms) for rent,"₦2,000,000","Mabushi, Mabushi, Abuja",2026-06-01 11:12:30
5 bedroom detached duplex for rent,"₦50,000,000","Maitama District, Abuja",2026-06-01 11:12:30
5 bedroom detached duplex for rent,"₦6,000,000","Samuel Ige Street, Oakville Community Estate, Lugbe District, Abuja",2026-06-01 11:12:30
2 bedroom flat / apartment for rent,"₦4,000,000","Mabushi, Abuja",2026-06-01 11:12:30
2 bedroom house for rent,"₦15,000,000","Wuse 2, Wuse 2, Abuja",2026-06-01 11:12:30
2 bedroom flat / apartment for rent,"₦3,000,000","By Dunamis Church Durumi, Garki, Abuja",2026-06-01 11:12:30
Conference / meeting / training room for rent,"₦200,000","Kumasi Crescent, Wuse 2, Abuja",2026-06-01 11:12:37
2 bedroom flat / apartment for rent,"₦6,000,000","Off Ibb Boulevard, Wuse 2, Abuja",2026-06-01 11:12:37
4 bedroom terraced duplex for rent,"₦5,500,000","Brains And Hammer City, Life Camp, Abuja",2026-06-01 11:12:37
1 bedroom mini flat (room and parlour) for rent,"₦3,000,000","Off Ibb Boulevard, Maitama District, Abuja",2026-06-01 11:12:37
2 bedroom flat / apartment for rent,"₦7,000,000","Kaura, Abuja",2026-06-01 11:12:37
Shop for rent,"₦6,500,000","Off Aminu Kano Crescent, Wuse 2, Abuja",2026-06-01 11:12:37
Shop for rent,"₦9,000,000","Off Aminu Kano Crescent, Wuse 2, Abuja",2026-06-01 11:12:37
Shop for rent,"₦15,000,000","By The Catholic Church, Zone 2, Wuse, Abuja",2026-06-01 11:12:37
3 bedroom house for rent,"₦10,000,000","Efab Queen Estate Gwarinpa, Gwarinpa, Abuja",2026-06-01 11:12:37
2 bedroom flat / apartment for rent,"₦18,000,000","Fha Estate Guzape, Guzape District, Abuja",2026-06-01 11:12:37
Self contain (single rooms) for rent,"₦2,000,000","Life Camp, Abuja",2026-06-01 11:12:37
3 bedroom flat / apartment for rent,"₦8,000,000","Utako, Abuja",2026-06-01 11:12:37
6 bedroom detached duplex for rent,"₦100,000,000","Asokoro District, Abuja",2026-06-01 11:12:37
3 bedroom flat / apartment for rent,"₦6,500,000","Gwarinpa Extension, Gwarinpa, Abuja",2026-06-01 11:12:37
4 bedroom detached duplex for rent,"₦4,500,000","Lugbe District, Abuja",2026-06-01 11:12:37
3 bedroom flat / apartment for rent,"₦5,500,000","Custom Quarters, Idu Industrial, Abuja",2026-06-01 11:12:37
2 bedroom flat / apartment for rent,"₦20,000,000","Asokoro District, Abuja",2026-06-01 11:12:37
3 bedroom flat / apartment for rent,"₦9,000,000","Katampe (Main), Katampe, Abuja",2026-06-01 11:12:37
4 bedroom terraced duplex for rent,"₦12,000,000","Katampe (Main), Katampe, Abuja",2026-06-01 11:12:37
6 bedroom detached duplex for rent,"₦150,000,000","Maitama, Maitama District, Abuja",2026-06-01 11:12:37
1 bedroom mini flat (room and parlour) for rent,"₦3,000,000","Life Camp, Abuja",2026-06-01 11:12:37
1 bedroom flat / apartment for rent,"₦6,000,000","Maitama District, Abuja",2026-06-01 11:12:53
2 bedroom flat / apartment for rent,"₦5,000,000","Impresit, Idu Industrial, Abuja",2026-06-01 11:12:53
3 bedroom flat / apartment for rent,"₦8,000,000","Katampe, Abuja",2026-06-01 11:12:53
30 bedroom house for rent,"₦450,000,000","Opposite Cbn, Central Business District, Abuja",2026-06-01 11:12:53
2 bedroom flat / apartment for rent,"₦10,000,000","Oba Akran Street, Asokoro District, Abuja",2026-06-01 11:12:53
3 bedroom detached bungalow for rent,"₦18,000,000","Kado Estate Phase 1, Kado, Abuja",2026-06-01 11:12:53
5 bedroom semi-detached duplex for rent,"₦25,000,000","Off Jimmy Carter, Asokoro District, Abuja",2026-06-01 11:12:53
2 bedroom flat / apartment for rent,"₦20,000,000","Villa, Asokoro District, Abuja",2026-06-01 11:12:53
4 bedroom terraced duplex for rent,"₦20,000,000","Katampe Extension, Katampe, Abuja",2026-06-01 11:12:53
2 bedroom flat / apartment for rent,"₦10,000,000","Maitama District, Abuja",2026-06-01 11:12:53
Office space for rent,"₦6,500,000","Wuse 2, Abuja",2026-06-01 11:12:53
3 bedroom flat / apartment for rent,"₦8,000,000","Next Cash And Carry, Kado, Abuja",2026-06-01 11:12:53
2 bedroom flat / apartment for rent,"₦8,000,000","Jahi, Abuja",2026-06-01 11:12:53
5 bedroom detached duplex for rent,"₦60,000,000","Maitama District, Abuja",2026-06-01 11:12:53
4 bedroom terraced duplex for rent,"₦20,000,000","Wuye, Abuja",2026-06-01 11:12:53
Plaza / complex / mall for rent,"₦4,830,000","Guzape District, Abuja",2026-06-01 11:12:53
8 bedroom detached duplex for rent,"₦65,000,000","Asokoro District, Abuja",2026-06-01 11:12:53
6 bedroom detached duplex for rent,"₦50,000,000","Asokoro District, Abuja",2026-06-01 11:12:53
3 bedroom detached bungalow for rent,"₦20,000,000","Kado, Abuja",2026-06-01 11:12:53
Commercial property for rent,"₦34,100,000","Wuse 2, Abuja",2026-06-01 11:12:53
4 bedroom semi-detached duplex for rent,"₦25,000,000","Kukwaba, Abuja",2026-06-01 11:12:53
Conference / meeting / training room for rent,"₦200,000","Kumasi Crescent, Wuse 2, Abuja",2026-06-01 11:12:58
2 bedroom flat / apartment for rent,"₦4,000,000","News Engineering, Dawaki, Gwarinpa, Abuja",2026-06-01 11:12:58
4 bedroom terraced duplex for rent,"₦20,000,000","Life Camp, Abuja",2026-06-01 11:12:58
Plaza / complex / mall for rent,"₦12,500,000","Wuse 2, Abuja",2026-06-01 11:12:58
5 bedroom detached duplex for rent,"₦40,000,000","Wuse 2, Abuja",2026-06-01 11:12:58
2 bedroom flat / apartment for rent,"₦40,000,000","By Hmedix, Gwarinpa, Abuja",2026-06-01 11:12:58
5 bedroom detached duplex for rent,"₦20,000,000","By Hmedix, Gwarinpa, Abuja",2026-06-01 11:12:58
3 bedroom terraced duplex for rent,"₦15,000,000","Jabi, Abuja",2026-06-01 11:12:58
4 bedroom terraced duplex for rent,"₦20,000,000","Diplomatic Zone., Katampe Extension, Katampe, Abuja",2026-06-01 11:12:58
Plaza / complex / mall for rent,"₦450,000,000","Central Business District, Abuja",2026-06-01 11:12:58
3 bedroom flat / apartment for rent,"₦9,000,000","Katampe, Abuja",2026-06-01 11:12:58
Plaza / complex / mall for rent,"₦65,000,000","Zone 6, Wuse, Abuja",2026-06-01 11:12:58
3 bedroom terraced duplex for rent,"₦10,000,000","Close To Cedar Crest Hospital, Apo, Abuja",2026-06-01 11:12:58
3 bedroom terraced duplex for rent,"₦10,000,000","Rockvale Manors Estate, Apo, Abuja",2026-06-01 11:12:58
2 bedroom flat / apartment for rent,"₦6,000,000","Jahi, Abuja",2026-06-01 11:12:58
3 bedroom house for rent,"₦10,000,000","Apo, Abuja",2026-06-01 11:12:58
5 bedroom detached duplex for rent,"₦20,000,000","Jahi, Abuja",2026-06-01 11:12:58
3 bedroom flat / apartment for rent,"₦6,500,000","Fha  Guzape, Guzape District, Abuja",2026-06-01 11:12:58
3 bedroom flat / apartment for rent,"₦9,000,000","Diplomatic Zone, Katampe Extension, Katampe, Abuja",2026-06-01 11:12:58
3 bedroom flat / apartment for rent,"₦7,000,000","Durumi, Abuja",2026-06-01 11:12:58
2 bedroom flat / apartment for rent,"₦8,500,000","Gilmore, Jahi, Abuja",2026-06-01 11:12:58
1 bedroom flat / apartment for rent,"₦9,000,000","Maitama District, Abuja",2026-06-01 11:13:07
2 bedroom flat / apartment for rent,"₦6,000,000","Wuye, Abuja",2026-06-01 11:13:07
5 bedroom detached duplex for rent,"₦100,000,000","Maitama District, Abuja",2026-06-01 11:13:07
5 bedroom detached duplex for rent,"₦20,000,000","Kado, Abuja",2026-06-01 11:13:07
3 bedroom flat / apartment for rent,"₦23,000,000","Ty Danjuma, Asokoro District, Abuja",2026-06-01 11:13:07
3 bedroom terraced duplex for rent,"₦10,000,000","Apo, Abuja",2026-06-01 11:13:07
3 bedroom flat / apartment for rent,"₦7,000,000","Mabushi, Abuja",2026-06-01 11:13:07
3 bedroom terraced duplex for rent,"₦10,000,000","Apo, Abuja",2026-06-01 11:13:07
Plaza / complex / mall for rent,"₦65,000,000","Wuse, Abuja",2026-06-01 11:13:07
3 bedroom flat / apartment for rent,"₦6,000,000","Garki, Abuja",2026-06-01 11:13:07
3 bedroom flat / apartment for rent,"₦8,000,000","Katampe Road, Jahi, Abuja",2026-06-01 11:13:07
3 bedroom flat / apartment for rent,"₦8,000,000","By Gtbank, Jabi, Abuja",2026-06-01 11:13:07
3 bedroom flat / apartment for rent,"₦35,000,000","Maitama District, Abuja",2026-06-01 11:13:07
3 bedroom terraced duplex for rent,"₦10,000,000","Apo, Abuja",2026-06-01 11:13:07
1 bedroom flat / apartment for rent,"₦1,500,000","Katampe Extension, Katampe, Abuja",2026-06-01 11:13:07
3 bedroom terraced duplex for rent,"₦10,000,000","Apo, Abuja",2026-06-01 11:13:07
3 bedroom terraced duplex for rent,"₦12,000,000","Rockvale Manors Estate, Apo, Abuja",2026-06-01 11:13:07
4 bedroom terraced duplex for rent,"₦20,000,000","Katampe Extension, Katampe, Abuja",2026-06-01 11:13:07
4 bedroom terraced duplex for rent,"₦20,000,000","Katampe Extension, Katampe, Abuja",2026-06-01 11:13:07
3 bedroom house for rent,"₦25,000,000","Usuma Street, Maitama District, Abuja",2026-06-01 11:13:07
4 bedroom semi-detached duplex for rent,"$50,000","Maitama District, Abuja",2026-06-01 11:13:07
1 bedroom flat / apartment for rent,"₦6,000,000","Maitama District, Abuja",2026-06-01 11:13:15
5 bedroom terraced duplex for rent,"₦27,000,000","Wuse, Abuja",2026-06-01 11:13:15
5 bedroom semi-detached duplex for rent,"₦30,000,000","Wuye, Abuja",2026-06-01 11:13:15
4 bedroom terraced duplex for rent,"₦20,000,000","Wuye, Abuja",2026-06-01 11:13:15
4 bedroom detached duplex for rent,"₦40,000","Asokoro District, Abuja",2026-06-01 11:13:15
3 bedroom flat / apartment for rent,"₦15,000,000","By Rockview Hotel, Wuse 2, Abuja",2026-06-01 11:13:15
4 bedroom terraced duplex for rent,"₦10,000,000","Apo Legislative Quarters Zone E, Apo, Abuja",2026-06-01 11:13:15
5 bedroom detached duplex for rent,"₦25,000,000","Legislative Quarters, Apo, Abuja",2026-06-01 11:13:15
4 bedroom detached duplex for rent,"₦15,000,000","Cedar Crest Hospital, Apo, Abuja",2026-06-01 11:13:15
4 bedroom terraced duplex for rent,"₦35,000,000","Guzape Main, Guzape District, Abuja",2026-06-01 11:13:15
1 bedroom flat / apartment for rent,"₦3,500,000","News Engineering, Dawaki, Gwarinpa, Abuja",2026-06-01 11:13:15
3 bedroom detached bungalow for rent,"₦7,000,000","Karsana, Gwarinpa, Abuja",2026-06-01 11:13:15
Self contain (single rooms) for rent,"₦2,000,000","Kado Estate, Kado, Abuja",2026-06-01 11:13:15
5 bedroom detached duplex for rent,"₦28,000,000","Guzape District, Abuja",2026-06-01 11:13:15
2 bedroom flat / apartment for rent,"₦4,000,000","2nd Avenue, Gwarinpa, Abuja",2026-06-01 11:13:15
4 bedroom terraced duplex for rent,"₦20,000,000","Katampe Extension, Katampe, Abuja",2026-06-01 11:13:15
2 bedroom flat / apartment for rent,"₦12,000,000","Utako, Abuja",2026-06-01 11:13:15
3 bedroom terraced duplex for rent,"₦12,000,000","Rockvale Manors Estate, Apo, Abuja",2026-06-01 11:13:15
4 bedroom terraced duplex for rent,"₦13,000,000","Guzape District, Abuja",2026-06-01 11:13:15
5 bedroom detached duplex for rent,"₦55,000,000","Asokoro District, Abuja",2026-06-01 11:13:15
4 bedroom house for rent,"₦19,000,000","Guzape District, Abuja",2026-06-01 11:13:15
Conference / meeting / training room for rent,"₦200,000","Kumasi Crescent, Wuse 2, Abuja",2026-06-01 11:13:23
2 bedroom flat / apartment for rent,"₦4,500,000","Nnpc Estate By Ochacho, Life Camp, Abuja",2026-06-01 11:13:23
6 bedroom detached duplex for rent,"₦35,000,000","Asokoro District, Abuja",2026-06-01 11:13:23
3 bedroom flat / apartment for rent,"₦15,000,000","Wuye, Abuja",2026-06-01 11:13:23
3 bedroom detached bungalow for rent,"₦10,000,000","Gwarinpa, Abuja",2026-06-01 11:13:23
4 bedroom terraced duplex for rent,"₦15,000,000","Guzape District, Abuja",2026-06-01 11:13:23
3 bedroom flat / apartment for rent,"₦4,000,000","Gwarinpa, Abuja",2026-06-01 11:13:23
4 bedroom terraced duplex for rent,"₦20,000,000","Mabushi, Abuja",2026-06-01 11:13:23
4 bedroom terraced duplex for rent,"₦9,000,000","First Avenue, Gwarinpa, Abuja",2026-06-01 11:13:23
2 bedroom flat / apartment for rent,"₦4,500,000","Area 2, Garki, Abuja, Garki, Abuja",2026-06-01 11:13:23
3 bedroom flat / apartment for rent,"₦6,500,000","Lokogoma District, Abuja",2026-06-01 11:13:23
3 bedroom flat / apartment for rent,"₦12,000,000","Guzape District, Abuja",2026-06-01 11:13:23
4 bedroom terraced duplex for rent,"₦18,000,000","Katampe Extension, Katampe, Abuja",2026-06-01 11:13:23
3 bedroom terraced duplex for rent,"₦15,000,000","Kado, Abuja",2026-06-01 11:13:23
2 bedroom flat / apartment for rent,"₦6,000,000","Living Faith, Jahi, Abuja",2026-06-01 11:13:23
3 bedroom flat / apartment for rent,"₦8,000,000","Zone 3, Wuse, Abuja",2026-06-01 11:13:23
4 bedroom terraced duplex for rent,"₦15,000,000","Ameyo Adadevoh Way, Gilmore, Jahi, Abuja",2026-06-01 11:13:23
4 bedroom detached duplex for rent,"₦20,000,000","Mabushi, Abuja",2026-06-01 11:13:23
Self contain (single rooms) for rent,"₦1,400,000","4th Avenue, Gwarinpa, Abuja",2026-06-01 11:13:23
4 bedroom terraced duplex for rent,"₦11,000,000","Lifecamp, Life Camp, Abuja",2026-06-01 11:13:23
4 bedroom semi-detached duplex for rent,"₦15,000,000","Old Gwarimpa Road, Kado, Abuja",2026-06-01 11:13:23
1 bedroom flat / apartment for rent,"₦6,000,000","Maitama District, Abuja",2026-06-01 11:13:32
3 bedroom flat / apartment for rent,"₦7,000,000","Close To Stella Maris, Life Camp, Abuja",2026-06-01 11:13:32
2 bedroom flat / apartment for rent,"₦5,500,000","Main F01, FO1 Layout, Kubwa, Abuja",2026-06-01 11:13:32
4 bedroom detached bungalow for rent,"₦2,000,000","Cajaah Estate, Orozo, Abuja",2026-06-01 11:13:32
Self contain (single rooms) for rent,"₦800,000","Lokogoma District, Abuja",2026-06-01 11:13:32
3 bedroom detached bungalow for rent,"₦4,000,000","Lugbe District, Abuja",2026-06-01 11:13:32
4 bedroom terraced duplex for rent,"₦20,000,000","Jabi, Abuja",2026-06-01 11:13:32
3 bedroom terraced duplex for rent,"₦12,000,000","Apo, Abuja",2026-06-01 11:13:32
2 bedroom flat / apartment for rent,"₦5,000,000","Off Nicholas Agha Crescent, Life Camp, Abuja",2026-06-01 11:13:32
3 bedroom semi-detached duplex for rent,"₦7,500,000","Sun City Estate, Lokogoma District, Abuja",2026-06-01 11:13:32
1 bedroom mini flat (room and parlour) for rent,"₦6,000,000","Off 3rd Avenue, Dantata Estate, Gwarinpa, Abuja",2026-06-01 11:13:32
3 bedroom flat / apartment for rent,"₦6,000,000","Maitama, Maitama District, Abuja",2026-06-01 11:13:32
2 bedroom terraced duplex for rent,"₦7,000,000","Naf Estate., Asokoro District, Abuja",2026-06-01 11:13:32
3 bedroom terraced duplex for rent,"₦12,000,000","Apo, Apo, Abuja",2026-06-01 11:13:32
Shop for rent,"₦6,000,000","Wuye, Abuja",2026-06-01 11:13:32
Office space for rent,"₦20,000,000","Wuse, Abuja",2026-06-01 11:13:32
4 bedroom terraced duplex for rent,"₦13,500,000","By Living Faith Church, Katampe (Main), Katampe, Abuja",2026-06-01 11:13:32
Plaza / complex / mall for rent,"₦170,000,000","Maitama District, Abuja",2026-06-01 11:13:32
4 bedroom detached duplex for rent,"₦35,000,000","Asokoro District, Abuja",2026-06-01 11:13:32
3 bedroom terraced duplex for rent,"₦14,000,000","Naf Valley Estate, Asokoro District, Abuja",2026-06-01 11:13:32
Office space for rent,"₦150,000,000","T.y Danjuma Street, Asokoro District, Abuja",2026-06-01 11:13:32
1 bedroom flat / apartment for rent,"₦6,000,000","Maitama District, Abuja",2026-06-01 11:13:38
3 bedroom terraced duplex for rent,"₦10,000,000","By Living Faith Church, Jahi, Abuja",2026-06-01 11:13:38
Shop for rent,"₦5,000,000","Wuse 2, Abuja",2026-06-01 11:13:38
4 bedroom terraced duplex for rent,"₦13,500,000","Dutse, Opposite Cedar Crest Hospital, Apo, Abuja",2026-06-01 11:13:38
1 bedroom semi-detached bungalow for rent,"₦3,000,000","Copa Cabana Estate Wumba, Wumba, Abuja",2026-06-01 11:13:38
3 bedroom flat / apartment for rent,"₦6,000,000","Galadimawa, Abuja",2026-06-01 11:13:38
3 bedroom terraced duplex for rent,"₦10,000,000","Gaduwa, Abuja",2026-06-01 11:13:38
3 bedroom terraced duplex for rent,"$35,000","Maitama District, Abuja",2026-06-01 11:13:38
4 bedroom terraced duplex for rent,"₦25,000,000","Katampe Extension, Katampe, Abuja",2026-06-01 11:13:38
4 bedroom detached duplex for rent,"₦17,000,000","Gwarimpa Estate By 6th Avenue,fct Abuja Nigeria, Gwarinpa, Abuja",2026-06-01 11:13:38
3 bedroom house for rent,"₦11,000,000","Wuye Abuja, Wuye, Abuja",2026-06-01 11:13:38
4 bedroom detached duplex for rent,"₦30,000,000","Guzape District, Abuja",2026-06-01 11:13:38
5 bedroom terraced duplex for rent,"₦20,000,000","Gilmor, Jahi, Abuja",2026-06-01 11:13:38
3 bedroom flat / apartment for rent,"₦10,000,000","Life Camp, Abuja",2026-06-01 11:13:38
Plaza / complex / mall for rent,"₦150,000,000","Asokoro District, Abuja",2026-06-01 11:13:38
Commercial property for rent,"₦20,300,000","Wuse 2, Abuja",2026-06-01 11:13:38
3 bedroom house for rent,"₦6,000,000","Garki, Abuja",2026-06-01 11:13:38
4 bedroom detached duplex for rent,"₦35,000,000","Asokoro District, Abuja",2026-06-01 11:13:38
4 bedroom terraced duplex for rent,"₦9,000,000","Durumi, Abuja",2026-06-01 11:13:38
Office space for rent,"₦3,000,000","Mabushi, Abuja",2026-06-01 11:13:38
3 bedroom flat / apartment for rent,"₦8,500,000","Jabi, Abuja",2026-06-01 11:13:38
1 bedroom flat / apartment for rent,"₦9,000,000","Maitama District, Abuja",2026-06-01 11:13:45
Self contain (single rooms) for rent,"₦2,000,000","Gaduwa, Abuja",2026-06-01 11:13:45
Self contain (single rooms) for rent,"₦1,500,000","Lugbe District, Abuja",2026-06-01 11:13:45
2 bedroom flat / apartment for rent,"₦5,000,000","Galadimawa, Abuja",2026-06-01 11:13:45
3 bedroom flat / apartment for rent,"₦4,000,000","Life Camp, Abuja",2026-06-01 11:13:45
2 bedroom flat / apartment for rent,"₦8,000,000","Life Camp, Abuja",2026-06-01 11:13:45
3 bedroom flat / apartment for rent,"₦8,000,000","Jahi, Abuja",2026-06-01 11:13:45
4 bedroom semi-detached duplex for rent,"₦30,000,000","Guzape District, Abuja",2026-06-01 11:13:45
4 bedroom semi-detached duplex for rent,"₦5,000,000","Before Premier Academy, FHA (F.H.A), Lugbe District, Abuja",2026-06-01 11:13:45
5 bedroom terraced duplex for rent,"₦20,000,000","Jahi, Abuja",2026-06-01 11:13:45
5 bedroom semi-detached duplex for rent,"₦50,000,000","Maitama District, Abuja",2026-06-01 11:13:45
3 bedroom flat / apartment for rent,"₦12,500,000","Mabushi, Abuja",2026-06-01 11:13:45
4 bedroom terraced duplex for rent,"₦18,000,000","Jahi, Abuja",2026-06-01 11:13:45
4 bedroom semi-detached duplex for rent,"₦25,000,000","Life Camp, Abuja",2026-06-01 11:13:45
4 bedroom house for rent,"₦23,000,000","Katampe Extension, Katampe, Abuja",2026-06-01 11:13:45
5 bedroom house for rent,"₦25,000,000","Life Camp, Abuja",2026-06-01 11:13:45
4 bedroom detached duplex for rent,"$60,000","Maitama District, Abuja",2026-06-01 11:13:45
4 bedroom detached duplex for rent,"$35,000,000","Jabi, Abuja",2026-06-01 11:13:45
Office space for rent,$200,"Central Business District, Abuja",2026-06-01 11:13:45
2 bedroom flat / apartment for rent,"$55,000","Maitama District, Abuja",2026-06-01 11:13:45
2 bedroom flat / apartment for rent,"$120,000","Central Business District, Abuja",2026-06-01 11:13:45
1 bedroom flat / apartment for rent,"₦6,000,000","Maitama District, Abuja",2026-06-01 11:13:50
1 bedroom mini flat (room and parlour) for rent,"$90,000","Central Business District, Abuja",2026-06-01 11:13:50
3 bedroom flat / apartment for rent,"₦10,000,000","Mabushi, Abuja",2026-06-01 11:13:50
2 bedroom flat / apartment for rent,"₦7,000,000","Katampe Extension, Katampe, Abuja",2026-06-01 11:13:50
Shop for rent,"₦7,000,000","Wuse 2, Abuja",2026-06-01 11:13:50
2 bedroom detached bungalow for rent,"₦4,000,000","A&g Estate Phase2, FHA (F.H.A), Lugbe District, Abuja",2026-06-01 11:13:50
1 bedroom mini flat (room and parlour) for rent,"₦3,500,000","By American Intâl School, Durumi, Abuja",2026-06-01 11:13:50
6 bedroom detached duplex for rent,"₦100,000,000","Asokoro District, Abuja",2026-06-01 11:13:50
3 bedroom flat / apartment for rent,"₦15,000,000","Guzape District, Abuja",2026-06-01 11:13:50
3 bedroom flat / apartment for rent,"₦6,500,000","By Gtbank, Durumi, Abuja",2026-06-01 11:13:50
3 bedroom flat / apartment for rent,"₦11,000,000","Wuye, Abuja",2026-06-01 11:13:50
Self contain (single rooms) for rent,"₦1,300,000","Katampe (Main), Katampe, Abuja",2026-06-01 11:13:50
1 bedroom mini flat (room and parlour) for rent,"₦2,500,000","Katampe (Main), Katampe, Abuja",2026-06-01 11:13:50
5 bedroom detached duplex for rent,"₦30,000,000","Katampe Main By Emirates Estate ,fct Abuja Nigeria, Katampe (Main), Katampe, Abuja",2026-06-01 11:13:50
4 bedroom detached duplex for rent,"₦15,000,000","Gwarinpa, Abuja",2026-06-01 11:13:50
1 bedroom flat / apartment for rent,"₦7,000,000","Asokoro District, Abuja",2026-06-01 11:13:50
2 bedroom flat / apartment for rent,"₦7,500,000","Mabushi, Abuja",2026-06-01 11:13:50
2 bedroom flat / apartment for rent,"₦4,500,000","By American International School, Durumi, Abuja",2026-06-01 11:13:50
4 bedroom detached duplex for rent,"₦15,000,000","By Cedacrest, Apo, Abuja",2026-06-01 11:13:50
5 bedroom terraced duplex for rent,"₦20,000,000","Jahi, Abuja",2026-06-01 11:13:50
2 bedroom flat / apartment for rent,"₦6,500,000","Jahi District Abuja. Access Road Is Well Tarred., Jahi, Abuja",2026-06-01 11:13:50
Conference / meeting / training room for rent,"₦200,000","Kumasi Crescent, Wuse 2, Abuja",2026-06-01 11:13:59
1 bedroom mini flat (room and parlour) for rent,"₦2,000,000","Lokogoma District, Abuja",2026-06-01 11:13:59
3 bedroom semi-detached duplex for rent,"₦7,500,000","Sun City Estate, Galadimawa, Abuja",2026-06-01 11:13:59
Self contain (single rooms) for rent,"₦3,000,000","Asokoro District, Abuja",2026-06-01 11:13:59
5 bedroom terraced duplex for rent,"₦15,000,000","Naf Valley Estate, Asokoro District, Abuja",2026-06-01 11:13:59
Plaza / complex / mall for rent,"₦400,000,000","Garki, Abuja",2026-06-01 11:13:59
2 bedroom house for rent,"₦12,000,000","Jahi, Abuja",2026-06-01 11:13:59
1 bedroom mini flat (room and parlour) for rent,"₦1,500,000","Arab Road, Kubwa, Abuja",2026-06-01 11:13:59
4 bedroom detached duplex for rent,"₦15,000,000","Apo By Gudu Junction, Close To Cedarcrest Hospital, Apo, Abuja",2026-06-01 11:13:59
3 bedroom flat / apartment for rent,"₦4,500,000","Lugbe District, Abuja",2026-06-01 11:13:59
4 bedroom semi-detached duplex for rent,"₦15,000,000","Stella Maris, Life Camp, Abuja",2026-06-01 11:13:59
4 bedroom terraced duplex for rent,"₦40,000,000","Maitama District, Abuja",2026-06-01 11:13:59
7 bedroom detached duplex for rent,"₦80,000,000","Asokoro District, Abuja",2026-06-01 11:13:59
2 bedroom flat / apartment for rent,"₦6,000,000","Dawaki, Gwarinpa, Abuja",2026-06-01 11:13:59
3 bedroom flat / apartment for rent,"₦50,000,000","Wuse 2, Abuja",2026-06-01 11:13:59
3 bedroom terraced duplex for rent,"$35,000","Maitama District, Abuja",2026-06-01 11:13:59
4 bedroom terraced duplex for rent,"₦18,000,000","Jahi, Abuja",2026-06-01 11:13:59
3 bedroom terraced duplex for rent,"₦10,000,000","Gaduwa, Abuja",2026-06-01 11:13:59
5 bedroom terraced duplex for rent,"₦20,000,000","Jahi, Abuja",2026-06-01 11:13:59
4 bedroom terraced duplex for rent,"₦30,000,000","Naf Valley, Asokoro District, Abuja",2026-06-01 11:13:59
4 bedroom terraced duplex for rent,"₦15,000,000","Katampe Extension, Katampe, Abuja",2026-06-01 11:13:59
1 bedroom flat / apartment for rent,"₦9,000,000","Maitama District, Abuja",2026-06-01 11:14:04
3 bedroom terraced duplex for rent,"₦15,000,000","Gilmore, Jahi, Abuja",2026-06-01 11:14:04
4 bedroom terraced duplex for rent,"₦15,000,000","Guzape, Guzape District, Abuja",2026-06-01 11:14:04
4 bedroom terraced duplex for rent,"₦15,000,000","Mabushi, Abuja",2026-06-01 11:14:04
4 bedroom terraced duplex for rent,"₦20,000,000","Mabushi, Abuja",2026-06-01 11:14:04
3 bedroom flat / apartment for rent,"₦8,000,000","Katampe Behind Urban Shelter, Katampe (Main), Katampe, Abuja",2026-06-01 11:14:04
6 bedroom detached duplex for rent,"₦45,000,000","Wuse 2, Wuse 2, Abuja",2026-06-01 11:14:04
3 bedroom flat / apartment for rent,"₦9,000,000","Near American School, Durumi, Abuja",2026-06-01 11:14:04
2 bedroom flat / apartment for rent,"₦3,000,000","F14 Nepa Road Phase 4, Kubwa, Abuja",2026-06-01 11:14:04
3 bedroom terraced duplex for rent,"₦11,000,000","Jabi, Abuja",2026-06-01 11:14:04
1 bedroom flat / apartment for rent,"₦2,500,000","FO1 Layout, Kubwa, Abuja",2026-06-01 11:14:04
Warehouse for rent,"₦1,500,000","FO1 Layout, Kubwa, Abuja",2026-06-01 11:14:04
Office space for rent,"₦6,000,000","Central Area, Central Business District, Abuja",2026-06-01 11:14:04
4 bedroom semi-detached duplex for rent,"₦80,000,000","Asokoro District, Abuja",2026-06-01 11:14:04
2 bedroom flat / apartment for rent,"$65,000","Asokoro District, Abuja",2026-06-01 11:14:04
4 bedroom house for rent,"₦10,000,000","Gaduwa, Abuja",2026-06-01 11:14:04
2 bedroom flat / apartment for rent,"$37,000","Jabi, Abuja",2026-06-01 11:14:04
2 bedroom flat / apartment for rent,"$16,000","Jabi, Abuja",2026-06-01 11:14:04
3 bedroom flat / apartment for rent,"₦20,000,000","Wuse 2, Abuja",2026-06-01 11:14:04
2 bedroom flat / apartment for rent,"₦7,000,000","Diplomatic Zone, Katampe Extension, Katampe, Abuja",2026-06-01 11:14:04
Self contain (single rooms) for rent,"₦1,000,000","Lokogoma District, Abuja",2026-06-01 11:14:04
1 bedroom flat / apartment for rent,"₦9,000,000","Maitama District, Abuja",2026-06-01 11:14:13
5 bedroom terraced duplex for rent,"₦15,000,000","Jahi, Abuja",2026-06-01 11:14:13
Self contain (single rooms) for rent,"₦1,800,000","By American International School, Durumi, Abuja",2026-06-01 11:14:13
4 bedroom detached duplex for rent,"₦8,000,000","Dawaki, Gwarinpa, Abuja",2026-06-01 11:14:13
8 bedroom detached duplex for rent,"₦80,000,000","Guzape District, Abuja",2026-06-01 11:14:13
4 bedroom detached duplex for rent,"₦30,000,000","Naf Estate, Asokoro District, Abuja",2026-06-01 11:14:13
Shop for rent,"₦20,000,000","Mabushi, Abuja",2026-06-01 11:14:13
Shop for rent,"₦20,000,000","Mabushi, Abuja",2026-06-01 11:14:13
Shop for rent,"₦7,500,000","Mabushi, Abuja",2026-06-01 11:14:13
Shop for rent,"₦15,000,000","Mabushi, Mabushi, Abuja",2026-06-01 11:14:13
2 bedroom flat / apartment for rent,"₦5,000,000","Ochacho Estate, Idu Industrial, Abuja",2026-06-01 11:14:13
3 bedroom flat / apartment for rent,"₦6,500,000","By Ap Filling Station, Gudu, Abuja",2026-06-01 11:14:13
5 bedroom detached duplex for rent,"₦25,000,000","Asokoro Main, Asokoro District, Abuja",2026-06-01 11:14:13
Office space for rent,"₦15,000,000","Wuse, Abuja",2026-06-01 11:14:13
3 bedroom flat / apartment for rent,"₦8,000,000","Jabi, Abuja",2026-06-01 11:14:13
4 bedroom terraced duplex for rent,"₦13,000,000","Jahi, Abuja",2026-06-01 11:14:13
4 bedroom terraced duplex for rent,"₦15,000,000","Guzape District, Abuja",2026-06-01 11:14:13
5 bedroom house for rent,"₦15,000,000","Aiben Estate, Idu Industrial, Abuja",2026-06-01 11:14:13
4 bedroom terraced duplex for rent,"₦15,000,000","Wuye, Abuja",2026-06-01 11:14:13
3 bedroom flat / apartment for rent,"₦10,000,000","Katampe (Main), Katampe, Abuja",2026-06-01 11:14:13
Plaza / complex / mall for rent,"₦12,000,000","Lugbe District, Abuja",2026-06-01 11:14:13
1 bedroom flat / apartment for rent,"₦9,000,000","Maitama District, Abuja",2026-06-01 11:14:20
3 bedroom flat / apartment for rent,"₦8,000,000","Mabushi, Abuja",2026-06-01 11:14:20
Self contain (single rooms) for rent,"₦3,000,000","Gilmore, Katampe Extension, Katampe, Abuja",2026-06-01 11:14:20
1 bedroom flat / apartment for rent,"₦4,000,000","By Paradise 1, Life Camp, Abuja",2026-06-01 11:14:20
3 bedroom flat / apartment for rent,"₦9,500,000","Guzape District, Abuja",2026-06-01 11:14:20
3 bedroom flat / apartment for rent,"₦4,500,000","Sunnyvale Road, Lokogoma District, Abuja",2026-06-01 11:14:20
2 bedroom semi-detached duplex for rent,"₦5,500,000","Lugbe District, Abuja",2026-06-01 11:14:20
2 bedroom flat / apartment for rent,"₦9,000,000","Katampe (Main), Katampe, Abuja",2026-06-01 11:14:20
3 bedroom flat / apartment for rent,"₦10,000,000","Jabi, Abuja",2026-06-01 11:14:20
3 bedroom detached duplex for rent,"₦35,000,000","Maitama District, Abuja",2026-06-01 11:14:20
3 bedroom flat / apartment for rent,"$460,000","Wuse 2, Abuja",2026-06-01 11:14:20
3 bedroom flat / apartment for rent,"$70,000","Wuse 2, Abuja",2026-06-01 11:14:20
2 bedroom flat / apartment for rent,"₦7,000,000","Paradise Estate, Life Camp, Abuja",2026-06-01 11:14:20
4 bedroom semi-detached duplex for rent,"₦15,000,000","Close To Jabi Lake Shop Rite, Jabi, Abuja",2026-06-01 11:14:20
2 bedroom flat / apartment for rent,"₦8,000,000","Jahi Gilmore, Jahi, Abuja",2026-06-01 11:14:20
3 bedroom flat / apartment for rent,"₦15,000,000","Off Ademola Adetunkubo, Wuse 2, Abuja",2026-06-01 11:14:20
3 bedroom flat / apartment for rent,"₦6,000,000","Idu-karmo Abuja. ( After Nizamiyel Hospital) Turkish Hospital, Idu Industrial, Abuja",2026-06-01 11:14:20
4 bedroom terraced duplex for rent,"₦8,000,000","Idu-karmo, Abuja ( After Nizamiyel Hospital) Turkish Hospital., Idu Industrial, Abuja",2026-06-01 11:14:20
3 bedroom flat / apartment for rent,"₦6,500,000","Gaduwa, Abuja",2026-06-01 11:14:20
3 bedroom flat / apartment for rent,"₦7,000,000","62nd Road, Gwarinpa, Abuja",2026-06-01 11:14:20
3 bedroom flat / apartment for rent,"₦10,000,000","Jahi, Abuja",2026-06-01 11:14:20
1 bedroom flat / apartment for rent,"₦9,000,000","Maitama District, Abuja",2026-06-01 11:14:30
3 bedroom semi-detached duplex for rent,"₦11,000,000","Jabi, Abuja",2026-06-01 11:14:30
4 bedroom house for rent,"₦13,000,000","Katampe (Main), Katampe, Abuja",2026-06-01 11:14:30
6 bedroom detached duplex for rent,"₦60,000,000","Asokoro Main, Asokoro District, Abuja",2026-06-01 11:14:30
3 bedroom terraced duplex for rent,"$36,000","Maitama District, Abuja",2026-06-01 11:14:30
7 bedroom detached duplex for rent,"₦80,000,000","Asokoro District, Abuja",2026-06-01 11:14:30
4 bedroom terraced duplex for rent,"₦16,000,000","Lifecamp Main, Life Camp, Abuja",2026-06-01 11:14:30
3 bedroom flat / apartment for rent,"₦14,000,000","Katampe (Main), Katampe, Abuja",2026-06-01 11:14:30
4 bedroom detached duplex for rent,"₦25,000,000","By Arab, Utako, Abuja",2026-06-01 11:14:30
3 bedroom flat / apartment for rent,"₦15,000,000","2nd Avenue, Gwarinpa, Abuja",2026-06-01 11:14:30
6 bedroom detached duplex for rent,"₦35,000,000","Gwarinpa, Abuja",2026-06-01 11:14:30
4 bedroom house for rent,"₦30,000,000","Asokoro District, Abuja",2026-06-01 11:14:30
5 bedroom detached duplex for rent,"₦30,000,000","Asokoro District, Abuja",2026-06-01 11:14:30
4 bedroom terraced duplex for rent,"₦15,000,000","Kado, Abuja",2026-06-01 11:14:30
4 bedroom terraced duplex for rent,"₦18,500,000","3rd Avenue, Gwarinpa, Abuja",2026-06-01 11:14:30
3 bedroom detached bungalow for rent,"₦5,500,000","Dantata Estate, Kubwa, Abuja",2026-06-01 11:14:30
Office space for rent,"₦28,500,000","Ademola Adetokunbo Wuse Ii, Wuse 2, Abuja",2026-06-01 11:14:30
4 bedroom terraced duplex for rent,"₦23,000,000","Mabushi, Abuja",2026-06-01 11:14:30
4 bedroom terraced duplex for rent,"₦45,000,000","Maitama District, Abuja",2026-06-01 11:14:30
4 bedroom detached duplex for rent,"₦18,000,000","Mabushi, Abuja",2026-06-01 11:14:30
4 bedroom terraced duplex for rent,"₦20,000,000","Diplomatic Zone, Katampe Extension, Katampe, Abuja",2026-06-01 11:14:30
1 bedroom flat / apartment for rent,"₦9,000,000","Maitama District, Abuja",2026-06-01 11:14:40
6 bedroom detached duplex for rent,"₦150,000,000","Maitama District, Abuja",2026-06-01 11:14:40
3 bedroom flat / apartment for rent,"₦7,500,000","Gwarinpa, Abuja",2026-06-01 11:14:40
3 bedroom flat / apartment for rent,"₦30,000,000","Maitama District, Abuja",2026-06-01 11:14:40
4 bedroom terraced duplex for rent,"₦10,000,000","Garki Main (by Rea 2), Garki, Abuja",2026-06-01 11:14:40
3 bedroom flat / apartment for rent,"₦8,000,000","Jabi, Abuja",2026-06-01 11:14:40
2 bedroom flat / apartment for rent,"₦6,500,000","Life Camp, Abuja",2026-06-01 11:14:40
6 bedroom semi-detached duplex for rent,"₦40,000,000","Main Asokoro, Asokoro District, Abuja",2026-06-01 11:14:40
Office space for rent,"₦200,000,000","Wuse 2, Abuja",2026-06-01 11:14:40
6 bedroom detached duplex for rent,"₦42,000,000","Katampe Extension, Katampe, Abuja",2026-06-01 11:14:40
4 bedroom terraced duplex for rent,"₦20,000,000","Kado, Abuja",2026-06-01 11:14:40
4 bedroom house for rent,"₦9,000,000","Jahi, Abuja",2026-06-01 11:14:40
5 bedroom house for rent,"₦35,000,000","Wuye, Abuja",2026-06-01 11:14:40
4 bedroom detached duplex for rent,"₦10,000,000","Idu-karmo, Nizamiyel Hospital (turkish Hospital), Idu Industrial, Abuja",2026-06-01 11:14:40
1 bedroom flat / apartment for rent,"₦3,000,000","News Engineering, Dawaki, Gwarinpa, Abuja",2026-06-01 11:14:40
3 bedroom flat / apartment for rent,"₦8,000,000","Utako, Abuja",2026-06-01 11:14:40
3 bedroom flat / apartment for rent,"₦7,000,000","62 Road, Gwarinpa, Abuja",2026-06-01 11:14:40
4 bedroom house for rent,"₦25,000,000","Utako, Abuja",2026-06-01 11:14:40
2 bedroom house for rent,"₦13,000,000","Katampe (Main), Katampe, Abuja",2026-06-01 11:14:40
5 bedroom detached duplex for rent,"₦45,000,000","Wuse 2, Abuja",2026-06-01 11:14:40
4 bedroom terraced duplex for rent,"₦16,000,000","Kado, Abuja",2026-06-01 11:14:40
Conference / meeting / training room for rent,"₦200,000","Kumasi Crescent, Wuse 2, Abuja",2026-06-01 11:14:49
4 bedroom semi-detached duplex for rent,"₦8,000,000","Von Axis, Lugbe District, Abuja",2026-06-01 11:14:49
4 bedroom terraced duplex for rent,"₦12,000,000","Legislative Quarters, Gudu, Abuja",2026-06-01 11:14:49
4 bedroom terraced duplex for rent,"₦12,000,000","Cluster,  River Park Estate Airport Road, Lugbe District, Abuja",2026-06-01 11:14:49
3 bedroom flat / apartment for rent,"₦12,500,000","Jahi, Abuja",2026-06-01 11:14:49
6 bedroom detached duplex for rent,"₦35,000,000","Katampe Extension, Katampe, Abuja",2026-06-01 11:14:49
4 bedroom terraced duplex for rent,"₦25,000,000","Guzape District, Abuja",2026-06-01 11:14:49
2 bedroom flat / apartment for rent,"₦42,000,000","Jabi, Abuja",2026-06-01 11:14:49
2 bedroom flat / apartment for rent,"₦7,000,000","Katampe Extension, Katampe, Abuja",2026-06-01 11:14:49
4 bedroom house for rent,"₦15,000,000","Mabushi, Abuja",2026-06-01 11:14:49
3 bedroom flat / apartment for rent,"₦72,000,000","Jahi, Abuja",2026-06-01 11:14:49
24 bedroom terraced duplex for rent,"₦420,000,000","Wuse 2, Abuja",2026-06-01 11:14:49
6 bedroom detached duplex for rent,"₦50,000,000","Asokoro District, Abuja",2026-06-01 11:14:49
4 bedroom terraced duplex for rent,"₦30,000,000","Guzape District, Abuja",2026-06-01 11:14:49
Office space for rent,"₦180,000,000","Wuse 2, Abuja",2026-06-01 11:14:49
4 bedroom terraced duplex for rent,"₦15,000,000","By Aso Radio, Katampe (Main), Katampe, Abuja",2026-06-01 11:14:49
4 bedroom terraced duplex for rent,"₦12,000,000","Mabushi Behind Capital Hub, Mabushi, Abuja",2026-06-01 11:14:49
4 bedroom terraced duplex for rent,"₦50,000,000","Maitama District, Abuja",2026-06-01 11:14:49
4 bedroom terraced duplex for rent,"₦8,000,000","Lifecamp Junction, Life Camp, Abuja",2026-06-01 11:14:49
4 bedroom terraced duplex for rent,"₦25,000,000","Guzape District, Abuja",2026-06-01 11:14:49
4 bedroom terraced duplex for rent,"₦13,000,000","Off Magistrate Court, Life Camp, Abuja",2026-06-01 11:14:49
Conference / meeting / training room for rent,"₦200,000","Kumasi Crescent, Wuse 2, Abuja",2026-06-01 11:14:57
6 bedroom detached duplex for rent,"₦80,000,000","Maitama Off Lake Chad, Maitama District, Abuja",2026-06-01 11:14:57
Shop for rent,"₦4,000,000","Sphinx Mall, Gaduwa, Abuja",2026-06-01 11:14:57
3 bedroom flat / apartment for rent,"₦5,500,000","Idu-karmo District, After Nizamiyel Hospital ( Turkish Hospital), Idu Industrial, Abuja",2026-06-01 11:14:57
3 bedroom flat / apartment for rent,"₦4,500,000","Idu-karmo District, After Nizamiyel Hospital ( Turkish Hospital), Idu Industrial, Abuja",2026-06-01 11:14:57
5 bedroom detached duplex for rent,"₦100,000,000","Maitama District, Abuja",2026-06-01 11:14:57
4 bedroom terraced duplex for rent,"₦8,000,000","Life Camp, Abuja",2026-06-01 11:14:57
4 bedroom semi-detached duplex for rent,"₦18,000,000","Naf Valley Estate, Asokoro District, Abuja",2026-06-01 11:14:57
2 bedroom flat / apartment for rent,"₦8,500,000","Nnpc Estate, Life Camp, Abuja",2026-06-01 11:14:57
5 bedroom terraced duplex for rent,"₦25,000,000","Wuye, Abuja",2026-06-01 11:14:57
Plaza / complex / mall for rent,"₦55,000,000","Jahi, Abuja",2026-06-01 11:14:57
Commercial land for rent,"₦9,000,000","Central Business District, Abuja",2026-06-01 11:14:57
Commercial land for rent,"₦9,000,000","Central Business District, Abuja",2026-06-01 11:14:57
3 bedroom flat / apartment for rent,"₦13,000,000","Wuse 2, Abuja",2026-06-01 11:14:57
4 bedroom house for rent,"$60,000","Aso Villa Asokoro, Asokoro District, Abuja",2026-06-01 11:14:57
5 bedroom flat / apartment for rent,"₦50,000,000","Maitama District, Abuja",2026-06-01 11:14:57
5 bedroom detached duplex for rent,"₦25,000,000","Nicon Junction, Katampe (Main), Katampe, Abuja",2026-06-01 11:14:57
2 bedroom flat / apartment for rent,"₦6,500,000","Life Camp, Abuja",2026-06-01 11:14:57
4 bedroom terraced duplex for rent,"₦20,000,000","Guzape District, Abuja",2026-06-01 11:14:57
6 bedroom detached duplex for rent,"₦60,000,000","Guzape District, Abuja",2026-06-01 11:14:57
2 bedroom flat / apartment for rent,"₦4,500,000","Nnpc Estate, Life Camp, Abuja",2026-06-01 11:14:57
1 bedroom flat / apartment for rent,"₦6,000,000","Maitama District, Abuja",2026-06-01 11:15:05
4 bedroom terraced duplex for rent,"₦25,000,000","By Police Station, Wuye District, Lugbe District, Abuja",2026-06-01 11:15:05
Office space for rent,"₦150,000","Kumasi Crescent, Wuse 2, Abuja",2026-06-01 11:15:05
4 bedroom terraced duplex for rent,"₦8,500,000","By Games Village Estate, Kaura, Abuja",2026-06-01 11:15:05
3 bedroom flat / apartment for rent,"₦7,000,000","Guzape District, Abuja",2026-06-01 11:15:05
4 bedroom terraced duplex for rent,"₦9,000,000","In An Estate Around Godab, Life Camp, Abuja",2026-06-01 11:15:05
Office space for rent,"₦15,000,000","Wuse 2, Abuja",2026-06-01 11:15:05
1 bedroom mini flat (room and parlour) for rent,"₦6,500,000","Aravalli Hills Apartments, Mabushi, Abuja",2026-06-01 11:15:05
5 bedroom detached duplex for rent,"₦25,000,000","Opposite Nicon Junction, Katampe (Main), Katampe, Abuja",2026-06-01 11:15:05
3 bedroom flat / apartment for rent,"₦48,000,000","After Jabi Lake Mall, Jabi, Abuja",2026-06-01 11:15:05
3 bedroom flat / apartment for rent,"₦15,000,000","Off Mohammed Abba Gana Street, Guzape District, Abuja",2026-06-01 11:15:05
2 bedroom flat / apartment for rent,"₦7,000,000","Katampe Extension, Katampe, Abuja",2026-06-01 11:15:05
2 bedroom terraced duplex for rent,"₦9,000,000","Guzape District, Abuja",2026-06-01 11:15:05
3 bedroom flat / apartment for rent,"$45,000","Maitama District, Abuja",2026-06-01 11:15:05
2 bedroom flat / apartment for rent,"₦11,000,000","Gilmore, Jahi, Abuja",2026-06-01 11:15:05
3 bedroom terraced duplex for rent,"₦6,500,000","Extension., Gwarinpa, Abuja",2026-06-01 11:15:05
5 bedroom detached duplex for rent,"₦35,000,000","Wuye, Abuja",2026-06-01 11:15:05
8 bedroom detached duplex for rent,"₦150,000,000","Asokoro District, Abuja",2026-06-01 11:15:05
2 bedroom flat / apartment for rent,"₦5,000,000","Gaduwa, Abuja",2026-06-01 11:15:05
4 bedroom terraced duplex for rent,"₦20,000,000","Asokoro District, Abuja",2026-06-01 11:15:05
6 bedroom terraced duplex for rent,"₦25,000,000","Katampe (Main), Katampe, Abuja",2026-06-01 11:15:05
1 bedroom flat / apartment for rent,"₦6,000,000","Maitama District, Abuja",2026-06-01 11:15:15
4 bedroom terraced duplex for rent,"₦15,000,000","Federal Capital, Asokoro District, Abuja",2026-06-01 11:15:15
3 bedroom flat / apartment for rent,"₦5,500,000","Berger Clinic, Life Camp, Abuja",2026-06-01 11:15:15
2 bedroom flat / apartment for rent,"₦4,000,000","Stella Maris, Life Camp, Abuja",2026-06-01 11:15:15
3 bedroom flat / apartment for rent,"₦6,000,000","By Lento, Jabi, Abuja",2026-06-01 11:15:15
3 bedroom detached duplex for rent,"₦50,000,000","Presidential Villa, Asokoro District, Abuja",2026-06-01 11:15:15
4 bedroom semi-detached duplex for rent,"₦25,000,000","Mabushi, Abuja",2026-06-01 11:15:15
Self contain (single rooms) for rent,"₦2,500,000","Katampe (Main), Katampe, Abuja",2026-06-01 11:15:15
Land for rent,"₦10,000,000","Central Business District, Abuja",2026-06-01 11:15:15
2 bedroom flat / apartment for rent,"₦20,000,000","Wuye, Abuja",2026-06-01 11:15:15
8 bedroom detached duplex for rent,"₦120,000,000","Asokoro District, Abuja",2026-06-01 11:15:15
Land for rent,"₦10,000,000","Central Business District, Abuja",2026-06-01 11:15:15
Commercial land for rent,"₦8,000,000","Garki, Abuja",2026-06-01 11:15:15
5 bedroom detached duplex for rent,"₦50,000,000","Maitama District, Abuja",2026-06-01 11:15:15
4 bedroom terraced duplex for rent,"₦65,000,000","Maitama District, Abuja",2026-06-01 11:15:15
3 bedroom detached bungalow for rent,"₦10,000,000","Efab Queens, Gwarinpa, Abuja",2026-06-01 11:15:15
4 bedroom house for rent,"₦15,000,000","Via Shafa Filling Station, Back Of Capital Hub, Mabushi, Abuja",2026-06-01 11:15:15
3 bedroom terraced duplex for rent,"₦8,000,000","Around Godab, Life Camp, Abuja",2026-06-01 11:15:15
4 bedroom house for rent,"₦50,000","Maitama District, Abuja",2026-06-01 11:15:15
4 bedroom terraced duplex for rent,"₦40,000,000","Maitama District, Abuja",2026-06-01 11:15:15
4 bedroom terraced duplex for rent,"₦9,000,000","Life Camp, Abuja",2026-06-01 11:15:15
1 bedroom flat / apartment for rent,"₦9,000,000","Maitama District, Abuja",2026-06-01 11:15:21
2 bedroom flat / apartment for rent,"₦4,000,000","6th Avenue., Gwarinpa, Abuja",2026-06-01 11:15:21
4 bedroom terraced duplex for rent,"₦40,000,000","Off Panama Street, Maitama District, Abuja",2026-06-01 11:15:21
4 bedroom terraced duplex for rent,"₦15,000,000","Mabushi, Abuja",2026-06-01 11:15:21
5 bedroom detached duplex for rent,"₦35,000,000","Guzape District, Abuja",2026-06-01 11:15:21
5 bedroom detached duplex for rent,"₦40,000,000","Guzape District, Abuja",2026-06-01 11:15:21
2 bedroom flat / apartment for rent,"₦6,000,000","News Engineering, Dawaki, Gwarinpa, Abuja",2026-06-01 11:15:21
3 bedroom flat / apartment for rent,"₦10,000,000","Zone 6, Wuse, Abuja",2026-06-01 11:15:21
2 bedroom flat / apartment for rent,"₦8,000,000","Jahi, Abuja",2026-06-01 11:15:21
2 bedroom detached bungalow for rent,"₦8,000,000","Malivelihood Street, Guzape District, Abuja",2026-06-01 11:15:21
5 bedroom semi-detached duplex for rent,"₦50,000,000","Main Maitama, Maitama District, Abuja",2026-06-01 11:15:21
18 bedroom flat / apartment for rent,"₦7,000,000","Lugbe District, Abuja",2026-06-01 11:15:21
9 bedroom detached duplex for rent,"₦100,000,000","Maitama District, Abuja",2026-06-01 11:15:21
3 bedroom flat / apartment for rent,"₦30,000,000","Maitama District, Abuja",2026-06-01 11:15:21
4 bedroom terraced duplex for rent,"₦15,000,000","Guzape District, Abuja",2026-06-01 11:15:21
5 bedroom terraced duplex for rent,"₦25,000,000","Katampe, Abuja",2026-06-01 11:15:21
5 bedroom detached duplex for rent,"₦25,000,000","Jabi, Abuja",2026-06-01 11:15:21
4 bedroom detached duplex for rent,"₦40,000,000","Guzape District, Abuja",2026-06-01 11:15:21
4 bedroom terraced duplex for rent,"₦30,000,000","Guzape District, Abuja",2026-06-01 11:15:21
2 bedroom flat / apartment for rent,"₦4,000,000","News Engineering Dawaki, Dawaki, Gwarinpa, Abuja",2026-06-01 11:15:21
Shop for rent,"₦6,500,000","Off Aminu Kano Crescent, Wuse 2, Abuja",2026-06-01 11:15:21
Conference / meeting / training room for rent,"₦200,000","Kumasi Crescent, Wuse 2, Abuja",2026-06-01 11:15:28
4 bedroom semi-detached duplex for rent,"₦9,000,000","Gwarinpa, Abuja",2026-06-01 11:15:28
4 bedroom terraced duplex for rent,"₦15,000,000","Katampe (Main), Katampe, Abuja",2026-06-01 11:15:28
5 bedroom semi-detached duplex for rent,"₦25,000,000","Jabi Main, Jabi, Abuja",2026-06-01 11:15:28
5 bedroom detached duplex for rent,"₦25,000,000","Kado, Abuja",2026-06-01 11:15:28
2 bedroom flat / apartment for rent,"₦2,800,000","Lokogoma District, Abuja",2026-06-01 11:15:28
2 bedroom flat / apartment for rent,"₦12,000,000","Asokoro District, Abuja",2026-06-01 11:15:28
2 bedroom flat / apartment for rent,"₦7,500,000","Katampe, Abuja",2026-06-01 11:15:28
4 bedroom semi-detached duplex for rent,"₦13,000,000","Utako, Abuja",2026-06-01 11:15:28
4 bedroom terraced duplex for rent,"₦11,000,000","Life Camp, Abuja",2026-06-01 11:15:28
3 bedroom flat / apartment for rent,"₦13,000,000","Gilmore, Jahi, Abuja",2026-06-01 11:15:28
3 bedroom flat / apartment for rent,"₦8,000,000","Katampe (Main), Katampe, Abuja",2026-06-01 11:15:28
5 bedroom semi-detached duplex for rent,"₦23,000,000","Asokoro District, Abuja",2026-06-01 11:15:28
3 bedroom terraced duplex for rent,"₦25,000,000","Off Amino Kano, Wuse 2, Abuja",2026-06-01 11:15:28
3 bedroom flat / apartment for rent,"₦8,000,000","By Zartech, Wuye, Abuja",2026-06-01 11:15:28
5 bedroom terraced duplex for rent,"₦50,000,000","Maitama Main, Maitama District, Abuja",2026-06-01 11:15:28
6 bedroom detached duplex for rent,"₦80,000,000","Maitama Main, Maitama District, Abuja",2026-06-01 11:15:28
Office space for rent,"₦27,200,000","Maitama District, Abuja",2026-06-01 11:15:28
4 bedroom house for rent,"₦9,000,000","Life Camp, Abuja",2026-06-01 11:15:28
2 bedroom flat / apartment for rent,"₦7,500,000","Katampe (Main), Katampe, Abuja",2026-06-01 11:15:28
3 bedroom flat / apartment for rent,"₦13,000,000","Guzape District, Abuja",2026-06-01 11:15:28
Conference / meeting / training room for rent,"₦200,000","Kumasi Crescent, Wuse 2, Abuja",2026-06-01 11:15:35
2 bedroom terraced duplex for rent,"₦12,000,000","Katampe, Abuja",2026-06-01 11:15:35
3 bedroom flat / apartment for rent,"₦9,000,000","Durumi, Abuja",2026-06-01 11:15:35
4 bedroom terraced duplex for rent,"₦20,000,000","Utako, Abuja",2026-06-01 11:15:35
1 bedroom flat / apartment for rent,"₦6,000,000","Katampe, Abuja",2026-06-01 11:15:35
3 bedroom flat / apartment for rent,"₦8,000,000","Katampe, Abuja",2026-06-01 11:15:35
4 bedroom terraced duplex for rent,"₦19,000,000","Katampe Extension, Katampe, Abuja",2026-06-01 11:15:35
4 bedroom terraced duplex for rent,"₦25,000,000","Zartech, Wuye, Abuja",2026-06-01 11:15:35
3 bedroom flat / apartment for rent,"₦7,000,000","6th Avenue, Gwarinpa, Abuja",2026-06-01 11:15:35
1 bedroom flat / apartment for rent,"₦3,200,000","Durumi, Abuja",2026-06-01 11:15:35
1 bedroom flat / apartment for rent,"₦12,000,000","Mabushi, Abuja",2026-06-01 11:15:35
3 bedroom flat / apartment for rent,"₦8,000,000","Ebitu Ekiwe Street, Jabi, Abuja",2026-06-01 11:15:35
2 bedroom flat / apartment for rent,"₦4,500,000","Area 1 Axis., Durumi, Abuja",2026-06-01 11:15:35
4 bedroom detached duplex for rent,"₦10,000,000","Gaduwa, Abuja",2026-06-01 11:15:35
3 bedroom flat / apartment for rent,"₦5,500,000","Area 1 Axis., Durumi, Abuja",2026-06-01 11:15:35
5 bedroom detached duplex for rent,"₦10,000,000","Gaduwa, Abuja",2026-06-01 11:15:35
2 bedroom flat / apartment for rent,"₦4,500,000","News Engineering Dawaki, Dawaki, Gwarinpa, Abuja",2026-06-01 11:15:35
3 bedroom flat / apartment for rent,"₦5,500,000","Area 1 Axis., Durumi, Abuja",2026-06-01 11:15:35
2 bedroom flat / apartment for rent,"₦8,000,000","Wuse, Abuja",2026-06-01 11:15:35
2 bedroom flat / apartment for rent,"₦2,500,000","Karu, Abuja",2026-06-01 11:15:35
3 bedroom flat / apartment for rent,"₦11,000,000","Katampe (Main), Katampe, Abuja",2026-06-01 11:15:35
1 bedroom flat / apartment for rent,"₦6,000,000","Maitama District, Abuja",2026-06-01 11:15:42
Office space for rent,"₦150,000","Guzape District, Abuja",2026-06-01 11:15:42
3 bedroom detached bungalow for rent,"₦12,000,000","Life Camp, Abuja",2026-06-01 11:15:42
Self contain (single rooms) for rent,"₦1,500,000","Along Pykasa Road, Lugbe District, Abuja",2026-06-01 11:15:42
3 bedroom terraced duplex for rent,"₦8,500,000","Dawaki By Flyover Bridge Axis, Dawaki, Gwarinpa, Abuja",2026-06-01 11:15:42
4 bedroom detached duplex for rent,"₦15,000,000","Guzape District, Abuja",2026-06-01 11:15:42
3 bedroom flat / apartment for rent,"₦6,000,000","Life Camp, Abuja",2026-06-01 11:15:42
Shop for rent,"₦20,300,000","Wuse 2, Abuja",2026-06-01 11:15:42
Office space for rent,"₦35,000,000","Wuse 2, Abuja",2026-06-01 11:15:42
5 bedroom terraced duplex for rent,"₦21,000,000","Gilmore, Jahi, Abuja",2026-06-01 11:15:42
3 bedroom flat / apartment for rent,"₦6,000,000","Life Camp, Abuja",2026-06-01 11:15:42
3 bedroom terraced duplex for rent,"$57,000","Aso Villa, Asokoro District, Abuja",2026-06-01 11:15:42
4 bedroom terraced duplex for rent,"₦40,000,000","Guzape District, Abuja",2026-06-01 11:15:42
Commercial property for rent,"₦18,000,000","Wuse 2, Abuja",2026-06-01 11:15:42
4 bedroom detached duplex for rent,"₦25,000,000","Naf Valley, Asokoro District, Abuja",2026-06-01 11:15:42
2 bedroom house for rent,"₦10,000,000","Akenzua Street, Asokoro District, Abuja",2026-06-01 11:15:42
4 bedroom terraced duplex for rent,"₦15,000,000","Catholic Church Axis, Life Camp, Abuja",2026-06-01 11:15:42
3 bedroom terraced duplex for rent,"₦13,000,000","Guzape District, Abuja",2026-06-01 11:15:42
5 bedroom detached duplex for rent,"₦20,000,000","Kado District, Close To Next Cash And Carry Supermarket., Kado, Abuja",2026-06-01 11:15:42
4 bedroom terraced duplex for rent,"₦65,000,000","Maitama District, Abuja",2026-06-01 11:15:42
3 bedroom flat / apartment for rent,"₦6,000,000","Life Camp, Abuja",2026-06-01 11:15:42
1 bedroom flat / apartment for rent,"₦6,000,000","Maitama District, Abuja",2026-06-01 11:15:48
3 bedroom flat / apartment for rent,"₦12,000,000,000","Army Estate, Kubwa, Abuja",2026-06-01 11:15:48
12 bedroom semi-detached duplex for rent,"₦30,000,000","Close To Ameachi Residence, Asokoro District, Abuja",2026-06-01 11:15:48
3 bedroom detached duplex for rent,"$40,000","Maitama District, Abuja",2026-06-01 11:15:48
2 bedroom flat / apartment for rent,"₦10,000,000","Asokoro District, Abuja",2026-06-01 11:15:48
4 bedroom house for rent,"₦18,000,000","Gilmore, Jahi, Abuja",2026-06-01 11:15:48
4 bedroom detached duplex for rent,"₦8,000,000","Opposite Dunamis, Lugbe District, Abuja",2026-06-01 11:15:48
5 bedroom detached duplex for rent,"₦90,000,000","Maitama District, Abuja",2026-06-01 11:15:48
5 bedroom detached duplex for rent,"₦70,000,000","Wuse 2, Abuja",2026-06-01 11:15:48
4 bedroom semi-detached duplex for rent,"₦7,000,000","Same Global Estate, Lokogoma District, Abuja",2026-06-01 11:15:48
2 bedroom flat / apartment for rent,"₦12,000,000","Katampe Extension, Katampe, Abuja",2026-06-01 11:15:48
3 bedroom flat / apartment for rent,"₦15,000,000","Jahi Golmore, Jahi, Abuja",2026-06-01 11:15:48
2 bedroom flat / apartment for rent,"₦6,000,000","Guzape District, Abuja",2026-06-01 11:15:48
3 bedroom flat / apartment for rent,"₦8,000,000","Katampe, Abuja",2026-06-01 11:15:48
Self contain (single rooms) for rent,"₦5,000,000","Wuye, Abuja",2026-06-01 11:15:48
3 bedroom flat / apartment for rent,"₦7,500,000","Jahi, Abuja",2026-06-01 11:15:48
Plaza / complex / mall for rent,"₦95,000","Dawaki, Gwarinpa, Abuja",2026-06-01 11:15:48
1 bedroom flat / apartment for rent,"₦1,600,000","News Engineering ., Dawaki, Gwarinpa, Abuja",2026-06-01 11:15:48
4 bedroom terraced duplex for rent,"₦16,000,000","Jabi, Abuja",2026-06-01 11:15:48
2 bedroom flat / apartment for rent,"₦7,000,000","Life Camp, Abuja",2026-06-01 11:15:48
6 bedroom detached duplex for rent,"₦180,000,000","Maitama District, Abuja",2026-06-01 11:15:48
1 bedroom flat / apartment for rent,"₦6,000,000","Maitama District, Abuja",2026-06-01 11:15:54
3 bedroom flat / apartment for rent,"₦25,000,000","Aso Drive, Maitama District, Abuja",2026-06-01 11:15:54
Commercial property for rent,"₦35,000,000","Zone A, Apo, Abuja",2026-06-01 11:15:54
3 bedroom flat / apartment for rent,"₦13,000,000","Bellavue Estate, Life Camp, Abuja",2026-06-01 11:15:54
Self contain (single rooms) for rent,"₦1,500,000","American International, Durumi, Abuja",2026-06-01 11:15:54
2 bedroom flat / apartment for rent,"₦6,500,000","Jahi, Abuja",2026-06-01 11:15:54
2 bedroom flat / apartment for rent,"₦3,000,000","Dawaki, Gwarinpa, Abuja",2026-06-01 11:15:54
3 bedroom terraced duplex for rent,"₦50,000,000","Aso Villa Residential Area, Asokoro District, Abuja",2026-06-01 11:15:54
4 bedroom terraced duplex for rent,"₦30,000,000","Maitama District, Abuja",2026-06-01 11:15:54
3 bedroom flat / apartment for rent,"₦25,000,000","Maitama District, Abuja",2026-06-01 11:15:54
2 bedroom flat / apartment for rent,"₦6,000,000","Jahi, Abuja",2026-06-01 11:15:54
3 bedroom flat / apartment for rent,"₦10,000,000","Katampe Extension, Katampe, Abuja",2026-06-01 11:15:54
1 bedroom flat / apartment for rent,"₦6,500,000","Jahi, Abuja",2026-06-01 11:15:54
2 bedroom flat / apartment for rent,"₦11,000,000","Jahi, Abuja",2026-06-01 11:15:54
2 bedroom flat / apartment for rent,"₦7,000,000","Jahi, Abuja",2026-06-01 11:15:54
4 bedroom terraced duplex for rent,"₦12,000,000","Mabushi, Abuja",2026-06-01 11:15:54
Event centre / venue for rent,"₦35,000,000","Apo Resettlement, Apo, Abuja",2026-06-01 11:15:54
4 bedroom terraced duplex for rent,"₦15,000,000","Jahi, Abuja",2026-06-01 11:15:54
2 bedroom flat / apartment for rent,"₦7,000,000","Katampe Extension, Katampe, Abuja",2026-06-01 11:15:54
2 bedroom flat / apartment for rent,"₦42,000,000","Jabi, Abuja",2026-06-01 11:15:54
3 bedroom flat / apartment for rent,"$40,000","Wuse 2, Abuja",2026-06-01 11:15:54
Conference / meeting / training room for rent,"₦200,000","Kumasi Crescent, Wuse 2, Abuja",2026-06-01 11:16:02
3 bedroom terraced duplex for rent,"₦7,000,000","Idu-karmo District, After Nizamiyel Hospital ( Turkish Hospital), Idu Industrial, Abuja",2026-06-01 11:16:02
2 bedroom flat / apartment for rent,"₦5,000,000","Lifecamp Extension, Life Camp, Abuja",2026-06-01 11:16:02
2 bedroom flat / apartment for rent,"₦7,000,000","Diplomatic Zone, Katampe Extension, Katampe, Abuja",2026-06-01 11:16:02
4 bedroom terraced duplex for rent,"₦25,000,000","Guzape District, Abuja",2026-06-01 11:16:02
2 bedroom flat / apartment for rent,"₦3,500,000","FO1 Layout, Kubwa, Abuja",2026-06-01 11:16:02
56 bedroom flat / apartment for rent,"$1,300,000","Asokoro District, Abuja",2026-06-01 11:16:02
5 bedroom detached duplex for rent,"₦13,000,000","Maitama 2, Maitama District, Abuja",2026-06-01 11:16:02
3 bedroom flat / apartment for rent,"₦7,000,000","Life Camp, Abuja",2026-06-01 11:16:02
2 bedroom flat / apartment for rent,"₦5,000,000","Life Camp, Abuja",2026-06-01 11:16:02
3 bedroom house for rent,"₦90,000,000","Jahi, Abuja",2026-06-01 11:16:02
4 bedroom detached duplex for rent,"₦6,000,000","Kubwa, Abuja",2026-06-01 11:16:02
Plaza / complex / mall for rent,"₦1,300,000","Off Mike Akhigbe Street, Jabi, Abuja",2026-06-01 11:16:02
5 bedroom terraced duplex for rent,"₦15,000,000","Close To Berger Yard, Life Camp, Abuja",2026-06-01 11:16:02
4 bedroom detached duplex for rent,"₦6,000,000","Kpaduma 3 Community, Guzape District, Abuja",2026-06-01 11:16:02
3 bedroom flat / apartment for rent,"₦10,000,000","Off Mike Akhigbe Street, Jabi, Abuja",2026-06-01 11:16:02
3 bedroom flat / apartment for rent,"₦7,000,000","Behind Vio Office, Mabushi, Abuja",2026-06-01 11:16:02
3 bedroom flat / apartment for rent,"₦5,500,000","Trans Engineering Estate, Dawaki, Gwarinpa, Abuja",2026-06-01 11:16:02
Self contain (single rooms) for rent,"₦2,200,000","Gaduwa, Abuja",2026-06-01 11:16:02
Shop for rent,"₦13,000,000","Wuse 2, Abuja",2026-06-01 11:16:02
Conference / meeting / training room for rent,"₦200,000","Kumasi Crescent, Wuse 2, Abuja",2026-06-01 11:16:02
1 bedroom flat / apartment for rent,"₦9,000,000","Maitama District, Abuja",2026-06-01 11:16:10
3 bedroom flat / apartment for rent,"₦7,000,000","Garki, Abuja",2026-06-01 11:16:10
2 bedroom flat / apartment for rent,"₦7,000,000","Mabushi, Abuja",2026-06-01 11:16:10
2 bedroom flat / apartment for rent,"₦20,000,000","Wuye, Abuja",2026-06-01 11:16:10
2 bedroom flat / apartment for rent,"₦15,000,000","Wuye, Abuja",2026-06-01 11:16:10
2 bedroom flat / apartment for rent,"₦6,000,000","Utako, Abuja",2026-06-01 11:16:10
3 bedroom flat / apartment for rent,"₦10,000,000","Wuye, Abuja",2026-06-01 11:16:10
4 bedroom semi-detached duplex for rent,"₦15,000,000","Gwarinpa, Abuja",2026-06-01 11:16:10
4 bedroom semi-detached duplex for rent,"₦13,000,000","Cluster 1 River Park Estate, Lugbe District, Abuja",2026-06-01 11:16:10
2 bedroom flat / apartment for rent,"₦20,000,000","Wuye, Abuja",2026-06-01 11:16:10
4 bedroom flat / apartment for rent,"₦160,000,000","Alvan Ikoku Way, Maitama District, Abuja",2026-06-01 11:16:10
2 bedroom flat / apartment for rent,"₦4,500,000","Kubwa, Abuja",2026-06-01 11:16:10
5 bedroom detached duplex for rent,"₦10,000,000","Lugbe District, Abuja",2026-06-01 11:16:10
4 bedroom terraced duplex for rent,"₦25,000,000","By H Medix / Nnpc, Guzape District, Abuja",2026-06-01 11:16:10
4 bedroom flat / apartment for rent,"₦12,500,000","By Force Head Qtrs / Stratton Hotel, Asokoro District, Abuja",2026-06-01 11:16:10
Conference / meeting / training room for rent,"₦125,000","Wuye, Abuja",2026-06-01 11:16:10
15 bedroom detached duplex for rent,"₦50,000,000","Garki, Abuja",2026-06-01 11:16:10
3 bedroom flat / apartment for rent,"₦9,000,000","Zone 3, Wuse, Abuja",2026-06-01 11:16:10
3 bedroom flat / apartment for rent,"₦8,000,000","Katampe (Main), Katampe, Abuja",2026-06-01 11:16:10
1 bedroom mini flat (room and parlour) for rent,"₦2,500,000","Close To Dunamis Church, Lugbe District, Abuja",2026-06-01 11:16:10
3 bedroom flat / apartment for rent,"₦30,000,000","Guzape District, Abuja",2026-06-01 11:16:10
1 bedroom flat / apartment for rent,"₦9,000,000","Maitama District, Abuja",2026-06-01 11:16:16
2 bedroom flat / apartment for rent,"₦15,000,000","Guzape District, Abuja",2026-06-01 11:16:16
4 bedroom terraced duplex for rent,"₦34,999,999","Guzape District, Abuja",2026-06-01 11:16:16
3 bedroom flat / apartment for rent,"₦15,000,000","Asokoro District, Abuja",2026-06-01 11:16:16
5 bedroom detached duplex for rent,"₦50,000,000","Asokoro District, Abuja",2026-06-01 11:16:16
7 bedroom detached duplex for rent,"₦110,000,000","Asokoro District, Abuja",2026-06-01 11:16:16
2 bedroom flat / apartment for rent,"₦22,000,000","Wuye, Abuja",2026-06-01 11:16:16
1 bedroom mini flat (room and parlour) for rent,"₦2,550,000","Zone 3, Wuse, Abuja",2026-06-01 11:16:16
Residential land for rent,"₦6,500,000","Behind Philomath University, Kuje, Abuja",2026-06-01 11:16:16
3 bedroom semi-detached bungalow for rent,"₦5,000,000","Lokogoma District, Abuja",2026-06-01 11:16:16
3 bedroom flat / apartment for rent,"₦8,500,000","Gwarimpa Extension, Gwarinpa, Abuja",2026-06-01 11:16:16
4 bedroom terraced duplex for rent,"₦15,000,000","Mabushi, Abuja",2026-06-01 11:16:16
3 bedroom flat / apartment for rent,"₦13,000,000","By Games Village, Kaura, Abuja",2026-06-01 11:16:16
2 bedroom flat / apartment for rent,"₦6,000,000","Ebitu-ukiwe Street, Jabi, Abuja",2026-06-01 11:16:16
3 bedroom semi-detached duplex for rent,"₦12,000,000","Orchacho Estate, Life Camp, Abuja",2026-06-01 11:16:16
3 bedroom flat / apartment for rent,"₦8,000,000","Katampe, Abuja",2026-06-01 11:16:16
Office space for rent,"₦20,000,000","Off Constitution Avenue, Central Business District, Abuja",2026-06-01 11:16:16
4 bedroom terraced duplex for rent,"₦30,000,000","Off Lake Chad, Maitama District, Abuja",2026-06-01 11:16:16
4 bedroom terraced duplex for rent,"₦75,000,000","Ministers Hill, Maitama District, Abuja",2026-06-01 11:16:16
Office space for rent,"₦200,000","Wuse, Abuja",2026-06-01 11:16:16
Shop for rent,"₦13,000,000","Wuye, Abuja",2026-06-01 11:16:16
1 bedroom flat / apartment for rent,"₦6,000,000","Maitama District, Abuja",2026-06-01 11:16:21
3 bedroom flat / apartment for rent,"₦13,000,000","Wuye, Abuja",2026-06-01 11:16:21
Self contain (single rooms) for rent,"₦2,000,000","Karu Phase 1, Karu, Abuja",2026-06-01 11:16:21
8 bedroom terraced duplex for rent,"₦175,000,000","Katampe Extension, Katampe, Abuja",2026-06-01 11:16:21
Shop for rent,"₦16,000,000","Wuse 2, Abuja",2026-06-01 11:16:21
3 bedroom flat / apartment for rent,"₦8,000,000","Life Camp, Abuja",2026-06-01 11:16:21
3 bedroom flat / apartment for rent,"₦30,000,000","Maitama District, Abuja",2026-06-01 11:16:21
3 bedroom flat / apartment for rent,"₦10,000,000","After Coza, Guzape District, Abuja",2026-06-01 11:16:21
2 bedroom flat / apartment for rent,"₦22,000,000","Libreville, Wuse 2, Abuja",2026-06-01 11:16:21
4 bedroom terraced duplex for rent,"₦15,000,000","Opposite Games Village, Kukwaba, Abuja",2026-06-01 11:16:21
4 bedroom terraced duplex for rent,"₦10,000,000","Karmo-idu District. ( After Nizamiyel Hospital) Turkish Hospital, Karmo, Abuja",2026-06-01 11:16:21
4 bedroom house for rent,"₦9,000,000","Paradise Estate, Life Camp, Abuja",2026-06-01 11:16:21
3 bedroom flat / apartment for rent,"₦7,000,000","2nd Avenue, Gwarinpa, Abuja",2026-06-01 11:16:21
3 bedroom flat / apartment for rent,"₦4,000,000","Life Camp, Abuja",2026-06-01 11:16:21
4 bedroom terraced duplex for rent,"₦16,000,000","Diplomatic Zone, Katampe Extension, Katampe, Abuja",2026-06-01 11:16:21
3 bedroom flat / apartment for rent,"₦25,000,000","Jabi, Abuja",2026-06-01 11:16:21
4 bedroom terraced duplex for rent,"₦16,000,000","Diplomatic Zone., Katampe Extension, Katampe, Abuja",2026-06-01 11:16:21
Self contain (single rooms) for rent,"₦1,200,000","Off Citizens Avenue, Dawaki, Gwarinpa, Abuja",2026-06-01 11:16:21
5 bedroom semi-detached duplex for rent,"₦15,000,000","Off 7th Avenue, Gwarinpa, Abuja",2026-06-01 11:16:21
Self contain (single rooms) for rent,"₦1,100,000","Dawaki District, Dawaki, Gwarinpa, Abuja",2026-06-01 11:16:21
3 bedroom flat / apartment for rent,"₦8,000,000","Mabushi, Abuja",2026-06-01 11:16:21
1 bedroom flat / apartment for rent,"₦6,000,000","Maitama District, Abuja",2026-06-01 11:16:26
2 bedroom flat / apartment for rent,"₦20,000,000","Wuye, Abuja",2026-06-01 11:16:26
Plaza / complex / mall for rent,"₦200,000","Zone 2, Wuse, Abuja",2026-06-01 11:16:26
2 bedroom flat / apartment for rent,"₦24,000,000","By Libravile, Wuse 2, Abuja",2026-06-01 11:16:26
2 bedroom flat / apartment for rent,"₦5,000,000","Gaduwa, Abuja",2026-06-01 11:16:26
2 bedroom flat / apartment for rent,"₦42,000,000","Near Chida Hotel, Jabi, Abuja",2026-06-01 11:16:26
3 bedroom flat / apartment for rent,"₦48,000,000","Near Shoprite, Jabi, Abuja",2026-06-01 11:16:26
4 bedroom terraced duplex for rent,"₦20,000,000","Life Camp, Abuja",2026-06-01 11:16:26
6 bedroom detached duplex for rent,"₦45,000,000,000","Arab, Utako, Abuja",2026-06-01 11:16:26
4 bedroom semi-detached duplex for rent,"₦7,500,000","After Sunnyvale Estate, Lokogoma District, Abuja",2026-06-01 11:16:26
3 bedroom terraced duplex for rent,"₦15,000,000","Katampe (Main), Katampe, Abuja",2026-06-01 11:16:26
3 bedroom flat / apartment for rent,"₦6,000,000","News Engineering, Dawaki, Gwarinpa, Abuja",2026-06-01 11:16:26
2 bedroom terraced duplex for rent,"₦4,500,000","News Engineering, Dawaki, Gwarinpa, Abuja",2026-06-01 11:16:26
Office space for rent,"₦2,500,000","Off Adetokunbo Ademola Crescent, Wuse 2, Abuja",2026-06-01 11:16:26
Office space for rent,"₦42,000,000","Mabushi, Abuja",2026-06-01 11:16:26
2 bedroom flat / apartment for rent,"₦25,000,000","Wuye, Abuja",2026-06-01 11:16:26
3 bedroom flat / apartment for rent,"₦13,000,000","Wuse 2 By Efcc Office, Ademola Adetokunbo., Wuse 2, Abuja",2026-06-01 11:16:26
1 bedroom mini flat (room and parlour) for rent,"₦2,500,000","Cedercrest Hospital, Nepa, Apo, Abuja",2026-06-01 11:16:26
5 bedroom terraced duplex for rent,"₦20,000,000","Jahi, Abuja",2026-06-01 11:16:26
4 bedroom semi-detached duplex for rent,"₦25,000,000","Life Camp, Abuja",2026-06-01 11:16:26
1 bedroom mini flat (room and parlour) for rent,"₦2,500,000","Sagwari Layout Opposite F O 1, FO1 Layout, Kubwa, Abuja",2026-06-01 11:16:26
1 bedroom flat / apartment for rent,"₦6,000,000","Maitama District, Abuja",2026-06-01 11:16:31
Self contain (single rooms) for rent,"₦2,000,000","FO1 Layout, Kubwa, Abuja",2026-06-01 11:16:31
3 bedroom house for rent,"₦12,500,000","Gilmore, Jahi, Abuja",2026-06-01 11:16:31
2 bedroom flat / apartment for rent,"₦10,000,000","Lugbe District, Abuja",2026-06-01 11:16:31
4 bedroom semi-detached duplex for rent,"₦25,000,000","3rd Avenue, Gwarinpa, Abuja",2026-06-01 11:16:31
1 bedroom flat / apartment for rent,"₦1,000,000","Close To Kabusa Gardens Estate Down Sunnyvale Junction Road., Lokogoma District, Abuja",2026-06-01 11:16:32
3 bedroom semi-detached duplex for rent,"$60,000","Asokoro District, Abuja",2026-06-01 11:16:32
1 bedroom mini flat (room and parlour) for rent,"₦2,500,000","Along Sunnyvale Expressway, Galadimawa, Abuja",2026-06-01 11:16:32
8 bedroom detached duplex for rent,"₦120,000,000","Maitama District, Abuja",2026-06-01 11:16:32
4 bedroom terraced duplex for rent,"₦15,000,000","Jahi, Abuja",2026-06-01 11:16:32
5 bedroom detached duplex for rent,"₦15,000,000","In An Estate In Kaura, Kaura, Abuja",2026-06-01 11:16:32
4 bedroom terraced duplex for rent,"₦10,000,000","Guzape District, Abuja",2026-06-01 11:16:32
4 bedroom terraced duplex for rent,"₦15,000,000","Katampe (Main), Katampe, Abuja",2026-06-01 11:16:32
4 bedroom terraced duplex for rent,"₦15,000,000","By Gilmore Construction Company., Jahi, Abuja",2026-06-01 11:16:32
3 bedroom flat / apartment for rent,"₦12,500,000","By Gilmore Construction, Jahi, Abuja",2026-06-01 11:16:32
3 bedroom flat / apartment for rent,"₦13,000,000","Guzape District, Abuja",2026-06-01 11:16:32
5 bedroom detached duplex for rent,"₦40,000,000","Guzape District, Abuja",2026-06-01 11:16:32
2 bedroom flat / apartment for rent,"₦4,500,000","Close To Beger Yard, Life Camp, Abuja",2026-06-01 11:16:32
2 bedroom flat / apartment for rent,"₦67,000,000","Lokogoma District, Abuja",2026-06-01 11:16:32
4 bedroom terraced duplex for rent,"₦30,000,000","Katampe, Abuja",2026-06-01 11:16:32
3 bedroom flat / apartment for rent,"₦13,000,000","Life Camp, Abuja",2026-06-01 11:16:32
1 bedroom flat / apartment for rent,"₦9,000,000","Maitama District, Abuja",2026-06-01 11:16:40
4 bedroom detached duplex for rent,"₦13,000,000","Life Camp, Abuja",2026-06-01 11:16:40
2 bedroom flat / apartment for rent,"₦23,000,000","Wuye, Abuja",2026-06-01 11:16:40
7 bedroom detached duplex for rent,"₦110,000,000","Asokoro District, Abuja",2026-06-01 11:16:40
3 bedroom flat / apartment for rent,"₦8,000,000","Katampe, Abuja",2026-06-01 11:16:40
4 bedroom terraced duplex for rent,"₦10,000,000","By Cedarcrest Hospital, Apo, Abuja",2026-06-01 11:16:40
5 bedroom terraced duplex for rent,"₦25,000,000","Wuye, Abuja",2026-06-01 11:16:40
4 bedroom terraced duplex for rent,"₦30,000,000","Maitama District, Abuja",2026-06-01 11:16:40
1 bedroom flat / apartment for rent,"₦6,000,000","Maitama District, Abuja",2026-06-01 11:16:40
4 bedroom terraced duplex for rent,"₦35,000,000","Guzape District, Abuja",2026-06-01 11:16:40
5 bedroom detached duplex for rent,"₦80,000,000","Asokoro District, Abuja",2026-06-01 11:16:40
2 bedroom flat / apartment for rent,"$35,000","Maitama District, Abuja",2026-06-01 11:16:41
2 bedroom flat / apartment for rent,"₦6,500,000","Wuye, Abuja",2026-06-01 11:16:41
3 bedroom flat / apartment for rent,"₦10,000,000","By Gilmore, Jahi, Abuja",2026-06-01 11:16:41
18 bedroom flat / apartment for rent,"₦100,000,000","Guzape District, Abuja",2026-06-01 11:16:41
3 bedroom terraced duplex for rent,"₦13,000,000","Jabi, Abuja",2026-06-01 11:16:41
3 bedroom flat / apartment for rent,"₦5,500,000","Katampe (Main), Katampe, Abuja",2026-06-01 11:16:41
2 bedroom flat / apartment for rent,"₦8,000,000","Jahi, Abuja",2026-06-01 11:16:41
Shop for rent,"₦3,500,000","Aminu Kano Crescent, Wuse 2, Abuja",2026-06-01 11:16:41
2 bedroom flat / apartment for rent,"₦4,500,000","Wuye, Abuja",2026-06-01 11:16:41
4 bedroom terraced duplex for rent,"₦15,000,000","Kado, Abuja",2026-06-01 11:16:41
1 bedroom flat / apartment for rent,"₦9,000,000","Maitama District, Abuja",2026-06-01 11:16:47
2 bedroom flat / apartment for rent,"₦20,000,000","Wuye, Abuja",2026-06-01 11:16:47
2 bedroom flat / apartment for rent,"₦23,000,000","Katampe Extension, Katampe, Abuja",2026-06-01 11:16:47
Office space for rent,"₦12,000,000","Central Business District, Abuja",2026-06-01 11:16:47
2 bedroom flat / apartment for rent,"₦4,500,000","Old Secretariat, Garki Area 1, Durumi, Abuja",2026-06-01 11:16:47
4 bedroom terraced duplex for rent,"₦15,000,000","Jahi, Abuja",2026-06-01 11:16:47
2 bedroom flat / apartment for rent,"₦27,000,000","Aso-villa, Asokoro District, Abuja",2026-06-01 11:16:47
Plaza / complex / mall for rent,"₦3,780,000","Jabi, Abuja",2026-06-01 11:16:47
Plaza / complex / mall for rent,"₦3,360,000","Jabi, Abuja",2026-06-01 11:16:47
Plaza / complex / mall for rent,"₦3,600,000","Jabi, Abuja",2026-06-01 11:16:47
Office space for rent,"₦45,000,000","Wuse 2, Abuja",2026-06-01 11:16:47
Office space for rent,"₦50,000","Gudu, Abuja",2026-06-01 11:16:47
Plaza / complex / mall for rent,"₦16,000,000","By A.a. Rano Filling Station, Jabi, Abuja",2026-06-01 11:16:47
Warehouse for rent,"₦40,000,000","Apo, Abuja",2026-06-01 11:16:47
2 bedroom flat / apartment for rent,"₦14,000,000","Gilmore, Jahi, Abuja",2026-06-01 11:16:47
6 bedroom detached duplex for rent,"₦90,000,000","F.c.t, Maitama District, Abuja",2026-06-01 11:16:47
4 bedroom terraced duplex for rent,"₦30,000,000","Maitama Main, Maitama District, Abuja",2026-06-01 11:16:47
6 bedroom detached duplex for rent,"₦45,000,000","Wuse 2, Abuja",2026-06-01 11:16:47
3 bedroom detached bungalow for rent,"₦6,000,000","Gaduwa, Abuja",2026-06-01 11:16:47
1 bedroom flat / apartment for rent,"₦10,000,000","Katampe Extension, Katampe, Abuja",2026-06-01 11:16:47
4 bedroom terraced duplex for rent,"₦10,000,000","Gaduwa, Abuja",2026-06-01 11:16:47
Conference / meeting / training room for rent,"₦200,000","Kumasi Crescent, Wuse 2, Abuja",2026-06-01 11:16:52
4 bedroom terraced duplex for rent,"₦50,000,000","Maitama District, Abuja",2026-06-01 11:16:52
8 bedroom detached duplex for rent,"₦100,000,000","Maitama District, Abuja",2026-06-01 11:16:52
2 bedroom flat / apartment for rent,"₦5,000,000","Life Camp, Abuja",2026-06-01 11:16:52
5 bedroom detached duplex for rent,"₦35,000,000","Jabi, Abuja",2026-06-01 11:16:52
2 bedroom flat / apartment for rent,"₦6,000,000","Life Camp, Abuja",2026-06-01 11:16:52
6 bedroom detached duplex for rent,"₦45,000,000","Off Ademola Adetokunbo Crescent., Wuse 2, Abuja",2026-06-01 11:16:52
2 bedroom flat / apartment for rent,"₦2,650,000","By Kapwa, Off Airport Road, FHA (F.H.A), Lugbe District, Abuja",2026-06-01 11:16:52
1 bedroom mini flat (room and parlour) for rent,"₦2,100,000","Uptown Estate, Katampe, Abuja",2026-06-01 11:16:52
3 bedroom flat / apartment for rent,"₦40,000,000","British Village, Wuse 2, Abuja",2026-06-01 11:16:52
5 bedroom detached duplex for rent,"₦14,000,000","Kaura, Abuja",2026-06-01 11:16:52
4 bedroom terraced duplex for rent,"₦18,000,000","Kado, Abuja",2026-06-01 11:16:52
Office space for rent,"₦300,000","Wuse 2, Abuja",2026-06-01 11:16:52
Shop for rent,"₦43,200,000","Wuse 2, Abuja",2026-06-01 11:16:52
1 bedroom flat / apartment for rent,"₦7,000,000","Harbour Apartment, Asokoro District, Abuja",2026-06-01 11:16:52
10 bedroom detached duplex for rent,"₦250,000,000","Wuse 2, Abuja",2026-06-01 11:16:52
3 bedroom flat / apartment for rent,"₦15,000,000","Wuse 2, Abuja",2026-06-01 11:16:52
5 bedroom semi-detached duplex for rent,"₦30,000,000","Guzape District, Abuja",2026-06-01 11:16:52
3 bedroom terraced duplex for rent,"₦12,000,000","Dantata Estate, Gwarinpa, Abuja",2026-06-01 11:16:52
5 bedroom detached duplex for rent,"₦35,000,000","Guzape District, Abuja",2026-06-01 11:16:52
5 bedroom terraced duplex for rent,"₦25,000,000","Wuye, Abuja",2026-06-01 11:16:52
1 bedroom flat / apartment for rent,"₦9,000,000","Maitama District, Abuja",2026-06-01 11:16:59
5 bedroom terraced duplex for rent,"₦25,000,000","Wuse, Abuja",2026-06-01 11:16:59
5 bedroom terraced duplex for rent,"₦25,000,000","Wuse, Abuja",2026-06-01 11:16:59
2 bedroom house for rent,"₦7,000,000","Naf, Valley Estate, Asokoro District, Abuja",2026-06-01 11:16:59
4 bedroom house for rent,"₦25,000,000","Lifecamp Main, Life Camp, Abuja",2026-06-01 11:16:59
3 bedroom flat / apartment for rent,"₦13,500,000","Wuse 2, Abuja",2026-06-01 11:16:59
4 bedroom terraced duplex for rent,"₦8,000,000","Brians And Hammers, Life Camp, Abuja",2026-06-01 11:16:59
Office space for rent,"₦988,900","1 Zambezi Crescent Off Aguyi Ironsi Street, Murjanatu House, Maitama District, Abuja",2026-06-01 11:16:59
2 bedroom semi-detached bungalow for rent,"₦5,000,000","Along Cedercrest Hospital Road, Apo, Abuja",2026-06-01 11:16:59
2 bedroom flat / apartment for rent,"₦4,000,000","News Engineering, Dawaki, Gwarinpa, Abuja",2026-06-01 11:16:59
3 bedroom flat / apartment for rent,"₦6,000,000","News Engineering, Dawaki, Gwarinpa, Abuja",2026-06-01 11:16:59
2 bedroom flat / apartment for rent,"₦20,000,000","Aso-villa Residential Area, Asokoro District, Abuja",2026-06-01 11:16:59
1 bedroom mini flat (room and parlour) for rent,"₦10,000,000","Katampe Extension, Katampe, Abuja",2026-06-01 11:16:59
2 bedroom flat / apartment for rent,"₦12,000,000","Katampe Extension, Katampe, Abuja",2026-06-01 11:16:59
3 bedroom flat / apartment for rent,"₦15,000,000","Katampe Extension, Katampe, Abuja",2026-06-01 11:16:59
3 bedroom terraced duplex for rent,"₦30,000,000","Asokoro District, Abuja",2026-06-01 11:16:59
2 bedroom flat / apartment for rent,"₦4,000,000","Mbora (Nbora), Abuja",2026-06-01 11:16:59
3 bedroom flat / apartment for rent,"₦6,000,000","Life Camp, Abuja",2026-06-01 11:16:59
Plaza / complex / mall for rent,"₦2,500,000","Area 11, Garki, Abuja",2026-06-01 11:16:59
4 bedroom terraced duplex for rent,"₦18,000,000","Diplomatic Zone, Katampe Extension, Katampe, Abuja",2026-06-01 11:16:59
4 bedroom flat / apartment for rent,"₦40,000,000","Maitama, Maitama District, Abuja",2026-06-01 11:16:59
1 bedroom flat / apartment for rent,"₦6,000,000","Maitama District, Abuja",2026-06-01 11:17:05
3 bedroom flat / apartment for rent,"$35,000","Maitama, Maitama District, Abuja",2026-06-01 11:17:05
3 bedroom flat / apartment for rent,"₦13,000,000","Wuse 2, Abuja",2026-06-01 11:17:05
4 bedroom terraced duplex for rent,"₦5,000,000","Estate By Jedo Junction, Lugbe District, Abuja",2026-06-01 11:17:05
8 bedroom detached duplex for rent,"₦120,000,000","Maitama District, Abuja",2026-06-01 11:17:05
Office space for rent,"₦10,000,000","Jabi, Abuja",2026-06-01 11:17:05
4 bedroom detached duplex for rent,"₦30,000,000","Navy Town, Admiralty Estate, Asokoro District, Abuja",2026-06-01 11:17:05
1 bedroom flat / apartment for rent,"$40,000","Diplomatic Zone, Maitama District, Abuja",2026-06-01 11:17:05
2 bedroom flat / apartment for rent,"$65,000","Diplomatic Zone, Maitama District, Abuja",2026-06-01 11:17:05
2 bedroom flat / apartment for rent,"₦3,500,000","Life Camp, Abuja",2026-06-01 11:17:05
5 bedroom detached duplex for rent,"₦8,000,000","Estate Behind Shafa Opposite Dunamis Dome, Lugbe District, Abuja",2026-06-01 11:17:05
3 bedroom house for rent,"₦6,000,000","Jahi-katampe Road, Jahi, Abuja",2026-06-01 11:17:05
5 bedroom detached duplex for rent,"₦45,000,000","Wuye, Abuja",2026-06-01 11:17:05
3 bedroom flat / apartment for rent,"₦12,500,000","Gilmore, Jahi, Abuja",2026-06-01 11:17:05
4 bedroom terraced duplex for rent,"₦15,000,000","Guzape Hills, Guzape District, Abuja",2026-06-01 11:17:05
Office space for rent,"₦1,647,900","1 Zambezi Crescent Off Aguyi Ironsi Street, Murjanatu House, Maitama District, Abuja",2026-06-01 11:17:05
4 bedroom terraced duplex for rent,"₦13,500,000","Off Nasir El Rufai, Guzape District, Abuja",2026-06-01 11:17:05
3 bedroom house for rent,"₦10,000,000","Guzape District, Abuja",2026-06-01 11:17:05
5 bedroom terraced duplex for rent,"₦15,000,000","Guzape District, Abuja",2026-06-01 11:17:05
5 bedroom detached duplex for rent,"₦25,000,000","Mabushi, Abuja",2026-06-01 11:17:05
3 bedroom flat / apartment for rent,"₦180,000,000","Katampe, Abuja",2026-06-01 11:17:05
1 bedroom flat / apartment for rent,"₦9,000,000","Maitama District, Abuja",2026-06-01 11:17:12
3 bedroom flat / apartment for rent,"₦4,000,000","Brains And Hammers City, Life Camp, Abuja",2026-06-01 11:17:12
Office space for rent,"₦10,000","Kumasi Crescent, Wuse 2, Abuja",2026-06-01 11:17:12
4 bedroom terraced duplex for rent,"₦12,000,000","Mabushi, Abuja",2026-06-01 11:17:12
4 bedroom semi-detached duplex for rent,"₦8,000,000","Life Camp, Abuja",2026-06-01 11:17:12
2 bedroom semi-detached duplex for rent,"₦4,000,000","Nut Road, Opposite River Park, Sabon Lugbe, Lugbe District, Abuja",2026-06-01 11:17:12
5 bedroom terraced duplex for rent,"₦25,000,000","Life Camp, Abuja",2026-06-01 11:17:12
4 bedroom terraced duplex for rent,"₦15,000,000","Life Camp, Abuja",2026-06-01 11:17:12
9 bedroom house for rent,"₦32,000,000","Life Camp, Abuja",2026-06-01 11:17:12
2 bedroom flat / apartment for rent,"₦4,000,000","FO1 Layout, Kubwa, Abuja",2026-06-01 11:17:12
4 bedroom terraced duplex for rent,"₦12,000,000","Cosgrove Axis, Mabushi, Abuja",2026-06-01 11:17:12
4 bedroom terraced duplex for rent,"₦30,000,000","Maitama Ministers Hill, Maitama District, Abuja",2026-06-01 11:17:12
Shop for rent,"₦6,000,000","Gwarinpa, Abuja",2026-06-01 11:17:12
4 bedroom terraced duplex for rent,"₦10,000,000","Gwarinpa, Abuja",2026-06-01 11:17:12
Plaza / complex / mall for rent,"₦60,000,000","Ademola Adetokunbo, Wuse 2, Abuja",2026-06-01 11:17:12
Office space for rent,"₦24,400,000","Area 2, Garki, Abuja",2026-06-01 11:17:12
Office space for rent,"₦37,800,000","Area 2, Garki, Abuja",2026-06-01 11:17:12
3 bedroom terraced duplex for rent,"$35,000","Maitama District, Abuja",2026-06-01 11:17:12
5 bedroom detached duplex for rent,"₦80,000,000","Wuse 2, Abuja",2026-06-01 11:17:12
Office space for rent,"₦724,900","1 Zambezi Crescent Off Aguyi Ironsi Street, Murjanatu House, Maitama District, Abuja",2026-06-01 11:17:12
2 bedroom flat / apartment for rent,"₦6,500,000","Wuye, Abuja",2026-06-01 11:17:12
Conference / meeting / training room for rent,"₦200,000","Kumasi Crescent, Wuse 2, Abuja",2026-06-01 11:17:26
Office space for rent,"₦160,000","Off Aguiyi Ironsi Street, Maitama District, Abuja",2026-06-01 11:17:26
4 bedroom house for rent,"₦20,000,000","Wuye, Abuja",2026-06-01 11:17:26
3 bedroom flat / apartment for rent,"₦15,000,000","Off Ademola Adetokunbo Crescent, Wuse 2, Abuja",2026-06-01 11:17:26
3 bedroom flat / apartment for rent,"₦9,000,000","By American International School, Durumi, Abuja",2026-06-01 11:17:26
3 bedroom flat / apartment for rent,"₦35,000,000","Main, Jabi, Abuja",2026-06-01 11:17:26
3 bedroom flat / apartment for rent,"₦5,000,000","News Engineering, Dawaki, Gwarinpa, Abuja",2026-06-01 11:17:26
3 bedroom terraced duplex for rent,"₦30,000,000","Asokoro District, Abuja",2026-06-01 11:17:26
4 bedroom terraced duplex for rent,"₦19,000,000","Jabi, Abuja",2026-06-01 11:17:26
5 bedroom terraced bungalow for rent,"₦25,000,000","Wuye, Abuja",2026-06-01 11:17:26
Office space for rent,"₦507,900","1 Zambezi Crescent Off Aguyi Ironsi Street, Murjanatu House, Maitama District, Abuja",2026-06-01 11:17:26
2 bedroom flat / apartment for rent,"₦19,000,000","By Nitel Junction, Wuse 2, Abuja",2026-06-01 11:17:26
5 bedroom detached duplex for rent,"₦60,000,000","Maitama District, Abuja",2026-06-01 11:17:26
5 bedroom detached duplex for rent,"₦25,000,000","Around Godab, Life Camp, Abuja",2026-06-01 11:17:26
6 bedroom detached duplex for rent,"₦150,000,000","Maitama Main, Maitama District, Abuja",2026-06-01 11:17:26
4 bedroom terraced duplex for rent,"₦15,000,000","Guzape District, Abuja",2026-06-01 11:17:26
Plaza / complex / mall for rent,"₦25,000,000","Lifecamp Junction, Life Camp, Abuja",2026-06-01 11:17:26
4 bedroom terraced duplex for rent,"₦15,000,000","Mabushi, Abuja",2026-06-01 11:17:26
3 bedroom terraced duplex for rent,"₦7,000,000","Life Camp, Abuja",2026-06-01 11:17:26
4 bedroom semi-detached duplex for rent,"₦15,000,000","Ameyo Adadevoh Way, Jahi, Abuja",2026-06-01 11:17:26
5 bedroom semi-detached duplex for rent,"₦55,000,000","Guzape Main, Guzape District, Abuja",2026-06-01 11:17:26
1 bedroom flat / apartment for rent,"₦6,000,000","Maitama District, Abuja",2026-06-01 11:17:32
3 bedroom flat / apartment for rent,"₦12,000,000","Guzape District, Abuja",2026-06-01 11:17:32
4 bedroom semi-detached duplex for rent,"₦40,000,000","Guzape District, Abuja",2026-06-01 11:17:32
4 bedroom terraced duplex for rent,"₦12,000,000","Area 3, Garki, Abuja",2026-06-01 11:17:33
4 bedroom terraced duplex for rent,"₦15,000,000","By H Medix, Guzape District, Abuja",2026-06-01 11:17:33
4 bedroom terraced duplex for rent,"₦15,000,000","Jahi, Abuja",2026-06-01 11:17:33
4 bedroom terraced duplex for rent,"₦15,000,000","Guzape Main, Guzape District, Abuja",2026-06-01 11:17:33
6 bedroom terraced duplex for rent,"₦40,000,000","Asokoro District, Abuja",2026-06-01 11:17:33
3 bedroom terraced duplex for rent,"₦10,000,000","Life Camp, Abuja",2026-06-01 11:17:33
5 bedroom detached duplex for rent,"₦30,000,000","Maitama District, Abuja",2026-06-01 11:17:33
5 bedroom semi-detached duplex for rent,"₦25,000,000","Life Camp, Abuja",2026-06-01 11:17:33
4 bedroom terraced duplex for rent,"₦12,000,000","Mabushi, Abuja",2026-06-01 11:17:33
5 bedroom detached duplex for rent,"₦50,000,000","Asokoro District, Abuja",2026-06-01 11:17:33
5 bedroom detached duplex for rent,"₦80,000,000","Guzape, Guzape District, Abuja",2026-06-01 11:17:33
2 bedroom flat / apartment for rent,"₦15,000,000","Ademola Adetokunbo, Wuse 2, Abuja",2026-06-01 11:17:33
Conference / meeting / training room for rent,"₦200,000","22 Kumasi Crescent, Wuse 2, Abuja",2026-06-01 11:17:33
5 bedroom detached duplex for rent,"₦35,000,000","City Gate By Games Village, Kukwaba, Abuja",2026-06-01 11:17:33
4 bedroom terraced duplex for rent,"₦15,000,000","Jahi, Abuja",2026-06-01 11:17:33
2 bedroom flat / apartment for rent,"₦2,000,000","Old Redeemed Church Street, Off Andrew Ighelli Street, FHA (F.H.A), Lugbe District, Abuja",2026-06-01 11:17:33
4 bedroom terraced duplex for rent,"₦15,000,000","By Gilmore, Jahi, Abuja",2026-06-01 11:17:33
4 bedroom flat / apartment for rent,"₦15,000,000","Guzape District, Abuja",2026-06-01 11:17:33
Conference / meeting / training room for rent,"₦200,000","Kumasi Crescent, Wuse 2, Abuja",2026-06-01 11:17:40
3 bedroom terraced duplex for rent,"₦40,000,000","Katampe Extension, Katampe, Abuja",2026-06-01 11:17:40
2 bedroom flat / apartment for rent,"₦5,500,000","Life Camp, Abuja",2026-06-01 11:17:40
3 bedroom flat / apartment for rent,"₦12,000,000","Maitama District, Abuja",2026-06-01 11:17:40
4 bedroom terraced duplex for rent,"₦10,000,000","Kaura, Abuja",2026-06-01 11:17:40
3 bedroom flat / apartment for rent,"₦9,000,000","Durumi, Abuja",2026-06-01 11:17:40
Office space for rent,"₦50,000,000","Wuse, Abuja",2026-06-01 11:17:40
Office space for rent,"₦166,400,000","Maitama District, Abuja",2026-06-01 11:17:40
Shop for rent,"₦26,000,000","Aminu Kanu Crescent, Wuse 2, Abuja",2026-06-01 11:17:40
Plaza / complex / mall for rent,"₦4,000,000","Aminu Kanu Crescent, Wuse 2, Abuja",2026-06-01 11:17:40
2 bedroom flat / apartment for rent,"₦10,000,000","Apo Legislative Quarters, Apo, Abuja",2026-06-01 11:17:40
4 bedroom terraced duplex for rent,"₦9,000,000","After The Catholic Church, Gaduwa, Abuja",2026-06-01 11:17:40
3 bedroom flat / apartment for rent,"$35,000","Wuse 2, Abuja",2026-06-01 11:17:40
6 bedroom detached duplex for rent,"₦80,000,000","Maitama District, Abuja",2026-06-01 11:17:40
5 bedroom semi-detached duplex for rent,"₦20,000,000","Katampe, Abuja",2026-06-01 11:17:40
5 bedroom terraced duplex for rent,"₦45,000,000","Guzape District, Abuja",2026-06-01 11:17:40
4 bedroom terraced duplex for rent,"₦20,000,000","Wuse 2, Abuja",2026-06-01 11:17:40
4 bedroom terraced duplex for rent,"₦14,000,000","Mobil Fillings Station Before Wuse 2, Mabushi, Abuja",2026-06-01 11:17:40
Plaza / complex / mall for rent,"₦12,155,000","Ademola Adetokunbo, Wuse 2, Abuja",2026-06-01 11:17:40
3 bedroom house for rent,"₦3,500,000","Arab Road, Behind Dunamis Church, Kubwa, Abuja",2026-06-01 11:17:40
4 bedroom detached duplex for rent,"₦350,000,000","Work's & Housing Estate, Gwarinpa, Abuja",2026-06-01 11:17:40
Conference / meeting / training room for rent,"₦200,000","Kumasi Crescent, Wuse 2, Abuja",2026-06-01 11:17:48
4 bedroom terraced duplex for rent,"₦12,000,000","Wuye Main(tarred Rd, Wuye, Abuja",2026-06-01 11:17:48
Self contain (single rooms) for rent,"₦800,000","Sauka New Site Estate, FHA (F.H.A), Lugbe District, Abuja",2026-06-01 11:17:48
5 bedroom detached duplex for rent,"₦65,000,000","Asokoro District, Abuja",2026-06-01 11:17:48
96 bedroom flat / apartment for rent,"₦300,000,000","Wuse 2, Abuja",2026-06-01 11:17:48
3 bedroom terraced duplex for rent,"₦50,000,000","Off Linda Chalker Street, Asokoro District, Abuja",2026-06-01 11:17:48
Office space for rent,"₦6,000,000","22 Kumasi Crescent, Wuse 2, Abuja",2026-06-01 11:17:48
6 bedroom semi-detached duplex for rent,"₦25,000,000","Katampe (Main), Katampe, Abuja",2026-06-01 11:17:48
3 bedroom flat / apartment for rent,"₦20,000,000","Jahi, Abuja",2026-06-01 11:17:48
4 bedroom detached duplex for rent,"₦20,000,000","3rd Avenue, Gwarinpa, Abuja",2026-06-01 11:17:48
Office space for rent,"₦1,300,000","Utako, Abuja",2026-06-01 11:17:48
6 bedroom house for rent,"₦20,000,000","Katampe (Main), Katampe, Abuja",2026-06-01 11:17:48
4 bedroom terraced duplex for rent,"₦15,000,000","Mabushi, Abuja",2026-06-01 11:17:48
4 bedroom terraced duplex for rent,"₦15,000,000","Mabushi, Mabushi, Abuja",2026-06-01 11:17:48
3 bedroom flat / apartment for rent,"₦10,000,000","Jahi, Abuja",2026-06-01 11:17:48
3 bedroom flat / apartment for rent,"₦15,000,000","Asokoro District, Abuja",2026-06-01 11:17:48
3 bedroom flat / apartment for rent,"₦6,000,000","News Engineering, Dawaki, Gwarinpa, Abuja",2026-06-01 11:17:48
4 bedroom semi-detached duplex for rent,"₦10,000,000","Orchacho Estate, Life Camp, Abuja",2026-06-01 11:17:48
Plaza / complex / mall for rent,"₦120,000,000","Mabushi, Abuja",2026-06-01 11:17:48
Office space for rent,"₦8,000,000","Kumasi Crescent, Wuse 2, Abuja",2026-06-01 11:17:48
4 bedroom terraced duplex for rent,"₦20,000,000","Diplomatic Zone., Katampe Extension, Katampe, Abuja",2026-06-01 11:17:48
1 bedroom flat / apartment for rent,"₦6,000,000","Maitama District, Abuja",2026-06-01 11:17:55
3 bedroom flat / apartment for rent,"₦10,000,000","Off River Park Estate, Airport Road, Lugbe District, Abuja",2026-06-01 11:17:55
4 bedroom terraced duplex for rent,"₦30,000,000","Off Ibb Way, Maitama District, Abuja",2026-06-01 11:17:55
Office space for rent,"₦53,200,000","Maitama District, Abuja",2026-06-01 11:17:55
Office space for rent,"₦733,900","4th Floor, Building Ii, Rivers House, Plot 83 Ralph Shodeinde Street, Central Business District, Abuja",2026-06-01 11:17:55
Office space for rent,"₦1,450,900","4th Floor, Building Ii, Rivers House, Plot 83 Ralph Shodeinde Street, Central Business District, Abuja",2026-06-01 11:17:55
Office space for rent,"₦1,629,800","4th Floor,tower C,churchgate Plaza, Ao Cadastral Zone,constitution Ave, Central Business District, Abuja",2026-06-01 11:17:55
Office space for rent,"₦857,800","4th Floor,tower C,churchgate Plaza, Ao Cadastral Zone,constitution Ave, Central Business District, Abuja",2026-06-01 11:17:55
Office space for rent,"₦773,800","123 Mohammadu Buhari Way, Chelsea Cbd, Central Business District, Abuja",2026-06-01 11:17:55
Office space for rent,"₦1,962,900","123 Mohammadu Buhari Way, Chelsea Cbd, Central Business District, Abuja",2026-06-01 11:17:55
Office space for rent,"₦1,318,900","1 Zambezi Crescent Off Aguyi Ironsi Street, Murjanatu House, Maitama District, Abuja",2026-06-01 11:17:55
Office space for rent,"₦548,900","28, Okemesi Crescent, Area 2, Garki, Abuja",2026-06-01 11:17:55
Office space for rent,"₦835,900","28, Okemesi Crescent, Area 2, Garki, Abuja",2026-06-01 11:17:55
11 bedroom detached duplex for rent,"₦16,000,000","Lokogoma District, Abuja",2026-06-01 11:17:55
Plaza / complex / mall for rent,"₦6,500,000","Wuse 2, Abuja",2026-06-01 11:17:55
Office space for rent,"₦35,000,000","Diplomatic Zone, Katampe Extension, Katampe, Abuja",2026-06-01 11:17:55
6 bedroom terraced duplex for rent,"₦25,000,000","Diplomatic Zone, Katampe Extension, Katampe, Abuja",2026-06-01 11:17:55
Plaza / complex / mall for rent,"₦50,000,000","Lugbe Shoprite, Lugbe District, Abuja",2026-06-01 11:17:55
1 bedroom mini flat (room and parlour) for rent,"₦12,000,000","Behind Godab Estate, Life Camp, Abuja",2026-06-01 11:17:55
1 bedroom mini flat (room and parlour) for rent,"₦8,000,000","Behind Godab Estate, Life Camp, Abuja",2026-06-01 11:17:55
3 bedroom flat / apartment for rent,"₦5,500,000","Galadimawa, Abuja",2026-06-01 11:17:55
Conference / meeting / training room for rent,"₦200,000","Kumasi Crescent, Wuse 2, Abuja",2026-06-01 11:18:05
3 bedroom flat / apartment for rent,"₦20,000,000","Maitama District, Abuja",2026-06-01 11:18:05
3 bedroom flat / apartment for rent,"₦60,000,000","Gilmore, Jahi, Abuja",2026-06-01 11:18:05
5 bedroom terraced duplex for rent,"$60,000","Maitama District, Abuja",2026-06-01 11:18:05
4 bedroom terraced duplex for rent,"₦6,500,000","Nyzamiye Hospital, Karmo, Abuja",2026-06-01 11:18:05
2 bedroom house for rent,"₦95,000,000","Lokogoma District, Abuja",2026-06-01 11:18:05
2 bedroom flat / apartment for rent,"₦7,000,000","Games Village, Kaura, Abuja",2026-06-01 11:18:05
5 bedroom terraced duplex for rent,"₦95,000,000","Jabi, Abuja",2026-06-01 11:18:05
4 bedroom detached duplex for rent,"₦25,000,000","Diplomatic Zone, Katampe Extension, Katampe, Abuja",2026-06-01 11:18:05
3 bedroom flat / apartment for rent,"₦10,000,000","Guzape District, Abuja",2026-06-01 11:18:05
Office space for rent,"₦6,000,000","Off Ademola Adetokubo Crescent, Wuse 2, Abuja",2026-06-01 11:18:05
3 bedroom flat / apartment for rent,"₦10,000,000","Diplomatic Zone, Katampe Extension, Katampe, Abuja",2026-06-01 11:18:05
4 bedroom terraced duplex for rent,"₦15,000,000","Katampe (Main), Katampe, Abuja",2026-06-01 11:18:05
Self contain (single rooms) for rent,"₦8,000,000","Wuye, Abuja",2026-06-01 11:18:05
3 bedroom detached bungalow for rent,"₦18,000,000","Kado Estate, Kado, Abuja",2026-06-01 11:18:05
1 bedroom mini flat (room and parlour) for rent,"₦30,000,000","Maitama District, Abuja",2026-06-01 11:18:05
1 bedroom flat / apartment for rent,"₦1,600,000","Cluster, River Park Estate Airport Road, Lugbe District, Abuja",2026-06-01 11:18:05
4 bedroom terraced duplex for rent,"₦60,000,000","Maitama District, Abuja",2026-06-01 11:18:05
5 bedroom detached duplex for rent,"₦60,000,000","Guzape District, Abuja",2026-06-01 11:18:05
10 bedroom detached duplex for rent,"₦150,000,000","Asokoro District, Abuja",2026-06-01 11:18:05
2 bedroom flat / apartment for rent,"₦4,000,000","Close To Dunamis Church Headquarters, Lugbe District, Abuja",2026-06-01 11:18:05
Conference / meeting / training room for rent,"₦200,000","Kumasi Crescent, Wuse 2, Abuja",2026-06-01 11:18:13
3 bedroom flat / apartment for rent,"₦7,000,000","Wuye, Abuja",2026-06-01 11:18:13
3 bedroom flat / apartment for rent,"₦10,000,000","Katampe (Main), Katampe, Abuja",2026-06-01 11:18:13
2 bedroom flat / apartment for rent,"₦7,500,000","Jedo Estate Road, Lugbe District, Abuja",2026-06-01 11:18:13
Office space for rent,"₦8,000,000","Kumasi Cresent, Wuse 2, Abuja",2026-06-01 11:18:13
2 bedroom flat / apartment for rent,"$35,000","Maitama District, Abuja",2026-06-01 11:18:13
1 bedroom mini flat (room and parlour) for rent,"₦4,000,000","Brick City Estate, Kubwa, Abuja",2026-06-01 11:18:13
Office space for rent,"₦251,784,000","Central Business District, Abuja",2026-06-01 11:18:13
2 bedroom flat / apartment for rent,"₦20,000,000","Wuye, Abuja",2026-06-01 11:18:13
Office space for rent,"₦250,000","Maitama District, Abuja",2026-06-01 11:18:13
4 bedroom semi-detached duplex for rent,"₦15,000,000","Gwarinpa, Abuja",2026-06-01 11:18:13
6 bedroom detached duplex for rent,"₦50,000,000","Maitama District, Abuja",2026-06-01 11:18:13
5 bedroom semi-detached duplex for rent,"₦35,000,000","Katampe Extension, Katampe, Abuja",2026-06-01 11:18:13
Office space for rent,"₦2,500,000","Area 11, Garki, Abuja",2026-06-01 11:18:13
Office space for rent,"₦200,000,000","Garki, Abuja",2026-06-01 11:18:13
3 bedroom terraced duplex for rent,"₦15,000,000","Jahi, Abuja",2026-06-01 11:18:13
3 bedroom flat / apartment for rent,"₦10,000,000","Jahi, Abuja",2026-06-01 11:18:13
4 bedroom semi-detached duplex for rent,"₦35,000,000","Jabi, Abuja",2026-06-01 11:18:13
1 bedroom mini flat (room and parlour) for rent,"₦12,000,000","Wuye, Abuja",2026-06-01 11:18:13
5 bedroom semi-detached duplex for rent,"₦25,000,000","Guzape District, Abuja",2026-06-01 11:18:13
2 bedroom flat / apartment for rent,"₦4,500,000","American International School, Durumi, Abuja",2026-06-01 11:18:13
1 bedroom flat / apartment for rent,"₦6,000,000","Maitama District, Abuja",2026-06-01 11:18:19
2 bedroom flat / apartment for rent,"₦6,500,000","Wuye, Abuja",2026-06-01 11:18:19
2 bedroom flat / apartment for rent,"₦3,500,000","Area 1 Axis., Durumi, Abuja",2026-06-01 11:18:19
4 bedroom detached duplex for rent,"₦30,000,000","Maitama District, Abuja",2026-06-01 11:18:19
5 bedroom detached duplex for rent,"₦50,000,000","Maitama District, Abuja",2026-06-01 11:18:19
5 bedroom terraced duplex for rent,"₦20,000,000","Jahi, Abuja",2026-06-01 11:18:19
5 bedroom detached duplex for rent,"₦30,000,000","Katampe Extension, Katampe, Abuja",2026-06-01 11:18:19
5 bedroom semi-detached duplex for rent,"₦30,000,000","Katampe Extension, Katampe, Abuja",2026-06-01 11:18:19
3 bedroom flat / apartment for rent,"₦40,000,000","Maitama District, Abuja",2026-06-01 11:18:19
4 bedroom terraced duplex for rent,"₦9,000,000","Jahi, Abuja",2026-06-01 11:18:19
5 bedroom detached duplex for rent,"₦25,000,000","Guzape District, Abuja",2026-06-01 11:18:19
4 bedroom detached duplex for rent,"₦10,000,000","Gaduwa, Abuja",2026-06-01 11:18:19
2 bedroom flat / apartment for rent,"₦5,000,000","Area 1 Axis, Durumi, Abuja",2026-06-01 11:18:19
5 bedroom terraced duplex for rent,"₦15,000,000","3rd Avenue, Gwarinpa, Abuja",2026-06-01 11:18:19
4 bedroom terraced duplex for rent,"₦10,000,000","Life Camp, Abuja",2026-06-01 11:18:19
28 bedroom flat / apartment for rent,"₦120,000,000","Katampe Extension, Katampe, Abuja",2026-06-01 11:18:19
1 bedroom mini flat (room and parlour) for rent,"₦3,000,000","News Engineering, Dawaki, Gwarinpa, Abuja",2026-06-01 11:18:19
4 bedroom terraced duplex for rent,"₦25,000,000","Wuse 2, Abuja",2026-06-01 11:18:19
5 bedroom terraced duplex for rent,"₦20,000,000","Jabi, Abuja",2026-06-01 11:18:19
4 bedroom detached duplex for rent,"₦20,000,000","Brains And Hammer Estate By Expressway, Dawaki, Gwarinpa, Abuja",2026-06-01 11:18:19
3 bedroom flat / apartment for rent,"₦8,500,000","Katampe Extension, Katampe, Abuja",2026-06-01 11:18:19
1 bedroom flat / apartment for rent,"₦9,000,000","Maitama District, Abuja",2026-06-01 11:18:26
5 bedroom detached duplex for rent,"₦35,000,000","Katampe Extension, Katampe, Abuja",2026-06-01 11:18:26
2 bedroom flat / apartment for rent,"₦5,000,000","River Park Estate, Lugbe District, Abuja",2026-06-01 11:18:26
4 bedroom house for rent,"₦180,000,000","Maitama Main, Maitama District, Abuja",2026-06-01 11:18:26
4 bedroom terraced duplex for rent,"₦12,000,000","Off Aduvie School, Jahi, Abuja",2026-06-01 11:18:26
3 bedroom house for rent,"₦12,000,000","Enl, Guzape District, Abuja",2026-06-01 11:18:26
4 bedroom terraced duplex for rent,"$30,000","Jabi, Abuja",2026-06-01 11:18:26
4 bedroom terraced duplex for rent,"₦18,000,000","Utako, Abuja",2026-06-01 11:18:26
3 bedroom flat / apartment for rent,"₦4,500,000","Modern Market, Dawaki, Gwarinpa, Abuja",2026-06-01 11:18:26
4 bedroom terraced duplex for rent,"₦18,000,000","Utako, Abuja",2026-06-01 11:18:26
1 bedroom house for rent,"₦8,000,000","Durumi, Abuja",2026-06-01 11:18:26
2 bedroom flat / apartment for rent,"₦3,500,000","News Engineering, Dawaki, Gwarinpa, Abuja",2026-06-01 11:18:26
1 bedroom flat / apartment for rent,"₦2,500,000","News Engineering, Dawaki, Gwarinpa, Abuja",2026-06-01 11:18:26
4 bedroom terraced duplex for rent,"₦35,000,000","Off Ty Danjuma, Asokoro District, Abuja",2026-06-01 11:18:26
2 bedroom flat / apartment for rent,"₦5,000,000","River Park, Lugbe District, Abuja",2026-06-01 11:18:26
3 bedroom flat / apartment for rent,"₦9,000,000","Jahi, Abuja",2026-06-01 11:18:26
Office space for rent,"₦149,000","Kumasi Crescent, Wuse 2, Abuja",2026-06-01 11:18:26
Office space for rent,"₦150,000,000","Central Business District, Abuja",2026-06-01 11:18:26
2 bedroom flat / apartment for rent,"₦12,000,000","Off 3rd Avenue, Gwarinpa, Abuja",2026-06-01 11:18:26
4 bedroom flat / apartment for rent,"₦15,000,000","Off Oladipo Diya Way, Gaduwa, Abuja",2026-06-01 11:18:26
Office space for rent,"₦47,000,000","Jabi, Abuja",2026-06-01 11:18:26
1 bedroom flat / apartment for rent,"₦6,000,000","Maitama District, Abuja",2026-06-01 11:18:33
3 bedroom flat / apartment for rent,"₦9,000,000","Gilmore, Jahi, Abuja",2026-06-01 11:18:33
3 bedroom terraced duplex for rent,"₦15,000,000","Guzape Main, Guzape District, Abuja",2026-06-01 11:18:33
3 bedroom flat / apartment for rent,"₦5,500,000","Area 1 Axis., Durumi, Abuja",2026-06-01 11:18:33
2 bedroom flat / apartment for rent,"₦6,000,000","By Shafa, Wuye, Abuja",2026-06-01 11:18:33
Office space for rent,"₦300,000,000","Wuse 2, Abuja",2026-06-01 11:18:33
Self contain (single rooms) for rent,"₦2,500,000","3rd Avenue, Gwarinpa, Abuja",2026-06-01 11:18:33
4 bedroom terraced duplex for rent,"₦15,000,000","By Shafa, Wuye, Abuja",2026-06-01 11:18:33
1 bedroom mini flat (room and parlour) for rent,"₦4,000,000","Mabushi, Abuja",2026-06-01 11:18:33
3 bedroom flat / apartment for rent,"₦10,000,000","Jahi, Abuja",2026-06-01 11:18:33
Warehouse for rent,"₦4,500,000","FO1 Layout, Kubwa, Abuja",2026-06-01 11:18:33
2 bedroom flat / apartment for rent,"₦5,000,000","Jahi, Abuja",2026-06-01 11:18:33
1 bedroom flat / apartment for rent,"₦5,000,000","By Zartech( Tarred Rd), Wuye, Abuja",2026-06-01 11:18:33
4 bedroom terraced duplex for rent,"₦35,000,000","Jabi, Abuja",2026-06-01 11:18:33
4 bedroom terraced duplex for rent,"₦28,000,000","Adamu Aliero Crescent, Guzape District, Abuja",2026-06-01 11:18:33
3 bedroom house for rent,"₦12,000,000","Guzape District, Abuja",2026-06-01 11:18:33
3 bedroom detached bungalow for rent,"₦6,000,000","Efab Estate, Gwarinpa, Abuja",2026-06-01 11:18:33
4 bedroom terraced duplex for rent,"₦15,000,000","Jahi, Abuja",2026-06-01 11:18:33
3 bedroom flat / apartment for rent,"₦9,000,000","Jahi, Abuja",2026-06-01 11:18:33
4 bedroom detached duplex for rent,"₦20,000,000","1st Avenue, Gwarinpa, Abuja",2026-06-01 11:18:33
3 bedroom flat / apartment for rent,"₦25,000,000","Jahi, Abuja",2026-06-01 11:18:33
Conference / meeting / training room for rent,"₦200,000","Kumasi Crescent, Wuse 2, Abuja",2026-06-01 11:18:41
Warehouse for rent,"₦50,000","Apo, Abuja",2026-06-01 11:18:41
Office space for rent,"₦475,000","Central Business District, Abuja",2026-06-01 11:18:41
Office space for rent,"₦4,500,000","The Node, Mabushi, Abuja",2026-06-01 11:18:41
3 bedroom detached bungalow for rent,"₦12,000,000","Kado, Abuja",2026-06-01 11:18:41
3 bedroom detached bungalow for rent,"₦12,000,000","Life Camp, Abuja, Life Camp, Abuja",2026-06-01 11:18:41
6 bedroom house for rent,"₦150,000,000","Maitama District, Abuja",2026-06-01 11:18:41
4 bedroom semi-detached duplex for rent,"₦18,000,000","Jahi, Abuja",2026-06-01 11:18:41
5 bedroom semi-detached duplex for rent,"₦60,000,000","Maitama District, Abuja",2026-06-01 11:18:41
4 bedroom terraced duplex for rent,"₦12,000,000","Jahi, Abuja",2026-06-01 11:18:41
3 bedroom terraced duplex for rent,"₦55,000,000","Maitama District, Abuja",2026-06-01 11:18:41
Commercial property for rent,"₦90,000,000","Gwarinpa, Abuja",2026-06-01 11:18:41
4 bedroom detached duplex for rent,"₦25,000,000","Mabushi, Abuja",2026-06-01 11:18:41
3 bedroom terraced duplex for rent,"₦10,000,000","By Living Faith Church, Jahi, Abuja",2026-06-01 11:18:41
Shop for rent,"₦10,000,000","Gwarinpa, Abuja",2026-06-01 11:18:41
2 bedroom flat / apartment for rent,"₦6,000,000","By Shoprite, Jabi, Abuja",2026-06-01 11:18:41
2 bedroom flat / apartment for rent,"₦13,000,000","Main, Wuye, Abuja",2026-06-01 11:18:41
3 bedroom semi-detached duplex for rent,"₦16,000,000","Naf Valley Estate, Asokoro District, Abuja",2026-06-01 11:18:41
2 bedroom flat / apartment for rent,"₦6,500,000","Life Camp, Life Camp, Abuja",2026-06-01 11:18:41
4 bedroom terraced duplex for rent,"₦20,000,000","Tarred Road, Guzape District, Abuja",2026-06-01 11:18:41
Self contain (single rooms) for rent,"₦2,500,000","Lokogoma, Lokogoma District, Abuja",2026-06-01 11:18:41
1 bedroom flat / apartment for rent,"₦9,000,000","Maitama District, Abuja",2026-06-01 11:18:47
4 bedroom terraced duplex for rent,"₦20,000,000","Tarred Road, Katampe Extension, Katampe, Abuja",2026-06-01 11:18:47
1 bedroom mini flat (room and parlour) for rent,"₦2,500,000","Gwarinpa, Abuja",2026-06-01 11:18:47
3 bedroom flat / apartment for rent,"₦18,000,000","Gilmore, Jahi, Abuja",2026-06-01 11:18:47
3 bedroom detached bungalow for rent,"₦6,500,000","Efab Queens Estate, Gwarinpa, Abuja",2026-06-01 11:18:47
2 bedroom flat / apartment for rent,"₦25,000,000","Main, Wuye, Abuja",2026-06-01 11:18:47
4 bedroom detached bungalow for rent,"₦10,000,000","Close To The Roundabout, Galadimawa, Abuja",2026-06-01 11:18:47
3 bedroom flat / apartment for rent,"₦7,500,000","Opposite Wrace Hall, Citec Estate, Mbora (Nbora), Abuja",2026-06-01 11:18:47
3 bedroom flat / apartment for rent,"₦8,000,000","Tarred Road, Jabi, Abuja",2026-06-01 11:18:47
4 bedroom semi-detached duplex for rent,"₦18,000,000","Naf Valley Estate, Asokoro District, Abuja",2026-06-01 11:18:47
3 bedroom flat / apartment for rent,"₦5,500,000","Karu, Abuja",2026-06-01 11:18:47
6 bedroom detached duplex for rent,"₦7,000,000","Asokoro District, Abuja",2026-06-01 11:18:47
2 bedroom flat / apartment for rent,"₦25,000,000","Asokoro District, Abuja",2026-06-01 11:18:47
Self contain (single rooms) for rent,"₦1,000,000","Jahi, Abuja",2026-06-01 11:18:47
4 bedroom semi-detached duplex for rent,"₦25,000,000","Tarred Road, Jabi, Abuja",2026-06-01 11:18:47
2 bedroom house for rent,"₦3,500,000","Karu, Abuja",2026-06-01 11:18:47
1 bedroom mini flat (room and parlour) for rent,"₦900,000","Millenia Quarters Byazhin, Kubwa, Abuja",2026-06-01 11:18:47
5 bedroom terraced duplex for rent,"₦15,000,000","Tarred Road, Guzape District, Abuja",2026-06-01 11:18:47
Mixed-use land for rent,"₦30,000,000","Jabi Motor Park, Jabi, Abuja",2026-06-01 11:18:47
Office space for rent,"₦39,500,000","Garki, Area 11, Garki, Abuja",2026-06-01 11:18:47
Office space for rent,"₦7,500,000","Area 11, Garki, Abuja",2026-06-01 11:18:47
1 bedroom flat / apartment for rent,"₦9,000,000","Maitama District, Abuja",2026-06-01 11:18:54
3 bedroom detached bungalow for rent,"₦6,000,000","Idu Inside An Estate, Idu Industrial, Abuja",2026-06-01 11:18:54
Plaza / complex / mall for rent,"₦300,000,000","Wuse 2, Abuja",2026-06-01 11:18:54
1 bedroom house for rent,"₦2,500,000","By Minfa Estate, Lokogoma District, Abuja",2026-06-01 11:18:54
Warehouse for rent,"₦55,000","Idu Industrial, Abuja",2026-06-01 11:18:54
4 bedroom semi-detached duplex for rent,"₦40,000,000","Maitama District, Abuja",2026-06-01 11:18:54
5 bedroom terraced duplex for rent,"₦40,000,000","Wuse 2, Abuja",2026-06-01 11:18:54
5 bedroom detached duplex for rent,"₦25,000,000","In An Estate, Wuye, Abuja",2026-06-01 11:18:54
3 bedroom flat / apartment for rent,"₦8,000,000","Katampe District, Katampe, Abuja",2026-06-01 11:18:54
1 bedroom mini flat (room and parlour) for rent,"₦3,500,000","3rd Avenue, Gwarinpa, Abuja",2026-06-01 11:18:54
1 bedroom mini flat (room and parlour) for rent,"₦4,500,000","Mini Estate, Katampe, Abuja",2026-06-01 11:18:54
2 bedroom flat / apartment for rent,"₦5,000,000","2nd Avenue, Gwarinpa, Abuja",2026-06-01 11:18:54
2 bedroom flat / apartment for rent,"₦5,200,000","3rd Avenue, Gwarinpa, Abuja",2026-06-01 11:18:54
4 bedroom terraced duplex for rent,"₦13,000,000","Main, Gwarinpa, Abuja",2026-06-01 11:18:54
Self contain (single rooms) for rent,"₦3,500,000","4th Avenue, Gwarinpa, Abuja",2026-06-01 11:18:54
1 bedroom mini flat (room and parlour) for rent,"₦4,000,000","3rd Avenue, Gwarinpa, Abuja",2026-06-01 11:18:54
4 bedroom terraced duplex for rent,"₦10,000,000","Main, Gwarinpa, Abuja",2026-06-01 11:18:54
5 bedroom detached duplex for rent,"₦50,000,000","Guzape District, Abuja",2026-06-01 11:18:54
3 bedroom flat / apartment for rent,"₦3,700,000","F01 By Ark Garden, FO1 Layout, Kubwa, Abuja",2026-06-01 11:18:54
2 bedroom flat / apartment for rent,"₦4,500,000","Main F01, FO1 Layout, Kubwa, Abuja",2026-06-01 11:18:54
6 bedroom detached duplex for rent,"₦60,000,000","Tarred Road, Katampe Extension, Katampe, Abuja",2026-06-01 11:18:54
Conference / meeting / training room for rent,"₦200,000","Kumasi Crescent, Wuse 2, Abuja",2026-06-01 11:19:01
4 bedroom detached duplex for rent,"₦20,000,000","By Adeduvie, Jahi, Abuja",2026-06-01 11:19:01
4 bedroom terraced duplex for rent,"₦17,000,000","By Gilmore, Jahi, Abuja",2026-06-01 11:19:01
4 bedroom flat / apartment for rent,"₦7,000,000","Wuye, Abuja",2026-06-01 11:19:01
4 bedroom terraced duplex for rent,"₦30,000,000","Jabi, Abuja",2026-06-01 11:19:01
4 bedroom terraced duplex for rent,"₦8,000,000","Legislative Quarters, Gudu, Abuja",2026-06-01 11:19:01
5 bedroom detached duplex for rent,"₦60,000,000","Main, Guzape District, Abuja",2026-06-01 11:19:01
Self contain (single rooms) for rent,"₦1,200,000","Emirate Estate, Life Camp, Abuja",2026-06-01 11:19:01
3 bedroom flat / apartment for rent,"₦8,000,000","Katampe Main, Abuja, Katampe, Abuja",2026-06-01 11:19:01
1 bedroom mini flat (room and parlour) for rent,"₦2,500,000","Gishiri Community Opposite Maitama, Katampe (Main), Katampe, Abuja",2026-06-01 11:19:01
2 bedroom flat / apartment for rent,"₦4,500,000","Gishiri Community, Katampe (Main), Katampe, Abuja",2026-06-01 11:19:01
3 bedroom flat / apartment for rent,"₦4,500,000","In An Estate, Abuja, Life Camp, Abuja",2026-06-01 11:19:01
6 bedroom detached duplex for rent,"₦90,000,000","Abuja, Maitama District, Abuja",2026-06-01 11:19:01
2 bedroom detached bungalow for rent,"₦4,000,000","By Von, Lugbe District, Abuja",2026-06-01 11:19:01
3 bedroom flat / apartment for rent,"₦8,000,000","Gwarinpa, Abuja",2026-06-01 11:19:01
2 bedroom flat / apartment for rent,"₦7,000,000","Wuye, Abuja",2026-06-01 11:19:01
20 bedroom commercial property for rent,"₦400,000,000","Wuse 2, Abuja",2026-06-01 11:19:01
Self contain (single rooms) for rent,"₦900,000","By First Generation Estate, Lokogoma District, Abuja",2026-06-01 11:19:01
6 bedroom detached duplex for rent,"₦35,000,000","Tarred Road, Guzape District, Abuja",2026-06-01 11:19:01
4 bedroom semi-detached duplex for rent,"₦13,000,000","Life Camp, Abuja",2026-06-01 11:19:01
3 bedroom terraced duplex for rent,"₦7,000,000","Life Camp, Abuja",2026-06-01 11:19:01
1 bedroom flat / apartment for rent,"₦6,000,000","Maitama District, Abuja",2026-06-01 11:19:07
4 bedroom semi-detached duplex for rent,"₦18,000,000","Jahi, Abuja",2026-06-01 11:19:07
1 bedroom mini flat (room and parlour) for rent,"₦2,800,000","Von Axis, Lugbe District, Abuja",2026-06-01 11:19:07
4 bedroom terraced duplex for rent,"₦10,000,000","Jahi, Abuja",2026-06-01 11:19:07
2 bedroom detached bungalow for rent,"₦3,000,000","Trade More, Lugbe District, Abuja",2026-06-01 11:19:07
4 bedroom terraced duplex for rent,"₦30,000,000","Main, Guzape District, Abuja",2026-06-01 11:19:07
2 bedroom flat / apartment for rent,"₦3,000,000","Von Axis, Lugbe District, Abuja",2026-06-01 11:19:07
3 bedroom flat / apartment for rent,"₦6,000,000","Lifecamp (before Stella Marris), Life Camp, Abuja",2026-06-01 11:19:07
Self contain (single rooms) for rent,"₦2,500,000","Lokogoma District, Abuja",2026-06-01 11:19:07
3 bedroom flat / apartment for rent,"₦7,000,000","Dawaki, Gwarinpa, Abuja",2026-06-01 11:19:07
2 bedroom flat / apartment for rent,"₦1,500,000","Kutunku, Gwagwalada, Abuja",2026-06-01 11:19:07
Plaza / complex / mall for rent,"₦400,000,000","Wuse 2, Abuja",2026-06-01 11:19:07
4 bedroom semi-detached duplex for rent,"₦10,000,000","Apo, Abuja",2026-06-01 11:19:07
4 bedroom semi-detached bungalow for rent,"₦10,000,000","Apo, Abuja",2026-06-01 11:19:07
6 bedroom detached duplex for rent,"₦80,000,000","Asokoro District, Abuja",2026-06-01 11:19:07
1 bedroom mini flat (room and parlour) for rent,"₦1,000,000","Phase 5., Nyanya, Abuja",2026-06-01 11:19:07
4 bedroom detached duplex for rent,"₦5,000,000","Blessed And Precious Academy Fha Lugbe, FHA (F.H.A), Lugbe District, Abuja",2026-06-01 11:19:07
4 bedroom terraced duplex for rent,"₦18,000,000","By Aduvie, Jahi, Abuja",2026-06-01 11:19:07
3 bedroom flat / apartment for rent,"₦6,000,000","Lifecamp Axis, Idu Industrial, Abuja",2026-06-01 11:19:07
3 bedroom house for rent,"₦8,000,000","Jahi, Abuja",2026-06-01 11:19:07
3 bedroom terraced duplex for rent,"₦15,000,000","Jabi, Abuja",2026-06-01 11:19:07
1 bedroom flat / apartment for rent,"₦9,000,000","Maitama District, Abuja",2026-06-01 11:19:14
3 bedroom terraced duplex for rent,"₦15,000,000","Jabi, Abuja",2026-06-01 11:19:14
3 bedroom flat / apartment for rent,"₦300,000,000","Wuse 2, Abuja",2026-06-01 11:19:14
3 bedroom flat / apartment for rent,"₦10,000,000","Main, Wuye, Abuja",2026-06-01 11:19:14
4 bedroom terraced duplex for rent,"₦7,500,000","Sunnyvale Road, Lokogoma District, Abuja",2026-06-01 11:19:14
6 bedroom detached duplex for rent,"₦45,000,000","Asokoro District, Abuja",2026-06-01 11:19:14
3 bedroom terraced duplex for rent,"₦8,500,000","Dawaki, Gwarinpa, Abuja",2026-06-01 11:19:14
3 bedroom flat / apartment for rent,"₦9,000,000","Katampe (Main), Katampe, Abuja",2026-06-01 11:19:14
3 bedroom flat / apartment for rent,"₦15,000,000","Main, Wuse 2, Abuja",2026-06-01 11:19:14
4 bedroom terraced duplex for rent,"₦10,000,000","Airport Road, Jabi, Abuja",2026-06-01 11:19:14
2 bedroom flat / apartment for rent,"₦4,500,000","Ochacho Axis, Life Camp, Abuja",2026-06-01 11:19:14
4 bedroom terraced duplex for rent,"₦10,000,000","Jabi Airport Road Axis, Jabi, Abuja",2026-06-01 11:19:14
4 bedroom detached bungalow for rent,"₦3,500,000","FHA (F.H.A), Lugbe District, Abuja",2026-06-01 11:19:14
3 bedroom house for rent,"₦17,000,000","Maitama Main, Maitama District, Abuja",2026-06-01 11:19:14
4 bedroom terraced duplex for rent,"₦13,000,000","Apo, Abuja",2026-06-01 11:19:14
4 bedroom flat / apartment for rent,"₦12,000,000","Mabushi, Abuja",2026-06-01 11:19:14
4 bedroom terraced duplex for rent,"₦20,000,000","Jahi, Abuja",2026-06-01 11:19:14
3 bedroom flat / apartment for rent,"₦15,000,000","Jabi Abuja, Jabi, Abuja",2026-06-01 11:19:14
2 bedroom flat / apartment for rent,"₦10,000,000","Naf Valley Estate Asokoro, Asokoro District, Abuja",2026-06-01 11:19:14
Self contain (single rooms) for rent,"₦1,600,000","2nd Avenue, Gwarinpa, Abuja",2026-06-01 11:19:14
Self contain (single rooms) for rent,"₦6,000,000","D Block Bilaad Estate By Bali Island Lifecamp Kafe District Abuja, Life Camp, Abuja",2026-06-01 11:19:14
