Property Category,Price (Per Annum),Location,Scraped_At
Newly Built Furnished&serviced 2&3 Bed Block Of Flat,"$ 45,000",Maitama By Fruit Market Maitama Abuja,2026-06-01 11:33:21
4 Bedroom Cornerpiece Terrace Duplex Mabushi,"₦ 20,000,000/year",Mabushi Abuja,2026-06-01 11:33:21
2 Bedroom Apartment,"₦ 8,500,000/year",Nnpc Estate Life Camp Abuja,2026-06-01 11:33:21
Beautiful And Well Finished 4bedroom Terrace With Bq,"₦ 20,000,000",Katampe Extention Diplomatic Zone Katampe Extension Katampe Abuja,2026-06-01 11:33:21
6 Bedroom Detached Duplex With Bq,"₦ 45,000,000/year",Near Amigo Wuse 2 Abuja,2026-06-01 11:33:21
4 Bedroom Terraced Duplex With 2 Bq,"₦ 20,000,000/year","Katampe Extention Diplomatic Zone, Katampe Extension Katampe Abuja",2026-06-01 11:33:21
4 Bedroom Terrace Duplex,"₦ 15,000,000/year",Guzape Abuja,2026-06-01 11:33:21
Spacious 4 Bedroom Terraced Duplex With Bq,"₦ 12,000,000/year",Durumi Abuja,2026-06-01 11:33:21
4 Bedroom Terrace Duplex Bq/pool,"₦ 15,000,000/year","American International School, Durumi Abuja",2026-06-01 11:33:21
Beautiful And Spacious 4bedroom Terrace With Bq,"₦ 16,000,000",Kado Kado Abuja,2026-06-01 11:33:21
"1,000 20,000 Sqmtrs Industrial Land/ Warehouse","₦ 1,500,000/sqm",Guiness Oba Akran Ikeja Lagos,2026-06-01 11:33:21
Spacious 4 Bedroom Terraced Duplex,"₦ 7,500,000/year",Life Camp Abuja,2026-06-01 11:33:21
4 Units Of 4 Bedroom Semi Detached Duplex,"₦ 60,000,000/year",Area 1 Durumi Abuja,2026-06-01 11:33:21
4 Bedroom Terrace Duplex With Bq,"₦ 13,000,000/year",Life Camp Abuja,2026-06-01 11:33:21
Beautiful And Very Spacious 3bedroom Apartment,"₦ 10,000,000",Jahi By Aduvie Jahi Abuja,2026-06-01 11:33:21
4 Bedroom Terrace Duplex With Bq,"₦ 12,000,000/year",Gwarinpa Abuja,2026-06-01 11:33:21
4 Bedroom Semi Detached Duplex,"₦ 14,000,000/year",Life Camp Abuja,2026-06-01 11:33:21
6 Bedroom Detached Duplex With Bq,"₦ 35,000,000/year",Guzape Abuja,2026-06-01 11:33:21
4 Bedroom Terrace Duplex With Bq,"₦ 16,000,000/year",Gilmore Jahi Abuja,2026-06-01 11:33:21
3 Bedroom Apartment,"₦ 10,000,000/year",Guzape Abuja,2026-06-01 11:33:21
Newly Built 4 Bedroom Terraced Duplex With Bq,"₦ 15,000,000/year",Jahi Abuja,2026-06-01 11:33:21
Room Self Contained,"₦ 1,500,000/year",Life Camp Abuja,2026-06-01 11:33:21
Newly Built Furnished&serviced 2&3 Bed Block Of Flat,"$ 45,000",Maitama By Fruit Market Maitama Abuja,2026-06-01 11:33:31
Newly Built 4 Bedroom Terraced Duplex,"₦ 9,000,000/year",Life Camp Abuja,2026-06-01 11:33:31
Newly Built 5 Bedroom Terrace Duplex With Bq,"₦ 25,000,000/year",Wuye Abuja,2026-06-01 11:33:31
4 Bedroom Flat,"₦ 15,000,000/year",Maitama Abuja,2026-06-01 11:33:31
4 Bedroom Terrace Duplex With Bq,"₦ 15,000,000/year",Near Coza Guzape Abuja,2026-06-01 11:33:31
6 Units Of 3 Bedroom Flat,"₦ 72,000,000/year",Gilmore Jahi Abuja,2026-06-01 11:33:31
Newly Built 4 Bedroom Terrace Duplex With Bq,"₦ 10,000,000/year",Life Camp Life Camp Abuja,2026-06-01 11:33:31
6 Bedroom Terraced Duplex,"₦ 25,000,000/year","Katampe Extension, Katampe Abuja",2026-06-01 11:33:31
5 Bedroom Terraced Duplex With Boy's Quarters,"₦ 20,000,000/year",Jahi Abuja,2026-06-01 11:33:31
Luxurious 4 Bedroom Detached Duplex With 2 Bq,"₦ 30,000,000/year","Close To Ncdc, Gaduwa Abuja",2026-06-01 11:33:31
500sqm Plot For Sale At Ketu Epe,"₦ 10,800,000",Ketu Epe Near Lagos State Logistics Park Epe Lagos,2026-06-01 11:33:31
4 Bedroom Semi Detached Duplex,"₦ 10,000,000/year","Kaura, Close To Galadimawa Kaura (games Village) Abuja",2026-06-01 11:33:31
Serviced 3 Bedroom Apartment,"₦ 12,000,000/year",Near Coza Guzape Abuja,2026-06-01 11:33:31
Newly Built 3 Bedroom Apartment,"₦ 8,500,000/year",Katampe Main Abuja,2026-06-01 11:33:31
Beautiful And Well Finished 4bedroom Terrace With Bq,"₦ 15,000,000",Kado Kado Abuja,2026-06-01 11:33:31
Exquisite Newly Built 4 Bedroom Terraced Duplex,"₦ 15,000,000/year","Kado, Kado Abuja",2026-06-01 11:33:31
Luxurious And Beautiful 6bedroom Detached With Bq,"₦ 35,000,000",Katampe Extention Katampe Extension Katampe Abuja,2026-06-01 11:33:31
Newly Built 4 Bedroom Terrace Duplex With Bq,"₦ 16,000,000/year",(tarred Access Road) Katampe Main Abuja,2026-06-01 11:33:31
Newly Built 4 Bedroom Terrace Duplex,"₦ 9,500,000/year",Life Camp Life Camp Abuja,2026-06-01 11:33:31
4 Bedroom Terrace Duplex With Bq,"₦ 50,000,000/year",Off Lake Chad Maitama Abuja,2026-06-01 11:33:31
4 Bedroom Terrace Duplex,"₦ 12,000,000/year",Mabushi Main Mabushi Abuja,2026-06-01 11:33:31
Furnished 1 Bedroom Apartment,"₦ 2,100,000/month",Katampe Main Abuja,2026-06-01 11:33:31
Beautifully Furnished 4 Bedroom Duplex,"₦ 30,000,000",Guzape Abuja,2026-06-01 11:33:41
Newly Built 2 Bedroom Flat,"₦ 6,500,000/year",By Gilmore Jahi Abuja,2026-06-01 11:33:41
Newly Built 4 Bedroom Terraced Duplex,"₦ 11,000,000/year",By Brains And Hammers Estate Apo Abuja,2026-06-01 11:33:41
Spacious 3 Bedroom Flat,"₦ 7,000,000/year","6th Avenue, Gwarinpa Abuja",2026-06-01 11:33:41
4 Bedroom Terrace Duplex,"₦ 10,000,000/year",Gaduwa Abuja,2026-06-01 11:33:41
4 Bedroom Gated Terrace Duplex,"₦ 20,000,000/year",Kado Abuja,2026-06-01 11:33:41
Furnished 3 Bedroom Apartment,"₦ 20,000,000/year",Wuse 2 Abuja,2026-06-01 11:33:41
4 Bedroom Terrace Duplex With Bq,"₦ 10,000,000/year",Gaduwa Abuja,2026-06-01 11:33:41
Stunning 4 Bedroom Terrace Duplex + Bq (smart Home),"₦ 65,000,000/year",Maitama Abuja,2026-06-01 11:33:41
4 Bedroom Terrace Duplex,"₦ 25,000,000/year",Katampe Abuja,2026-06-01 11:33:41
New 4 Bedroom Terrace Duplex,"₦ 350,000,000",Ikate Lekki Lagos,2026-06-01 11:33:41
4 Bedroom &1bq Terrace Duplex,"₦ 15,000,000/year",Wuye Abuja,2026-06-01 11:33:41
4 Bedroom Terraced Duplex,"₦ 17,000,000/year",Guzape Abuja,2026-06-01 11:33:41
4 Bedroom &1bq Terrace Duplex,"₦ 15,000,000/year",Jahi Abuja,2026-06-01 11:33:41
4 Bedroom Terraced Duplex,"₦ 10,000,000/year",Wuye Abuja,2026-06-01 11:33:41
4 Bedroom Flat,"₦ 25,000,000/year",Wuye Abuja,2026-06-01 11:33:41
4 Bedroom Terrace Duplex,"₦ 25,000,000/year",Maitama Abuja,2026-06-01 11:33:41
4 Bedroom Terraced Duplex,"₦ 10,000,000/year",Kado Abuja,2026-06-01 11:33:41
4 Bedroom Terrace Duplex With Bq,"₦ 15,000,000/year",Mabushi Abuja,2026-06-01 11:33:41
4 Bedroom Terraced Duplex With 1 Bq,"₦ 25,000,000/year",Katampe Extension Katampe Abuja,2026-06-01 11:33:41
4 Bedroom Terrace Duplex With Bq,"₦ 15,000,000/year",Guzape Abuja,2026-06-01 11:33:41
4 Bedroom Terraced Duplex With Bq,"₦ 12,000,000/year",Gwarinpa Abuja,2026-06-01 11:33:41
Newly Built Furnished&serviced 2&3 Bed Block Of Flat,"$ 45,000",Maitama By Fruit Market Maitama Abuja,2026-06-01 11:33:47
4 Bedroom Terrace Duplex With Bq,"₦ 18,000,000/year",Katampe Extension Katampe Abuja,2026-06-01 11:33:47
4 Bedroom Terraced Duplex,"₦ 13,000,000/year",Life Camp Abuja,2026-06-01 11:33:47
Newly Built 4 Bedroom Duplex With Bq,"₦ 20,000,000/year",Katampe Abuja,2026-06-01 11:33:47
Newly Built 4 Bedroom Duplex,"₦ 18,000,000/year",Katampe Extension Katampe Abuja,2026-06-01 11:33:47
Newly Built 4 Bedroom Semi Detached Duplex,"₦ 25,000,000/year",Wuye Abuja,2026-06-01 11:33:47
4 Bedroom Terrace Duplex With Bq,"₦ 15,000,000/year",Asokoro Abuja,2026-06-01 11:33:47
4 Bedroom Terraced Duplex,"₦ 12,000,000/year","Games Village, Kaura (games Village) Abuja",2026-06-01 11:33:47
4 Bedroom Semi Detached Duplex,"₦ 10,000,000/year",Durumi Durumi Abuja,2026-06-01 11:33:47
4 Bedroom Terrace Duplex With Bq,"₦ 15,000,000/year",Mabushi Abuja,2026-06-01 11:33:47
3 Bedroom Apartment,"₦ 180,000/day",Lekki Lagos,2026-06-01 11:33:47
4 Bedroom Terrace Duplex,"₦ 15,000,000/year",Katampe Katampe Abuja,2026-06-01 11:33:47
3 Bedroom Apartment,"₦ 8,000,000/year",Jahi Gilmore Jahi Abuja,2026-06-01 11:33:47
Newly Built 4 Bedroom Duplex,"₦ 25,000,000/year",Life Camp Abuja,2026-06-01 11:33:47
Newly Built 4 Bedroom Terrace Duplex,"₦ 25,000,000/year",Maitama Maitama Abuja,2026-06-01 11:33:47
4 Bedroom Terrace Duplex,"₦ 15,000,000/year",Garki Garki 2 Abuja,2026-06-01 11:33:47
4 Bedroom Terrace Duplex 1 Room Bq,"₦ 16,500,000/year",Katampe Katampe Abuja,2026-06-01 11:33:47
4 Bedroom Terrace Duplex,"₦ 15,000,000,000/year",Life Camp Life Camp Abuja,2026-06-01 11:33:47
Newly Built 4 Bedroom Detached Duplex,"₦ 75,000,000/year",Maitama Maitama Abuja,2026-06-01 11:33:47
4 Bedroom Terraced Duplex With 1 Bq,"₦ 15,000,000/year",Jahi Abuja,2026-06-01 11:33:47
Luxuriously Furnished And Serviced 2 Bedroom Apartment,"₦ 30,000,000/year",Wuye Abuja,2026-06-01 11:33:47
Beautifully Furnished 4 Bedroom Duplex,"₦ 30,000,000",Guzape Abuja,2026-06-01 11:33:47
Newly Built Furnished&serviced 2&3 Bed Block Of Flat,"$ 45,000",Maitama By Fruit Market Maitama Abuja,2026-06-01 11:33:58
6 Units Of Beautifully Furnished 2 Bedrooms,"₦ 3,000,000/month",Wuye Abuja,2026-06-01 11:33:58
Luxury 4 Bedroom Terraced Duplex With Bq,"₦ 11,000,000/year",Gwarimpa Main Gwarinpa Abuja,2026-06-01 11:33:58
Spacious 3 Bedroom Flat + Bq | Jahi,"₦ 9,000,000/year",Jahi Gilmore Jahi Abuja,2026-06-01 11:33:58
Spacious 1 Bedroom Flat | Idu,"₦ 3,500,000/year",Idu By Nizamiya Hospt Idu Abuja,2026-06-01 11:33:58
4 Bedroom Terrace Duplex With Bq,"₦ 13,500,000/year",Mabushi Abuja,2026-06-01 11:33:58
Newly Built 4 Bedroom Terrace Duplex With Bq,"₦ 15,000,000/year",Mabushi Abuja,2026-06-01 11:33:58
4 Bedroom Terrace Duplex With Bq,"₦ 12,000,000/year",Mabushi Abuja,2026-06-01 11:33:58
4 Bedroom Terrace Duplex,"₦ 13,000,000/year",Jahi By Gilmore Jahi Abuja,2026-06-01 11:33:58
New Spacious 3 Bedrooms Flat,"₦ 5,000,000",Tarred Road Life Camp Life Camp Abuja,2026-06-01 11:33:58
4 Units 2 &3 Bedroom Flats,"₦ 110,000,000",Agara Estate Akala Express Ibadan Oyo,2026-06-01 11:33:58
1 Bedroom Flat 2 Toilets,"₦ 3,000,000",Sunnyvale Dakwo Abuja,2026-06-01 11:33:58
New 2 Bedrooms Flat,"₦ 5,500,000",Galadimawa Galadimawa Abuja,2026-06-01 11:33:58
Furnished And Serviced 6 Bedrooms Duplex+bq,"₦ 22,000,000",Adjacent Nizamiye Hospital Idu Abuja,2026-06-01 11:33:58
1 Bedroom Flat,"₦ 2,500,000/year",Lifecamp Life Camp Abuja,2026-06-01 11:33:58
2bedroom Duplex,"₦ 4,500,000/year",Dawaki Abuja,2026-06-01 11:33:58
4bedroom Duplex,"₦ 7,000,000/year","Lokogoma Dakwo, Lokogoma, Abuja Lokogoma Abuja",2026-06-01 11:33:58
Decent 3bedroom Flat,"₦ 7,500,000/year",Katampe Extension Katampe Abuja,2026-06-01 11:33:58
Furnished Studio Room 24 Hours Light,"₦ 2,500,000/year","Wuye Main, Wuye Abuja",2026-06-01 11:33:58
Massive 4bedroom Flat,"₦ 7,500,000/year",Wuye Abuja Wuye Abuja,2026-06-01 11:33:58
Furnished Studio Self Contained 24hours Light,"₦ 2,500,000/year",Wuye Abuja,2026-06-01 11:33:58
6 Bedroom Duplex,"₦ 12,500,000/year","Life Camp By Stella Maris School, Life Camp Abuja Life Camp Abuja",2026-06-01 11:33:58
Beautifully Furnished 4 Bedroom Duplex,"₦ 30,000,000",Guzape Abuja,2026-06-01 11:34:05
Massive 10 Bedroom Duplex ( 3 Years Payment),"₦ 50,000,000","Wuse Zone,wuse, Abuja Wuse 1 Abuja",2026-06-01 11:34:05
4 Bedroom Semi Detached Duplex With Bq,"₦ 12,000,000/year",Close To Wuye Utako Abuja,2026-06-01 11:34:05
Newly Built 6 Bedroom Fully Detached Duplex With Bq,"₦ 30,000,000/year","6th Avenue, Gwarinpa Abuja",2026-06-01 11:34:05
A Room In A Flat ( 2 To Share 2bed Flat),"₦ 1,100,000/year","Federal Housing, Lugbe, Abuja Lugbe Abuja",2026-06-01 11:34:05
1 Bedroom Apartment,"₦ 2,500,000/year","Efab Estate, Life Camp, Abuja Life Camp Abuja",2026-06-01 11:34:05
Newly Built 3 Bedroom Flat,"₦ 5,500,000/year","News Engineering, Dawaki Abuja",2026-06-01 11:34:05
Furnished Room In Flat For Six Months Payment,"₦ 1,300,000/year","Jahi By Royal Court, Jahi, Abuja Jahi Abuja",2026-06-01 11:34:05
Serviced Studio One Bedroom Flat,"₦ 3,500,000","Wuye, Abuja Wuye Abuja",2026-06-01 11:34:05
Decent 2bedroom Flat,"₦ 5,000,000","Jahi, Abuja Jahi Abuja",2026-06-01 11:34:05
2 Bedroom Apartment,"₦ 250,000,000",Lekki Phase 1 Lekki Lagos,2026-06-01 11:34:05
Big One Bedroom Flat With 2 Toilets,"₦ 2,500,000/year","Area1, Garki, Abuja Garki 1 Abuja",2026-06-01 11:34:05
Furnished Studio Room,"₦ 2,500,000","Wuye Main, Wuye, Abuja Wuye Abuja",2026-06-01 11:34:05
Furnished Room ( 2 To Share 2bedroom Flat),"₦ 2,400,000/year","Jahi By Royal Court, Jahi, Abuja Jahi Abuja",2026-06-01 11:34:05
3bedroom Flat,"₦ 6,500,000","Guzape Main, Guzape, Abuja Guzape Abuja",2026-06-01 11:34:05
Decent 3 Bedroom Flat,"₦ 5,500,000/year",Life Camp By Berger Clinic Life Camp Abuja,2026-06-01 11:34:05
2bedroom Flat ( 2years Rent ),"₦ 4,000,000/year","Wuye, Abuja Wuye Abuja",2026-06-01 11:34:05
New 3 Bedroom Flat,"₦ 7,000,000/year","Katampe Main, Katampe Abuja",2026-06-01 11:34:05
One Bedroom Flat,"₦ 3,000,000","Mabushi, Abuja Mabushi Abuja",2026-06-01 11:34:05
Decent 2bedroom Flat ( 2years Rent Required),"₦ 3,000,000/year","Durumi By Area1, Durumi Abuja Durumi Abuja",2026-06-01 11:34:05
3 Bedroom Flat,"₦ 3,500,000/year",Lokogoma Abuja Lokogoma Abuja,2026-06-01 11:34:05
One Bedroom Flat With Extra Room & 2 Toilets,"₦ 2,500,000/year","Durumi By Area1, Durumi Abuja Durumi Abuja",2026-06-01 11:34:05
Newly Built Furnished&serviced 2&3 Bed Block Of Flat,"$ 45,000",Maitama By Fruit Market Maitama Abuja,2026-06-01 11:34:13
Massive 3bedroom Flat,"₦ 8,000,000/year","Wuye, Abuja Wuye Abuja",2026-06-01 11:34:13
Decent One Bedroom Flat,"₦ 2,500,000","By Lokogoma Main Express, Lokogoma, Abuja Lokogoma Abuja",2026-06-01 11:34:13
Furnished Room In A Flat ( 6 Months Payment),"₦ 1,200,000","Jahi By Royal Court, Jahi, Abuja Jahi Abuja",2026-06-01 11:34:13
Nice 2bedroom Flat ( Tarred Road),"₦ 4,000,000/year","Zone E, Apo Resettlement, Apo, Abuja Apo Abuja",2026-06-01 11:34:13
Room Mate Space For 4 Months (furnished Flat),"₦ 150,000","Ado Maraba, Abuja Mararaba Abuja",2026-06-01 11:34:13
3bedroom Flat,"₦ 6,500,000/year",Jahi Abuja Jahi Abuja,2026-06-01 11:34:13
Newly Built 3bedroom Flat,"₦ 8,000,000/year","Jahi Main, Jahi, Abuja Jahi Abuja",2026-06-01 11:34:13
3bedroom Flat (by Banex),"₦ 6,000,000/year","Mabushi Close To Wuse2 By Banex, Mabushi, Abuja Mabushi Abuja",2026-06-01 11:34:13
A Room In A Shared Flat,"₦ 1,300,000/year","Garki Area1, Garki 1 Abuja",2026-06-01 11:34:13
Newly Built Furnished&serviced 2&3 Bed Block Of Flat,"$ 45,000",Maitama By Fruit Market Maitama Abuja,2026-06-01 11:34:13
Newly Built 2bedroom Flat,"₦ 5,000,000","Durumi By Area1, Durumi Abuja Durumi Abuja",2026-06-01 11:34:13
Big Self Contain ( Tarred Road),"₦ 2,000,000/year","Dawaki By News Engineering, Dawaki, Abuja Dawaki Abuja",2026-06-01 11:34:13
3 Bedroom Apartment,"₦ 15,000,000/year","Jabi Main, Jabi, Abuja Jabi Abuja",2026-06-01 11:34:13
4 Bedroom Duplex,"₦ 8,000,000/year","Cannan Estate, Life Camp, Abuja Life Camp Abuja",2026-06-01 11:34:13
3 Bedroom Bungalow,"₦ 4,500,000/year","By Sunnyvale, Galadimawa Abuja",2026-06-01 11:34:13
Semi Furnished Room In A Flat,"₦ 2,500,000/year",Wuye Abuja,2026-06-01 11:34:13
Decent 3bedroom Flat,"₦ 8,000,000/year","Jabi, Abuja Jabi Abuja",2026-06-01 11:34:13
1 Bedroom Flat,"₦ 3,600,000/year","Life Camp, Abuja Life Camp Abuja",2026-06-01 11:34:13
Decent 2bedroom Flat,"₦ 1,800,000/year","Dutse By Tipper Garage, Dutse Alhaji, Abuja Dutse Alhaji District Bwari Abuja",2026-06-01 11:34:13
Newly Built 2 Bedroom Flat,"₦ 4,000,000/year","By News Engineering, Dawaki Abuja",2026-06-01 11:34:13
Decent 2 Bedroom Flat,"₦ 3,500,000/year","News Engineering, Dawaki Abuja",2026-06-01 11:34:13
Beautifully Furnished 4 Bedroom Duplex,"₦ 30,000,000",Guzape Abuja,2026-06-01 11:34:21
3bedroom Duplex With Bq,"₦ 8,500,000/year","By Dawaki Modern Market, Dawaki, Abuja Dawaki Abuja",2026-06-01 11:34:21
Office Space,"₦ 2,000,000/year",2nd Avenue By I C World Gwarinpa Abuja,2026-06-01 11:34:21
Furnished 2 Bedroom Flat,"₦ 10,000,000/year",Wuye Abuja,2026-06-01 11:34:21
2bedroom Flat,"₦ 1,000,000","Dutse By Tipper Garage, Dutse Alhaji, Abuja District Bwari Abuja",2026-06-01 11:34:21
Furnished Room In A Flat For 6 Months Payment,"₦ 1,200,000","Jahi, Abuja Jahi Abuja",2026-06-01 11:34:21
Decent One Bedroom Flat,"₦ 3,000,000/year",Garki 1 Abuja,2026-06-01 11:34:21
7 Rooms Duplex ( Self Compound ),"₦ 40,000,000/year","Asokoro, Abuja Asokoro Abuja",2026-06-01 11:34:21
New 5 Bedroom Detached Duplex With Bq,"₦ 25,000,000/year","Katampe Close To Maitama, Katampe, Abuja Katampe Abuja",2026-06-01 11:34:21
Nice 2 Bedroom Flat,"₦ 4,000,000/year",Gwarinpa Abuja,2026-06-01 11:34:21
Semi Finished 3 Bedroom With Bq,"₦ 100,000,000",Tarred Road Mabushi Abuja,2026-06-01 11:34:21
New Fully Detached 4bedroom Duplex,"₦ 10,500,000","Gaduwa, Abuja Gaduwa Abuja",2026-06-01 11:34:21
2 Bedroom Flat,"₦ 4,500,000/year","Durumi By Area1, Durumi Abuja Durumi Abuja",2026-06-01 11:34:21
1 Bedroom Flat (with 3 Air Conditions) & 2 Toilets,"₦ 2,800,000","Peace Court Estate, Lokogoma, Abuja Lokogoma Abuja",2026-06-01 11:34:21
Room Self Contain,"₦ 2,500,000/year","Area1, Garki, Abuja Garki 1 Abuja",2026-06-01 11:34:21
3 Bedroom Flat,"₦ 7,000,000/year",Main Jahi Abuja,2026-06-01 11:34:21
Decent 2bedroom Flat,"₦ 5,000,000/year","Garki Area11, Garki, Abuja Garki 1 Abuja",2026-06-01 11:34:21
Spacious Self Contain,"₦ 1,500,000/year","Durumi By Area1, Durumi Abuja Durumi Abuja",2026-06-01 11:34:21
3 Bedroom Flat,"₦ 7,000,000/year",Main Katampe Abuja,2026-06-01 11:34:21
Decent Self Contain,"₦ 1,000,000/year","Lokogoma By Wumba Road, Lokogoma, Abuja Lokogoma Abuja",2026-06-01 11:34:21
Newly Built 2bedroom Flat,"₦ 3,500,000/year","Dawaki Off News Engineering, Dawaki, Abuja Dawaki Abuja",2026-06-01 11:34:21
Newly Built 2 Bedroom Flat,"₦ 7,000,000/year","Gilmore, Jahi Abuja",2026-06-01 11:34:21
Beautifully Furnished 4 Bedroom Duplex,"₦ 30,000,000",Guzape Abuja,2026-06-01 11:34:30
One Bedroom Flat,"₦ 1,400,000/year","Lokogoma By Wumba Road, Lokogoma, Abuja Lokogoma Abuja",2026-06-01 11:34:30
Self Contain Bq ( Inside Estate ),"₦ 1,300,000/year",Lokogoma Abuja Lokogoma Abuja,2026-06-01 11:34:30
2 Bedroom Flat,"₦ 15,000,000/year",Asokoro Abuja Asokoro Abuja,2026-06-01 11:34:30
Furnished 2 Bedroom Flat,"₦ 10,000,000/year","Jahi Gilmore, Jahi Abuja",2026-06-01 11:34:30
2 Bedroom Flat,"₦ 2,700,000/year",Lokogoma Abuja,2026-06-01 11:34:30
3bedroom Flat ( Self Compound ),"₦ 2,000,000/year","Dutse By Tipper Garage, Dutse Alhaji, Abuja District Bwari Abuja",2026-06-01 11:34:30
Spacious Self Contain,"₦ 2,000,000/year","Jahi By Living Faith, Jahi, Abuja Jahi Abuja",2026-06-01 11:34:30
Big Self Contain ( Unfurnished ),"₦ 2,500,000/year",Area 1 Garki 1 Abuja,2026-06-01 11:34:30
New 4 Bedroom Terraced Duplex With Bq,"₦ 30,000,000/year",Maitama Abuja,2026-06-01 11:34:30
Newly Built 5 Bedroom Terrace Duplex With Bq,"₦ 650,000,000",Lekki Phase 1 Lekki Lagos,2026-06-01 11:34:30
Room Self Contained,"₦ 1,800,000/year","Apo Resettlement, Apo, Abuja Apo Abuja",2026-06-01 11:34:30
3bedroom Bungalow ( Self Compound),"₦ 4,000,000/year","By Lokogoma Apo Express, Lokogoma, Abuja Lokogoma Abuja",2026-06-01 11:34:30
Big One Bedroom Flat,"₦ 3,500,000/year",Wuse Abuja Wuse 1 Abuja,2026-06-01 11:34:30
Furnished Studio Room Self Contain,"₦ 2,500,000/year","Wuye, Abuja Wuye Abuja",2026-06-01 11:34:30
Very Big One Bedroom Flat With 2 Toilets,"₦ 2,500,000/year","Durumi By Area1, Durumi Abuja Durumi Abuja",2026-06-01 11:34:30
1 Bedroom Apartment,"₦ 270,000/year","Ado Maraba, Abuja Mararaba Abuja",2026-06-01 11:34:30
Massive 4 Bedroom Semi Detached Duplex With Bq,"₦ 12,000,000/year","Utako By Wuye, Utako Abuja",2026-06-01 11:34:30
One Bedroom Flat With 2 Toilets,"₦ 3,000,000/year","Durumi By Area1, Durumi Abuja Durumi Abuja",2026-06-01 11:34:30
4 Bedroom Terraced Duplex With Bq,"₦ 20,000,000/year",Guzape Abuja,2026-06-01 11:34:30
3 Bedroom Flat,"₦ 8,000,000/year","Jabi Main, Jabi, Abuja Jabi Abuja",2026-06-01 11:34:30
3 Bedroom Flat,"₦ 8,000,000/year","Mabushi, Abuja Mabushi Abuja",2026-06-01 11:34:30
Newly Built Furnished&serviced 2&3 Bed Block Of Flat,"$ 45,000",Maitama By Fruit Market Maitama Abuja,2026-06-01 11:34:39
Big Self Contain.,"₦ 1,500,000/year","Durumi By Area1, Durumi Abuja Durumi Abuja",2026-06-01 11:34:39
Decent 2bedroom Flat ( Inside An Estate),"₦ 4,000,000/year",Lokogoma Abuja Lokogoma Abuja,2026-06-01 11:34:39
1 Bedroom Flat,"₦ 2,500,000/year","Life Camp By Godab, Life Camp, Abuja Life Camp Abuja",2026-06-01 11:34:39
3 Bedroom Flat,"₦ 7,000,000/year","Katampe Main, Abuja, Lagos Katampe Abuja",2026-06-01 11:34:39
5bedroom Duplex With Bq,"₦ 15,000,099","Wuse 2, Abuja Wuse 2 Abuja",2026-06-01 11:34:39
Big Self Contain ( 2years Rent Required),"₦ 2,500,000/year",Katampe Extension Katampe Abuja,2026-06-01 11:34:39
4 Bedroom Duplex,"₦ 12,000,000/year","Utako By Wuye, Utako, Abuja Utako Abuja",2026-06-01 11:34:39
Spacious One Bedroom Flat,"₦ 3,000,000/year",Wuse Abuja Wuse 1 Abuja,2026-06-01 11:34:39
3 Bedroom Flat With Bq,"₦ 12,000,000/year","Gilmore, Jahi Abuja",2026-06-01 11:34:39
2 Bedroom Flats,"₦ 49,000,000","Off Co Perative Villa, Ajah Lagos Sangotedo Lagos",2026-06-01 11:34:39
3 Bedroom Flat With Bq,"₦ 9,000,000/year","Gwarinpa Extension, Gwarinpa Abuja",2026-06-01 11:34:39
One Bedroom Flat With 2 Toilets,"₦ 3,000,000/year","Durumi By Area1, Durumi Abuja Durumi Abuja",2026-06-01 11:34:39
Room Self Contained,"₦ 2,000,000/year","Area1 By Old Secretariats, Durumi Area1, Abuja Garki 1 Abuja",2026-06-01 11:34:39
Massive 7 Rooms Duplex ( Office / Residential),"₦ 40,000,000/year",Asokoro Abuja Asokoro Abuja,2026-06-01 11:34:39
4bedroom Duplex With Bq,"₦ 13,000,000/year",Guzape Abuja Guzape Abuja,2026-06-01 11:34:39
Spacious One Bedroom Flat,"₦ 4,500,000/year","Utako Main, Utako, Abuja Utako Abuja",2026-06-01 11:34:39
A Room Mate Space ( For 4 Months Payment ),"₦ 150,000","Ado Maraba, Abuja Mararaba Abuja",2026-06-01 11:34:39
3bedroom Duplex,"₦ 4,000,000","Brains And Harmer City Estate, Life Camp, Abuja Life Camp Abuja",2026-06-01 11:34:39
Decent 2 Bedroom Flat,"₦ 4,000,000/year","Durumi By Area1, Durumi Abuja",2026-06-01 11:34:39
New 4 Bedroom Duplex With Bq (office/residential),"₦ 30,000,000/year",Maitama Abuja,2026-06-01 11:34:39
Spacious Self Contain,"₦ 1,900,000/year","Wuse Zone, Wuse 1 Abuja",2026-06-01 11:34:39
Newly Built Furnished&serviced 2&3 Bed Block Of Flat,"$ 45,000",Maitama By Fruit Market Maitama Abuja,2026-06-01 11:34:48
Decent Self Contain.,"₦ 1,000,000/year","Lokogoma By Wumba Road, Lokogoma, Abuja Lokogoma Abuja",2026-06-01 11:34:48
A Room In A Flat ( Share Flat,"₦ 1,300,000","Garki Area1, Garki, Abuja Garki 1 Abuja",2026-06-01 11:34:48
Furnished Room In A Duplex,"₦ 2,500,000/year","Paradise 1 Estate, Life Camp Abuja",2026-06-01 11:34:48
4 Bedroom Flat,"₦ 5,000,000/year",By Area 1 Durumi Abuja,2026-06-01 11:34:48
1 Bedroom Flat,"₦ 2,000,000/year","Life Camp, Abuja Life Camp Abuja",2026-06-01 11:34:48
Furnished Room In Shared Duplex,"₦ 2,500,000/year",Life Camp Abuja,2026-06-01 11:34:48
Furnished Room In Shared Apartment,"₦ 1,200,000/year","By Royal Court, Jahi Abuja",2026-06-01 11:34:48
2 Bedroom Duplex,"₦ 4,500,000/year","Dawaki By News Engineering, Dawaki Abuja",2026-06-01 11:34:48
Massive 7 Rooms Duplex,"₦ 40,000,000/year","Wuse 2, Abuja Wuse 2 Abuja",2026-06-01 11:34:48
Luxurious 6 Bedroom Detached Duplex With Bq,"₦ 750,000,000","Katampe Ext Diplomatic Zone, Katampe Extension Katampe Abuja",2026-06-01 11:34:48
Furnished 2 Bedroom Flat,"₦ 8,500,000/year","By Stella Maris School, Life Camp Abuja",2026-06-01 11:34:48
Decent 2bedroom Flat,"₦ 3,500,000","Gudu, Abuja Apo Abuja",2026-06-01 11:34:48
A One Bedroom Flat,"₦ 1,400,000/year","Lokogoma By Wumba Road, Lokogoma, Abuja Lokogoma Abuja",2026-06-01 11:34:48
Newly Built 2bedroom Flat,"₦ 6,000,000","Wuye Main, Wuye, Abuja Wuye Abuja",2026-06-01 11:34:48
Fully Furnished 2 Bedroom Semi Detached Duplex,"₦ 7,000,000/year","F01, Kubwa Abuja",2026-06-01 11:34:48
4 Bedroom Duplex With Bq To Let Near Cedar Crest,"₦ 13,500,000",Cedar Crest Hospital Apo Dutse Abuja,2026-06-01 11:34:48
4 Bedroom Duplex With Bq To Let Near Cedar Crest,"₦ 13,500,000",Cedar Crest Hospital Apo Dutse Abuja,2026-06-01 11:34:48
4 Bedroom Terraced Duplex,"₦ 18,000,000",Guzape Abuja,2026-06-01 11:34:48
Newly Constructed 5 Bedroom Detached Duplex,"₦ 50,000,000/year",Wuse 2 Abuja,2026-06-01 11:34:48
Standard 2 Bedroom Flat,"₦ 3,500,000/year","F01, Kubwa Abuja",2026-06-01 11:34:48
Standard 2 Bedroom Flat,"₦ 3,500,000/year","Fo1, Kubwa Abuja",2026-06-01 11:34:48
Newly Built Furnished&serviced 2&3 Bed Block Of Flat,"$ 45,000",Maitama By Fruit Market Maitama Abuja,2026-06-01 11:34:55
3 Bedroom Flat,"₦ 6,000,000/year",Idu Abuja,2026-06-01 11:34:55
Spacious 3 Bedroom Flat,"₦ 10,000,000/year",Main Guzape Abuja,2026-06-01 11:34:55
Standard 3 Bedroom Terraced Duplex,"₦ 11,000,000",Main Jabi Abuja,2026-06-01 11:34:55
Standard 2 Bedroom Flat,"₦ 3,000,000/year","Fo1, Kubwa Abuja",2026-06-01 11:34:55
3 Bedroom Flat,"₦ 7,500,000/year",Main Jahi Abuja,2026-06-01 11:34:55
5 Bedroom Detached Duplex,"₦ 35,000,000/year",Guzape Guzape Abuja,2026-06-01 11:34:55
Newly Built 2 Bedroom Flat,"₦ 6,000,000/year",Garki 1 Abuja,2026-06-01 11:34:55
Newly Built 4 Bedroom Semi Detached Duplex With Bq,"₦ 25,000,000/year",Mabushi Abuja,2026-06-01 11:34:55
Newly Built 3 Bedroom Semi Detached Duplex,"₦ 4,000,000/year","F14, Kubwa Abuja",2026-06-01 11:34:55
5 Bedroom Fully Detached Duplex With Bq,"₦ 750,000,000",Lekki Phase 1 Lekki Lagos,2026-06-01 11:34:55
One Bedroom Apartment,"₦ 3,500,000",Wuse 2 Abuja,2026-06-01 11:34:55
New 1 Bedroom Flat To Let In An Estate At Idu,"₦ 2,500,000/year",Idu Industrial (institution And Research) Abuja,2026-06-01 11:34:55
Two (2) Bedroom Flat,"₦ 2,500,000",Kubwa Abuja,2026-06-01 11:34:55
Self Contain Room To Let In Galadimawa,"₦ 1,500,000/year",Galadimawa Roundabout Galadimawa Abuja,2026-06-01 11:34:55
4 Bedroom Terrace Duplex,"₦ 15,000,000",Guzape Guzape Abuja,2026-06-01 11:34:55
3 Bedroom Blocks Of Flat,"₦ 15,000,000/year",Garki 2 Abuja,2026-06-01 11:34:55
Spacious 4 Bedroom Terrace Duplex,"₦ 5,500,000",Life Camp Life Camp Abuja,2026-06-01 11:34:55
3 Bedroom Flat,"₦ 15,000,000/year",Guzape Guzape Abuja,2026-06-01 11:34:55
4 Bedroom Terraced Duplex,"₦ 18,000,000",Guzape Abuja,2026-06-01 11:34:55
Standard 3 Bedroom Terraced Duplex With 2 Living Room,"₦ 11,000,000",Main Jahi Abuja,2026-06-01 11:34:55
Standard 2 Bedroom Apartment,"₦ 3,000,000/year",F01 Kubwa Abuja,2026-06-01 11:34:55
Newly Built Furnished&serviced 2&3 Bed Block Of Flat,"$ 45,000",Maitama By Fruit Market Maitama Abuja,2026-06-01 11:35:03
5 Bedroom Detached Duplex,"₦ 75,000,000",Wuse 2 Abuja,2026-06-01 11:35:03
One Bedroom,"₦ 450,000",Wuye Abuja,2026-06-01 11:35:03
Spacious 3 Bedroom Detached Bungalow,"₦ 7,000,000/year",Gwarinpa Abuja,2026-06-01 11:35:03
3 Bedroom Blocks Of Flat,"₦ 15,000,000/year",Garki 2 Abuja,2026-06-01 11:35:03
Serviced 3 Bedroom Semi Detached Duplex,"₦ 6,500,000/year","Fo1, Kubwa Abuja",2026-06-01 11:35:03
4 Bedroom Terrace Duplex,"₦ 13,000,000/year",Guzape Guzape Abuja,2026-06-01 11:35:03
3 Bedroom Blocks Of Flat,"₦ 12,000,000/year",Guzape Abuja,2026-06-01 11:35:03
Newly Built 4 Bedroom Flat With Lounge,"₦ 12,000,000",Mabushi Abuja,2026-06-01 11:35:03
3 Bedroom Flat,"₦ 15,000,000/year",Wuse 2 Abuja,2026-06-01 11:35:03
Luxurious 6 Bedroom Detached Duplex With Bq,"₦ 750,000,000","Katampe Ext Diplomatic Zone, Katampe Extension Katampe Abuja",2026-06-01 11:35:03
Uniquely Built 3 Bedroom Apartment With Bq,"₦ 12,000,000",Jabi Abuja,2026-06-01 11:35:03
Self Contained Room To Let In Dogongada Near Farms,"₦ 550,000",Behind Efab Estate Lokogoma Abuja,2026-06-01 11:35:03
Self Contained Room To Let In Dogongada,"₦ 400,000/year",Near Megzy Hotel Lokogoma Abuja,2026-06-01 11:35:03
New 3 Bedroom Flat Bq To Let In An Estate At Idu,"₦ 5,000,000/year",Idu Industrial (institution And Research) Abuja,2026-06-01 11:35:03
Newly Built 3 Bedroom With Bq,"₦ 9,000,000/year",Peace Apartment Jahi Abuja,2026-06-01 11:35:03
3 Bedroom Blocks Of Flat,"₦ 8,500,000/year",Garki 2 Abuja,2026-06-01 11:35:03
4 Bedroom Terrace Duplex With Bq,"₦ 17,000,000/year",Guzape Abuja,2026-06-01 11:35:03
130sqm Ground Floor Space For Rent,"₦ 20,000,000",Mabushi Abuja,2026-06-01 11:35:03
Newly Built 4 Bedroom Fully Detached Duplex,"₦ 4,500,000/year",Von Lugbe Abuja,2026-06-01 11:35:03
3 Bedroom Blocks Of Flat,"₦ 7,000,000/year",Garki 2 Abuja,2026-06-01 11:35:03
Newly Built Standard 2 Bedroom Flat,"₦ 3,500,000/year","Fo1, Kubwa Abuja",2026-06-01 11:35:03
Newly Built Furnished&serviced 2&3 Bed Block Of Flat,"$ 45,000",Maitama By Fruit Market Maitama Abuja,2026-06-01 11:35:10
2 Bedroom Semi Detached Duplex,"₦ 7,000,000/year",F01 Kubwa Abuja,2026-06-01 11:35:10
Newly Built 2 Bedroom Flat,"₦ 2,500,000/year","Fo1, Kubwa Abuja",2026-06-01 11:35:10
Self Contained Room To Let In Galadimawa,"₦ 1,000,000/year",Behind Suncity Estate Galadimawa Abuja,2026-06-01 11:35:10
2 Bedroom Flat,"₦ 3,500,000/year","Fo1, Kubwa Abuja",2026-06-01 11:35:10
4 Bedroom Flat,"₦ 20,000,000/year",Asokoro Abuja,2026-06-01 11:35:10
3 Bedroom Flat,"₦ 13,000,000/year",Wuse 2 Abuja,2026-06-01 11:35:10
Newly Built 4 Bedroom Semi Detached Duplex With Bq,"₦ 25,000,000/year",Mabushi Abuja,2026-06-01 11:35:10
New Self Contained Room To Let In An Estate At Idu,"₦ 1,500,000/year",Idu Industrial (institution And Research) Abuja,2026-06-01 11:35:10
3 Bedroom Apartment,"₦ 8,000,000/year",Gilmore Jahi Abuja,2026-06-01 11:35:10
Furnished & Serviced 3bed..,"₦ 650,000,000",Ikeja Gra Ikeja Lagos,2026-06-01 11:35:10
4 Bedroom Terraced Duplex With Bq,"₦ 5,500,000/year",Fo1 Kubwa Abuja,2026-06-01 11:35:10
4 Bedroom Apartment,"$ 40,000/year",Jabi Abuja,2026-06-01 11:35:10
4 Bedrooms Terraced Duplex With Bq,"₦ 5,500,000/year",Fo1 Kubwa Abuja,2026-06-01 11:35:10
Newly Built 4 Bedroom Terraced Duplex With Bq,"₦ 16,000,000/year",Main Katampe Abuja,2026-06-01 11:35:10
3bedroom Flat With Study,"₦ 13,000,000",Wuse 2 Abuja,2026-06-01 11:35:10
Well Built 3 Bedroom Apartment With Bq,"₦ 25,000,000",Ask Drive Asokoro Abuja,2026-06-01 11:35:10
Self Contain,"₦ 2,000,000/year",Ben Ayade Cresent Jahi Abuja,2026-06-01 11:35:10
New 3 Bedroom Flat To Let In An Estate At Idu,"₦ 6,000,000/year",Idu Industrial (institution And Research) Abuja,2026-06-01 11:35:10
Newly Built 4 Bedroom Terrace Duplex,"₦ 12,000,000/year",Mabushi Abuja,2026-06-01 11:35:10
4 Bedroom Terrace Duplex,"₦ 20,000,000/year",Guzape Guzape Abuja,2026-06-01 11:35:10
Standard 2 Bedroom Flat,"₦ 3,000,000/year","Fo1, Kubwa Abuja",2026-06-01 11:35:10
Beautifully Furnished 4 Bedroom Duplex,"₦ 30,000,000",Guzape Abuja,2026-06-01 11:35:20
Newly Built 2 Bedroom Flat,"₦ 3,500,000",Fo1 Kubwa Abuja,2026-06-01 11:35:20
4 Bedroom Terrace Duplex,"₦ 15,000,000/year",Guzape Abuja,2026-06-01 11:35:20
Newly Built & Furnished Apartments,"$ 15,000/year",Lake Mall Jabi Abuja,2026-06-01 11:35:20
2 Bedroom With A Room Bq,"₦ 8,000,000",Jahi Abuja,2026-06-01 11:35:20
Newly Built 2 Bedroom,"₦ 7,500,000/year",Kukwaba Abuja,2026-06-01 11:35:20
Newly Built Standard Shop,"₦ 1,200,000",Fo1 Market Kubwa Abuja,2026-06-01 11:35:20
Shop,"₦ 7,000,000/year",Wuse 2 Abuja,2026-06-01 11:35:20
Spacious 4 Bedroom Terrace Duplex,"₦ 17,000,000",Guzape Guzape Abuja,2026-06-01 11:35:20
Two Bedrom Apartment,"₦ 7,000,000",Jabi Abuja,2026-06-01 11:35:20
Land Measuring 500sqm,"₦ 1,300,000,000","Close To Intersection Of Remi Olowude Street And Coastal Road, (rhs), Lekki Phase 1 Lekki Lagos",2026-06-01 11:35:20
Three Bedroom Apartment,"₦ 25,000,000",Wuse 2 Abuja,2026-06-01 11:35:20
New Self Contained Room To Let In Dogongada,"₦ 600,000/year",Near Redeem Church Lokogoma Abuja,2026-06-01 11:35:20
4 Bedroom Duplex To Let In An Estate Near Cedar Crest,"₦ 10,000,000",Cedar Crest Hospital Apo Dutse Abuja,2026-06-01 11:35:20
Newly Built Standard 2 Bedroom Flat,"₦ 3,500,000/year",Fo1 Kubwa Abuja,2026-06-01 11:35:20
2 Bedroom Flat,"₦ 2,500,000/year",Kubwa Abuja,2026-06-01 11:35:20
Mini Flat,"₦ 2,300,000/year",Gwarinpa Abuja,2026-06-01 11:35:20
Newly Built 3 Bedroom Semi Detached Duplex,"₦ 4,000,000/year",F14 Kubwa Abuja,2026-06-01 11:35:20
Standard 3 Bedroom Flat,"₦ 9,000,000",Living Faith Jahi Katampe Main Abuja,2026-06-01 11:35:20
Exquisitely Designed And Well Built 7 Bedroom Duplex,"₦ 70,000,000",Katampe Extension Katampe Abuja,2026-06-01 11:35:20
Newly Built 5 Bedroom Duplex With Bq,"₦ 20,000,000",Gilmore Jahi Abuja,2026-06-01 11:35:20
Standard Shop / Office,"₦ 1,200,000/year","Fo1, Kubwa Abuja",2026-06-01 11:35:20
Newly Built Furnished&serviced 2&3 Bed Block Of Flat,"$ 45,000",Maitama By Fruit Market Maitama Abuja,2026-06-01 11:35:29
3 Bedroom Blocks Of Flat,"₦ 15,000,000/year",Garki 2 Abuja,2026-06-01 11:35:29
Shop Space For Salon,"₦ 8,000,000",Life Camp Junction By Polaris Bank Life Camp Abuja,2026-06-01 11:35:29
Standard 1 Bedroom Apartment,"₦ 2,500,000/year","Fo1, Kubwa Abuja",2026-06-01 11:35:29
Self Contained Room To Let In An Estate At Idu,"₦ 2,500,000/year",Idu Industrial (institution And Research) Abuja,2026-06-01 11:35:29
Standard 2 Bedroom Flat,"₦ 6,500,000/year","Gilmore, Jahi Abuja",2026-06-01 11:35:29
Newly Built And Spacious 9 Bedroom Duplex,"₦ 90,000,000",Asokoro Asokoro Abuja,2026-06-01 11:35:29
Standard 2 Bedroom Flat,"₦ 3,000,000/year","Fo1, Kubwa Abuja",2026-06-01 11:35:29
3 Bedroom Bungalow,"₦ 5,000,000/year",By Scc Road Ushafa Abuja,2026-06-01 11:35:29
Fully Detached 5 Bedrooms Duplex With Bq,"₦ 75,000,000/year",Wuse 2 Abuja,2026-06-01 11:35:29
3 Bedroom Flat,"₦ 27,000,000/year",Parkview Estate Ikoyi Lagos,2026-06-01 11:35:29
6 Units Of 3 Bedroom Apartment,"₦ 72,000,000/year",Jahi Abuja,2026-06-01 11:35:29
Newly Built 4 Bedroom Terraced Duplex With Bq,"₦ 10,000,000/year","Life Camp In A Secured And Serene Estate, Life Camp Abuja",2026-06-01 11:35:29
Newly Built 4 Bedroom Detached Duplex With Bq,"₦ 15,000,000/year",Jahi Gilmor Jahi Abuja,2026-06-01 11:35:29
Newly Built 4 Bedroom Terrace Duplex With Bq,"₦ 12,000,000/year",By Vio Office Mabushi Abuja,2026-06-01 11:35:29
Newly And Spacious 4bedroom With Bq Terrace,"₦ 8,500,000,000",Life Camp Life Camp Abuja,2026-06-01 11:35:29
Newly And Spacious 4bedroom With Bq Terrace,"₦ 8,500,000,000",Life Camp Life Camp Abuja,2026-06-01 11:35:29
Serviced 2 Bedroom Flat,"₦ 6,500,000/year",Jahi Abuja,2026-06-01 11:35:29
Fully Detached 12 Bedroom Duplex,"₦ 80,000,000/year",Maitama Main Maitama Abuja,2026-06-01 11:35:29
A Well Built 5 Bedroom Fully Detached Duplex + Bqs,"₦ 75,000,000",Maitama District Abuja. Maitama Abuja,2026-06-01 11:35:29
A Newly Built 4 Bedroom Terrace Duplex + 1bq,"₦ 20,000,000",Diplomatic Zone. Katampe Extension Katampe Abuja,2026-06-01 11:35:29
A Spacious & Serviced 2 Bedroom Flat,"₦ 8,000,000/year",Katampe Extension Katampe Abuja,2026-06-01 11:35:29
Beautifully Furnished 4 Bedroom Duplex,"₦ 30,000,000",Guzape Abuja,2026-06-01 11:35:43
A Newly Built 4 Bedroom Terrace Duplex + 1bq,"₦ 15,000,000/year",Maitama District Abuja. (video Of The House Is Attached) Mabushi Abuja,2026-06-01 11:35:43
3 Bedroom Flat,"₦ 9,000,000/year","Wuse, Zone 3, Abuja. Zone 3 Wuse 1 Abuja",2026-06-01 11:35:43
Magnificent 4 Bedroom Terrace Duplex+bq,"₦ 13,000,000/year",Guzape Guzape Abuja,2026-06-01 11:35:43
Renovated 1 Bedroom Flat,"₦ 5,000,000",Wuse Zone Wuse 1 Abuja,2026-06-01 11:35:43
Standard 2 Bedroom Flat,"₦ 9,000,000",Guzape Guzape Abuja,2026-06-01 11:35:43
2 Bedroom Apartment,"₦ 7,000,000/year","Lifecamp, Abuja Life Camp Abuja",2026-06-01 11:35:43
Brand New 4 Bedroom Terrace Duplex + Bq,"₦ 15,000,000/year",Jahi Abuja,2026-06-01 11:35:43
A Well Built Serviced 4 Bedroom Terrace Duplex + 1bq,"₦ 40,000,000",Maitama District Abuja. Maitama Abuja,2026-06-01 11:35:43
A Partly Furnished 5 Bedroom Detached Duplex,"₦ 50,000,000",Maitama District Abuja. Maitama Abuja,2026-06-01 11:35:43
5 Bedroom Duplex,"₦ 200,000,000","Airforce Est, Bashorun Housing Estate Akobo Ibadan Oyo",2026-06-01 11:35:43
Spacious 2 Bedroom Semi Detached Duplex,"₦ 6,000,000/year",4th Avenue Gwarinpa Abuja,2026-06-01 11:35:43
Newly Built 2 Bedroom Apartment,"₦ 7,000,000/year","Jahi Gilmore, Abuja Jahi Abuja",2026-06-01 11:35:43
4 Bedroom Semi Detached Duplex With Bq,"₦ 13,000,000/year",Utako Abuja,2026-06-01 11:35:43
Well Finished 2 Bedroom Apartment,"₦ 5,000,000/year",Life Camp Abuja,2026-06-01 11:35:43
A Brand New Spacious 3 Bedroom Flat + 1bq,"₦ 11,000,000/year",Katampe Main Abuja,2026-06-01 11:35:43
Brand New 2 Bedroom Flat,"₦ 6,500,000/year",Wuye Abuja,2026-06-01 11:35:43
A Very Good Spacious 3 Bedroom Flat,"₦ 6,500,000",Gwarinpa Extension Gwarinpa Abuja,2026-06-01 11:35:43
A Newly Built 3 Bedroom Flat + 1bq,"₦ 9,000,000","Close To Nicon Junction, Maitama Abuja. Katampe Main Abuja",2026-06-01 11:35:43
2 Bedroom Terrace Duplex,"₦ 7,000,000/year",Naf Valley Estate Asokoro Asokoro Abuja,2026-06-01 11:35:43
2 Bedroom Flat,"₦ 5,000,000/year",Naf Valley Estate Asokoro Asokoro Abuja,2026-06-01 11:35:43
A Good Spacious 3 Bedroom Semi Detached Duplex,"₦ 7,500,000/year","Sun City Estate, Lokogoma District Abuja. Lokogoma Abuja",2026-06-01 11:35:43
Beautifully Furnished 4 Bedroom Duplex,"₦ 30,000,000",Guzape Abuja,2026-06-01 11:35:53
Newly Built 1 Bedroom Apartment,"₦ 4,000,000","In An Estate Around Paradise 1 Lifecamp, Abuja Life Camp Abuja",2026-06-01 11:35:53
5 Bedroom Semi Detached Duplex,"₦ 17,000,000",Garki Area 11 Garki 2 Abuja,2026-06-01 11:35:53
Luxury 5 Bedroom Terrace Duplex With Bq.,"₦ 30,000,000/year",Maitama Abuja Maitama Abuja,2026-06-01 11:35:53
5 Bedroom Detached Duplex+bq,"₦ 30,000,000",Asokoro Asokoro Abuja,2026-06-01 11:35:53
A Standard 2 Bedroom Flat,"₦ 4,000,000/year",62 Road Gwarinpa Abuja,2026-06-01 11:35:53
Newly Built 4 Bedroom Semi Detached Duplex,"₦ 6,000,000/year",Gaduwa Abuja,2026-06-01 11:35:53
A Well Built & Fully Serviced 3 Bedroom Flat,"₦ 35,000",Maitama District Abuja. Maitama Abuja,2026-06-01 11:35:53
Newly Built 3 Bedroom Apartment,"₦ 6,500,000/year","Close To Stella Maris School Lifecamp, Abuja Life Camp Abuja",2026-06-01 11:35:53
New Spacious 3 Bedroom Flat With 1 Bq,"₦ 5,500,000/year",Idu Abuja,2026-06-01 11:35:53
Luxurious 6 Bedroom Detached Duplex With Bq,"₦ 750,000,000","Katampe Ext Diplomatic Zone, Katampe Extension Katampe Abuja",2026-06-01 11:35:53
3 Bedroom Flat,"₦ 3,700,000",Life Camp Abuja,2026-06-01 11:35:53
Room Self Contain,"₦ 1,500,000/year",Apo After Shoprite Heading To Apo Mechanic Apo Abuja,2026-06-01 11:35:53
A Fully Furnished & Serviced 4 Bedroom Terrace Duplex,"₦ 30,000,000",Jahi District Abuja (video Is Available On Request) Jahi Abuja,2026-06-01 11:35:53
4 Bedroom Terrace Duplex With Room Bq,"₦ 18,000,000/year",Gilmore Jahi Abuja,2026-06-01 11:35:53
Newly Built 2 Bedrm Flat Apo Resettlement Tarred,"₦ 3,500,000",Apo Resettlement Apo Resettlement Apo Abuja,2026-06-01 11:35:53
3 Bedroom Flat,"₦ 4,000,000/year",Brains And Hammers Life Camp Abuja,2026-06-01 11:35:53
4 Bedroom Terrace Duplex With Bq,"₦ 9,000,000/year","I'm An Estate Around Godab Lifecamp, Abuja Life Camp Abuja",2026-06-01 11:35:53
3 Bedroom Flat,"₦ 6,500,000",Guzape Guzape Abuja,2026-06-01 11:35:53
Well Finished 4 Bedroom Fully Detached Duplex,"₦ 10,000,000/year",Life Camp Abuja,2026-06-01 11:35:53
A Newly Built Spacious 3 Bedroom Flat + 1bq,"₦ 6,000,000/year","Idu Karmo Abuja, After Nizamiyel Hospital ( Turkish Hospital) Idu Abuja",2026-06-01 11:35:53
A Well Built Furnished & Serviced 4 Bedroom Duplex,"₦ 30,000,000/year",Guzape District Abuja (video Is Available) Guzape Abuja,2026-06-01 11:35:53
Beautifully Furnished 4 Bedroom Duplex,"₦ 30,000,000",Guzape Abuja,2026-06-01 11:36:02
A Newly Built 5 Bedroom Terrace Duplex + 1bq,"₦ 25,000,000/year",Wuse District Abuja. Wuse 1 Abuja,2026-06-01 11:36:02
1 Bedroom Bungalow,"₦ 2,500,000/year",Fo1 Kubwa Kubwa Abuja,2026-06-01 11:36:02
4 Bedroom Terrace Duplex+bq,"₦ 12,500,000",Fha Guzape Guzape Abuja,2026-06-01 11:36:02
3 Bedroom Terrace Duplex,"₦ 12,000,000/year",Asokoro Asokoro Abuja,2026-06-01 11:36:02
Beautiful 2 Bedroom Flat,"₦ 6,000,000/year",Fha/enl Estate Guzape Abuja,2026-06-01 11:36:02
4 Bedroom Terrace Duplex+bq,"₦ 25,000,000",Maitama Maitama Abuja,2026-06-01 11:36:02
3 Bedroom Apartment,"₦ 5,500,000/year",Lifecamp Life Camp Abuja,2026-06-01 11:36:02
Well Finished 2 Bedroom Apartment,"₦ 8,500,000/year","Jahi Gilmore, Abuja Jahi Abuja",2026-06-01 11:36:02
A Newly Built Modern 6 Bedroom Duplex With Bq,"₦ 20,000,000",69 Road Gwarinpa Abuja,2026-06-01 11:36:02
2 Bedroom Apartment,"₦ 25,000,000/year",Freedom Way Lekki Lagos,2026-06-01 11:36:02
Strategically Located Office Complex,"₦ 116,275,500",Wuse Zone 5 Wuse 1 Abuja,2026-06-01 11:36:02
40sqm Of Shop Space,"₦ 7,000,000",Off Aminu Kano Crescent Wuse 2 Abuja,2026-06-01 11:36:02
A 6 Bedroom Fully Detached Duplex With Bq,"₦ 10,000,000",Gwarimpa Extension Gwarinpa Abuja,2026-06-01 11:36:02
A Well Built Spacious 3 Bedroom Terrace Duplex + 1bq,"₦ 10,000,000/year",Jahi District Abuja. Jahi Abuja,2026-06-01 11:36:02
A 5 Bedroom Fully Detached Duplex With Bq,"₦ 15,000,000",Gwarimpa Extension Karsana Gwarinpa Abuja,2026-06-01 11:36:02
3 Bedroom Apartment,"₦ 4,000,000/year",Life Camp Abuja,2026-06-01 11:36:02
Standard 3 Bedroom Terrace Duplex+1bed Bq,"₦ 15,000,000/year",Naf Valley Estate Asokoro Asokoro Abuja,2026-06-01 11:36:02
Newly Built 1 Bedroom Apartment,"₦ 4,500,000/year","Kubwa, Abuja Kubwa Abuja",2026-06-01 11:36:02
1 Bedroom Flat,"₦ 2,500,000/year",Gwarinpa Gwarinpa Abuja,2026-06-01 11:36:02
1 Bedroom Flat,"₦ 2,800,000/year",After Godab Lifecamp Life Camp Abuja,2026-06-01 11:36:02
4 Bedroom Terrace Duplex With Bq,"₦ 11,000,000/year",Life Camp Abuja,2026-06-01 11:36:02
Newly Built Furnished&serviced 2&3 Bed Block Of Flat,"$ 45,000",Maitama By Fruit Market Maitama Abuja,2026-06-01 11:36:09
3 Bedroom Flat,"₦ 6,000,000/year",Lifecamp District Abuja Life Camp Abuja,2026-06-01 11:36:09
A Fully Furnished & Serviced 2 Bedroom Flat + 1bq,"₦ 30,000/year",Maitama Abuja,2026-06-01 11:36:09
A Standard 2 Bedroom Flat,"₦ 5,000,000",Dantata Estate Gwarinpa Abuja,2026-06-01 11:36:09
4 Bedroom Fully Detached Duplex With Bq,"₦ 8,000,000/year","In An Estate Lifecamp, Abuja Life Camp Abuja",2026-06-01 11:36:09
A Fully Furnished 3 Bedroom Terraced Duplex,"₦ 7,500,000/year",Gwarimpa Extension Karsana Abuja,2026-06-01 11:36:09
5 Bedroom Detached Duplex With Bq,"₦ 15,000,000/year",Close To Cedarcrest Hospital Gude Apo Abuja,2026-06-01 11:36:09
2 Bedroom Apartment,"₦ 7,000,000/year","Lifecamp, Abuja Life Camp Abuja",2026-06-01 11:36:09
A Newly Built 3 Bedroom Detached Bungalow,"₦ 7,000,000/year","Gwarimpa Extension, Gwarinpa Abuja",2026-06-01 11:36:09
A Standard 2 Bedroom Flat,"₦ 4,000,000/year","62 Road, Gwarinpa Abuja",2026-06-01 11:36:09
2bed Apartment..,"₦ 350,000,000",Shonibare Estate Maryland Lagos,2026-06-01 11:36:09
Well Finished 3 Bedroom Terrace Duplex,"₦ 8,000,000/year",Around Godab Life Camp Abuja,2026-06-01 11:36:09
Self Contain,"₦ 1,200,000/year",Gwarinpa Gwarinpa Abuja,2026-06-01 11:36:09
5 Bedroom Fully Detached Duplex,"₦ 15,000,000/year",Mab Global Estate Gwarinpa Abuja,2026-06-01 11:36:09
Newly Built 4 Bedroom Terrace Duplex+bq,"₦ 14,000,000",Guzape Guzape Abuja,2026-06-01 11:36:09
Luxury Finished 4 Bedroom Duplex+bq,"₦ 25,000,000/year",Bilard Estate Lifecamp Life Camp Abuja,2026-06-01 11:36:09
Spacious 2 Bedroom Flat,"₦ 9,000,000/year",Guzape Guzape Abuja,2026-06-01 11:36:09
Newly Built 2 Bedroom Flat,"₦ 6,000,000/year",Area 1 By Old Secretariat Garki 1 Abuja,2026-06-01 11:36:09
A Very Good Serviced 4 Bedroom Terrace Duplex + 1bq,"₦ 30,000,000/year",Guzape Abuja Guzape Abuja,2026-06-01 11:36:09
4 Bedroom Fully Detached Duplex,"₦ 10,000,000/year","Idu Karmo Abuja, After Nizamiyel Hospital ( Turkish Hospital) Idu Abuja",2026-06-01 11:36:09
A Fully Furnished 3 Bedroom Terraced Duplex,"₦ 7,500,000/year","Gwarimpa Extension, Karsana Abuja",2026-06-01 11:36:09
6 Bedroom Fully Detached Duplex With 3 Bq,"₦ 100,000,000/year",Maitama Main Maitama Abuja,2026-06-01 11:36:09
Newly Built Furnished&serviced 2&3 Bed Block Of Flat,"$ 45,000",Maitama By Fruit Market Maitama Abuja,2026-06-01 11:36:17
A Fully Semi Detached 4 Bedroom Twin Duplex,"₦ 100,000,000/year",Maitama Main Maitama Abuja,2026-06-01 11:36:17
Newly Built 5 Bedroom Terraced Duplex,"₦ 15,000,000/year","Close To Beger Yard, Life Camp Abuja",2026-06-01 11:36:17
Well Finished 4 Bedroom Terraced Duplex With Bq,"₦ 8,000,000/year","Lifecamp Junction, Life Camp Abuja",2026-06-01 11:36:17
Amazing 6 Bedroom Detached Duplex+bq,"₦ 60,000,000",Asokoro Asokoro Abuja,2026-06-01 11:36:17
2 Bedroom Flat,"₦ 7,000,000/year",Guzape Guzape Abuja,2026-06-01 11:36:17
Shop/office Space,"₦ 8,000,000/year",Wuse2 Wuse 2 Abuja,2026-06-01 11:36:17
Spacious 3 Bedroom Flat,"₦ 6,500,000/year",Guzape Guzape Abuja,2026-06-01 11:36:17
A Very Good Spacious & Serviced 3 Bedroom Flat,"₦ 25,000,000/year",Maitama District Abuja. Maitama Abuja,2026-06-01 11:36:17
2 Bedroom Flat,"₦ 4,000,000/year",Lifecamp Close To Stella Maris Life Camp Abuja,2026-06-01 11:36:17
4bed Terrace +bq..,"₦ 570,000,000",Ikeja Gra Ikeja Lagos,2026-06-01 11:36:17
2 Bedroom Flat,"₦ 6,500,000/year",Jahi District Abuja. Jahi Abuja,2026-06-01 11:36:17
6 Bedroom Detached Duplex + 2 Bqs,"₦ 35,000,000/year",Diplomatic Zone. Katampe Extension Katampe Abuja,2026-06-01 11:36:17
A Well Built Spacious 2 Bedroom Flat,"₦ 8,000,000","Jahi District, By Gilmore Construction. Jahi Abuja",2026-06-01 11:36:17
5 Bedroom Detached Duplex+bq,"₦ 75,000,000",Maitama Maitama Abuja,2026-06-01 11:36:17
Newly Built 3 Bedroom Apartment,"₦ 12,000,000/year","Jahi Gilmore, Abuja Jahi Abuja",2026-06-01 11:36:17
5 Bedroom Detached Bungalow With Bq,"₦ 15,000,000/year","Off 3rd Avenue, Gwarinpa Abuja",2026-06-01 11:36:17
3 Bedroom Flat,"₦ 8,000,000/year",With Good Road And Secured Environment. Katampe Main Abuja,2026-06-01 11:36:17
A Newly Built 3 Bedroom Terrace Duplex + 1bq.,"₦ 10,000,000/year","Apo By Gudu Junction, Close To Cedarcrest Hospital. Apo Abuja",2026-06-01 11:36:17
Amazing 3 Bedroom Flat,"₦ 8,000,000/year",Katampe Main Katampe Main Abuja,2026-06-01 11:36:17
Brand New 6 Bedroom Fully Detached Duplex,"₦ 10,000,000/year",Estate Galadimawa Abuja,2026-06-01 11:36:17
Standard 2 Bedroom Flat,"₦ 4,000,000/year",3rd Avenue Gwarinpa Abuja,2026-06-01 11:36:17
Beautifully Furnished 4 Bedroom Duplex,"₦ 30,000,000",Guzape Abuja,2026-06-01 11:36:25
1 Bedroom Flat,"₦ 2,500,000/year",Sahara Estate Lokogoma Abuja,2026-06-01 11:36:25
Newly Built 2 Bedroom Flat In Lokogoma,"₦ 4,000,000",Estate Close To Lokogoma Junction Lokogoma Abuja,2026-06-01 11:36:25
Newly Built 3bedroom Apartment With A Room Bq,"₦ 8,000,000/year",Jahi Abuja Jahi Abuja,2026-06-01 11:36:25
3 Bedroom Flat,"₦ 7,500,000/year",Jahi District Abuja Jahi Abuja,2026-06-01 11:36:25
4 Bedroom Terraced Duplex With 1 Bq,"₦ 16,000,000/year",Diplomatic Zone. Katampe Extension Katampe Abuja,2026-06-01 11:36:25
Newly Built 3 Bedroom Apartment,"₦ 12,000,000/year","Jahi Gilmore, Abuja Jahi Abuja",2026-06-01 11:36:25
Well Finished 2bedroom Flat,"₦ 2,500,000",Mab Global Estate Idu Idu Abuja,2026-06-01 11:36:25
2 Bedroom Apartment,"₦ 4,500,000/year",Close To Beger Yard Life Camp Abuja,2026-06-01 11:36:25
Magnificently Furnished 1 Bedroom Flat,"₦ 5,500,000/year",Area 11 Garki 2 Abuja,2026-06-01 11:36:25
2 Bedroom Executive Suite,"₦ 250,000/day","Younis Bashorun Street Off Ajose Adeogun, Victoria Island Ajose Adeogun Street Victoria Island Lagos",2026-06-01 11:36:25
4 Bedroom Terrace Duplex With Bq,"₦ 18,000,000/year","Gilmore, Jahi Abuja",2026-06-01 11:36:25
A Newly Built 4 Bedroom Terrace Duplex+ 1bq,"₦ 8,000,000/year","Idu Karmo Abuja, After Nizamiyel Hospital ( Turkish Hospital) Idu Abuja",2026-06-01 11:36:25
A Newly Built Classic Shop In A Mall (40sqm),"₦ 9,000,000",1st Avenue Gwarinpa Abuja,2026-06-01 11:36:25
Standard 2 Bedroom Flat,"₦ 8,000,000/year",Jahi Abuja,2026-06-01 11:36:25
Strategically Located Office Space,"₦ 80,000,000",Area 11 Garki Garki 2 Abuja,2026-06-01 11:36:25
4 Bedroom Terrace Duplex+bq,"₦ 40,000,000",Maitama Maitama Abuja,2026-06-01 11:36:25
Standard 3 Bedroom Flat+bq,"₦ 9,000,000",Katampe Main Katampe Main Abuja,2026-06-01 11:36:25
5 Bedroom Detached Duplex + 1bq,"₦ 20,000,000/year","Kado District, Abuja. Close To Next Cash & Carry. Kado Abuja",2026-06-01 11:36:25
2 Bedroom Flat,"₦ 8,000,000/year","Jahi District, Abuja. Jahi Abuja",2026-06-01 11:36:25
3 Bedroom Apartment,"₦ 10,000,000/year","Gwarinpa Main, Abuja Gwarinpa Abuja",2026-06-01 11:36:25
Serviced 4 Bedroom Terraced Duplex With 1 Bq,"₦ 23,000,000/year","Diplomatic Zone, Katampe Extension Katampe Abuja",2026-06-01 11:36:25
Newly Built Furnished&serviced 2&3 Bed Block Of Flat,"$ 45,000",Maitama By Fruit Market Maitama Abuja,2026-06-01 11:36:34
Standard 1 Bedroom Flat,"₦ 3,500,000",Garki2 Garki 2 Abuja,2026-06-01 11:36:34
Newly Built 3 Bedroom Apartment,"₦ 8,000,000/year","Close To Stella Maris Lifecamp, Abuja Life Camp Abuja",2026-06-01 11:36:34
5 Bedroom Detached Duplex + 1bq,"₦ 25,000,000/year","Opposite Nicon Junction, Maitama. (video Is Available) Katampe Main Abuja",2026-06-01 11:36:34
Newly Built 5 Bedroom Semi Detached Duplex+bq,"₦ 25,000,000/year",Guzape Guzape Abuja,2026-06-01 11:36:34
A Good Spacious 4 Bedroom Terrace Duplex + 1bq,"₦ 10,000,000/year",Apo Legislative Quaters. ( Video Is Available) Apo Abuja,2026-06-01 11:36:34
A Fully Detached Spacious 5 Bedroom Duplex + 2bqs,"₦ 60,000,000/year",Asokoro District Abuja Asokoro Abuja,2026-06-01 11:36:34
A Very Good Spacious & Serviced 2 Bedroom Flat,"₦ 7,000,000/year",Diplomatic Zone. (video Of The Apartment Is Available) Katampe Extension Katampe Abuja,2026-06-01 11:36:34
Standard Self Contain,"₦ 1,800,000/year",Wuse Zone Wuse 2 Abuja,2026-06-01 11:36:34
Spacious Self Contain,"₦ 1,800,000",Utako Utako Abuja,2026-06-01 11:36:34
Primed 1000sqm & 800sqm & 650sqm Residential Plot,"₦ 650,000,000",Lekki Phase 1 Lekki Lagos,2026-06-01 11:36:34
4 Bedroom House With 2 Bedroom Bq,"₦ 15,000,000/year",Off 3rd Avenue Gwarinpa Abuja,2026-06-01 11:36:34
A Well Built Serviced & Spacious 3 Bedroom Flat + 1bq,"₦ 17,000,000/year",Maitama District Abuja. (video Of The House Is Available) Maitama Abuja,2026-06-01 11:36:34
Beautiful 2 Bedroom Flat,"₦ 6,000,000/year",Area 11 Garki 1 Abuja,2026-06-01 11:36:34
Very Spacious Selfcontain Lokogoma 1.3m,"₦ 1,300,000",Estate Close To Lokogoma Junction Lokogoma Abuja,2026-06-01 11:36:34
A Well Built 5 Bedroom Detached Duplex With Bq,"₦ 15,000,000/year",Gwarimpa Extension Gwarinpa Abuja,2026-06-01 11:36:34
3 Bedroom Semi Detached Bungalow,"₦ 4,000,000/year","Estate,galadimawa Extension Tarred Road Galadimawa Abuja",2026-06-01 11:36:34
Newly Built 2 Bedroom Apartment,"₦ 4,500,000/year","Fo1, Kubwa Abuja",2026-06-01 11:36:34
1 Bedroom Flat,"₦ 3,000,000/year",Asokoro Main Asokoro Abuja,2026-06-01 11:36:34
Beautiful Self Contain,"₦ 1,500,000",Guzape Guzape Abuja,2026-06-01 11:36:34
3 Bedroom Apartment,"₦ 10,000,000/year","Gwarinpa Main, Abuja Gwarinpa Abuja",2026-06-01 11:36:34
Beautiful 4 Bedroom Terrace Duplex+bq,"₦ 12,000,000",Guzape Guzape Abuja,2026-06-01 11:36:34
Newly Built Furnished&serviced 2&3 Bed Block Of Flat,"$ 45,000",Maitama By Fruit Market Maitama Abuja,2026-06-01 11:36:41
Newly Built 4 Bedroom Terrace Duplex+bq,"₦ 15,000,000",Guzape Guzape Abuja,2026-06-01 11:36:41
Well Built 2 Bedroom Flat,"₦ 6,000,000",Gwarinpa Gwarinpa Abuja,2026-06-01 11:36:41
Renovated 2 Bedroom Flat,"₦ 4,500,000/year",Associated Estate Karmo After Lifecamp Karmo Abuja,2026-06-01 11:36:41
Beautiful 3 Bedroom Terrace Duplex+bq,"₦ 12,000,000",Jahi By Living Faith Jahi Abuja,2026-06-01 11:36:41
Fully Furnished 3 Bedroom Flat,"₦ 10,000,000/year",Jahi Jahi Abuja,2026-06-01 11:36:41
A Well Built 5 Bedroom Semi Detached Duplex,"₦ 17,000,000/year",Apo Legislative Quaters. Apo Abuja,2026-06-01 11:36:41
4 Bedroom Terrace Duplex,"₦ 6,000,000",Brains And Hammers Life Camp Abuja,2026-06-01 11:36:41
Strategically Located Office Space,"₦ 20,000,000/year",Asokoro Main Asokoro Abuja,2026-06-01 11:36:41
Spacious 2 Bedroom Flat,"₦ 5,000,000/year",4th Avenue Gwarinpa Abuja,2026-06-01 11:36:41
Luxury 4bedroom Serviced Apartment With 2 Rooms Bq,"₦ 2,100,000,000",Banana Island Ikoyi Lagos,2026-06-01 11:36:41
Strategically Located Shop/office Space,"₦ 2,000,000",Wuse Zone 3 Wuse 1 Abuja,2026-06-01 11:36:41
2 Bedroom Apartment,"₦ 8,500,000/year","Gilmore, Jahi Abuja",2026-06-01 11:36:41
Well Finished 4 Bedroom Semi Detached Duplex,"₦ 6,000,000/year",Kubwa Abuja,2026-06-01 11:36:41
New Spacious 3 Bedroom Flat,"₦ 4,500,000/year",Idu Abuja,2026-06-01 11:36:41
Brand New 2 Bedroom Flat,"₦ 3,500,000/year","Lugbe Dunimis Side, Lugbe Abuja",2026-06-01 11:36:41
Luxury Finished 1 Bedroom Flat,"₦ 3,500,000",Lifecamp Life Camp Abuja,2026-06-01 11:36:41
2 Bedroom Flat,"₦ 3,200,000/year",Life Camp Abuja,2026-06-01 11:36:41
3 Bedroom Apartment,"₦ 7,000,000/year","6th Avenue, Gwarinpa Abuja",2026-06-01 11:36:41
Newly Built 4 Bedroom Terrace Duplex With Bq,"₦ 8,000,000",Close To Galadimawa Round About Galadimawa Abuja,2026-06-01 11:36:41
Standard 3 Bedroom Flat,"₦ 8,000,000/year",Inside An Estate Asokoro Asokoro Abuja,2026-06-01 11:36:41
Spacious 3 Bedroom Flat,"₦ 8,000,000/year",Asokoro Asokoro Abuja,2026-06-01 11:36:41
Beautifully Furnished 4 Bedroom Duplex,"₦ 30,000,000",Guzape Abuja,2026-06-01 11:36:50
A Newly Built 6 Bedroom Detached Duplex + 2bq,"₦ 100,000,000",Asokoro District Abuja Asokoro Abuja,2026-06-01 11:36:50
A Fully Furnished 4 Bedroom Detached Duplex + 2bqs.,"₦ 45,000,000",Asokoro District Abuja. Asokoro Abuja,2026-06-01 11:36:50
5 Bedroom Semi Detached Duplex With 2 Bq,"₦ 15,000,000/year","Off 7th Avenue, Gwarinpa Abuja",2026-06-01 11:36:50
4 Bedroom Terrace Duplex + 1bq,"₦ 10,000,000/year","Idu Karmo District, After Nizamiyel Hospital (turkish Hospital) Idu Abuja",2026-06-01 11:36:50
4 Bedroom Terrace Duplex + 2bqs,"₦ 15,000,000/year","After The Catholic Church, Lifecamp Abuja. Life Camp Abuja",2026-06-01 11:36:50
A Well Built Fully Serviced 3 Bedroom Flat + 1bq,"₦ 25,000,000/year","Aso Drive, Maitama Abuja Maitama Abuja",2026-06-01 11:36:50
Spacious 4 Bedroom Duplex With 2 Bq,"₦ 15,000,000/year",Main Gwarinpa Abuja,2026-06-01 11:36:50
Open Space (more Than 1500sqm),"₦ 7,500,000/year",Off 3rd Avenue Gwarinpa Abuja,2026-06-01 11:36:50
4 Bedroom Semi Detached Duplex,"₦ 12,000,000/year",Off 3rd Avenue Gwarinpa Abuja,2026-06-01 11:36:50
5 Bedroom Detached Duplex,"₦ 1,000,000,000",Chevron Lekki Lagos,2026-06-01 11:36:50
A Brand New 5 Bedroom Detached Duplex + 1bq,"₦ 20,000,000",Maitama District Abuja. Mabushi Abuja,2026-06-01 11:36:50
A Very Good Spacious 3 Bedroom Flat + 1bq,"₦ 9,000,000/year",By Aso Radio. ( Video Is Available) Katampe Main Abuja,2026-06-01 11:36:50
A Brand New Spacious 3 Bedroom Flat + 1bq,"₦ 7,000,000/year",After Gudu Junction. ( Video Is Available) Gudu Phase 2 Abuja,2026-06-01 11:36:50
A Standard 2 Bedroom Terraced Duplex,"₦ 5,000,000/year",Team 7 Gwarinpa Abuja,2026-06-01 11:36:50
A Newly Built 4 Bedroom Semi Detached Duplex + 1bq,"₦ 13,000,000/year",Kado Abuja,2026-06-01 11:36:50
A Very Good Spacious 2 Bedroom Terrace Duplex,"₦ 7,000,000/year",Naf Estate Asokoro Abuja,2026-06-01 11:36:50
Newly Built 2 Bedroom Flat,"₦ 5,000,000",Garki Area 1 By Old Secretariat Garki 1 Abuja,2026-06-01 11:36:50
5 Bedroom Duplex With Bq,"₦ 20,000,000/year",Efab Metropolis Gwarinpa Abuja,2026-06-01 11:36:50
2 Bedroom Flat,"₦ 4,000,000/year",Gwarinpa Abuja,2026-06-01 11:36:50
Newly Built 3 Bedroom Terrace Duplex,"₦ 6,500,000/year",Gwarimpa Extension Gwarinpa Abuja,2026-06-01 11:36:50
Self Contain,"₦ 1,350,000/year",Gwarinpa Gwarinpa Abuja,2026-06-01 11:36:50
Beautifully Furnished 4 Bedroom Duplex,"₦ 30,000,000",Guzape Abuja,2026-06-01 11:36:57
Self Contain,"₦ 1,000,000",Gwarinpa Gwarinpa Abuja,2026-06-01 11:36:57
2 Bedroom Apartment,"₦ 4,500,000/year",Suncity Estate Galadimawa Abuja,2026-06-01 11:36:57
Fully Furnished 3 Bedroom Flat,"₦ 15,000,000/year",Jahi Abuja,2026-06-01 11:36:57
Newly Built 4 Bedroom With Boys Quaters,"₦ 13,000,000/year",Close To Copa Cobbana Lokogoma Abuja,2026-06-01 11:36:57
Standard 3 Bedroom With A Bq,"₦ 10,000,000/year",By Living Faith Church Jahi Abuja,2026-06-01 11:36:57
2 Bedroom Flat,"₦ 6,000,000/year",Brooklyn Estate By Amsco Galadimawa Abuja,2026-06-01 11:36:57
Well Refurbished 2 Bedroom Flat,"₦ 5,000,000/year","City Homes Estate, Galadimawa Abuja",2026-06-01 11:36:57
3 No. Renovated Self Contained Apartment,"₦ 2,000,000",Asokoro Abuja,2026-06-01 11:36:57
2 Bedrooms Flat Ensuite,"₦ 2,500,000",Lugbe By Zenith Bank Lugbe Abuja,2026-06-01 11:36:57
Furnished 3 Bedroom For Rent In Banana Island,"₦ 50,000,000/year",Banana Island Ikoyi Lagos,2026-06-01 11:36:57
3 Bedrooms Flat Ensuite,"₦ 7,000,000",Life Camp Life Camp Abuja,2026-06-01 11:36:57
2 Bedrooms Flat Ensuite,"₦ 5,000,000",Life Camp Life Camp Abuja,2026-06-01 11:36:57
Spacious 2 Bedrooms Flat,"₦ 2,500,000",Ushafa After Dutse Kubwa Abuja,2026-06-01 11:36:57
Serviced 3 Bedrooms Flat With Bq,"₦ 16,000,000",Jabi Main Jabi Abuja,2026-06-01 11:36:57
3 Bedrooms Flat Ensuite,"₦ 6,500,000",Garki Garki 1 Abuja,2026-06-01 11:36:57
Spacious 3 Bedrooms Flat With Bq,"₦ 7,500,000",Katampe Main Tarred Road Katampe Main Abuja,2026-06-01 11:36:57
Spacious 3 Bedrooms Flat,"₦ 4,500,000",Dawaki Opposite Gwarinpa Gwarinpa Abuja,2026-06-01 11:36:57
2 Bedrooms Flat Ensuite,"₦ 5,000,000",Life Camp Life Camp Abuja,2026-06-01 11:36:57
New Bedroom Terrace Duplex For Rent In Guzape,"₦ 15,000,000/year",Guzape District Guzape Abuja,2026-06-01 11:36:57
4 Bedroom Blocks Of Flats,"₦ 13,500,000/year",Jahi Abuja,2026-06-01 11:36:57
Executive 2 Bedroom Flat Apartment,"₦ 23,000,000/year",Katampe Main Katampe Abuja,2026-06-01 11:36:57
Beautifully Furnished 4 Bedroom Duplex,"₦ 30,000,000",Guzape Abuja,2026-06-01 11:37:05
Executive 5 Bedroom Fully Detached Duplex,"₦ 90,000,000/year",Maitama Abuja,2026-06-01 11:37:05
4 Bedroom Duplex With Bq,"₦ 30,000,000/year",Asokoro Main Close To Catholic Church Asokoro Abuja,2026-06-01 11:37:05
5 Bedroom Stand Alone Duplex With Bq,"₦ 50,000,000",Asokoro Main Asokoro Abuja,2026-06-01 11:37:05
4 Bedroom Terrace Duplex With Bq,"₦ 13,000,000",Jahi By Gilmor Jahi Abuja,2026-06-01 11:37:05
Super Clean 4 Bedroom Duplex With Bq,"₦ 17,000,000",Guzape Main By H Medix Guzape Abuja,2026-06-01 11:37:05
4 Bedroom Duplex For Sale,"₦ 20,000,000",Guzape Main Guzape Abuja,2026-06-01 11:37:05
New Furnished 3 Bedroom Flat With Bq,"₦ 20,000,000",Jahi Gilmor Jahi Abuja,2026-06-01 11:37:05
Newly Built 4 Bedroom Terrace Duplex,"₦ 40,000,000/year",Asokoro Main Asokoro Abuja,2026-06-01 11:37:05
4 Bedroom Terrace Duplex With Bq,"₦ 15,000,000",Guzape Main Guzape Abuja,2026-06-01 11:37:05
4 Bedroom Masionette,"₦ 420,000,000",Adeniyi Jones Ikeja Lagos,2026-06-01 11:37:05
Clean 2 Bedroom At Wuye For Rent,"₦ 7,000,000",Wuye Main Wuye Abuja,2026-06-01 11:37:05
Clean 5 Bedroom Dupelx,"₦ 18,000,000",Guzape Fha By Enl Guzape Abuja,2026-06-01 11:37:05
4 Bedroom On Double Floor Terrace Duplex,"₦ 15,000,000/year",Guzape Main By Nnpc Guzape Abuja,2026-06-01 11:37:05
Clean 4 Bedroom Terrace With Bq,"₦ 15,000,000",Kado Gwarimpa Kado Abuja,2026-06-01 11:37:05
New 5 Bedrooms With 3 Palour And Bq,"₦ 60,000,000",Asokoro Main Asokoro Abuja,2026-06-01 11:37:05
4 Bedroom Terrace Duplex,"₦ 15,000,000/year",Guzape Main Behind Coza Guzape Abuja,2026-06-01 11:37:05
New 4 Bedroom Duplex With Bq,"₦ 13,000,000",Durumi By American University Durumi Abuja,2026-06-01 11:37:05
Exquisitely Furnished And Finished 2 Bedroom Apartment,"₦ 10,000,000",Jabi Lake Jabi Abuja,2026-06-01 11:37:05
Shop Space,"₦ 5,000,000/year",Gaduwa Abuja,2026-06-01 11:37:05
5 Bedroom Terraced Duplex With Bq,"₦ 20,000,000/year",Wuye Abuja,2026-06-01 11:37:05
4 Bedroom Terrace Duplex,"₦ 18,000,000/year",Jahi Jahi Abuja,2026-06-01 11:37:05
Newly Built Furnished&serviced 2&3 Bed Block Of Flat,"$ 45,000",Maitama By Fruit Market Maitama Abuja,2026-06-01 11:37:12
Shop Space,"₦ 4,320,000/year",Gaduwa Abuja,2026-06-01 11:37:12
2 Bedroom Apartment,"₦ 4,500,000",Lokogoma Abuja,2026-06-01 11:37:12
6 Bedroom Semi Detached Duplex,"₦ 25,000,000/year",Durumi Abuja,2026-06-01 11:37:12
2 Bedroom Terrace Duplex With Bq,"₦ 10,000,000/year",Lokogoma Abuja,2026-06-01 11:37:12
4 Bedroom Duplex,"₦ 8,500,000/year",Galadimawa Abuja,2026-06-01 11:37:12
5 Bedroom Semi Detached Duplex With Bq,"₦ 20,000,000/year",Asokoro Abuja,2026-06-01 11:37:12
4 Bedroom Terrace Duplex With Bq,"₦ 20,000,000/year",Wuse 1 Abuja,2026-06-01 11:37:12
Sharp 1 Bedroom Block Of Flats,"₦ 1,800,000",Pyakasa Lugbe Lugbe Abuja,2026-06-01 11:37:12
Sharp 3 Bedroom Bungalow,"₦ 3,500,000",Trade More Estate Lugbe Abuja,2026-06-01 11:37:12
Luxury 5 Bedroom Detached Duplex With Swimming Pool,"₦ 530,000,000",Discovery Estate 2nd Toll Gate Lekki Lagos,2026-06-01 11:37:12
Newly Built 2 Bedroom Block Of Flats,"₦ 3,500,000/year",Aso Lugbe Lugbe Abuja,2026-06-01 11:37:12
Spacious 2 Bedroom Block Of Flats,"₦ 2,500,000",Aco Estate Lugbe Lugbe Abuja,2026-06-01 11:37:12
Newly Built 2 Bedroom Apartment,"₦ 3,500,000/year",Along Von Garden Estate Road Lugbe Abuja,2026-06-01 11:37:12
4 Bedroom Terrace Duplex,"₦ 6,500,000/year",Along Von Garden Estate Road Lugbe Abuja,2026-06-01 11:37:12
Luxury 4 Bedroom Fully Detached Duplex,"₦ 7,000,000/year",Airport Road Lugbe Abuja,2026-06-01 11:37:12
Standard Newly Built 2 Bedroom Apartment,"₦ 2,700,000/year","Along Von Garden Estate Road, Lugbe Abuja",2026-06-01 11:37:12
Spacious 2 Bedroom Flats,"₦ 2,000,000/year",Sauka New Site Estate Lugbe Abuja,2026-06-01 11:37:12
Sharp Self Contain Apartment,"₦ 700,000",Fha Lugbe Lugbe Abuja,2026-06-01 11:37:12
Spacious Self Contain Apartment,"₦ 600,000",Fha Extension Lugbe Abuja,2026-06-01 11:37:12
Sharp 2 Bedroom Block Of Flats,"₦ 2,500,000/year",Fha Lugbe Abuja,2026-06-01 11:37:12
Newly Built 4 Bedroom Terrace Duplex,"₦ 5,500,000",Lugbe Airport Road Lugbe Abuja,2026-06-01 11:37:12
Newly Built Furnished&serviced 2&3 Bed Block Of Flat,"$ 45,000",Maitama By Fruit Market Maitama Abuja,2026-06-01 11:37:20
Newly Built 3 Bedroom Terraced Duplex With Bq,"₦ 6,500,000/year",Fha Lugbe Abuja,2026-06-01 11:37:20
Luxury 2 Bedroom Semi Detached Duplex,"₦ 4,500,000/year",Along Von Garden Estate Road Lugbe Abuja,2026-06-01 11:37:20
Sharp Newly Built 2 Bedroom Block Of Flats,"₦ 3,000,000/year",Jedo Estate Road Lugbe Abuja,2026-06-01 11:37:20
Newly Built 4 Bedroom Duplex,"₦ 7,000,000/year",Jedo Area Lugbe Abuja,2026-06-01 11:37:20
Tastefully Finished 1 Bedroom Apartment,"₦ 1,500,000",Pyakasa Lugbe Lugbe Abuja,2026-06-01 11:37:20
3 Bedroom Terrace Duplex,"₦ 3,200,000/year",Nut Axis Lugbe Abuja,2026-06-01 11:37:20
Standard 5 Bedroom Duplex With 1 Bedroom Bq,"₦ 8,500,000/year",Von Garden Estate Lugbe Abuja,2026-06-01 11:37:20
Well Finished 4 Bedroom Duplex,"₦ 7,000,000/year",Aso Lugbe Lugbe Abuja,2026-06-01 11:37:20
Luxury 3 Bedroom Duplex,"₦ 4,000,000",Fortress Estate Lugbe Abuja,2026-06-01 11:37:20
New 4 Bedroom Terrace Duplex,"₦ 350,000,000",Ikate Lekki Lagos,2026-06-01 11:37:20
Sharp 2 Bedroom Block Of Flats,"₦ 2,500,000/year",Along Von Garden Estate Road Lugbe Abuja,2026-06-01 11:37:20
Luxury 4 Bedroom Duplex With 2 Parlors & A Bq,"₦ 10,000,000",River Park Estate Airport Road Lugbe Lugbe Abuja,2026-06-01 11:37:20
Newly Built 2 Bedroom Block Of Flats,"₦ 3,500,000/year","Along Von Garden Estate Road, Lugbe Abuja",2026-06-01 11:37:20
4 Bedroom Semi Detached Duplex (no Bq),"₦ 9,000,000",River Park Estate Lugbe Abuja,2026-06-01 11:37:20
Sharp And Spacious 2 Bedroom Block Of Flats,"₦ 3,500,000",Jedo Estate Road Lugbe Abuja,2026-06-01 11:37:20
Newly Built 2 Bedroom Terrace Duplex,"₦ 4,500,000/year",Aso Estate Lugbe Abuja,2026-06-01 11:37:20
Standard 2 Bedroom Apartment,"₦ 3,000,000/year",Along Von Garden Estate Road Lugbe Abuja,2026-06-01 11:37:20
Luxury 3 Bedroom Apartment,"₦ 4,500,000/year",Aso Estate Lugbe Lugbe Abuja,2026-06-01 11:37:20
Sharp 2 Bedroom Bungalow,"₦ 2,800,000/year",Pyakasa Lugbe Lugbe Abuja,2026-06-01 11:37:20
Sharp 2 Bedroom Apartment,"₦ 3,000,000",Lugbe Airport Road Lugbe Abuja,2026-06-01 11:37:20
4 Bedroom Semi Detached Duplex With Bq,"₦ 15,000,000/year",Area 1 Durumi Hd Home Durumi Abuja,2026-06-01 11:37:20
Newly Built Furnished&serviced 2&3 Bed Block Of Flat,"$ 45,000",Maitama By Fruit Market Maitama Abuja,2026-06-01 11:37:34
3 Bedroom Bungalow,"₦ 3,000,000/year",Yellow Mosque Mango Tree Arab Road Fo1 Layout Kubwa Abuja,2026-06-01 11:37:34
Room And Palour Self Contained Gongola Garki Abj,"₦ 1,500,000/year",Area 1 Garki 1 Abuja,2026-06-01 11:37:34
A Room Office Space At Gwarinpa Abuja,"₦ 1,500,000",Amaxcare Health Spa Besides Drugmart And Greens Pharmacy Close To Ic World Gwarinpa Staley Abuja Gwarinpa Abuja,2026-06-01 11:37:34
Office Space On 3rd Floor Area 11 Garki Abuja,"₦ 400,000,000/year",Area 11 Garki Mateco Abuja Area 11 Garki 1 Abuja,2026-06-01 11:37:34
"Very Big Self Contained For Rent,for 600k","₦ 600,000/year",Street Area 1 Garki 1 Abuja,2026-06-01 11:37:34
4 Bedroom Semi Detached Duplex,"₦ 25,000,000/year",Wuse 2 Abuja,2026-06-01 11:37:34
Office Space,"₦ 5,000,000/year",Wuse 2 Abuja,2026-06-01 11:37:34
35sqm Office Space In Gudu,"₦ 2,400,000",Gudu Gude Apo Abuja,2026-06-01 11:37:34
Newly Built Office Space Measuring 130sqm On 1st Floor,"₦ 13,000,000/year",Mabushi Abuja,2026-06-01 11:37:34
Newly Built Four Bedroom Semi Detached House With Bq,"₦ 40,000,000/year",Ayo Jagun Lekki 1 Lekki Phase 1 Lekki Lagos,2026-06-01 11:37:34
4 Bedroom Terraced Duplex With Bq,"₦ 25,000,000/year",Wuse 2 Abuja,2026-06-01 11:37:34
3 Bedroom Semi Detached Bungalow,"₦ 6,000,000/year",Galadimawa Abuja,2026-06-01 11:37:34
4 Bedroom Terrace Duplex With Bq,"₦ 17,000,000/year",Guzape Abuja,2026-06-01 11:37:34
A Multipurpose Property Ideal For Office Or Guest House,"₦ 80,000,000/year",Wuse 2 Abuja,2026-06-01 11:37:34
2 Bedroom Apartment,"$ 65,000/year",Asokoro Abuja,2026-06-01 11:37:34
A 2000sqm Commercial Land,"₦ 35,000,000/year",Jabi Abuja,2026-06-01 11:37:34
Furnished 3 Bedroom Terrace Duplex With A Bq,"₦ 15,000,000/year",Jabi Abuja,2026-06-01 11:37:34
Serviced 2 Bedroom Apartment,"$ 37,000/year",Jabi Abuja,2026-06-01 11:37:34
Newly Built 2units Of 3bedroom Terrace With Bq,"₦ 10,000,000/year",Apo Abuja,2026-06-01 11:37:34
Luxury 2 Bedroom Apartment,"$ 16,000/year",Jabi Abuja,2026-06-01 11:37:34
5 Bedroom Detached Duplex With 1 Bq,"₦ 15,000,000/year",Guzape Abuja,2026-06-01 11:37:34
Beautifully Furnished 4 Bedroom Duplex,"₦ 30,000,000",Guzape Abuja,2026-06-01 11:37:48
2 Bedroom Flat,"₦ 4,500,000/year",F01 Tarred Road Fo1 Layout Kubwa Abuja,2026-06-01 11:37:48
2 Bedroom Flat,"₦ 4,000,000/year",By Aso Road Katampe Main Abuja,2026-06-01 11:37:48
Newly Built 2 Bedroom Flat,"₦ 3,500,000/year",F01 By Dunamis Church Dutse Kubwa Abuja,2026-06-01 11:37:48
2 Bedroom Flat,"₦ 2,700,000/year",F14 District Kubwa Abuja,2026-06-01 11:37:48
Self Contain ( Wardrobes And Water Heater),"₦ 2,200,000/year",Pension Board F01 Fo1 Layout Kubwa Abuja,2026-06-01 11:37:48
Two Bedroom Flat,"₦ 3,500,000/year",F01 Tarred Road Fo1 Layout Kubwa Abuja,2026-06-01 11:37:48
3 Bedroom Bungalow,"₦ 3,000,000/year",Fcda Kubwa Abuja,2026-06-01 11:37:48
Newly Built 2 Bedroom Terrace Duplex,"₦ 4,500,000/year",F14 District Close To Dantata Estate Kubwa Abuja,2026-06-01 11:37:48
3 Bedroom Bungalow,"₦ 3,000,000/year","Phase 2 Site 2, Foreign Affairs Quarters Kubwa Abuja",2026-06-01 11:37:48
Newly Built 4 Bedroom Detached Triplex With Bq/ac,"₦ 250,000,000","Kolapo Ishola Gra, Akobo Ibadan Oyo",2026-06-01 11:37:48
2 Bedroom Flat,"₦ 5,000,000/year","Lifecamp, Estate Life Camp Abuja",2026-06-01 11:37:48
Newly Built 2 Bedroom Flat,"₦ 3,500,000/year",F01 By Military Pension Board Kubwa Abuja,2026-06-01 11:37:48
Room Self Contain,"₦ 1,500,000/year",F14 District Kubwa Abuja,2026-06-01 11:37:48
Newly Built 2 Bedroom Flat,"₦ 4,000,000/year",F01 Fo1 Layout Kubwa Abuja,2026-06-01 11:37:48
3 Bedroom Flat,"₦ 3,500,000/year",Phase 4 Kubwa Abuja,2026-06-01 11:37:48
Two Bedroom Flat,"₦ 4,000,000/year",F01 Tarred Road Fo1 Layout Kubwa Abuja,2026-06-01 11:37:48
Newly Built 4 Bedroom Terraced Duplex With Bq,"₦ 8,000,000/year",By Nizamiye Hospital Idu Abuja,2026-06-01 11:37:48
2 Bedroom Flat,"₦ 5,000,000/year",Estate Life Camp Abuja,2026-06-01 11:37:48
Newly Built 2 Bedroom Flat,"₦ 3,500,000/year","Phase 4, District Centre/ Dunamis Estate Kubwa Abuja",2026-06-01 11:37:48
Two Bedroom Flat,"₦ 3,000,000/year",F14 District Layout Kubwa Abuja,2026-06-01 11:37:48
Newly Built 2 Bedroom Terrace Duplex,"₦ 4,500,000/year","Phase 4, F14 District Kubwa Abuja",2026-06-01 11:37:48
Newly Built Furnished&serviced 2&3 Bed Block Of Flat,"$ 45,000",Maitama By Fruit Market Maitama Abuja,2026-06-01 11:38:00
Serviced 2 Bedroom Flat,"₦ 10,000,000/year",Asokoro Abuja,2026-06-01 11:38:00
4 Bedroom Semi Detached Duplex,"₦ 25,000,000/year",Life Camp Abuja,2026-06-01 11:38:00
4 Bedroom & 1bq Terrace For Rent At Jahi Gilmore,"₦ 18,000,000/year",Jahi Abuja,2026-06-01 11:38:00
4 Bedroom &1bq Terrace Duplex,"₦ 15,000,000/year",Guzape Abuja,2026-06-01 11:38:00
4 Bedroom Detached Duplex,"₦ 18,500,000/year",Maitama Abuja,2026-06-01 11:38:00
4 Bedroom Terrace Duplex With Bq,"₦ 18,000,000/year",Guzape Abuja,2026-06-01 11:38:00
40sqm Of Space,"₦ 15,000,000/year",Wuse 2 Abuja,2026-06-01 11:38:00
4 Bedroom Terrace Duplex,"₦ 19,000,000/year",Guzape Abuja,2026-06-01 11:38:00
Office/shop,"₦ 215,000/sqm",Gana Street Maitama Abuja,2026-06-01 11:38:00
5 Bedroom Detached Duplex,"₦ 1,500,000,000",Chevron Lekki Lagos,2026-06-01 11:38:00
35sqm Office Space,"₦ 220,000/sqm",Gana Street Maitama Abuja,2026-06-01 11:38:00
Premium 4 Bedroom Serviced Apartment,"₦ 3,000,000/month","Apo Legislative Quarters Zone E , 1 Abba Kyari Close, Zone B Apo Abuja",2026-06-01 11:38:00
Premium 4 Bedroom Serviced Apartment,"₦ 3,300,000/month","Apo Legislative Quarters Zone E , 1 Abba Kyari Close, Zone B Apo Abuja",2026-06-01 11:38:00
Furnished 1 Bedroom Apartment,"₦ 1,700,000/month",Zone B Apo Abuja,2026-06-01 11:38:00
Furnished 1 Bedroom Apartment,"₦ 1,950,000/month",Legislative Quarters Zone B Apo Abuja,2026-06-01 11:38:00
Modern And Spacious Workspace,₦ 250/sqm,"Plot 473 Constitution Ave, Central Business District Abuja",2026-06-01 11:38:00
Newly Built 3bedroom Apartment,"₦ 7,000,000/year",River Park Estate Lugbe Abuja,2026-06-01 11:38:00
4 Bedroom Terrace Duplex,"₦ 10,000,000/year",Jahi Abuja,2026-06-01 11:38:00
4 Bedroom Terraced Duplex,"₦ 25,000,000/year",Asokoro Abuja,2026-06-01 11:38:00
4 Bedroom Terraced Duplex,"₦ 18,000,000/year",Jahi Abuja,2026-06-01 11:38:00
4bedroom Terrace Duplex With Bq,"₦ 15,000,000/year",Mabushi Abuja,2026-06-01 11:38:00
Beautifully Furnished 4 Bedroom Duplex,"₦ 30,000,000",Guzape Abuja,2026-06-01 11:38:11
4bedroom Terrace Duplex,"₦ 15,000,000/year",Guzape Abuja,2026-06-01 11:38:11
4 Bedroom Terrace Duplex,"₦ 18,000,000/year",Guzape Abuja,2026-06-01 11:38:11
4 Bedroom Terrace Duplex,"₦ 15,000,000/year",Jahi Abuja,2026-06-01 11:38:11
4 Bedroom Detached Duplex,"₦ 20,000,000/year","Gilmore, Jahi Abuja",2026-06-01 11:38:11
4bedroom Terrace Duplex,"₦ 9,000,000",Gwarinpa Abuja,2026-06-01 11:38:11
4 Bedroom Terrace Duplex,"₦ 16,500,000/year",Katampe Extension Katampe Abuja,2026-06-01 11:38:11
4 Bedroom Terrace Duplex,"₦ 25,000,000/year",Katampe Extension Katampe Abuja,2026-06-01 11:38:11
4 Bedroom Terrace Duplex,"₦ 15,000,000/year",Katampe Extension Katampe Abuja,2026-06-01 11:38:11
4 Bedroom Terrace Duplex,"₦ 20,000,000/year",Katampe Extension Katampe Abuja,2026-06-01 11:38:11
3 Bedroom Apartment,"₦ 1,215,000,000",Banana Island Ikoyi Lagos,2026-06-01 11:38:11
4 Bedroom Terrace Duplex With Bq,"₦ 15,000,000/year",Katampe Extension Katampe Abuja,2026-06-01 11:38:11
4 Bedroom Terrace Duplex,"₦ 16,500,000/year",Katampe Extension Katampe Abuja,2026-06-01 11:38:11
4 Bedroom Terrace Duplex,"₦ 16,500,000/year",Katampe Extension Katampe Abuja,2026-06-01 11:38:11
Very Furnish Service Office Space,"₦ 10,100,000/year",Central Business District Abuja,2026-06-01 11:38:11
5bedroom Terrace Duplex With Bq,"₦ 22,000,000/year",Jahi Gilmore Abuja Jahi Abuja,2026-06-01 11:38:11
4 Bedroom Semi Detached Duplex,"₦ 10,000,000/year","River Park Estate Airport Road, Lugbe Abuja",2026-06-01 11:38:11
4bedroom Terrace Duplex,"₦ 9,000,000/year",1st Avenue Gwarimpa By Dbb Plaza Gwarinpa Abuja,2026-06-01 11:38:11
4 Bedroom Terrace Duplex With Bq,"₦ 25,000,000/year",Maitama Abuja,2026-06-01 11:38:11
5bedroom Detached Duplex With Bq,"₦ 25,000,000/year",Mabushi Abuja,2026-06-01 11:38:11
4 Bedroom Terrace Duplex,"₦ 20,000,000/year",Katampe Extension Katampe Abuja,2026-06-01 11:38:11
4 Bedroom Semi Detached Duplex,"₦ 10,000,000/year","River Park Estate Airport Road, Lugbe Abuja",2026-06-01 11:38:11
Beautifully Furnished 4 Bedroom Duplex,"₦ 30,000,000",Guzape Abuja,2026-06-01 11:38:25
4 Bedroom Terraced Duplex,"₦ 18,000,000/year",Jahi Abuja,2026-06-01 11:38:25
4 Bedroom Terraced Duplex,"₦ 20,000,000/year",Asokoro Abuja,2026-06-01 11:38:25
4 Bedroom Terraced Duplex,"₦ 18,000,000/year",Jahi Abuja,2026-06-01 11:38:25
4 Bedroom Terrace Duplex,"₦ 20,000,000/year",Katampe Extension Katampe Abuja,2026-06-01 11:38:25
4 Bedroom Terraced Duplex,"₦ 20,000,000/year",Jahi Abuja,2026-06-01 11:38:25
4 Bedroom Terraced Duplex,"₦ 15,000,000/year",Guzape Abuja,2026-06-01 11:38:25
4bedroom Terrace Duplex With Bq,"₦ 15,000,000/year",Jahi Gilmore Jahi Abuja,2026-06-01 11:38:25
3bedroom Apartment,"₦ 6,000,000/year",Galadimawa Abuja,2026-06-01 11:38:25
Office Space At Central Business District,"₦ 7,000,000/year",By National Hospital Abuja Central Business District Abuja,2026-06-01 11:38:25
Unfurnished 2 Bedroom With Pool For Sale,"₦ 150,000,000",Ikate Lekki Lagos,2026-06-01 11:38:25
4bedroom Semi Detached Duplex,"₦ 10,000,000/year",River Park Estate Abuja Lugbe Abuja,2026-06-01 11:38:25
4 Bedroom Terrace Duplex With Bq,"₦ 15,000,000/year",Mabushi Abuja,2026-06-01 11:38:25
4 Bedroom Terraced Duplex,"₦ 25,000,000/year",Asokoro Abuja,2026-06-01 11:38:25
3bedroom Terrace Duplex With Bq,"₦ 10,000,000",Apo By Cedar Crest Hospital Apo Abuja,2026-06-01 11:38:25
5bedroom Detached Duplex With Bq,"₦ 20,000,000/year",Jahi Gilmore Abuja Jahi Abuja,2026-06-01 11:38:25
5 Bedroom Terrace Duplex With Bq,"₦ 20,000,000/year",Gilmore Jahi Abuja,2026-06-01 11:38:25
4 Bedroom Semi Detached Duplex,"₦ 10,000,000/year","River Park Estate Airport Road, Lugbe Abuja",2026-06-01 11:38:25
4 Bedroom Detached Duplex With Bq,"₦ 25,000,000/year",Wuye Abuja,2026-06-01 11:38:25
5bedroom Terrace Duplex With Bq,"₦ 25,000,000/year",Wuye Main Wuye Abuja,2026-06-01 11:38:25
4 Bedroom Terrace Duplex With Bq,"₦ 15,000,000/year",Mabushi Abuja,2026-06-01 11:38:25
4 Bedroom Detached Duplex With Bq,"₦ 25,000,000/year",Wuye Abuja,2026-06-01 11:38:25
Newly Built Furnished&serviced 2&3 Bed Block Of Flat,"$ 45,000",Maitama By Fruit Market Maitama Abuja,2026-06-01 11:38:34
4 Bedroom Terraced Duplex,"₦ 20,000,000/year",Asokoro Abuja,2026-06-01 11:38:34
4 Bedroom Terraced Duplex,"₦ 20,000,000/year",Asokoro Abuja,2026-06-01 11:38:34
3bedroom Apartment,"₦ 15,000,000/year",Jahi Abuja,2026-06-01 11:38:34
4 Bedroom Semi Detached Duplex,"₦ 10,000,000/year","River Park Estate Airport Road, Lugbe Abuja",2026-06-01 11:38:34
4 Bedroom Terrace Duplex,"₦ 16,500,000/year",Katampe Extension Katampe Abuja,2026-06-01 11:38:34
4 Bedroom Terrace Duplex,"₦ 20,000,000/year",Katampe Extension Katampe Abuja,2026-06-01 11:38:34
5bedroom Detached Duplex,"₦ 12,000,000/year",River Park Estate Abuja Lugbe Abuja,2026-06-01 11:38:34
4 Bedroom Terrace Duplex With Bq,"₦ 15,000,000/year",Mabushi Abuja,2026-06-01 11:38:34
4bedroom Terrace Duplex,"₦ 15,000,000/year",Guzape Abuja,2026-06-01 11:38:34
Newly Built 5 Bedroom Fully Detached House,"₦ 380,000,000","Megamound Lekky County, Lekki Phase 2 Lekki Lagos",2026-06-01 11:38:34
3bedroom Terrace Duplex With Bq,"₦ 15,000,000/year",Jahi Gilmore Jahi Abuja,2026-06-01 11:38:34
4 Bedroom Terrace Duplex,"₦ 15,000,000/year",Jahi Abuja,2026-06-01 11:38:34
4 Bedroom Terraced Duplex,"₦ 18,000,000/year",Jahi Abuja,2026-06-01 11:38:34
4 Bedroom Terrace Duplex With Bq,"₦ 15,000,000/year",Katampe Extension Katampe Abuja,2026-06-01 11:38:34
4 Bedroom Detached Duplex With Bq,"₦ 25,000,000/year",Wuye Abuja,2026-06-01 11:38:34
4 Bedroom Detached Duplex,"₦ 25,000,000/year",Wuye Abuja,2026-06-01 11:38:34
4 Bedroom Detached Duplex With Bq,"₦ 25,000,000/year",Wuye Abuja,2026-06-01 11:38:34
4 Bedroom Terraced Duplex,"₦ 25,000,000/year",Asokoro Abuja,2026-06-01 11:38:34
4 Bedroom Terrace Duplex With Bq,"₦ 15,000,000/year",Katampe Extension Katampe Abuja,2026-06-01 11:38:35
4 Bedroom Terrace Duplex,"₦ 15,000,000/year",Guzape Abuja,2026-06-01 11:38:35
4 Bedroom Terrace Duplex,"₦ 25,000,000/year",Katampe Extension Katampe Abuja,2026-06-01 11:38:35
Beautifully Furnished 4 Bedroom Duplex,"₦ 30,000,000",Guzape Abuja,2026-06-01 11:38:43
4 Bedroom Terrace Duplex,"₦ 25,000,000/year",Katampe Extension Katampe Abuja,2026-06-01 11:38:43
4 Bedroom Terraced Duplex,"₦ 15,000,000/year",Guzape Abuja,2026-06-01 11:38:43
4 Bedroom Terraced Duplex,"₦ 18,000,000/year",Jahi Abuja,2026-06-01 11:38:43
3bedroom Block Of Flat With Bq,"₦ 9,000,000/year",Jahi Gilmore Abuja Jahi Abuja,2026-06-01 11:38:43
4 Bedroom Terrace Duplex With Bq,"₦ 15,000,000/year",Mabushi Abuja,2026-06-01 11:38:43
4 Bedroom Terrace Duplex With Bq,"₦ 15,000,000/year",Mabushi Abuja,2026-06-01 11:38:43
4 Bedroom Terraced Duplex,"₦ 25,000,000/year",Asokoro Abuja,2026-06-01 11:38:43
4bedroom Terrace Duplex With Bq,"₦ 20,000,000/year",Mabushi Abuja,2026-06-01 11:38:43
4 Bedroom Terrace Duplex With Bq,"₦ 15,000,000/year",Mabushi Abuja,2026-06-01 11:38:43
Furnished & Serviced 3bed..,"₦ 650,000,000",Ikeja Gra Ikeja Lagos,2026-06-01 11:38:43
Office Space,"₦ 10,000,000/year",Central Business District Abuja,2026-06-01 11:38:43
4 Bedroom Furnished Terraced Duplex,"₦ 40,000,000/year",Guzape Abuja,2026-06-01 11:38:43
4 Bedroom Terrace Duplex,"₦ 20,000,000/year",Katampe Extension Katampe Abuja,2026-06-01 11:38:43
4 Bedroom Terraced Duplex,"₦ 25,000,000/year",Asokoro Abuja,2026-06-01 11:38:43
4 Bedroom Semi Detached Duplex,"₦ 10,000,000/year","River Park Estate Airport Road, Lugbe Abuja",2026-06-01 11:38:43
4 Bedroom Terraced Duplex,"₦ 18,000,000/year",Jahi Abuja,2026-06-01 11:38:43
4 Bedroom Terraced Duplex,"₦ 20,000,000/year",Asokoro Abuja,2026-06-01 11:38:43
4 Bedroom Terraced Duplex With Bq,"₦ 25,000,000/year",Katampe Extension Katampe Abuja,2026-06-01 11:38:43
4bedroom Terrace Duplex With Bq,"₦ 15,000,000/year",Jahi Gilmore Jahi Abuja,2026-06-01 11:38:43
4 Bedroom Detached Duplex With Bq,"₦ 25,000,000/year",Wuye Abuja,2026-06-01 11:38:43
4 Bedroom Terrace Duplex,"₦ 25,000,000/year",Katampe Extension Katampe Abuja,2026-06-01 11:38:43
Newly Built Furnished&serviced 2&3 Bed Block Of Flat,"$ 45,000",Maitama By Fruit Market Maitama Abuja,2026-06-01 11:38:52
4 Bedroom Terraced Duplex,"₦ 25,000,000/year",Asokoro Abuja,2026-06-01 11:38:52
4 Bedroom Terrace Duplex With Bq,"₦ 15,000,000/year",Katampe Extension Katampe Abuja,2026-06-01 11:38:52
4 Bedroom Terrace Duplex,"₦ 16,500,000/year",Katampe Extension Katampe Abuja,2026-06-01 11:38:52
4 Bedroom Terrace Duplex,"₦ 25,000,000/year",Katampe Extension Katampe Abuja,2026-06-01 11:38:52
4bedroom Terrace Duplex With Bq,"₦ 13,000,000/year",Jahi Gilmore Jahi Abuja,2026-06-01 11:38:52
3bedroom Apartment,"₦ 13,500,000/year",Jahi Gilmore Jahi Abuja,2026-06-01 11:38:52
4bedroom Terrace Duplex,"₦ 20,000,000/year",Guzape Abuja,2026-06-01 11:38:52
3bedroom Apartment With Bq,"₦ 15,000,000",Wuse 2 Abuja,2026-06-01 11:38:52
2bedroom Apartment With Bq,"₦ 8,000,000/year",Jahi Gilmore Abuja Jahi Abuja,2026-06-01 11:38:52
Mixed Used 600sqm Dry Land,"₦ 90,000,000",Sangotedo Ajah Lagos,2026-06-01 11:38:52
Office Space,"₦ 10,000,000/year",By National Hospital Abuja Central Business District Abuja,2026-06-01 11:38:52
Fully Furnished 3 Bedroom Apartment,"₦ 20,000,000/year",Katampe Extension Katampe Abuja,2026-06-01 11:38:52
4 Bedroom Terraced Duplex,"₦ 20,000,000/year",Asokoro Abuja,2026-06-01 11:38:52
Classy 2 Bedroom Flat,"₦ 18,000,000/year",Babatope Jahi Abuja,2026-06-01 11:38:52
Fully Serviced 2 Bedroom Flat/ Swimming Pool,"₦ 14,000,000",Asokoro Main Asokoro Abuja,2026-06-01 11:38:52
Fully Serviced 4 Bedroom Terrace Duplex /1room Bq,"₦ 23,000,000",Katampe Extension. Katampe Extension Katampe Abuja,2026-06-01 11:38:52
Newly Built Furnished 4 Bedroom Terraced Duplex,"₦ 4,000,000/month","Godab Estate, Life Camp Abuja",2026-06-01 11:38:52
Newly Built 1 Bedroom Flat | Jahi Gilmore,"₦ 6,500,000",Jahi Gilmore Jahi Abuja,2026-06-01 11:38:52
Luxury 4 Bedroom Semi Detached Duplex With Bq,"₦ 25,000,000/year",Kado Abuja,2026-06-01 11:38:52
Newly Built 4 Bedroom Terrace Duplex,"₦ 14,000,000/year",Jahi Abuja,2026-06-01 11:38:52
4 Bedroom Terrace Duplex With Bq,"₦ 15,000,000/year",Gilmore Jahi Abuja,2026-06-01 11:38:52
Beautifully Furnished 4 Bedroom Duplex,"₦ 30,000,000",Guzape Abuja,2026-06-01 11:39:01
Newly Built 4 Bedroom Terrace Duplex,"₦ 12,000,000/year",Katampe Main Katampe Main Abuja,2026-06-01 11:39:01
4 Bedroom Terrace Duplex + Bq | Mabushi,"₦ 17,000,000/year",Mabushi Mabushi Abuja,2026-06-01 11:39:01
Neatly Built 3 Bedroom Flat + Bq | Jahi,"₦ 8,000,000",Jahi Jahi Abuja,2026-06-01 11:39:01
Newly Built 4 Bedroom Terrace Duplex | Dawaki,"₦ 7,500,000/year",Dawaki Dawaki Abuja,2026-06-01 11:39:01
Spacious 4 Bedroom Terrace Duplex + Bq | Katampe Ext,"₦ 15,000,000",Katampe Ext Katampe Extension Katampe Abuja,2026-06-01 11:39:01
Neatly Built 2 Bedroom Flat | Katampe Main,"₦ 85,000,000",Katampe Main Katampe Main Abuja,2026-06-01 11:39:01
Newly Built 3 Bedroom Flat | Kado,"₦ 12,000,000",Jahi Jahi Abuja,2026-06-01 11:39:01
Neatly Built Standalone 5 Bedroom Duplex + Bq | Guzape,"₦ 30,000,000/year",Guzape Guzape Abuja,2026-06-01 11:39:01
Neatly Built 4 Bedroom Terrace Duplex + Bq | Guzape,"₦ 13,000,000/year",Guzape Guzape Abuja,2026-06-01 11:39:01
6 Bedroom Waterfront Detached Home,"₦ 8,000,000,000",Banana Island Ikoyi Lagos,2026-06-01 11:39:01
Spacious 3 Bedroom Terrace + Bq | Guzape,"₦ 15,000,000/year",Guzape Guzape Abuja,2026-06-01 11:39:01
Neatly Built 2 Bedroom Flat | Katampe Extension,"₦ 7,000,000/year",Katampe Extension Katampe Extension Katampe Abuja,2026-06-01 11:39:01
4 Bedroom Terraced Duplex With Bq,"₦ 10,000,000/year",Katampe Main Abuja,2026-06-01 11:39:01
Newly Built 4 Bedroom Terraced Duplex With Bq,"₦ 12,000,000/year",Mabushi Abuja,2026-06-01 11:39:01
Newly Built 3 Bedroom Flat | Katampe Ext,"₦ 7,000,000/year",River Park Lugbe Abuja,2026-06-01 11:39:01
Neatly Built 1 Bedroom Flat | Katampe Main,"₦ 5,000,000/year",Katampe Main Katampe Main Abuja,2026-06-01 11:39:01
4 Bedroom Semi Detached Duplex,"₦ 18,000,000/year",Gilmore Jahi Abuja,2026-06-01 11:39:01
Newly Built 4 Bedroom Terrace Duplex + Bq | Jahi,"₦ 16,000,000/year",Jahi Gilmore Jahi Abuja,2026-06-01 11:39:01
Newly Built,"₦ 9,000,000/year",Jahi Jahi Abuja,2026-06-01 11:39:01
2 Floors Office Complex,"₦ 250,000,000/year",Central Area Central Business District Abuja,2026-06-01 11:39:01
* Experience Elegant Living At Its Finest,"₦ 40,000,000",Maitama Maitama Abuja,2026-06-01 11:39:01
Beautifully Furnished 4 Bedroom Duplex,"₦ 30,000,000",Guzape Abuja,2026-06-01 11:39:10
5 Bedroom Flat,"₦ 15,000,000/year",Lugbe Abuja,2026-06-01 11:39:10
4 Bedroom Flat,"₦ 15,000,000/year",Guzape Abuja,2026-06-01 11:39:10
Furnished 4 Bedroom Semi Detached Duplex,"₦ 80,000,000/year",Asokoro Abuja,2026-06-01 11:39:10
Newly Built 4bedroom Terrace Duplex With Bq,"₦ 15,000,000",Guzape Abuja,2026-06-01 11:39:10
64sqm Official Complex Space,"₦ 4,300,000/year",Jabi Abuja,2026-06-01 11:39:10
Clean 3 Bedroom Terrace Duplex With 1room Bq,"₦ 25,000,000/year",Off Ademola Adetokunbo. Crescent Wuse 2 Abuja,2026-06-01 11:39:10
Massive 4 Bedroom Terraced Duplex With Bq,"₦ 25,000,000/year",Katampe Extension Katampe Abuja,2026-06-01 11:39:10
Luxury 4 Bedroom Semi Detached Duplex With Bq,"₦ 25,000,000/year",Katampe Extension Katampe Abuja,2026-06-01 11:39:10
Newly Built 4 Bedroom Terrace Duplex With Bq,"₦ 15,000,000/year",Mabushi Abuja,2026-06-01 11:39:10
5 Bedroom Terrace Duplex With Bq,"₦ 1,400,000,000",Parkview Estate Ikoyi Lagos,2026-06-01 11:39:10
Newly Built 4 Bedroom Terrace Duplex + Bq,"₦ 15,000,000/year",Jahi Abuja,2026-06-01 11:39:10
Neatly Built 4 Bedroom Terraced Duplex With Bq,"₦ 13,000,000/year",Guzape Abuja,2026-06-01 11:39:10
Neatly Built 4 Bedroom Terraced Duplex With Bq,"₦ 15,000,000/year","Jahi Gilmore, Jahi Abuja",2026-06-01 11:39:10
Newly Built 4 Bedroom Terrace Duplex,"₦ 15,000,000/year",Life Camp Life Camp Abuja,2026-06-01 11:39:10
4 Bedroom Terraced Duplex With Bq,"₦ 15,000,000/year",Katampe Extension Katampe Abuja,2026-06-01 11:39:10
30sqm Office Space In Wuse 2,"₦ 2,500,000/year",Wuse 2 Abuja,2026-06-01 11:39:10
Brand New 5bedroom Detached Duplex/3roombq For Rent,"₦ 120,000,000/year",Guzape Main After Urban Shelter Estate Guzape Abuja,2026-06-01 11:39:10
Ground Floor 25sqm Office Space In Gudu,"₦ 2,000,000",Gudu Apo Abuja,2026-06-01 11:39:10
Brand New 5bedroom Detached Duplex/ Bq,"₦ 40,000,000/year",After Coza Church Guzape Abuja,2026-06-01 11:39:10
Luxury Fully Serviced 3 Bedroom Duplex,"₦ 15,000,000/year",Jabi Main Jabi Abuja,2026-06-01 11:39:10
Standard 3 Bedroom Flat With Bq,"₦ 12,000,000/year",Utako Main Utako Abuja,2026-06-01 11:39:10
Beautifully Furnished 4 Bedroom Duplex,"₦ 30,000,000",Guzape Abuja,2026-06-01 11:39:19
Self Contain,"₦ 2,000,000/year",69 Road Gwarinpa Abuja,2026-06-01 11:39:19
6 Bedroom Fully Detached Duplex For Rent At A,"₦ 40,000,000/year",Guzape Abuja,2026-06-01 11:39:19
3 Bedroom Detached Bungalow Without Bq,"₦ 5,000,000",Lokogoma Abuja,2026-06-01 11:39:19
Fully Furnished 3 Bedrooms Terrace,"₦ 18,000,000",Naf Valley Estate Asokoro Abuja Asokoro Abuja,2026-06-01 11:39:19
4 Bedroom Terrace With Bq,"₦ 12,000,000",Jahi Abuja,2026-06-01 11:39:19
Luxurious 3units Of 5bedroom Semi Detached,"₦ 30,000,000",Close To Nnpc Guzape Abuja,2026-06-01 11:39:19
3 Bedroom With Bq,"₦ 11,000,000",Katampe Main Katampe Main Abuja,2026-06-01 11:39:19
Ground Floor Shop Space For Rent,"₦ 4,000,000/year",4th Avenue Gwarinpa Abuja,2026-06-01 11:39:19
Prime 150 Sqm Commercial Space,"₦ 10,000,000/year",In One Of The Avenues In Gwarinpa Dawaki Gwarinpa Abuja,2026-06-01 11:39:19
4bed,"₦ 8,000,000/year",Orchid Lekki Lagos,2026-06-01 11:39:19
Luxury 4 Bedroom Terrace Duplex With Bq,"₦ 20,000,000/year",Not Far From Road Safety Office Mabushi Abuja,2026-06-01 11:39:19
Sweet 4 Bedroom Semi Detached Duplex,"₦ 40,000,000/year",In The Heart Of Maitama Maitama Abuja,2026-06-01 11:39:19
Pleasant 5 Bedroom Terrace Duplex,"₦ 40,000,000/year",Heart Of Wuse 2 Wuse 2 Abuja,2026-06-01 11:39:19
Beautiful Self Contained,"₦ 2,000,000",Mabushi Mabushi Abuja,2026-06-01 11:39:19
New 4 Bedrooms Duplex With Swimming Pool,"₦ 100,000,000",Asokoro Asokoro Abuja,2026-06-01 11:39:19
4bedroom Semi Detached Duplex With Attached Bq,"₦ 12,000,000",Life Camp In An Estate Life Camp Abuja,2026-06-01 11:39:19
1 Bedroom Flat,"₦ 3,500,000",Garki 2 Garki 2 Abuja,2026-06-01 11:39:19
Spacious Self Contained,"₦ 1,500,000",Around 3rd Avenue Gwarinpa Abuja,2026-06-01 11:39:19
Spacious 3 Bedrooms Flat Ensuite,"₦ 8,000,000",Jabi Main Tarred Road Jabi Abuja,2026-06-01 11:39:19
Newly Built 2 Bedroom Block Of Flats,"₦ 3,000,000/year",Fha Lugbe Lugbe Abuja,2026-06-01 11:39:19
Tastefully Finished 5 Bedroom Duplex,"₦ 6,500,000/year",Along Von Garden Estate Road Lugbe Abuja,2026-06-01 11:39:19
Newly Built Furnished&serviced 2&3 Bed Block Of Flat,"$ 45,000",Maitama By Fruit Market Maitama Abuja,2026-06-01 11:39:27
Newly Built And Very Spacious 3 Bedroom Bungalow,"₦ 3,500,000/year",Fha Lugbe Lugbe Abuja,2026-06-01 11:39:27
Sharp 3 Bedroom Bungalow,"₦ 3,500,000/year",Federal Housing Authority Fha Lugbe Lugbe Abuja,2026-06-01 11:39:27
Studio Self Contain,"₦ 2,500,000/year",Wuye Wuye Abuja,2026-06-01 11:39:27
4 Unit 4 Bedroom Duplex With Bq,"₦ 12,500,000/year",Kaura (games Village) Abuja,2026-06-01 11:39:27
Furnished 5 Bedroom Duplex,"₦ 60,000,000/year",Maitama Abuja,2026-06-01 11:39:27
Vacant 4 Bedroom Terrace Duplex With 1 Room,"₦ 15,000,000",Guzape Abuja,2026-06-01 11:39:27
3 Bedroom Apartment & Ba For Rent At Maitama,"₦ 17,000,000/year",Maitama Abuja,2026-06-01 11:39:27
5 Bedroom Semi Detached Duplex+bq,"₦ 50,000,000/year",Maitama Maitama Abuja,2026-06-01 11:39:27
6 Units Of Beautiful 3 Bedroom Flats,"₦ 60,000,000/year",Garki2 Garki 2 Abuja,2026-06-01 11:39:27
Luxury 5 Bedroom Fully Detached Duplex With Bq,"₦ 260,000,000",Thomas Estate Ajah Lagos,2026-06-01 11:39:27
Standard 1 Bedroom Flat,"₦ 6,000,000/year",Naf Valley Estate Asokoro Asokoro Abuja,2026-06-01 11:39:27
Spacious 3 Bedroom Flat,"₦ 13,000,000/year",Area 11 Garki 2 Abuja,2026-06-01 11:39:27
Standard Self Contain,"₦ 1,500,000/year",Gwarinpa Abuja,2026-06-01 11:39:27
Self Contain Room,"₦ 1,500,000/year","Mabushi, Abuja Mabushi Abuja",2026-06-01 11:39:27
One Bedroom Flat ( Residential / Office ),"₦ 4,000,000/year","Wuye, Abuja Wuye Abuja",2026-06-01 11:39:27
Decent 2bedroom Flat,"₦ 4,000,000/year","Durumi By America International School, Durumi, Abuja Durumi Abuja",2026-06-01 11:39:27
A Furbished Studio Self Contain.,"₦ 2,500,000/year","Wuye, Abuja Wuye Abuja",2026-06-01 11:39:27
One Bedroom Flat Bungalow,"₦ 1,500,000/year","Lugbe Federal Housing, Lugbe, Abuja Lugbe Abuja",2026-06-01 11:39:27
3bedroom Flat,"₦ 7,000,000/year","Katampe Extension, Abuja Katampe Abuja",2026-06-01 11:39:27
4 Bedroom Fully Detached Duplex With Bq,"₦ 9,000,000/year",Galadimawa Abuja,2026-06-01 11:39:27
4 Bedroom Terrace Duplex With Bq,"₦ 12,000,000/year",Durumi Abuja,2026-06-01 11:39:27
Beautifully Furnished 4 Bedroom Duplex,"₦ 30,000,000",Guzape Abuja,2026-06-01 11:39:37
4 Bedroom Terrace Duplex With Bq,"₦ 12,000,000/year",Durumi Abuja,2026-06-01 11:39:37
Newly Built 4 Bedroom Duplex With Bq,"₦ 12,000,000/year","4th Avenue, Gwarinpa, Abuja Gwarinpa Abuja",2026-06-01 11:39:37
Furnished 4 Bedroom Duplex,"₦ 25,000,000/year","Life Camp By Stella Maris School, Life Camp Abuja",2026-06-01 11:39:37
Furnished 4 Bedroom Terraced Duplex With A Bq,"₦ 25,000,000/year","Life Camp By Stella Maris School, Life Camp Abuja",2026-06-01 11:39:37
Newly Built 4 Bedroom Duplex,"₦ 25,000,000/year",Maitama Abuja,2026-06-01 11:39:37
4 Bedroom Duplex With Bq,"₦ 8,500,000/year","Life Camp By Godab, Life Camp, Abuja Life Camp Abuja",2026-06-01 11:39:37
4 Bedroom Semi Detached Duplex,"₦ 8,000,000/year","By Copa Cabana, Apo Lokogoma Express, Apo Abuja",2026-06-01 11:39:37
Newly Built 4 Bedroom Duplex,"₦ 7,000,000/year",Brains And Harmer City Estate Life Camp Abuja,2026-06-01 11:39:37
Decent 3 Bedroom Flat,"₦ 6,500,000/year",Jahi Abuja,2026-06-01 11:39:37
5 Bedroom Duplex,"₦ 200,000,000","Airforce Est, Bashorun Housing Estate Akobo Ibadan Oyo",2026-06-01 11:39:37
New Massive 4 Bedroom Penthouse With Seat Out,"₦ 12,000,000/year","Mabushi Close To Wuse2 By Banex, Mabushi Abuja",2026-06-01 11:39:37
4 Bedroom Duplex With Bq,"₦ 10,000,000/year","Jabi Airport Road, Jabi, Abuja Jabi Abuja",2026-06-01 11:39:37
Newly Built 4 Bedroom Terrace Duplex With Bq,"₦ 15,000,000/year",Guzape Abuja,2026-06-01 11:39:37
4 Bedroom Duplex,"₦ 6,000,000/year",Galadimawa Abuja,2026-06-01 11:39:37
Big 4 Bedroom Terraced Duplex With Bq,"₦ 12,000,000/year",Durumi Abuja,2026-06-01 11:39:37
4 Bedroom Detached Duplex With Bq,"₦ 7,000,000/year",Apo Abuja,2026-06-01 11:39:37
2 Bedroom Flat,"₦ 4,500,000/year","News Engineering, Dawaki Abuja",2026-06-01 11:39:37
4 Bedroom Duplex With Bq,"₦ 14,000,000/year","Apo Legislative Quarters, Apo Abuja",2026-06-01 11:39:37
4 Bedroom Duplex With Bq,"₦ 5,000,000/year","Brains And Harmer City Estate, Life Camp, Abuja Life Camp Abuja",2026-06-01 11:39:37
4 Bedroom Semi Detached Duplex,"₦ 15,000,000/year","Jabi Main, Jabi Abuja",2026-06-01 11:39:37
4 Bedroom Duplex,"₦ 25,000,000/year","Wuse Zone, Wuse, Abuja Wuse 1 Abuja",2026-06-01 11:39:37
Newly Built Furnished&serviced 2&3 Bed Block Of Flat,"$ 45,000",Maitama By Fruit Market Maitama Abuja,2026-06-01 11:39:47
Furnished 2 Bedroom Flat,"₦ 8,000,000/year","Life Camp By Stella Maris School, Life Camp Abuja",2026-06-01 11:39:47
4 Bedroom Duplex,"₦ 9,000,000/year","Jabi Airport Road, Jabi, Abuja Jabi Abuja",2026-06-01 11:39:47
3 Bedroom Penthouse,"₦ 6,000,000/year",Galadimawa Abuja,2026-06-01 11:39:47
4 Bedroom Duplex,"₦ 5,000,000/year","By Lokogoma Express, Lokogoma Abuja",2026-06-01 11:39:47
4 Bedroom Terrace Duplex With Bq,"₦ 12,000,000/year",Durumi Abuja,2026-06-01 11:39:47
Furnished 6 Units Of 3 Bedroom Flat,"₦ 48,000,000/year","Katampe By Maitama, Katampe Abuja",2026-06-01 11:39:47
4 Bedroom Duplex,"₦ 12,000,000/year","Durumi By America International School, Durumi, Abuja Durumi Abuja",2026-06-01 11:39:47
Newly Built 4 Bedroom Duplex With Bq,"₦ 13,000,000/year","Life Camp, Abuja Life Camp Abuja",2026-06-01 11:39:47
Office Complex,"₦ 250,000,000/year","Wuye, Abuja Wuye Abuja",2026-06-01 11:39:47
2 Bedroom Flats,"₦ 49,000,000","Off Co Perative Villa, Ajah Lagos Sangotedo Lagos",2026-06-01 11:39:47
4 Bedroom Duplex With Bq,"₦ 16,000,000/year","Wuye, Abuja Wuye Abuja",2026-06-01 11:39:47
Newly Built 4 Bedroom Duplex With A Bq,"₦ 15,000,000/year","Mabushi Close To Wuse2 By Banex, Mabushi Abuja",2026-06-01 11:39:47
4 Bedroom Duplex,"₦ 7,500,000/year",Kubwa Fo1 Kubwa Abuja,2026-06-01 11:39:47
Furnished 4 Bedroom Semi Detached Duplex,"₦ 25,000,000/year",Jabi Abuja,2026-06-01 11:39:47
Newly Built 4 Bedroom Terraced Duplex With Bq,"₦ 15,000,000/year","Mabushi By Banex Close To Wuse 2, Mabushi Abuja",2026-06-01 11:39:47
4 Bedroom Duplex,"₦ 15,000,000/year","Jabi Main, Jabi, Abuja Jabi Abuja",2026-06-01 11:39:47
Furnished 2 Bedroom Flat,"₦ 17,000,000/year",Wuse 2 Abuja,2026-06-01 11:39:47
2 Bedroom Flat,"₦ 2,500,000/year","By Apo Nepa, Apo, Abuja Apo Abuja",2026-06-01 11:39:47
3 Bedroom Flat,"₦ 6,000,000/year",Utako Abuja,2026-06-01 11:39:47
4 Bedroom Duplex,"₦ 5,500,000/year","Von Road, Airport Road, Lugbe Abuja",2026-06-01 11:39:47
3 Bedroom Duplex,"₦ 4,000,000/year",Karmo Abuja,2026-06-01 11:39:47
Beautifully Furnished 4 Bedroom Duplex,"₦ 30,000,000",Guzape Abuja,2026-06-01 11:39:57
Newly Built 4 Bedroom Duplex,"₦ 10,000,000/year","Life Camp, Abuja Life Camp Abuja",2026-06-01 11:39:57
4 Bedroom Duplex With Bq,"₦ 25,000,000/year","Wuye, Abuja Wuye Abuja",2026-06-01 11:39:57
4 Bedroom Duplex With Bq,"₦ 15,000,000/year",Guzape Abuja,2026-06-01 11:39:57
4 Bedroom Duplex,"₦ 12,000,000/year","Mabushi, Abuja Mabushi Abuja",2026-06-01 11:39:57
Newly Built 4 Bedroom Duplex With Bq,"₦ 12,000,000/year","4th Avenue, Gwarinpa, Abuja Gwarinpa Abuja",2026-06-01 11:39:57
4 Bedroom Terraced Duplex With Bq,"₦ 12,000,000/year",Durumi Abuja,2026-06-01 11:39:57
4 Bedroom Duplex,"₦ 12,000,000/year","Gilmore, Jahi Abuja",2026-06-01 11:39:57
4 Bedroom Duplex,"₦ 8,000,000/year","Life Camp, Abuja Life Camp Abuja",2026-06-01 11:39:57
3 Bedroom Terrace Duplex With Bq,"₦ 12,000,000/year",Utako Abuja,2026-06-01 11:39:57
800 Sqm Of Dry Land Available,"₦ 770,000/sqm",Lekki Foreshore Lekki 1 Lekki Phase 1 Lekki Lagos,2026-06-01 11:39:57
2 Bedroom Flat,"₦ 4,000,000/year",Garki Abuja Garki 2 Abuja,2026-06-01 11:39:57
Spacious Room In A Flat,"₦ 1,800,000/year","Life Camp, Abuja Life Camp Abuja",2026-06-01 11:39:57
Furnished 2 Bedroom Flat,"₦ 8,500,000/year","By Stella Maris School, Life Camp Abuja",2026-06-01 11:39:57
Newly Built 4 Bedroom Terraced Duplex With Bq,"₦ 15,000,000/year","Mabushi By Banex Close To Wuse 2, Mabushi Abuja",2026-06-01 11:39:57
4 Bedroom Duplex,"₦ 15,000,000/year","Wuye Main, Wuye, Abuja Wuye Abuja",2026-06-01 11:39:57
2 Bedroom Flat,"₦ 3,500,000/year",Lokogoma Abuja,2026-06-01 11:39:57
Newly Built 4 Bedroom Duplex With Bq,"₦ 17,000,000/year",Guzape Abuja Guzape Abuja,2026-06-01 11:39:57
1 Bedroom Apartment,"₦ 1,300,000/year",Around Marigold Hotel Lokogoma Abuja,2026-06-01 11:39:57
6 Bedroom Terrace Duplex,"₦ 25,000,000/year",Mabushi Abuja,2026-06-01 11:39:57
Shop,"₦ 2,000,000/year","Fo1, Kubwa Abuja",2026-06-01 11:39:57
4 Bedroom Terraced Duplex With Bq,"₦ 20,000,000/year",Wuye Abuja,2026-06-01 11:39:57
Newly Built Furnished&serviced 2&3 Bed Block Of Flat,"$ 45,000",Maitama By Fruit Market Maitama Abuja,2026-06-01 11:40:07
New 3bedroom Duplex To Let Near Chrisland Apo,"₦ 5,000,000",Apo Wumba Axis Apo Abuja,2026-06-01 11:40:07
4 Bedroom Duplex To Let Across Suncity Estate,"₦ 6,000,000/year","Opposite Suncity Estate, Kaura (games Village) Abuja",2026-06-01 11:40:07
4 Units Of 4 Bedroom Terraced Duplex With A Bq,"₦ 35,000,000",Wuse 2 Abuja,2026-06-01 11:40:07
4 Bedroom Flat,"₦ 20,000,000/year",Asokoro Abuja,2026-06-01 11:40:07
4 Bedroom Terrace Duplex,"₦ 15,000,000/year",Jahi Abuja,2026-06-01 11:40:07
4 Bedroom Semi Detached Duplex,"₦ 25,000,000/year",Wuse 2 Abuja,2026-06-01 11:40:07
Newly Built 3 Bedroom Apartment,"₦ 8,000,000/year",Katampe Main Abuja,2026-06-01 11:40:07
Newly Built 4 Bedroom Semi Detached Duplex,"₦ 6,000,000/year","Fo1, Kubwa Abuja",2026-06-01 11:40:07
4 Bedroom Semi Detached Duplex With Bq,"₦ 18,000,000/year","Gilmore, Jahi Abuja",2026-06-01 11:40:07
230 Sqm Open Space Office In Ikeja Gra,"₦ 40,000,000/year",Oduduwa Way Ikeja Gra Lagos Mainland Ikeja Gra Ikeja Lagos,2026-06-01 11:40:07
4 Bedroom Semi Detached Duplex,"₦ 5,000,000/year","F14 District, Kubwa Abuja",2026-06-01 11:40:07
Office / Shop Space,"₦ 5,000,000/year",Guzape Abuja,2026-06-01 11:40:07
Newly Built 4 Bedroom Terrace Duplex With Bq,"₦ 20,000,000/year",Wuye Abuja,2026-06-01 11:40:07
Office / Residential 6 Units Of 3 Bedroom Flat With Bq,"₦ 180,000,000/year",Wuse 2 Abuja,2026-06-01 11:40:07
3 Bedroom Bungalow With 1 Bedroom Bq,"₦ 9,500,000/year",Gwarinpa Abuja,2026-06-01 11:40:07
Office / Residential 4 Bedroom Detached Duplex With Bq,"₦ 10,000,000/year","Fo1, Kubwa Abuja",2026-06-01 11:40:07
Furnished 4 Bedroom Semi Detached Duplex,"₦ 15,000,000/year",Life Camp Abuja,2026-06-01 11:40:07
4 Bedroom Terraced Duplex,"₦ 12,000,000/year",Mabushi Abuja,2026-06-01 11:40:07
4 Bedroom Terraced Duplex,"₦ 75,000,000/year",Maitama Abuja,2026-06-01 11:40:07
Newly Built 4 Bedroom Duplex With Bq,"₦ 8,000,000/year",Life Camp Abuja,2026-06-01 11:40:07
4 Bedroom Terraced Duplex,"₦ 50,000,000/year",Maitama Abuja,2026-06-01 11:40:07
Newly Built Furnished&serviced 2&3 Bed Block Of Flat,"$ 45,000",Maitama By Fruit Market Maitama Abuja,2026-06-01 11:40:18
3 Bedroom Detached Bungalow,"₦ 5,500,000/year",Lokogoma Abuja,2026-06-01 11:40:18
4 Bedroom Terraced Duplex,"₦ 20,000,000/year",Durumi Abuja,2026-06-01 11:40:18
Serviced 3 Bedroom Apartment,"₦ 10,000,000/year",Jahi Abuja,2026-06-01 11:40:18
Newly Built 3 Bedroom Apartment In 6th Avenue.,"₦ 8,000,000/year",Gwarinpa Abuja,2026-06-01 11:40:18
Newly Built 5 Bedroom Terrace Duplex With Bq,"₦ 22,000,000/year",Gilmore Jahi Abuja,2026-06-01 11:40:18
Commercial Space For Rent,"₦ 4,500,000",Wuse 2 Abuja,2026-06-01 11:40:18
2 Bedroom For Rent,"₦ 3,500,000",Kubwa Abuja,2026-06-01 11:40:18
5 Bedroom Detached Duplex With Bq,"₦ 100,000,000/year",Maitama Abuja,2026-06-01 11:40:18
Newly Built 2 Bedroom Apartment,"₦ 3,000,000/year",F14 Kubwa Abuja,2026-06-01 11:40:18
Distress 6units Of 4 Bedroom Terrace Duplex With Bq,"₦ 2,200,000,000",Linder Chucker Crescent Close To Minister's House Asokoro Abuja,2026-06-01 11:40:18
5 Bedroom For Rent In Wuse,"₦ 25,000,000",Wuse 2 Abuja,2026-06-01 11:40:18
3 Bedroom Apartment With Bq,"$ 45,000",Mini Estate Wuse 2 Abuja,2026-06-01 11:40:18
2 Bedroom Apartment,"₦ 3,500,000/year",Fo1 Kubwa Abuja,2026-06-01 11:40:18
3 Bedroom Apartment,"₦ 6,000,000/year",Fo1 Kubwa Abuja,2026-06-01 11:40:18
4 Bedroom Terraced Duplex With Bq,"₦ 13,000,000/year",Jahi Abuja,2026-06-01 11:40:18
4 Bedroom Duplex To Let In River Park,"₦ 8,000,000/year",River Park Estate Lugbe Abuja,2026-06-01 11:40:18
4 Bedroom Terraced Duplex With Bq/1 Bedroom Flat,"₦ 15,000,000/year",Guzape Abuja,2026-06-01 11:40:18
4 Bedroom Semi Detached Duplex With Bq,"₦ 7,000,000/year","Fo1, Kubwa Abuja",2026-06-01 11:40:18
3 Bedroom Semi Detached Duplex,"₦ 6,500,000/year",Fo1 Kubwa Abuja,2026-06-01 11:40:18
Room Self Contain,"₦ 1,500,000/year",Gwarinpa Abuja,2026-06-01 11:40:18
Serviced 4 Bedroom Terrace Duplex With Bq,"₦ 15,000,000/year","Gilmore, Jahi Abuja",2026-06-01 11:40:18
Newly Built Furnished&serviced 2&3 Bed Block Of Flat,"$ 45,000",Maitama By Fruit Market Maitama Abuja,2026-06-01 11:40:37
6 Bedroom Detached Duplex,"₦ 50,000,000/year",Maitama Abuja,2026-06-01 11:40:37
250sqm Shop/office Space,"₦ 8,500,000/year",Kubwa Abuja,2026-06-01 11:40:37
Spacious 4 Bedroom Duplex,"₦ 13,000,000",Lokogoma/apo Axis Lokogoma Abuja,2026-06-01 11:40:37
Room Self Contained,"₦ 600,000/year",Lokogoma Abuja,2026-06-01 11:40:37
4 Bedroom Terraced Duplex,"₦ 35,000,000/year",Maitama Abuja,2026-06-01 11:40:37
122 Sqm Commercial Space,"₦ 14,640,000/year",Wuse 2 Abuja,2026-06-01 11:40:37
Commercial Space,"₦ 73,500,000/year",Wuse 2 Abuja,2026-06-01 11:40:37
Rooftop Space,"₦ 55,300,000",Wuse 2 Abuja,2026-06-01 11:40:37
3bedroom Bungalow To Let In An Estate At Apo Wumba,"₦ 5,000,000",Apo Wumba Axis Apo Abuja,2026-06-01 11:40:37
Beautiful Luxury 5 Bedroom Detached Duplex With Bq,"₦ 1,000,000,000",Chevron Lekki Lagos,2026-06-01 11:40:37
Newly Built 2 Bedroom Flat,"₦ 3,000,000/year","F14, Kubwa Abuja",2026-06-01 11:40:37
2 Bedroom Flat,"₦ 2,500,000/year",Fcda Kubwa Abuja,2026-06-01 11:40:37
2 Bedroom Apartment,"₦ 3,500,000/year",Fo1 Kubwa Abuja,2026-06-01 11:40:37
Ground Floor Office Space,"₦ 23,100,000/year",Wuse 2 Abuja,2026-06-01 11:40:37
Furnished And Serviced Duplex To Let In Life Camp,"₦ 25,000,000/year",Life Camp Life Camp Abuja,2026-06-01 11:40:37
3 Bedroom Flat,"₦ 5,500,000",Dape Abuja,2026-06-01 11:40:37
4 Bedroom Terraced Duplex,"₦ 10,000,000/year",Mabushi Abuja,2026-06-01 11:40:37
4 Bedroom Terraced Duplex,"₦ 15,000,000/year",Guzape Abuja,2026-06-01 11:40:37
4 Bedroom Terraced Duplex With Bq,"₦ 15,000,000/year","Gilmore, Jahi Abuja",2026-06-01 11:40:37
Newly Built 3 Bedroom Apartment,"₦ 9,000,000/year",Mabushi Abuja,2026-06-01 11:40:37
Newly Built 6 Units Of 3 Bedroom Flat With Bq,"₦ 75,000,000/year","Gilmore, Jahi Abuja",2026-06-01 11:40:37
Beautifully Furnished 4 Bedroom Duplex,"₦ 30,000,000",Guzape Abuja,2026-06-01 11:40:45
Newly Built 4 Bedroom Duplex,"₦ 8,000,000/year",Life Camp Abuja,2026-06-01 11:40:45
4 Bedroom Terraced Duplex With Bq,"₦ 13,000,000/year","Gilmore, Jahi Abuja",2026-06-01 11:40:45
Newly Built Spacious Shop / Office Space,"₦ 4,000,000/year",Kubwa Abuja,2026-06-01 11:40:45
Newly Built Shop/office Space,"₦ 2,500,000/year",Kubwa Abuja,2026-06-01 11:40:45
4 Bedroom Terrace Duplex,"₦ 10,000,000/year",Mabushi Abuja,2026-06-01 11:40:45
4 Bedroom Terrace Duplex With Bq,"₦ 15,000,000/year",Guzape Abuja,2026-06-01 11:40:45
Serviced 4 Bedroom Semi Detached Duplex With Bq,"₦ 25,000,000/year",Jabi Abuja,2026-06-01 11:40:45
Shop To Let In Federal Housing Lugbe,"₦ 1,500,000/year","Fha Estate, Lugbe Abuja",2026-06-01 11:40:45
2 Bedroom Flat,"₦ 2,500,000/year","Scc Road Axis, Ushafa Abuja",2026-06-01 11:40:45
5 Bedroom Penthouse Duplex With Kitchenette Bq,"₦ 500,000,000",Agodi Gra Ibadan Oyo,2026-06-01 11:40:45
Standard 5 Bedroom Duplex,"₦ 50,000,000/year",Maitama Abuja,2026-06-01 11:40:45
Standard 4 Bedroom Duplex,"₦ 25,000,000/year",Wuye Abuja,2026-06-01 11:40:45
4 Bedroom Terraced Duplex,"₦ 15,000,000/year",Guzape Abuja,2026-06-01 11:40:45
4 Bedroom Flat,"₦ 7,500,000/year",Life Camp Abuja,2026-06-01 11:40:45
4 Bedroom Apartment,"₦ 9,000,000/year",Idu Abuja,2026-06-01 11:40:45
4 Bedroom Flat,"₦ 20,000,000/year",Asokoro Abuja,2026-06-01 11:40:45
4 Bedroom Apartment,"₦ 35,000,000/year",Guzape Abuja,2026-06-01 11:40:45
Furnished 4 Bedroom Duplex With Bq,"₦ 23,000,000/year",Katampe Extension Katampe Abuja,2026-06-01 11:40:45
Nicely Built 3 Bedroom Flat,"₦ 7,000,000/year",Katampe Main Abuja,2026-06-01 11:40:45
Standard 3 Bedroom Apartment,"₦ 4,000,000/year","Fo1, Kubwa Abuja",2026-06-01 11:40:45
Self Contained Room To Let Near Marigold Hotel,"₦ 700,000/year","Behind Efab Estate, Lokogoma Abuja",2026-06-01 11:40:45
Beautifully Furnished 4 Bedroom Duplex,"₦ 30,000,000",Guzape Abuja,2026-06-01 11:40:55
3 Bedroom Flat With Bq,"₦ 25,000,000/year",Wuse 2 Abuja,2026-06-01 11:40:55
Commercial Space For Rent,"₦ 34,100,000",Wuse 2 Abuja,2026-06-01 11:40:55
4 Bedroom Penthouse With 2 Room Bq,"$ 150,000",Estate Wuse 2 Abuja,2026-06-01 11:40:55
A Room Self Contained,"₦ 2,000,000/year",Gwarinpa Abuja,2026-06-01 11:40:55
4 Bedroom Terrace Duplex,"₦ 25,000,000/year",Guzape Abuja,2026-06-01 11:40:55
4 Bedroom Semi Detached Duplex With Bq,"₦ 18,000,000/year",Jahi Abuja,2026-06-01 11:40:55
4 Bedroom Terraced Duplex With Bq,"₦ 13,000,000/year","Gilmore, Jahi Abuja",2026-06-01 11:40:55
Newly Built 4 Bedroom Terrace Duplex With Bq,"₦ 15,000,000/year",Gilmore Jahi Abuja,2026-06-01 11:40:55
Furnished And Serviced 3 Bedroom Apartment To Let,"₦ 35,000,000/year",Wuse 2 Abuja,2026-06-01 11:40:55
Luxury 4bedroom Serviced Apartment With 2 Rooms Bq,"₦ 2,100,000,000",Banana Island Ikoyi Lagos,2026-06-01 11:40:55
New 4bedroom Duplex To Let Near Valencia Estate Dakwo,"₦ 7,500,000",Near Valencia Estate Dakwo Dakwo Abuja,2026-06-01 11:40:55
Duplex Land For Sale In An Estate Behind Suncity,"₦ 55,000,000",Behind Suncity Estate Galadimawa Abuja,2026-06-01 11:40:55
Office Space,"₦ 6,000,000/year",Wuse 2 Abuja,2026-06-01 11:40:55
130sqm Space,"₦ 7,800,000/year",Garki 1 Abuja,2026-06-01 11:40:55
3 Bedroom Flat,"₦ 10,000,000/year",Wuse 2 Abuja,2026-06-01 11:40:55
4 Bedroom Terrace Duplex,"₦ 12,000,000/year",Gilmore Jahi Abuja,2026-06-01 11:40:55
4 Bedroom Terraced Duplex With Bq,"₦ 15,000,000/year",Jahi Abuja,2026-06-01 11:40:55
2 Bedroom Apartment,"₦ 3,500,000/year",Fo1 Kubwa Abuja,2026-06-01 11:40:55
Newly Built Shop/office Space,"₦ 2,500,000/year",Kubwa Abuja,2026-06-01 11:40:55
4 Bedroom Semi Detached Duplex,"₦ 5,000,000/year","F14, Phase 4, Kubwa Abuja",2026-06-01 11:40:55
2 Bedroom Flat,"₦ 3,000,000/year",Kubwa Abuja,2026-06-01 11:40:55
Newly Built Furnished&serviced 2&3 Bed Block Of Flat,"$ 45,000",Maitama By Fruit Market Maitama Abuja,2026-06-01 11:41:04
4 Bedroom Terraced Duplex,"₦ 6,500,000/year","Fo1, Kubwa Abuja",2026-06-01 11:41:04
Standard 2 Bedroom Flat,"₦ 3,500,000/year","F01, Kubwa Abuja",2026-06-01 11:41:04
Newly Built 2 Bedroom Flat,"₦ 4,000,000/year","Fo1, Kubwa Abuja",2026-06-01 11:41:04
Newly Built Luxury 4 Bedroom Terraced Duplex,"₦ 12,000,000/year",Mabushi Abuja,2026-06-01 11:41:04
Newly Built 4 Bedroom Semi Detached Duplex With Bq,"₦ 7,000,000/year","Fo1, Kubwa Abuja",2026-06-01 11:41:04
Furnished 4 Bedroom Terraced Duplex With Guest Room,"₦ 27,000,000/year",Asokoro Abuja,2026-06-01 11:41:04
Serviced 4 Bedroom Terraced Duplex With Bq,"₦ 15,000,000/year",Jahi Abuja,2026-06-01 11:41:04
4 Bedroom Terrace Duplex With Bq,"₦ 20,000,000/year",Jabi Abuja,2026-06-01 11:41:04
Office / Shop,"₦ 700,000/year",Kubwa Abuja,2026-06-01 11:41:04
Distress 6units Of 4 Bedroom Terrace Duplex With Bq,"₦ 2,200,000,000",Linder Chucker Crescent Close To Minister's House Asokoro Abuja,2026-06-01 11:41:04
Newly Built 6 Units Of 3 Bedroom Flat,"₦ 54,000,000/year","Gilmore, Jahi Abuja",2026-06-01 11:41:04
3 Bedrooms Flat,"₦ 10,000,000",Gilmore Jahi Abuja,2026-06-01 11:41:04
Spacious 3 Bedroom Apartment,"₦ 7,000,000/year",Katampe Main Abuja,2026-06-01 11:41:04
New 4bedroom Duplex To Let In An Estate At Gaduwa,"₦ 10,000,000",Gaduwa Junction Gaduwa Abuja,2026-06-01 11:41:04
4bedroom Duplex To Let In An Estate At Gaduwa,"₦ 9,000,000",Gaduwa Estate Junction Gaduwa Abuja,2026-06-01 11:41:04
Furnished 2 Bedroom Terrace Duplex,"₦ 6,500,000",Kabusa Kabusa Abuja,2026-06-01 11:41:04
Newly Built 4 Bedroom Terrace Duplex With Bq,"₦ 15,000,000/year",Main Jahi Abuja,2026-06-01 11:41:04
4 Bedroom Terraced Duplex With Bq,"₦ 13,000,000/year",Jahi Abuja,2026-06-01 11:41:04
Newly Built 4 Units Of 3 Bedroom Fully Detached Duplex,"₦ 70,000,000/year",Asokoro Abuja,2026-06-01 11:41:04
6 Bedroom Detached With 2 Bedroom Bq,"₦ 80,000,000",Neighbourhood Maitama Abuja,2026-06-01 11:41:04
58sqm Space,"₦ 12,000,000/year",Wuse 2 Abuja,2026-06-01 11:41:04
Beautifully Furnished 4 Bedroom Duplex,"₦ 30,000,000",Guzape Abuja,2026-06-01 11:41:11
Newly Built 4 Bedroom Terrace Duplex With Bq,"₦ 15,000,000/year",Mabushi Abuja,2026-06-01 11:41:11
3 Bedroom Bungalow With Gatehouse,"₦ 8,500,000/year",Karsana Abuja,2026-06-01 11:41:11
1bedroom Flat To Let Near Lavista Court Estate,"₦ 2,500,000",Near Lavista Court Estate Galadimawa Abuja,2026-06-01 11:41:11
Standard 2 Bedroom Flat,"₦ 3,500,000/year",Fo1 Kubwa Abuja,2026-06-01 11:41:11
Newly Built 4 Bedroom Terrace Duplex,"₦ 7,000,000/year",Life Camp Abuja,2026-06-01 11:41:11
Newly Built 4 Bedroom Semi Detached Duplex,"₦ 6,500,000/year","Fo1, Kubwa Abuja",2026-06-01 11:41:11
Office / Residential 4 Bedroom Detached Duplex With Bq,"₦ 10,000,000/year","Fo1, Kubwa Abuja",2026-06-01 11:41:11
Modern Newly Built 2 Bedroom Flat,"₦ 4,000,000/year","Fo1, Kubwa Abuja",2026-06-01 11:41:11
Newly Built 3 Bedroom Terrace Duplex,"₦ 3,000,000",Lugbe Lugbe Abuja,2026-06-01 11:41:11
5 Bedroom Detached Duplex,"₦ 1,500,000,000",Chevron Lekki Lagos,2026-06-01 11:41:11
4 Bedroom Semi Detached Duplex,"₦ 15,000,000/year",Apo Abuja,2026-06-01 11:41:11
4 Bedroom Gated Terraced Duplex With Bq,"₦ 20,000,000",Wuse 2 Abuja,2026-06-01 11:41:11
4 Bedroom Duplex,"₦ 15,000,000/year",Fo1 Kubwa Abuja,2026-06-01 11:41:11
5 Bedroom Terraced Duplex With Bq,"₦ 25,000,000/year","Wuse Zones, Wuse 1 Abuja",2026-06-01 11:41:11
Newly Built Standard 2 Bedroom Flat,"₦ 3,000,000/year","Fo1, Kubwa Abuja",2026-06-01 11:41:11
Newly Built Office / Shop Space,"₦ 2,500,000/year",Kubwa Abuja,2026-06-01 11:41:11
Office / Shop Space,"₦ 5,000,000/year",Guzape Abuja,2026-06-01 11:41:11
4 Bedroom Twin Duplex With Bq,"₦ 50,000,000/year",Maitama Abuja,2026-06-01 11:41:11
Newly Built 4 Bedroom Terrace Duplex With Bq,"₦ 20,000,000/year",Wuye Abuja,2026-06-01 11:41:11
4 Bedroom Semi Detached Duplex,"₦ 15,000,000/year",Life Camp Abuja,2026-06-01 11:41:11
Newly Built 4 Bedroom Semi Detached Duplex,"₦ 6,500,000/year","Fo1, Kubwa Abuja",2026-06-01 11:41:11
Beautifully Furnished 4 Bedroom Duplex,"₦ 30,000,000",Guzape Abuja,2026-06-01 11:41:20
4 Bedroom Terraced Duplex,"₦ 12,000,000/year",Guzape Abuja,2026-06-01 11:41:20
Office / Residential,"₦ 12,000,000/year",Mabushi Abuja,2026-06-01 11:41:20
Land Measuring 400sqm,"₦ 24,000,000/year",Central Business District Abuja,2026-06-01 11:41:20
4 Bedroom Twin Semi Detached Duplex,"₦ 20,000,000/year",Wuse 1 Abuja,2026-06-01 11:41:20
4 Bedroom Apartment,"₦ 10,000,000/year",Galadimawa Abuja,2026-06-01 11:41:20
4 Bedroom Semi Detached Duplex,"₦ 30,000,000/year",Wuse 2 Abuja,2026-06-01 11:41:20
Well Built 3 Bedrooms Flat With Bq,"₦ 11,000,000/year",Katampe Main Abuja,2026-06-01 11:41:20
Shop Space,"₦ 4,000,000/year",6th Avenue Gwarinpa Abuja,2026-06-01 11:41:20
Newly Built 4 Bedroom Duplex With Bq,"₦ 13,000,000/year",Aduvie International Jahi Abuja,2026-06-01 11:41:20
Exclusively Five Bedroom Fully Detached House,"₦ 1,100,000,000",Lekki 1 Lagos Lekki Phase 1 Lekki Lagos,2026-06-01 11:41:20
4 Bedroom Duplex,"₦ 15,000,000/year","Fo1, Kubwa Abuja",2026-06-01 11:41:20
62sqm Office Space,"₦ 5,500,000/year",Jabi Abuja,2026-06-01 11:41:20
3 Bedroom Flat,"₦ 8,000,000/year",Guzape Abuja,2026-06-01 11:41:20
2 Bedroom Flat To Let In After Lokogoma Market,"₦ 3,500,000/year",Pengasson Estate Lokogoma Abuja,2026-06-01 11:41:20
Renovated 2 Bedroom Flat,"₦ 2,000,000",Ushafa Scc Road Axis Ushafa Abuja,2026-06-01 11:41:20
Serviced 4 Bedroom Semi Detached Duplex With Bq,"₦ 25,000,000/year",Jabi Abuja,2026-06-01 11:41:20
3 Bedroom Flat,"₦ 10,000,000/year",Guzape Guzape Abuja,2026-06-01 11:41:20
New 4bedroom Duplex To Let Near Valencia Estate Dakwo,"₦ 7,000,000",Near Valencia Estate Dakwo Abuja,2026-06-01 11:41:20
4 Bedroom Terrace Duplex,"₦ 18,000,000/year",Guzape Abuja,2026-06-01 11:41:20
1 Bedroom Apartment,"₦ 2,500,000/year",Fo1 Kubwa Abuja,2026-06-01 11:41:20
3 Bedroom Apartment,"₦ 8,000,000/year",Jahi Abuja,2026-06-01 11:41:20
Beautifully Furnished 4 Bedroom Duplex,"₦ 30,000,000",Guzape Abuja,2026-06-01 11:41:29
2 Bedroom Flat,"₦ 4,500,000/year",Fo1 Kubwa Abuja,2026-06-01 11:41:29
5 Bedroom Terrace Duplex,"₦ 17,000,000/year",Guzape Abuja,2026-06-01 11:41:29
Newly Built 3 Bedroom Terrace Duplex With Bq,"₦ 7,000,000/year",Wumba Axis Apo Abuja,2026-06-01 11:41:29
New Self Contained Room To Let Near Lavista Court,"₦ 1,500,000",Near Lavista Court Estate Galadimawa Abuja,2026-06-01 11:41:29
Newly Built 1 Bedroom Flat,"₦ 1,500,000/year",Lokogoma Abuja,2026-06-01 11:41:29
4 Bedroom Terrace Duplex With Bq,"₦ 16,000,000/year",Jahi Abuja,2026-06-01 11:41:29
3 Bedroom,"₦ 6,000,000",Gaduwa Abuja,2026-06-01 11:41:29
4 Bedroom Terraced Duplex With Bq,"₦ 15,000,000/year",Wuye Abuja,2026-06-01 11:41:29
Commercial Space For Rent,"₦ 6,500,000",Wuse 2 Abuja,2026-06-01 11:41:29
2 Bedroom Apartment,"₦ 4,500,000/month",Freedom Way Lekki Lagos,2026-06-01 11:41:29
2 Bedroom Flat,"₦ 3,000,000/year",Kubwa Abuja,2026-06-01 11:41:29
2 Bedroom Flat,"₦ 2,500,000/year","Fcda, Kubwa Abuja",2026-06-01 11:41:29
Standard Duplex Shop,"₦ 2,000,000/year","F01 , Kubwa Abuja",2026-06-01 11:41:29
4 Bedroom Terraced Duplex,"₦ 15,000,000/year",Guzape Abuja,2026-06-01 11:41:29
Self Contain,"₦ 2,000,000/year",Ben Ayade Cresent Jahi Jahi Abuja,2026-06-01 11:41:29
Newly Built 2 Bedroom Apartment,"₦ 4,000,000/year",Fo1 Kubwa Abuja,2026-06-01 11:41:29
4 Bedroom Semi Detached Duplex,"₦ 25,000,000/year",Life Camp Abuja,2026-06-01 11:41:29
2 Bedroom Apartment,"₦ 3,300,000/year",Fo1 Kubwa Abuja,2026-06-01 11:41:29
4 Bedroom Terraced Duplex With Bq,"₦ 12,000,000/year","Gilmore, Jahi Abuja",2026-06-01 11:41:29
Furnished 1 Bedroom Apartment,"₦ 10,000,000",Katampe Extension Katampe Abuja,2026-06-01 11:41:29
Room Self Contained,"₦ 700,000/year",Dogongada Behind Efab Estate Lokogoma Abuja,2026-06-01 11:41:29
Beautifully Furnished 4 Bedroom Duplex,"₦ 30,000,000",Guzape Abuja,2026-06-01 11:41:36
4 Bedroom Terraced Duplex,"₦ 18,000,000/year",Katampe Main Abuja,2026-06-01 11:41:36
New 4 Bedroom Duplex With Bq Available To Let,"₦ 8,000,000/year",Shelter Estate Kaura (games Village) Abuja,2026-06-01 11:41:36
Newly Built 2 Bedroom Flat,"₦ 4,000,000/year","Fo1, Kubwa Abuja",2026-06-01 11:41:36
4 Bedroom Terraced Duplex,"₦ 50,000,000/year",Maitama Abuja,2026-06-01 11:41:36
Newly Built 3 Bedroom Apartment,"₦ 8,000,000/year",Gwarinpa Abuja,2026-06-01 11:41:36
4 Bedroom Terraced Duplex With Bq,"₦ 15,000,000/year",Wuye Abuja,2026-06-01 11:41:36
Newly Built 4 Bedroom Terraced Duplex,"₦ 20,000,000/year",Wuye Abuja,2026-06-01 11:41:36
4 Bedroom Terraced Duplex,"₦ 12,000,000/year",Guzape Abuja,2026-06-01 11:41:36
4 Bedroom Detached Duplex,"₦ 15,000,000",Guzape Abuja,2026-06-01 11:41:36
5 Bedroom Detached Duplex With Bq,"₦ 1,850,000,000",Parkview Estate Ikoyi Lagos,2026-06-01 11:41:36
4 Bedroom Terraced Duplex With Bq,"₦ 50,000,000/year",Maitama Abuja,2026-06-01 11:41:36
Spacious 4 Bedroom Terrace Duplex With Bq,"₦ 15,000,000/year",Gilmore Jahi Abuja,2026-06-01 11:41:36
Serviced 4 Bedroom Terraced Duplex With Bq,"₦ 15,000,000/year",Jahi Abuja,2026-06-01 11:41:36
4 Bedroom Terrace Duplex,"₦ 12,000,000/year",Guzape Abuja,2026-06-01 11:41:36
4 Bedroom Terrace Duplex,"₦ 55,000,000/year",Jabi Abuja,2026-06-01 11:41:36
Standard 2 Bedroom Flat,"₦ 4,500,000/year",Garki 1 Abuja,2026-06-01 11:41:36
4 Bedroom Duplex To Let Near Cedar Crest Hospital,"₦ 8,500,000/year",Near Cedar Crest Hospital Apo Dutse Abuja,2026-06-01 11:41:36
Alone 3bedroom Bungalow To Let Behind Suncity Estate,"₦ 5,000,000",Near Shafa Filling Station Galadimawa Abuja,2026-06-01 11:41:36
Modern Newly Built 2 Bedroom Flat,"₦ 3,500,000/year",Fo1 Kubwa Abuja,2026-06-01 11:41:36
4 Bedroom Duplex,"₦ 7,000,000/year",Pyakassa Abuja,2026-06-01 11:41:36
4 Bedroom Detached Duplex With Bq,"₦ 19,000,000/year",Katampe Abuja,2026-06-01 11:41:36
Beautifully Furnished 4 Bedroom Duplex,"₦ 30,000,000",Guzape Abuja,2026-06-01 11:41:45
4 Bedroom Detached Duplex With Bq,"₦ 19,000,000/year",Katampe Abuja,2026-06-01 11:41:45
Self Contained Room To Let In Dogongada,"₦ 500,000/year",Behind Efab Estate Lokogoma Abuja,2026-06-01 11:41:45
Commercial Space,"₦ 66,600,000/year",Wuse 2 Abuja,2026-06-01 11:41:45
2 Bedroom Flat,"₦ 3,500,000/year","Fo1, Kubwa Abuja",2026-06-01 11:41:45
Self Contained Room To Let In Jubilation Estate,"₦ 1,000,000",Jubilation Estate By Kabusa Garden Estate Dakwo Abuja,2026-06-01 11:41:45
New Self Contained Room To Let Near Valencia Estate,"₦ 1,300,000",Near Valencia Estate Dakwo Dakwo Abuja,2026-06-01 11:41:45
Newly Built 2 Bedroom Apartment,"₦ 4,500,000/year",Fo1 Kubwa Abuja,2026-06-01 11:41:45
New 2bedroom Bungalow To Let Near Peace Court,"₦ 5,000,000",Near Peace Court Estate Lokogoma Abuja,2026-06-01 11:41:45
Office Space,"₦ 200,000/year",Wuse 2 Abuja,2026-06-01 11:41:45
5 Bedroom Detached Duplex,"₦ 1,500,000,000",Chevron Lekki Lagos,2026-06-01 11:41:45
Newly Built 4 Bedroom Duplex,"₦ 8,000,000/year",Nyzamiye Hospital Idu Abuja,2026-06-01 11:41:45
4 Bedroom Terrace Duplex With Bq,"₦ 13,000,000/year",By Gilmore Jahi Abuja,2026-06-01 11:41:45
Brand New 3 Bedroom Apartment,"₦ 4,500,000/year",Dawaki Abuja,2026-06-01 11:41:45
Furnished 1 Bedroom Apartment,"₦ 7,000,000/year",Behind Paradise Estate Life Camp Abuja,2026-06-01 11:41:45
Newly Built Fully Serviced Apartment (2/3 Bedroom,"$ 45,000",Maitama Behind Fruit Market Maitama Abuja,2026-06-01 11:41:45
Quality Finished 4bedroom Terrace With Bq,"₦ 18,000,000",Jahi By Aduvie Jahi Abuja,2026-06-01 11:41:45
"Newly Built, Fully Furnished&serviced 2 Bed Apartment","$ 35,000",Maitama By Fruit Market Maitama Abuja,2026-06-01 11:41:45
Newly Built Furnished&serviced 2&3 Bed Block Of Flat,"$ 45,000",Maitama By Fruit Market Maitama Abuja,2026-06-01 11:41:45
6 Bedroom Detached Duplex+bq,"₦ 45,000,000/year",Wuse 2 Abuja,2026-06-01 11:41:45
Serviced 4 Bedroom Terraced Duplex,"₦ 15,000,000/year","Lifecamp District, Life Camp Abuja",2026-06-01 11:41:45
Spacious 3 Bedroom Flat,"₦ 8,000,000/year",By Zoological Garden Area 1 Garki 1 Abuja,2026-06-01 11:41:45
Newly Built Furnished&serviced 2&3 Bed Block Of Flat,"$ 45,000",Maitama By Fruit Market Maitama Abuja,2026-06-01 11:41:53
4 Bedroom Semi Detached Duplex + Bq,"₦ 15,000,000/year",Gwarinpa District Abuja ( Video Is Attached) Gwarinpa Abuja,2026-06-01 11:41:53
4 Bedroom Terrace Duplex + 1bq,"₦ 15,000,000/year",Guzape District Abuja ( Video Is Available) Guzape Abuja,2026-06-01 11:41:53
Newly Built 4 Bedroom Terrace Duplex With Bq,"₦ 50,000,000/year",Maitama Abuja,2026-06-01 11:41:53
4 Bedroom Flat,"₦ 10,000,000/year",Wuye Wuye Abuja,2026-06-01 11:41:53
Spacious 4 Bedroom Flat,"₦ 12,000,000/year",Guzape Guzape Abuja,2026-06-01 11:41:53
Spacious Self Contain,"₦ 2,000,000/year",Gwarinpa Gwarinpa Abuja,2026-06-01 11:41:53
4 Bedroom Terrace Duplex+bq,"₦ 15,000,000/year",Guzape Guzape Abuja,2026-06-01 11:41:53
Well Built 4 Bedroom Terrace Duplex+bq,"₦ 15,000,000/year",Guzape Guzape Abuja,2026-06-01 11:41:53
Newly Built 4bedroom Terrace Duplex With Bq,"₦ 15,000,000/year","Lifecamp, Abuja Life Camp Abuja",2026-06-01 11:41:53
Serviced Furnished 2 Bedroom Apartment For Sale,"₦ 150,000,000",Ikate Lekki Lagos,2026-06-01 11:41:53
Standard Self Contain,"₦ 2,000,000/year",Wuse Zone Wuse 1 Abuja,2026-06-01 11:41:53
4 Bedroom Terrace Duplex,"₦ 7,000,000/year",Brookshore Estate Gwarinpa Abuja,2026-06-01 11:41:53
Newly Built 4 Bedroom Terrace Duplex With Bq,"₦ 13,000,000/year",Katampe Main Abuja,2026-06-01 11:41:53
Newly Built 4 Bedroom Terrace Duplex With Bq,"₦ 18,000,000/year",Utako Abuja,2026-06-01 11:41:53
4 Bedroom Terrace Duplex With Bq,"₦ 15,000,000/year",Guzape Abuja,2026-06-01 11:41:53
Beautiful 4 Bedroom Terrace Duplex With Bq,"₦ 28,000,000/year",Maitama Abuja,2026-06-01 11:41:53
6 Bedroom Duplex,"₦ 140,000,000/year",Asokoro Asokoro Abuja,2026-06-01 11:41:53
Amazing 4 Bedroom Terraced Duplex With Bq,"₦ 25,000,000/year",By Sunrise Hills Asokoro Abuja,2026-06-01 11:41:53
Roomself Contain,"₦ 1,700,000/year",Gwarinpa Gwarinpa Abuja,2026-06-01 11:41:53
Magnificent 4 Bedroom Terrace Duplex+ Bq,"₦ 20,000,000/year",Mabushi Mabushi Abuja,2026-06-01 11:41:53
A Massive Shop Space,"₦ 12,000,000/year",1st Avenue Gwarinpa Abuja,2026-06-01 11:41:53
Newly Built Furnished&serviced 2&3 Bed Block Of Flat,"$ 45,000",Maitama By Fruit Market Maitama Abuja,2026-06-01 11:42:01
Well Finished 4 Bedroom Semi Detached Duplex,"₦ 7,000,000","In An Estate Gwarinpa Extension, Abuja Gwarinpa Abuja",2026-06-01 11:42:01
Well Finished 2 Bedroom Apartment,"₦ 4,500,000","Close To Beger Yard Lifecamp, Abuja Life Camp Abuja",2026-06-01 11:42:01
Newly Built 3 Bedroom Terrace Duplex With Bq,"₦ 10,000,000/year","Gaduwa, Abuja Gaduwa Abuja",2026-06-01 11:42:01
4 Bedroom Terrace Duplex With Bq,"₦ 12,000,000/year",Main Gwarinpa Abuja,2026-06-01 11:42:01
4 Bedroom Terraced Duplex,"₦ 30,000,000/year",Maitama Abuja Maitama Abuja,2026-06-01 11:42:01
4 Bedroom Semi Detached Duplex+bq,"₦ 30,000,000/year",Garki 2 Abuja,2026-06-01 11:42:01
Strategically Located Shop/office Space,"₦ 7,000,000/year",Wuse 2 Abuja,2026-06-01 11:42:01
Magnificent 4 Bedroom Terrace Duplex+bq,"₦ 17,000,000/year",Asokoro Abuja,2026-06-01 11:42:01
5 Bedroom Detached Duplex With Bq,"₦ 28,000,000/year",Guzape Abuja,2026-06-01 11:42:01
4 Bedroom Detached Duplex,"₦ 250,000,000/sqm",Jericho Gra Jericho Ibadan Oyo,2026-06-01 11:42:01
4 Bedroom Terrace Duplex+bq,"₦ 20,000,000/year",Wuye Wuye Abuja,2026-06-01 11:42:01
4 Bedroom Terraced Duplex With 1 Bq,"₦ 20,000,000/year","Wuse2 District, Wuse 2 Abuja",2026-06-01 11:42:01
Brand New 3 Bedroom Flat,"₦ 10,000,000/year",Katampe Main Abuja,2026-06-01 11:42:01
Standard Self Contained,"₦ 1,600,000/year",Gwarinpa Abuja,2026-06-01 11:42:01
Room Self Contain,"₦ 1,500,000/year",Gwarinpa Gwarinpa Abuja,2026-06-01 11:42:01
Standard Room Self Contained,"₦ 1,700,000/year","Gwarinpa Extension, Gwarinpa Abuja",2026-06-01 11:42:01
Room Self Contained,"₦ 1,500,000/year",Gwarimpa Extension Gwarinpa Abuja,2026-06-01 11:42:01
Spacious And Standard 3 Bedroom Flat,"₦ 12,000,000/year",Admiralty Estate Asokoro Asokoro Abuja,2026-06-01 11:42:01
Spacious 3 Bedroom Flat,"₦ 8,000,000/year",Garki 2 Abuja,2026-06-01 11:42:01
Spacious Self Contain,"₦ 2,500,000/year",Wuye Wuye Abuja,2026-06-01 11:42:01
Shop Space,"₦ 2,500,000/year",4th Avenue Gwarinpa Abuja,2026-06-01 11:42:01
Newly Built Furnished&serviced 2&3 Bed Block Of Flat,"$ 45,000",Maitama By Fruit Market Maitama Abuja,2026-06-01 11:42:10
Spacious Room Self Contained,"₦ 1,600,000/year",Gwarinpa Abuja,2026-06-01 11:42:10
Shop,"₦ 7,000,000/year",3rd Avenue Gwarinpa Abuja,2026-06-01 11:42:10
Self Contain Apartment,"₦ 1,500,000/year",Gwarinpa Abuja,2026-06-01 11:42:10
Luxury Furnished 6 Bedroom Terraced Duplex With 1 Bq,"₦ 75,000,000/year","Aso Villa, Asokoro, Asokoro Abuja",2026-06-01 11:42:10
4 Bedroom Terraced Duplex With 1 Bq,"₦ 13,000,000/year","Apo By Gudu Junction, By Ceadercrest Hospital Apo Abuja",2026-06-01 11:42:10
Newly Built 2 Bedroom Flat,"₦ 7,000,000/year",Fha/enl Estate Guzape Abuja,2026-06-01 11:42:10
A Newly Built 5 Bedroom Terrace With Bq,"₦ 40,000,000",An Estate Wuse 2 Abuja,2026-06-01 11:42:10
A Well Built 3 Bedroom Terrace Duplex + 1bq,"₦ 10,000,000",Gaduwa District Abuja. ( Video Is Available) Gaduwa Abuja,2026-06-01 11:42:10
4 Bedroom Detached Duplex+bq,"₦ 20,000,000/year",Mabushi Mabushi Abuja,2026-06-01 11:42:10
(direct Brief) 1550.537 Sqm Land Available At Ikeja Gra,"₦ 3,560,000,000",Ikeja Gra Ikeja Lagos,2026-06-01 11:42:10
Room Self Contain,"₦ 1,500,000/year",Gwarinpa Gwarinpa Abuja,2026-06-01 11:42:10
Newly Built 4 Bedroom Terrace Duplex,"₦ 15,000,000/year",Guzape Guzape Abuja,2026-06-01 11:42:10
Self Contain,"₦ 1,500,000",Gwarinpa Gwarinpa Abuja,2026-06-01 11:42:10
5 Bedroom Detached Duplex+bq,"₦ 25,000,000/year",Garki2 Garki 2 Abuja,2026-06-01 11:42:10
Roomself Contain,"₦ 1,500,000/year",Gwarinpa Gwarinpa Abuja,2026-06-01 11:42:10
Luxury Finished 5 Bedroom Detached Duplex+bq,"₦ 35,000,000/year",Guzape Abuja,2026-06-01 11:42:10
Newly Built 3 Bedroom Terrace Duplex With Bq,"₦ 15,000,000/year",Guzape Abuja,2026-06-01 11:42:10
6 Bedroom Detached Duplex + 3 Bedroom Bq,"₦ 30,000,000/year",Area 11 Garki 2 Abuja,2026-06-01 11:42:10
2 Bedroom Flat,"₦ 10,000,000/year",Asokoro Asokoro Abuja,2026-06-01 11:42:10
Spacious 3 Bedroom Flat,"₦ 10,000,000/year",Guzape Abuja,2026-06-01 11:42:10
Strategically Located Shop/office Space,"₦ 5,400,000/year",Jabi Abuja,2026-06-01 11:42:10
Beautifully Furnished 4 Bedroom Duplex,"₦ 30,000,000",Guzape Abuja,2026-06-01 11:42:17
Standard 1 Bedroom Flat,"₦ 3,000,000/year",Area 11 Garki 2 Abuja,2026-06-01 11:42:17
Furnished 4 Bedroom Terrace Duplex With Bq,"₦ 20,000,000/year",Guzape Abuja,2026-06-01 11:42:17
Luxury Finished 3 Bedroom Flat+bq,"₦ 15,000,000/year",Wuse2 Wuse 2 Abuja,2026-06-01 11:42:17
A Standard Shop Space,"₦ 4,500,000/year","3rd Avenue, Gwarinpa Abuja",2026-06-01 11:42:17
A Newly Built Modern Shop Space,"₦ 5,000,000/year","6th Avenue, Gwarinpa Abuja",2026-06-01 11:42:17
2 Bedroom Flat,"₦ 6,000,000",Wuse2 Wuse 2 Abuja,2026-06-01 11:42:17
Room Self Contain,"₦ 1,200,000/year",Lifecamp Life Camp Abuja,2026-06-01 11:42:17
Standard Room Self Contained,"₦ 1,400,000/year",Gwarinpa Abuja,2026-06-01 11:42:17
Newly Renovated 2 Bedroom Flat,"₦ 8,000,000/year",Wuse Zone 6 Wuse 1 Abuja,2026-06-01 11:42:17
2 Blocks Of Old Office Building On 7000sqm Of Land,"₦ 10,000,000,000",Wuse Zone 5 Zone 5 Wuse 1 Abuja,2026-06-01 11:42:17
4 Bedroom Terrace Duplex With Bq,"₦ 25,000,000/year",Guzape Abuja,2026-06-01 11:42:17
6 Bedroom Detached Duplex With Bq,"₦ 45,000,000/year",Wuse 2 Abuja,2026-06-01 11:42:17
3 Bedroom Flat,"₦ 6,000,000/year",Gwarinpa Gwarinpa Abuja,2026-06-01 11:42:17
5 Bedroom Detached Duplex,"₦ 50,000,000/year",Wuse2 Wuse 2 Abuja,2026-06-01 11:42:17
3 Bedroom Flat + Bq,"₦ 13,000,000/year",By Cbn Quarters Garki 2 Abuja,2026-06-01 11:42:17
A Newly Built 4 Bedroom Duplex With Bq,"₦ 10,000,000/year","2nd Avenue, Gwarinpa Abuja",2026-06-01 11:42:17
4 Bedroom Terrace Duplex With Bq,"₦ 15,000,000/year",By Catholic Church Life Camp Abuja,2026-06-01 11:42:17
4 Bedroom Semi Detached Duplex,"₦ 35,000,000/year",Jabi District Abuja. Jabi Abuja,2026-06-01 11:42:17
4 Bedroom Terrace Duplex With Bq,"₦ 15,000,000/year",By America School Durumi Abuja,2026-06-01 11:42:17
Shop Space,"₦ 5,500,000/year",Brick N More Plaza Gwarinpa Abuja,2026-06-01 11:42:17
A Standard Shop Space,"₦ 5,000,000/year","Gwarimpa Main, Gwarinpa Abuja",2026-06-01 11:42:17
Newly Built Furnished&serviced 2&3 Bed Block Of Flat,"$ 45,000",Maitama By Fruit Market Maitama Abuja,2026-06-01 11:42:27
A Classic Shop In A Mall,"₦ 5,000,000/year","Off 3rd Avenue, Gwarinpa Abuja",2026-06-01 11:42:27
Restaurant,"₦ 25,000,000/year",4th Avenue By The Road Gwarinpa Abuja,2026-06-01 11:42:27
Well Finished 4 Bedroom Semi Detached Duplex,"₦ 7,000,000",In An Estate Gwarinpa Extension Gwarinpa Abuja,2026-06-01 11:42:27
4 Bedroom Terrace Duplex,"₦ 8,000,000/year",Gwarimpa Extension Karsana Gwarinpa Abuja,2026-06-01 11:42:27
Newly Built 4 Bedroom Terrace Duplex With Bq,"₦ 9,000,000/year",After The Catholic Church Gaduwa Abuja,2026-06-01 11:42:27
Well Built 4 Bedroom Terrace Duplex+bq,"₦ 15,000,000/year",Katampe Main Katampe Main Abuja,2026-06-01 11:42:27
Serviced 2 Bedroom Flat,"₦ 27,000,000/year","Aso Villa, Asokoro Abuja",2026-06-01 11:42:27
A Very Good Spacious & Serviced 3 Bedroom Flat.,"₦ 7,000,000/year",Diplomatic Zone. (video Of The Apartment Is Available) Katampe Extension Katampe Abuja,2026-06-01 11:42:27
Serviced 3 Bedroom Flat,"₦ 10,000,000/year",Gilmore Construction Jahi Abuja,2026-06-01 11:42:27
2 Acres Of Industrial Land,"₦ 200,000,000",Opposite British American Tobacco Ibadan Oyo,2026-06-01 11:42:27
A Very Good Serviced & Furnished 2 Bedroom Flat,"₦ 20,000,000/year","Wuse2, Abuja. Wuse 2 Abuja",2026-06-01 11:42:27
A Very Good Spacious 3 Bedroom Flat,"₦ 10,000,000/year",By Gilmore Jahi Abuja,2026-06-01 11:42:27
4 Bedroom Semi Detached Duplex+2rooms Bq,"₦ 13,000,000/year",Life Camp Abuja,2026-06-01 11:42:27
4 Bedroom Detached Duplex+bq,"₦ 15,000,000/year",Life Camp Abuja,2026-06-01 11:42:27
A Standard Well Located Shop Space,"₦ 5,000,000/year",Gwarimpa Main Gwarinpa Abuja,2026-06-01 11:42:27
A 4 Bedroom Semi Detached Duplex With Bq,"₦ 12,000,000",3rd Avenue Gwarinpa Abuja,2026-06-01 11:42:27
A Room Self Contained,"₦ 1,700,000/year","Efab Queens Estate, Gwarinpa Abuja",2026-06-01 11:42:27
4 Bedroom Detached Duplex With Bq,"₦ 25,000,000/year",Guzape Abuja,2026-06-01 11:42:27
Beautiful 4 Bedroom Terraced Duplex With Bq,"₦ 16,000,000/year",Guzape Abuja,2026-06-01 11:42:27
4 Bedroom Terrace Duplex+bq,"₦ 12,000,000/year",After Berger Clinic Life Camp Abuja,2026-06-01 11:42:27
Room Self Contained,"₦ 1,900,000/year",Gwarinpa Abuja,2026-06-01 11:42:27
Newly Built Furnished&serviced 2&3 Bed Block Of Flat,"$ 45,000",Maitama By Fruit Market Maitama Abuja,2026-06-01 11:42:34
Newly Built 4 Bedroom Terrace Duplex+bq,"₦ 15,000,000/year",Katampe Main Katampe Main Abuja,2026-06-01 11:42:34
Bedroom Semi Detached Duplex+bq,"₦ 40,000,000/year",Guzape Abuja,2026-06-01 11:42:34
Standard 3 Bedroom Flat,"₦ 7,500,000/year",Gwarinpa Gwarinpa Abuja,2026-06-01 11:42:34
Spacious Self Contain,"₦ 1,800,000/year",Wuse 1 Abuja,2026-06-01 11:42:34
5 Bedroom Duplex,"₦ 20,000,000/year",Wuse Zone 6 Wuse 1 Abuja,2026-06-01 11:42:34
Brand New 4 Bedroom Terraced Duplex With Bq,"₦ 10,000,000/year","Gwarinpa Inside Dantata Estate, Gwarinpa Abuja",2026-06-01 11:42:34
Room Self Contained,"₦ 1,500,000/year",Efab Estate / Gwarimpa Extension Gwarinpa Abuja,2026-06-01 11:42:34
Newly Built 3 Bedroom Flat,"₦ 8,000,000/year",Jahi By Living Faith Jahi Abuja,2026-06-01 11:42:34
Spacious 3 Bedroom Flat,"₦ 7,000,000/year",Mabushi Mabushi Abuja,2026-06-01 11:42:34
New 4 Bedroom Terrace Duplex,"₦ 350,000,000",Ikate Lekki Lagos,2026-06-01 11:42:34
4 Bedroom Duplex + Bq,"₦ 50,000,000/year",Wuse 2 Abuja,2026-06-01 11:42:34
Beautiful 1 Bedroom Flat,"₦ 2,500,000/year",Gwarinpa Gwarinpa Abuja,2026-06-01 11:42:34
Perfectly Finished 4 Bedroom Terrace Duplex,"₦ 19,000,000/year",Guzape Abuja,2026-06-01 11:42:34
3 Bedroom Flat,"₦ 10,500,000/year",Guzape Abuja,2026-06-01 11:42:34
Beautiful 5 Bedroom Duplex With 2 Rooms Bq,"₦ 20,000,000/year",Kado Kado Abuja,2026-06-01 11:42:34
Large Office,"₦ 12,000,000/year",4th Avenue Main Road Gwarinpa Abuja,2026-06-01 11:42:34
Beautifully Finished 3 Bedroom Flat,"₦ 7,000,000/year",Lifecamp Life Camp Abuja,2026-06-01 11:42:34
Newly Built 2 Bedroom Flat,"₦ 4,500,000/year",Nnpc Estate Life Camp Abuja,2026-06-01 11:42:34
Newly Built 4 Bedroom Semi Detached Duplex+bq,"₦ 15,000,000/year",Jahi Jahi Abuja,2026-06-01 11:42:34
Newly Built 4 Bedroom Terrace Duplex+bq,"₦ 20,000,000/year",Gwarinpa Abuja,2026-06-01 11:42:34
Spacious 3 Bedroom Flat,"₦ 7,000,000/year",Area 11 Garki 2 Abuja,2026-06-01 11:42:34
Beautifully Furnished 4 Bedroom Duplex,"₦ 30,000,000",Guzape Abuja,2026-06-01 11:42:43
Newly Built 3bedroom Apartment With Bq,"₦ 15,000,000/year","Jahi Gilmore, Abuja Jahi Abuja",2026-06-01 11:42:43
Standard 2 Bedroom Flat,"₦ 7,000,000/year",Fha Guzape Abuja,2026-06-01 11:42:43
1 Bedroom Flat,"₦ 3,500,000/year",Gwarinpa Abuja,2026-06-01 11:42:43
Magnificent 3 Bedroom Duplex,"₦ 70,000,000/year","Presidential Villa, Asokoro Abuja",2026-06-01 11:42:43
Room Self Contained,"₦ 1,300,000/year",Gwarinpa Abuja,2026-06-01 11:42:43
Well Built 1 Bedroom Flat,"₦ 4,000,000/year",Wuse 2 Abuja,2026-06-01 11:42:43
Standard 1 Bedroom Flat,"₦ 4,000,000/year",Mabushi Mabushi Abuja,2026-06-01 11:42:43
4 Bedroom Terrace Duplex+bq,"₦ 15,000,000/year",Mabushi Mabushi Abuja,2026-06-01 11:42:43
Newly Built 1 Bedroom Flat,"₦ 3,500,000/year",Billard Estate Lifecamp Life Camp Abuja,2026-06-01 11:42:43
Luxury 5 Bedroom Fully Detached Duplex,"₦ 70,000,000/year",Parkview Estate Ikoyi Lagos,2026-06-01 11:42:43
Newly Built And Spacious 1 Bedroom Flat,"₦ 5,000,000/year",Wuye Abuja,2026-06-01 11:42:43
Newly Built 4 Bedroom Terrace Duplex With Bq,"₦ 15,000,000/year","Apo Gudu District, By Ceadercrest Hospital Apo Abuja",2026-06-01 11:42:43
Newly Built Office/shop Space,"₦ 6,000,000/year",3rd Avenue Gwarinpa Abuja,2026-06-01 11:42:43
A Newly Built 4 Bedroom Detached Duplex,"₦ 12,000,000/year","Work And Housing Estate, Gwarinpa Abuja",2026-06-01 11:42:43
Room Self Contain,"₦ 1,500,000/year",69 Road Gwarinpa Abuja,2026-06-01 11:42:43
Newly Built 1 Bedrm In Gaduwa 3m,"₦ 3,000,000",Gaduwa Estate Gaduwa Abuja,2026-06-01 11:42:43
4 Bedroom Terrace Duplex,"₦ 15,000,000/year",By Citec Mbora District After Jabi. Mbora (nbora) Abuja,2026-06-01 11:42:43
4 Bedroom Terrace Duplex + 1bq,"₦ 50,000,000/year",Mabushi District Abuja (video Of The House Is Attached Maitama Abuja,2026-06-01 11:42:43
Newly Built 4 Bedroom Terrace Duplex With Bq,"₦ 20,000,000/year",Diplomatic Zone Katampe Extension Katampe Abuja,2026-06-01 11:42:43
Serviced 4 Bedroom Terraced Duplex,"₦ 36,000,000/year",Maitama Abuja,2026-06-01 11:42:43
Newly Built 4 Bedroom Terrace Duplex With Bq,"₦ 7,000,000/year",Brains And Hammers Life Camp Abuja,2026-06-01 11:42:43
Newly Built Furnished&serviced 2&3 Bed Block Of Flat,"$ 45,000",Maitama By Fruit Market Maitama Abuja,2026-06-01 11:42:49
3 Bedroom Flat With Bq,"₦ 10,000,000/year",Guzape Abuja,2026-06-01 11:42:49
3 Bedroom Flat,"₦ 8,000,000/year",Wuye Abuja,2026-06-01 11:42:49
Shop Space/office Space,"₦ 4,000,000/year",Gwarinpa Abuja,2026-06-01 11:42:49
4 Bedroom Semi Detached Duplex,"₦ 50,000,000/year",Maitama Maitama Abuja,2026-06-01 11:42:49
Newly Built 3 Bedroom Bungalow With Bq,"₦ 10,000,000/year",Gwarinpa Extension Gwarinpa Abuja,2026-06-01 11:42:49
4 Bedroom Fully Furnished Terrace Duplex,"₦ 35,000,000/year",Guzape Guzape Abuja,2026-06-01 11:42:49
6 Units Of 3 Bedroom Flats(corporate Letting),"₦ 60,000,000/year",Garki 2 Abuja,2026-06-01 11:42:49
Self Contain,"₦ 2,000,000",Wuse Zone 1 Wuse 1 Abuja,2026-06-01 11:42:49
Standard 1 Bedroom Flat,"₦ 5,000,000/year",Naf Valley Estate Asokoro Asokoro Abuja,2026-06-01 11:42:49
Premium 4 Bedroom House,"₦ 650,000,000",Oniru Victoria Island Lagos,2026-06-01 11:42:49
5 Bedroom Detached Duplex+bq,"₦ 60,000,000",Wuse2 Wuse 2 Abuja,2026-06-01 11:42:49
Magnificently Finished 2 Bedroom Flat,"₦ 8,000,000",Mabushi Mabushi Abuja,2026-06-01 11:42:49
Office Space,"₦ 6,000,000/year",Gwarinpa Gwarinpa Abuja,2026-06-01 11:42:49
4 Bedroom Detached Bungalow+bq,"₦ 25,000,000/year",Zone 7 Wuse 1 Abuja,2026-06-01 11:42:49
3 Bedroom Duplex,"₦ 65,000,000/year","Aso Villa, Asokoro Abuja",2026-06-01 11:42:49
4 Bedroom Semi Detached Duplex+bq,"₦ 25,000,000/year",Asokoro Abuja,2026-06-01 11:42:49
A Newly Built 4 Bedroom Terrace Duplex + 1bq,"₦ 13,000,000/year",Lifecamp District Abuja. Life Camp Abuja,2026-06-01 11:42:49
4 Bedroom Terrace Duplex,"₦ 15,000,000/year","Jahi District, By Gilmore Construction. Jahi Abuja",2026-06-01 11:42:49
Shop Space,"₦ 10,000,000/year",Gwarimpa Main Gwarinpa Abuja,2026-06-01 11:42:49
Well Finished 4 Bedroom Semi Detached Duplex,"₦ 7,000,000","In An Estate Gwarinpa Extension, Abuja Gwarinpa Abuja",2026-06-01 11:42:49
5 Bedroom Duplex,"₦ 20,000,000/year",Efab Metropolis Gwarinpa Abuja,2026-06-01 11:42:49
Newly Built Furnished&serviced 2&3 Bed Block Of Flat,"$ 45,000",Maitama By Fruit Market Maitama Abuja,2026-06-01 11:42:57
4 Bedroom Detached Duplex With Bq,"₦ 12,000,000/year","2nd Avenue, Gwarinpa Abuja",2026-06-01 11:42:57
Space,"₦ 6,000,000/year",By The Road Gwarinpa Abuja,2026-06-01 11:42:57
Newly Built 4 Bedroom Terrace Duplex With Bq,"₦ 10,000,000/year",Ipent7 By Map Global Estate Gwarinpa Abuja,2026-06-01 11:42:57
A Standard Shop Space,"₦ 4,500,000/year","3rd Avenue, Gwarinpa Abuja",2026-06-01 11:42:57
Newly Built 4 Bedroom Semi Detached Duplex With Bq,"₦ 8,000,000/year","Life Camp, Abuja Life Camp Abuja",2026-06-01 11:42:57
Spacious 1 Bedroom Flat,"₦ 4,500,000/year",Utako Abuja,2026-06-01 11:42:57
4 Bedroom Terrace Duplex With Bq,"₦ 10,000,000/year",Dantata Estate Gwarimpa Gwarinpa Abuja,2026-06-01 11:42:57
Magnificent 4 Bedroom Semi Detached Duplex + Bq,"₦ 30,000,000/year",Guzape Abuja,2026-06-01 11:42:57
Studio Apartment,"₦ 1,400,000/year",6th Avenue Gwarinpa Abuja,2026-06-01 11:42:57
Newly Built 4 Bedroom Duplex With Bq In Carlton Gate,"₦ 285,000,000","Carlton Gate Estate, Beside Kolapo Ishola Gra Akobo Ibadan Oyo",2026-06-01 11:42:57
Magnificent 4 Bedroom Semi Detached Duplex+bq,"₦ 18,000,000/year",Naf Valley Estate Asokoro Abuja,2026-06-01 11:42:57
Perfectly Finished 1 Bedroom Flat,"₦ 3,500,000/year",Jahi Abuja,2026-06-01 11:42:57
Room Self Contained,"₦ 2,000,000/year",Wuye Abuja,2026-06-01 11:42:57
2 Units Of 3 Bedroom & 2 Units Of 1 Bedroom Flat,"₦ 20,000,000/year",Garki 2 Abuja,2026-06-01 11:42:57
Spacious 3 Bedroom Flat,"₦ 7,000,000/year",Garki 2 Abuja,2026-06-01 11:42:57
Room Self Contained,"₦ 1,500,000/year",Gwarinpa Abuja,2026-06-01 11:42:57
Spacious 4 Bedroom Terrace Duplex,"₦ 10,000,000/year",Gwarinpa Abuja,2026-06-01 11:42:57
Standard 5 Bedroom Detached Duplex+bq,"₦ 35,000,000/year",Mabushi Mabushi Abuja,2026-06-01 11:42:57
Spacious 3 Bedroom Flat,"₦ 7,500,000/year",Wuse Zone Wuse 1 Abuja,2026-06-01 11:42:57
A Newly 4 Bedroom Terraced Duplex With 1 Bq,"₦ 10,000,000/year","Gaduwa District, Gaduwa Abuja",2026-06-01 11:42:57
Exquisitely Finished 4 Bedroom Detached Duplex+bq,"₦ 25,000,000/year",Naf Valley Estate Asokoro Asokoro Abuja,2026-06-01 11:42:57
Beautifully Furnished 4 Bedroom Duplex,"₦ 30,000,000",Guzape Abuja,2026-06-01 11:43:03
Standard 1 Bedroom Flat,"₦ 3,000,000/year",Close To Turkish Hospital Idu Abuja,2026-06-01 11:43:03
A Newly Built 5 Bedroom Terrace With Bq,"₦ 40,000,000",An Estate Wuse 2 Abuja,2026-06-01 11:43:03
A Newly Built 5 Bedroom Terrace With Bq,"₦ 40,000,000",An Estate Wuse 2 Abuja,2026-06-01 11:43:03
Beautiful 4 Bedroom Terraced Duplex With Bq,"₦ 15,000,000/year",Katampe Main Abuja,2026-06-01 11:43:03
4 Bedroom Terrace Duplex,"₦ 18,000,000/year",Katampe Main By Nicon Katampe Main Abuja,2026-06-01 11:43:03
Fully Serviced 3 Bedroom Apartment With Swimming Pools,"₦ 8,000,000/year","Katampe Main, Abuja Katampe Main Abuja",2026-06-01 11:43:03
1 Bedroom Flat,"₦ 3,000,000/year",Gwarinpa Abuja,2026-06-01 11:43:03
3 Bedroom Flat,"₦ 10,000,000/year",Guzape Guzape Abuja,2026-06-01 11:43:03
1 Bedroom Flat,"₦ 2,500,000/year",Gwarinpa Gwarinpa Abuja,2026-06-01 11:43:03
Spacious 2 Bedroom Penthouse,"₦ 20,000,000/year",Parkview Estate Ikoyi Lagos,2026-06-01 11:43:03
A Room Self Contained,"₦ 1,500,000/year",Maitama Abuja,2026-06-01 11:43:03
Newly Built 4 Bedroom Terraced Duplex,"₦ 8,000,000/year",Gaduwa Abuja,2026-06-01 11:43:03
1 Bedroom Bungalow,"₦ 7,000,000/year",Asokoro Asokoro Abuja,2026-06-01 11:43:03
7 Bedroom Detached Duplex,"₦ 90,000,000/year",Maitama Maitama Abuja,2026-06-01 11:43:03
6 Bedroom Duplex,"₦ 40,000,000/year",Utako Abuja,2026-06-01 11:43:03
Shop Space (first Floor),"₦ 3,500,000/year",1st Avenue Gwarinpa Abuja,2026-06-01 11:43:03
Standard 3 Bedroom Flat With Bq,"₦ 13,000,000/year",Wuse 2 Abuja,2026-06-01 11:43:03
Room Self Contain,"₦ 1,800,000/year",Gwarinpa Gwarinpa Abuja,2026-06-01 11:43:03
3 Bedroom Terraced Duplex With Bq,"₦ 12,500,000/year","Admiralty Estate, Asokoro Abuja",2026-06-01 11:43:03
Standard 1 Bedroom Flat,"₦ 6,500,000/year",Asokoro Main Asokoro Abuja,2026-06-01 11:43:03
Beautiful 2 Bedroom Flat,"₦ 4,000,000/year","News Engineering, Dawaki Abuja",2026-06-01 11:43:03
Newly Built Furnished&serviced 2&3 Bed Block Of Flat,"$ 45,000",Maitama By Fruit Market Maitama Abuja,2026-06-01 11:43:11
Serviced 3 Bedroom Terrace Duplex With Bq,"₦ 13,000,000/year",Jabi Abuja,2026-06-01 11:43:11
4 Bedroom Terrace Duplex+bq,"₦ 15,000,000/year",Guzape Guzape Abuja,2026-06-01 11:43:11
Amazing 4 Bedroom Terrace Duplex+bq,"₦ 15,000,000/year",Guzape Guzape Abuja,2026-06-01 11:43:11
A Very Good 40sqms Of Shop Space,"₦ 13,000,000/year","Off Ademola Adetokunbo Crescent, Wuse 2 Abuja",2026-06-01 11:43:11
Newly Built 3 Bedroom Flat,"₦ 5,500,000/year",Lifecamp Life Camp Abuja,2026-06-01 11:43:11
Studio Apartment,"₦ 1,600,000/year",6th Avenue Gwarinpa Abuja,2026-06-01 11:43:11
A Good Spacious 5 Bedroom Detached Duplex,"₦ 45,000,000/year","Wuse2, Abuja. Wuse 2 Abuja",2026-06-01 11:43:11
Room Self Contained,"₦ 2,500,000/year",Naf Valley Estate Asokoro Abuja,2026-06-01 11:43:11
Room Self Contained,"₦ 2,200,000/year",Naf Valley Estate Asokoro Abuja,2026-06-01 11:43:11
Serviced 5 Bedroom Detached Duplex,"₦ 105,000,000/year",Old Ikoyi Ikoyi Lagos,2026-06-01 11:43:11
Magnificent 5 Bedroom Terrace Duplex+bq,"₦ 15,000,000/year",Guzape Guzape Abuja,2026-06-01 11:43:11
Room Self Contain,"₦ 2,750,000/year",Wuye Wuye Abuja,2026-06-01 11:43:11
4 Bedroom Terrace Duplex + 1bq,"₦ 19,000,000/year",Jabi Abuja Jabi Abuja,2026-06-01 11:43:11
Room Self Contained,"₦ 1,600,000/year",Gwarimpa Extension Gwarinpa Abuja,2026-06-01 11:43:11
Room Self Contain,"₦ 1,500,000/year",Gwarimpa Extension Gwarinpa Abuja,2026-06-01 11:43:11
Newly Built 4 Bedroom Terrace Duplex With Bq,"₦ 25,000,000/year",Diplomatic Zone Katampe Extension Katampe Abuja,2026-06-01 11:43:11
3 Bedroom Flat + 1bq,"₦ 12,500,000/year","Jahi District, By Gilmore Construction. Jahi Abuja",2026-06-01 11:43:11
Spacious 4 Bedroom Semi Detached Duplex,"₦ 25,000,000/year","Lifecamp District, Life Camp Abuja",2026-06-01 11:43:11
Space,"₦ 6,000,000/year",Off 3rd Avenue Gwarinpa Abuja,2026-06-01 11:43:11
Restaurant,"₦ 15,000,000/year",1st Avenue Gwarinpa Abuja,2026-06-01 11:43:11
Perfectly Furnished 4 Bedroom Terrace Duplex+bq,"₦ 30,000,000/year",Guzape Guzape Abuja,2026-06-01 11:43:11
Beautifully Furnished 4 Bedroom Duplex,"₦ 30,000,000",Guzape Abuja,2026-06-01 11:43:19
Perfectly Furnished 4 Bedroom Terrace Duplex+bq,"₦ 30,000,000/year",Guzape Guzape Abuja,2026-06-01 11:43:19
10 Bedroom Detached Duplex+bq,"₦ 50,000,000/year",Wuse Zone 3 Wuse 1 Abuja,2026-06-01 11:43:19
Standard 2 Bedroom Flat,"₦ 4,200,000/year",Berger Clinic Life Camp Abuja,2026-06-01 11:43:19
Newly Built 4 Bedroom Detached Duplex With Bq,"₦ 20,000,000/year",Diplomatic Zone Katampe Abuja,2026-06-01 11:43:19
3 Bedroom Flat,"₦ 8,000,000/year",6th Avenue Gwarimpa Gwarinpa Abuja,2026-06-01 11:43:19
3 Bedroom Flat,"₦ 7,000,000/year",Katampe Extension Katampe Abuja,2026-06-01 11:43:19
4 Bedroom Detached Duplex+bq,"₦ 25,000,000/year",Asokoro Abuja,2026-06-01 11:43:19
4 Bedroom Terraced Duplex With Bq,"₦ 10,000,000/year",Main Life Camp Abuja,2026-06-01 11:43:19
Well Finished 2 Bedroom Apartment,"₦ 4,500,000/year","In An Estate Lifecamp, Abuja Life Camp Abuja",2026-06-01 11:43:19
Unfurnished 2 Bedroom With Pool For Sale,"₦ 150,000,000",Ikate Lekki Lagos,2026-06-01 11:43:19
3 Bedroom Flat,"₦ 8,000,000/year",Mabushi Abuja,2026-06-01 11:43:19
Room Self Contained,"₦ 1,700,000/year",Main Gwarinpa Abuja,2026-06-01 11:43:19
5 Bedroom Terrace Duplex,"₦ 13,500,000/year",Guzape Guzape Abuja,2026-06-01 11:43:19
Room Self Contained,"₦ 1,900,000/year",Gwarinpa Gwarinpa Abuja,2026-06-01 11:43:19
Spacious 3 Bedroom Flat,"₦ 7,000,000/year",Jabi Abuja,2026-06-01 11:43:19
Standard 3 Bedroom Flat,"₦ 8,000,000/year",Jabi Jabi Abuja,2026-06-01 11:43:19
Room Self Contain,"₦ 2,500,000/year",Wuye Wuye Abuja,2026-06-01 11:43:19
Spacious Room Self Contained,"₦ 3,000,000/year",Asokoro Main Asokoro Abuja,2026-06-01 11:43:19
Newly Built 4 Bedroom Terraced Duplex,"₦ 30,000,000/year",Maitama Abuja,2026-06-01 11:43:19
4 Bedroom Semi Detached Duplex,"₦ 15,000,000/year",Near Cedar Crest Hospital Apo Apo Abuja,2026-06-01 11:43:19
4 Bedroom Semi Detached Duplex,"₦ 30,000,000/year",Wuse Zone Abuja Wuse 1 Abuja,2026-06-01 11:43:19
Newly Built Furnished&serviced 2&3 Bed Block Of Flat,"$ 45,000",Maitama By Fruit Market Maitama Abuja,2026-06-01 11:43:27
Serviced 4 Bedroom Terraced Duplex With 1 Bq,"₦ 15,000,000/year","Lifecamp District, Life Camp Abuja",2026-06-01 11:43:27
A Brand New 4 Bedroom Terraced Duplex + 1bq,"₦ 30,000,000/year",Off Ibb Way ( Video Is Available) Maitama Abuja,2026-06-01 11:43:27
Spacious Room Self Contained,"₦ 2,000,000/year",Utako Utako Abuja,2026-06-01 11:43:27
4 Bedroom Detached Duplex,"₦ 12,000,000",In An Estate Gwarinpa Gwarinpa Abuja,2026-06-01 11:43:27
Newly Built 4 Bedroom Terrace Duplex +bq,"₦ 13,000,000",Citec Extension Mbora Mbora (nbora) Abuja,2026-06-01 11:43:27
Well Finished 4 Bedroom Terrace Duplex+bq,"₦ 13,000,000/year",Guzape Guzape Abuja,2026-06-01 11:43:27
Newly Built 2 Bedroom Flat,"₦ 7,500,000/year",Apex Garden Estate Kukwaba Abuja,2026-06-01 11:43:27
5 Bedroom Terrace Duplex With Bq,"₦ 28,000,000/year",Zone Wuse 1 Abuja,2026-06-01 11:43:27
Magnificent 3 Bedroom Terrace Duplex,"₦ 14,000,000/year",Naf Valley Estate Asokoro Asokoro Abuja,2026-06-01 11:43:27
Exclusively Five Bedroom Fully Detached House,"₦ 1,100,000,000",Lekki 1 Lagos Lekki Phase 1 Lekki Lagos,2026-06-01 11:43:27
Shop/office Space,"₦ 14,400,000/year",Guzape Guzape Abuja,2026-06-01 11:43:27
Newly Built 3 Bedroom Terrace Duplex With Bq,"₦ 10,000,000/year",Life Camp Abuja,2026-06-01 11:43:27
4 Bedroom Detached Duplex,"₦ 8,000,000/year",Off 3rd Avenue Gwarinpa Abuja,2026-06-01 11:43:27
Newly Built 2 Bedroom Flat,"₦ 7,000,000/year",Naf Valley Estate Asokoro Abuja,2026-06-01 11:43:27
3 Bedroom Semi Detached Bungalow,"₦ 6,000,000/year","Sunnyvale Estate, Lokogoma Abuja",2026-06-01 11:43:27
5 Bedroom Semi Detached Duplex+bq,"₦ 25,000,000/year",Guzape Guzape Abuja,2026-06-01 11:43:27
Newly Built 1 Bedroom Flat,"₦ 6,000,000/year",Jahi Abuja,2026-06-01 11:43:27
4 Bedroom Semi Detached Duplex,"₦ 20,000,000/year","Naf Valley Estate, Asokoro Abuja",2026-06-01 11:43:27
4 Bedroom Terrace Duplex,"₦ 25,000,000/year",Wuse 2 Abuja Wuse 2 Abuja,2026-06-01 11:43:27
2 Bedroom Flat,"₦ 8,500,000/year",Jahi Jahi Abuja,2026-06-01 11:43:27
4 Bedroom Detached Duplex+bq,"₦ 30,000,000/year",Admiralty Estate (navy Estate) Asokoro Abuja,2026-06-01 11:43:27
Newly Built Furnished&serviced 2&3 Bed Block Of Flat,"$ 45,000",Maitama By Fruit Market Maitama Abuja,2026-06-01 11:43:35
Self Contain,"₦ 2,000,000/year",Maitama Maitama Abuja,2026-06-01 11:43:35
Room Self Contain,"₦ 1,500,000/year",Gwarinpa Gwarinpa Abuja,2026-06-01 11:43:35
3 Bedroom Flat,"₦ 8,000,000/year",Asokoro Abuja,2026-06-01 11:43:35
Strategically Located Shop/office Space,"₦ 8,000,000/year",Wuse2 Wuse 2 Abuja,2026-06-01 11:43:35
Standard Room Self Contain,"₦ 1,500,000/year",Gwarinpa Abuja,2026-06-01 11:43:35
3 Bedroom Terrace Duplex,"₦ 12,000,000",Asokoro Main Asokoro Abuja,2026-06-01 11:43:35
Newly Built 5 Bedroom Duplex+ Bq,"₦ 100,000,000/year",Asokoro Asokoro Abuja,2026-06-01 11:43:35
4 Bedroom Fully Detached Duplex,"₦ 35,000,000/year",Guzape Guzape Abuja,2026-06-01 11:43:35
A Newly Built 5 Bedroom Terrace With Bq,"₦ 40,000,000",An Estate Wuse 2 Abuja,2026-06-01 11:43:35
Orange Mall,"₦ 80,000,000",Katampe Main Abuja,2026-06-01 11:43:35
Magnificent 2 Bedroom Flat,"₦ 3,500,000/year",Kubwa Abuja,2026-06-01 11:43:35
Magnificent 2 Bedroom Duplex,"₦ 8,000,000/year",Guzape Abuja,2026-06-01 11:43:35
A Sizable Warehouse,"₦ 12,000,000/year","Off 4th Avenue, Gwarinpa Abuja",2026-06-01 11:43:35
A Spacious Shop Space,"₦ 5,000,000/year","4th Avenue, Gwarinpa Abuja",2026-06-01 11:43:35
Standard 1 Bedroom Flat,"₦ 1,500,000/year",Arab Road Kubwa Kubwa Abuja,2026-06-01 11:43:35
1 Bedroom Flat,"₦ 3,500,000/year",Wuye Wuye Abuja,2026-06-01 11:43:35
4 Bedroom Semi Detached Duplex,"₦ 30,000,000/year",Wuse Wuse 1 Abuja,2026-06-01 11:43:35
Shop,"₦ 12,000,000/year",4th Avenue Gwarinpa Abuja,2026-06-01 11:43:35
Newly Built 5 Bedroom Terrace Duplex,"₦ 12,000,000/year",Mabushi District Abuja Mabushi Abuja,2026-06-01 11:43:35
Room Self Contain,"₦ 1,800,000/year",Gwarinpa Gwarinpa Abuja,2026-06-01 11:43:35
Spacious Self Contained,"₦ 1,000,000/year",Gwarinpa Abuja,2026-06-01 11:43:35
Newly Built Furnished&serviced 2&3 Bed Block Of Flat,"$ 45,000",Maitama By Fruit Market Maitama Abuja,2026-06-01 11:43:42
2 Bedroom Flat,"₦ 6,000,000",Asokoro Asokoro Abuja,2026-06-01 11:43:42
Standard 3 Bedroom Detached Bungalow + 1 Bedroom Bq,"₦ 25,000,000/year",Wuse Zone 3 Wuse 1 Abuja,2026-06-01 11:43:42
3 Bedroom Flat+bq,"₦ 10,000,000/year",Guzape Abuja,2026-06-01 11:43:42
2 Bedroom Flat,"₦ 6,000,000/year",Wuse 2 Abuja,2026-06-01 11:43:42
Newly Built 3 Bedroom Apartment,"₦ 4,500,000/year","In An Estate Lifecamp, Abuja Life Camp Abuja",2026-06-01 11:43:42
A Room Self Contained,"₦ 2,000,000/year","Naf Valley Estate, Asokoro Abuja",2026-06-01 11:43:42
Luxury Finished 3 Bedroom Flat,"₦ 8,000,000/year",Paradise Estate 1 Lifecamp Life Camp Abuja,2026-06-01 11:43:42
Strategically Located Office Space,"₦ 150,000,000",Asokoro Asokoro Abuja,2026-06-01 11:43:42
Beautiful 2 Bedroom Flat,"₦ 10,000,000/year",Asokoro Asokoro Abuja,2026-06-01 11:43:42
4 Bedroom Fully Detached Duplex,"₦ 135,000,000",Carlton Gate Estate Akobo Ibadan Oyo,2026-06-01 11:43:42
5 Bedroom Detached Duplex+bq,"₦ 60,000,000/year",Maitama Maitama Abuja,2026-06-01 11:43:42
3 Bedroom Flat,"₦ 7,000,000/year",Durumi By American International... Durumi Abuja,2026-06-01 11:43:42
Spacious 3 Bedroom Flat,"₦ 8,000,000/year",Garki2 Garki 2 Abuja,2026-06-01 11:43:42
Newly Built 4 Bedroom Terrace Duplex+bq,"₦ 20,000,000/year",Asokoro Asokoro Abuja,2026-06-01 11:43:42
Newly Built 3 Bedroom Flat,"₦ 5,500,000/year",By Berger Clinic Life Camp Abuja,2026-06-01 11:43:42
Perfectly Finished 4 Bedroom Detached Duplex+bq,"₦ 10,000,000/year",River Park Estate Lugbe Lugbe Abuja,2026-06-01 11:43:42
Self Contain Apartment,"₦ 2,500,000/year",Asokoro Abuja,2026-06-01 11:43:42
2 Bedroom Flat,"₦ 4,000,000/year",Life Camp Abuja,2026-06-01 11:43:42
Standard 1 Bedroom Flat,"₦ 3,000,000/year",Dawaki Dawaki Abuja,2026-06-01 11:43:42
Newly Built 1 Bedroom Apartment With 2toilet,"₦ 2,000,000/year","In An Estate Gwarinpa Extension, Abuja Gwarinpa Abuja",2026-06-01 11:43:42
Spacious 4 Bedroom Terrace Duplex With Bq,"₦ 10,000,000/year","Apo Gudu District,( By Cedarcrest Hospital) Apo Abuja",2026-06-01 11:43:42
Beautifully Furnished 4 Bedroom Duplex,"₦ 30,000,000",Guzape Abuja,2026-06-01 11:43:51
A Brand New 4 Bedroom Semi Detached Duplex + Bqs,"₦ 18,000,000",Naf Estate Asokoro Abuja,2026-06-01 11:43:51
Standard/spacious Self Contained,"₦ 1,800,000/year","Wuse Zone, Wuse 1 Abuja",2026-06-01 11:43:51
Renovated 2 Bedroom Semi Detached Bungalow,"₦ 2,500,000/year",2/1 Kubwa Abuja,2026-06-01 11:43:51
Well Finished 4bedroom Semi Detached Duplex With Bq,"₦ 8,000,000/year","In An Estate Lifecamp,abuja Life Camp Abuja",2026-06-01 11:43:51
1 Bedroom Flat,"₦ 7,000,000/year",Asokoro Abuja,2026-06-01 11:43:51
1 Bedroom Flat,"₦ 1,500,000/year",Arab Road Kubwa Kubwa Abuja,2026-06-01 11:43:51
A Newly Built Standard Shop In A Mall,"₦ 4,000,000",6th Avenue Gwarinpa Abuja,2026-06-01 11:43:51
1 Bedroom Flat,"₦ 3,000,000/year",Gwarinpa Gwarinpa Abuja,2026-06-01 11:43:51
4 Bedroom Bungalow+2 Rooms Bq,"₦ 30,000,000/year",Wuse Zone 2 Wuse 1 Abuja,2026-06-01 11:43:51
5 Bedroom Detached Duplex With Bq,"₦ 1,850,000,000",Parkview Estate Ikoyi Lagos,2026-06-01 11:43:51
5 Bedroom Fully Detached Duplex,"₦ 30,000,000/year",Maitama Abuja Maitama Abuja,2026-06-01 11:43:51
Standard Self Contain Apartment,"₦ 2,000,000/year",Wuse 1 Abuja,2026-06-01 11:43:51
Newly Built 4 Bedroom Terraced Duplex With Bq,"₦ 15,000,000/year",Jahi Abuja,2026-06-01 11:43:51
Newly Built 4 Bedroom Terrace Duplex With Bq,"₦ 8,500,000/year",In An Estate Around Godab Life Camp Abuja,2026-06-01 11:43:51
Well Finished 2 Bedroom Apartment,"₦ 4,500,000","In An Estate Lifecamp, Abuja Life Camp Abuja",2026-06-01 11:43:51
Well Finished 4 Bedroom Semi Detached Duplex,"₦ 40,000,000","Minster Hill, Maitama, Abuja Maitama Abuja",2026-06-01 11:43:51
Newly Built 4 Bedroom Semi Detached Duplex,"₦ 8,000,000/year",Lokogoma District Abuja. Lokogoma Abuja,2026-06-01 11:43:51
Fully Furnished 2 Bedroom Apartment,"₦ 8,000,000/year","Lifecamp, Abuja Life Camp Abuja",2026-06-01 11:43:51
Well Structured 4 Bedroom Semi Detached Duplex With Bq,"₦ 30,000,000/year","Wuse Zone 4, Wuse 1 Abuja",2026-06-01 11:43:51
Standard 4 Bedroom Duplex,"₦ 13,000,000/year",Mbora Mbora (nbora) Abuja,2026-06-01 11:43:51
Newly Built 2 Bedroom Flat,"₦ 6,000,000/year","Billard Estate, Life Camp Abuja",2026-06-01 11:43:51
Beautifully Furnished 4 Bedroom Duplex,"₦ 30,000,000",Guzape Abuja,2026-06-01 11:43:57
4 Bedroom Terrace Duplex,"₦ 18,000,000/year",Katampe Extension Katampe Abuja,2026-06-01 11:43:57
New 7 Units Of 4 Bedroom Terraced Duplex With 1 Bq,"₦ 22,000,000/year","Diplomatic Zone, Katampe Extension Katampe Abuja",2026-06-01 11:43:57
Serviced 4 Bedroom Terraced Duplex With 1 Bq,"₦ 20,000,000/year",After The Magistrate Court. Life Camp Abuja,2026-06-01 11:43:57
Newly Built 7 Bedroom Fully Detached Duplex,"₦ 130,000,000/year",Asokoro Abuja Asokoro Abuja,2026-06-01 11:43:57
4 Bedroom Terrace Duplex + 1bq,"₦ 16,000,000/year",Katampe Main District Abuja. Katampe Main Abuja,2026-06-01 11:43:57
4 Bedroom Terrace Duplex+bq,"₦ 20,000,000/year",Naf Valley Estate Asokoro Abuja,2026-06-01 11:43:57
Room Self Contained,"₦ 1,500,000/year",Gwarinpa Abuja,2026-06-01 11:43:57
Furniahed 4 Bedroom Duplex With Bq,"₦ 40,000,000/year",Asokoro Abuja,2026-06-01 11:43:57
Newly Built 5 Bedroom Terrace Duplex+bq,"₦ 14,000,000/year",Garki2 Garki 2 Abuja,2026-06-01 11:43:57
Furnished & Serviced 3bed..,"₦ 650,000,000",Ikeja Gra Ikeja Lagos,2026-06-01 11:43:57
Beautiful 3 Bedroom Flat,"₦ 15,000,000/year","Admiralty Estate, Asokoro Abuja",2026-06-01 11:43:57
4 Bedroom Terrace Duplex+bq,"₦ 25,000,000/year",Wuse Zone4 Wuse 1 Abuja,2026-06-01 11:43:57
2 Bedroom Flat,"₦ 5,000,000/year",Off 3rd Avenue Gwarinpa Abuja,2026-06-01 11:43:57
Shop Space,"₦ 6,000,000/year",4th Avenue Gwarinpa Abuja,2026-06-01 11:43:57
Shop Space,"₦ 3,500,000/year",1st Avenue Gwarinpa Abuja,2026-06-01 11:43:57
Newly Built Shop Space,"₦ 3,500,000/year",6th Avenue Gwarinpa Abuja,2026-06-01 11:43:57
A Large Shop/office Space (newly Built),"₦ 3,500,000/year",Gwarimpa Main Gwarinpa Abuja,2026-06-01 11:43:57
Newly Built Shop Space,"₦ 3,500,000/year",6th Avenue Gwarinpa Abuja,2026-06-01 11:43:57
Newly Built 4 Bedroom Terrace Duplex With Bq,"₦ 10,000,000/year",In An Estate Around Godab Life Camp Abuja,2026-06-01 11:43:57
Magnificent 5 Bedroom Detached Duplex+bq,"₦ 30,000,000/year",Admiralty Estate Asokoro Abuja,2026-06-01 11:43:57
Commercial Complex Building,"₦ 250,000,000/year","Jabi, Main Jabi Abuja",2026-06-01 11:43:57
Newly Built Furnished&serviced 2&3 Bed Block Of Flat,"$ 45,000",Maitama By Fruit Market Maitama Abuja,2026-06-01 11:44:03
1 Bedroom Flat,"₦ 3,000,000/year",Maitama Maitama Abuja,2026-06-01 11:44:03
Standard Room Self Contained,"₦ 1,500,000/year",Life Camp Abuja,2026-06-01 11:44:03
1 Bedroom Flat,"₦ 4,000,000/year",Wuse Zone 6 Wuse 1 Abuja,2026-06-01 11:44:03
4 Bedroom Terrace Duplex,"₦ 9,000,000/year",Life Camp Abuja,2026-06-01 11:44:03
Self Contain Apartment,"₦ 1,000,000/year",Gwarinpa Abuja,2026-06-01 11:44:03
Standard 3 Bedroom Flat,"₦ 7,500,000/year",Mbora (nbora) Abuja,2026-06-01 11:44:03
Self Contain,"₦ 1,500,000/year",Mabushi Mabushi Abuja,2026-06-01 11:44:03
1 Bedroom Flat,"₦ 4,000,000/year",Naf Valley Estate Asokoro Asokoro Abuja,2026-06-01 11:44:03
A Nicely Built 4 Bedroom Duplex,"₦ 10,000,000",Gwarinpa Abuja,2026-06-01 11:44:03
2 Bedroom Apartment,"₦ 220,000,000",Lekki Phase 1 Lekki Lagos,2026-06-01 11:44:03
A Newly Built 5 Bedroom Terrace With Bq,"₦ 40,000,000",An Estate Wuse 2 Abuja,2026-06-01 11:44:03
1 Bedroom Flat,"₦ 2,500,000/year",Gwarinpa Abuja,2026-06-01 11:44:03
4 Bedroom Terraced Duplex With Bq,"₦ 15,000,000/year","Navy Estate, Asokoro Abuja",2026-06-01 11:44:03
4 Bedroom Detached Duplex,"₦ 30,000,000/year",Wuse Zone 1 Wuse 1 Abuja,2026-06-01 11:44:03
5 Bedroom Detached Duplex,"₦ 25,000,000/year",Lifecamp District Abuja ( Video Of The House Is (available) Life Camp Abuja,2026-06-01 11:44:03
Newly Renovated 3 Bedroom Flat,"₦ 10,000,000/year","Wuse Zone 6, Wuse 1 Abuja",2026-06-01 11:44:03
3 Bedroom Flat With 1 Bq,"₦ 15,000,000",Wuse 2 Abuja,2026-06-01 11:44:03
A Newly Built Standard Shop In A Mall(ground Floor),"₦ 4,000,000",Gwarinpa Abuja,2026-06-01 11:44:03
Shop/office Space,"₦ 2,800,000/year",Guzape Abuja,2026-06-01 11:44:03
2 Bedroom Flat,"₦ 7,500,000/year",Wuse2 Wuse 2 Abuja,2026-06-01 11:44:03
Newly Built 2 Bedroom Flat,"₦ 4,500,000/year","After Berger Clinic, Life Camp Abuja",2026-06-01 11:44:03
Beautifully Furnished 4 Bedroom Duplex,"₦ 30,000,000",Guzape Abuja,2026-06-01 11:44:12
Standard 3 Bedroom Flat,"₦ 12,000,000/year",Wuse2 Wuse 2 Abuja,2026-06-01 11:44:12
200sqm Shop Space,"₦ 50,000,000/year",Wuse District Wuse 2 Abuja,2026-06-01 11:44:12
Spacious Self Contain,"₦ 2,000,000/year",Asokoro Asokoro Abuja,2026-06-01 11:44:12
Spacious Room Self Contained,"₦ 2,000,000/year",Wuye Abuja,2026-06-01 11:44:12
Standard 4 Bedroom Duplex With A Bq,"₦ 15,000,000/year",Close To Family Worship Wuye Abuja,2026-06-01 11:44:12
Spacious 2 Bedrooms Flat Ensuite,"₦ 7,000,000",Wuye Main Wuye Abuja,2026-06-01 11:44:12
4 Bedrooms Duplex+bq,"₦ 7,000,000",Life Camp Life Camp Abuja,2026-06-01 11:44:12
New 4 Bedrooms Semi Detached Duplex+bq,"₦ 25,000,000",Mabushi Mabushi Abuja,2026-06-01 11:44:12
Spacious 2 Bedrooms Flat,"₦ 6,000,000",Jabi Main Jabi Abuja,2026-06-01 11:44:12
"Luxury 5bed Wit Pool,cinema In Secured Est With Light","₦ 300,000,000",Abraham Adesanya Estate Ajah Lagos,2026-06-01 11:44:12
3 Bedrooms Flat 2nd Floor +bq,"₦ 12,000,000",Mabushi Mabushi Abuja,2026-06-01 11:44:12
5 Bedrooms Semi Detached Duplex,"₦ 50,000,000",Maitama Main Maitama Abuja,2026-06-01 11:44:12
Spacious 3 Bedrooms Flat Ensuite,"₦ 7,000,000",Guzape Fha Guzape Abuja,2026-06-01 11:44:12
Spacious 1 Bedroom Flat,"₦ 4,000,000",Mabushi Mabushi Abuja,2026-06-01 11:44:12
2 Bedrooms Bungalow,"₦ 10,000,000",Diplomatic Zone Asokoro Abuja,2026-06-01 11:44:12
3 Bedrooms Flat Ensuite,"₦ 8,000,000",Around Aminu Kano Crescent Wuse 2 Wuse 2 Abuja,2026-06-01 11:44:12
2 Bedroom Terraced Duplex,"₦ 2,700,000/year","Ushafa Scc Road, Kubwa Abuja",2026-06-01 11:44:12
2 Bedrooms Flat Ensuite,"₦ 4,500,000",Galadimawa Galadimawa Abuja,2026-06-01 11:44:12
4 Bedrooms Terrace,"₦ 15,000,000",Mabushi Mabushi Abuja,2026-06-01 11:44:12
3 Bedrooms Flat,"₦ 6,000,000",Idu By Turkish Hospital Idu Abuja,2026-06-01 11:44:12
4 Bedrooms Duplex With Bq,"₦ 13,000,000",In An Estate Galadimawa Abuja,2026-06-01 11:44:12
Newly Built Furnished&serviced 2&3 Bed Block Of Flat,"$ 45,000",Maitama By Fruit Market Maitama Abuja,2026-06-01 11:44:18
Spacious 2 Bedrooms Flat Ensuite,"₦ 7,000,000",Wuye Main Wuye Abuja,2026-06-01 11:44:18
New 3 Bedrooms Flat Ensuite,"₦ 7,000,000",Kado Next Cash And Carry Kado Abuja,2026-06-01 11:44:18
4 Bedrooms Detached Duplex,"₦ 15,000,000",By Nizamiye Hospital Idu Abuja,2026-06-01 11:44:18
3 Bedrooms Flat,"₦ 8,000,000",Mabushi Mabushi Abuja,2026-06-01 11:44:18
New 1 Bedroom Flat 2 Toilets,"₦ 3,000,000",In An Estate Galadimawa Abuja,2026-06-01 11:44:18
Spacious 1 Bedroom Flat 2 Toilets,"₦ 3,200,000",Dawaki By News Engineering Gwarinpa Abuja,2026-06-01 11:44:18
1 Bedroom Penthouse 2 Toilets,"₦ 4,000,000",Life Camp Extension Life Camp Abuja,2026-06-01 11:44:18
New 1 Bedroom Flat,"₦ 3,000,000",Dawaki By News Engineering Gwarinpa Abuja,2026-06-01 11:44:18
2 Bedrooms Flat Ensuite,"₦ 4,500,000",Durumi District Durumi Abuja,2026-06-01 11:44:18
5bed Detached+2bq..,"₦ 7,500,000,000",Banana Island Ikoyi Lagos,2026-06-01 11:44:18
Spacious 1 Bedroom Flat 2 Toilets,"₦ 5,000,000",Wuye Main Wuye Abuja,2026-06-01 11:44:18
2 Bedrooms Flat,"₦ 5,000,000",Area 11 Garki 1 Abuja,2026-06-01 11:44:18
Self Contained,"₦ 2,000,000",Apo Legislative Qtrs Apo Abuja,2026-06-01 11:44:18
Furnished 4 Bedrooms Terrace Duplex,"₦ 25,000,000",Jahi Gilmore Jahi Abuja,2026-06-01 11:44:18
New 4 Bedrooms Terrace+bq,"₦ 15,000,000",Life Camp Main Life Camp Abuja,2026-06-01 11:44:18
New 4 Bedrooms Terrace Duplex+bq,"₦ 12,000,000",Mabushi Mabushi Abuja,2026-06-01 11:44:18
Classic 2 Bedrooms Flat Ensuite,"₦ 5,000,000",Dawaki News Engineering Road Gwarinpa Abuja,2026-06-01 11:44:18
New 2 Bedroom Terrace Duplex,"₦ 5,000,000",Life Camp Life Camp Abuja,2026-06-01 11:44:18
2 Bedrooms Duplex,"₦ 4,000,000",Von Road Lugbe Lugbe Abuja,2026-06-01 11:44:18
1 Bedroom Flat,"₦ 1,500,000",By Ghana Intl School Life Camp Abuja,2026-06-01 11:44:18
New 3 Bedrooms Terrace Duplex,"₦ 7,000,000",Gwarinpa Abuja,2026-06-01 11:44:18
Newly Built Furnished&serviced 2&3 Bed Block Of Flat,"$ 45,000",Maitama By Fruit Market Maitama Abuja,2026-06-01 11:44:24
4 Bedrooms Flat Second Floor,"₦ 12,000,000",Mabushi Mabushi Abuja,2026-06-01 11:44:24
Massive 2 Bedrooms Flat,"₦ 6,000,000",Area 11 Garki 1 Abuja,2026-06-01 11:44:24
Spacious 3 Bedrooms Flat 1st Floor,"₦ 6,000,000",Durumi Durumi Abuja,2026-06-01 11:44:24
2 Bedroom Flat,"₦ 3,000,000/year","Katampe Main By Nicon Junction, Katampe Main Abuja",2026-06-01 11:44:24
4 Bedroom Semi Detached Duplex,"₦ 15,000,000/year",Utako District Utako Abuja,2026-06-01 11:44:24
2bedroom Flat For Rent In Jahi,"₦ 4,500,000/year",Jahi District By Aduve Jahi Abuja,2026-06-01 11:44:24
New 2 Bedroom Flat,"₦ 4,000,000/year",Wuse 1 Abuja,2026-06-01 11:44:24
Office Space For Rent In Wuse2,"₦ 200,000",Wuse2 Wuse 2 Abuja,2026-06-01 11:44:24
Furnished 2bedroom Apartment In Mabushi,"₦ 14,500,000",Mabushi District Mabushi Abuja,2026-06-01 11:44:24
Luxury 5 Bedroom Fully Detached Duplex With Bq,"₦ 260,000,000",Thomas Estate Ajah Lagos,2026-06-01 11:44:24
2bedroom Flat For Rent In Wuse,"₦ 4,000,000",Wuse Zone1 Zone 1 Wuse 1 Abuja,2026-06-01 11:44:24
Shop Space For Rent In Wuse2,"₦ 15,000,000",Ademola Adetokunbo Crescent Wuse 2 Abuja,2026-06-01 11:44:24
3bedroom Flat For Lease In Katampe Main,"₦ 3,000,000/year",Katampe Main Katampe Main Abuja,2026-06-01 11:44:24
4bedroom Semi Detached Duplex For Rent In Jabi,"₦ 15,000,000/year",Jabi District Jabi Abuja,2026-06-01 11:44:24
3bedroom Flat For With Bq For Rent In Utako,"₦ 8,000,000",Utako District Utako Abuja,2026-06-01 11:44:24
Furnished 3bedroom Flat For Rent In Jabi,"₦ 30,000,000/year",Jabi Jabi Abuja,2026-06-01 11:44:24
4bedroom Terrace Duplex For Rent In Katampe Main,"₦ 15,000,000/year",Katampe Main Katampe Main Abuja,2026-06-01 11:44:24
1bedroom Flat For Rent In Utako,"₦ 4,500,000/year",Utako District Utako Abuja,2026-06-01 11:44:24
3 Bedroom Flat,"₦ 7,500,000/year",Wuye Abuja,2026-06-01 11:44:24
1bedroom Flat For Rent In Wuse2,"₦ 4,500,000/year",Wuse2 Wuse 2 Abuja,2026-06-01 11:44:24
4 Bedroom Terrace Duplex With Bq,"₦ 15,000,000/year",By V I O Mabushi Abuja,2026-06-01 11:44:24
Newly Built Furnished&serviced 2&3 Bed Block Of Flat,"$ 45,000",Maitama By Fruit Market Maitama Abuja,2026-06-01 11:44:31
3bedroom Bungalow For Rent In Wuse,"₦ 15,000,000",Wuse Zone6 Wuse 1 Abuja,2026-06-01 11:44:31
New 3bedroom Flat For Rent In Katampe Main,"₦ 9,000,000/year",Katampe Main By Aso Radio Katampe Main Abuja,2026-06-01 11:44:31
Furnished 4bedroom Terrace Duplex For Rent In Guzape,"₦ 30,000,000/year",Guzape District Guzape Abuja,2026-06-01 11:44:31
4 Bedroom Duplex,"₦ 35,000,000/year",Maitama Abuja,2026-06-01 11:44:31
5 Bedroom Fully Detached Duplex,"₦ 80,000,000/year",Maitama Abuja,2026-06-01 11:44:31
Serviced 4 Bedroom Terrace Duplex With Bq,"₦ 20,000,000/year",Kado Abuja,2026-06-01 11:44:31
Fully Serviced 3 Bedroom Terrace Duplex With Bq,"₦ 10,000,000","Cedar Crest Hospital, Apo Fct Abuja. Zone B Apo Abuja",2026-06-01 11:44:31
Fully Furnished 3 Bedroom Apartment With Bq,"₦ 40,000,000/year","Wuse 2 District Fct, Wuse 2 Abuja",2026-06-01 11:44:31
Serviced 3 Bedroom Apartment With Bq,"₦ 10,000,000/year",Gilmore District Jahi Abuja,2026-06-01 11:44:31
Fully Serviced 2 Bedroom Apartment With Pool,"₦ 280,000,000",Lekki Phase 1 Lekki Lagos,2026-06-01 11:44:31
Serviced 3 Bedroom Apartment With Bq,"₦ 10,000,000/year",Mabushi Abuja,2026-06-01 11:44:31
Fully Serviced 2 Bedroom Terrace Duplex With Bq,"₦ 7,000,000","Naf Valley Estate, Asokoro Fct Abuja. Asokoro Abuja",2026-06-01 11:44:31
Clean 5 Bedroom Duplex With Bq,"₦ 25,000,000",Extention Katampe Extension Katampe Abuja,2026-06-01 11:44:31
Super Clean 4 Bedroom Terrace Duplex With Bq,"₦ 17,000,000/year",Guzape Main Guzape Abuja,2026-06-01 11:44:31
Clean 3 Bedroom Apartment With Bq,"₦ 13,000,000/year",Guzape Main Guzape Abuja,2026-06-01 11:44:31
Newly Built 4 Bedroom Duplex,"₦ 15,000,000/year",Guzape Main Guzape Abuja,2026-06-01 11:44:31
4 Bedroom Duplex,"₦ 16,000,000/year",Guzape Main Guzape Abuja,2026-06-01 11:44:31
Clean 4 Bedroom Duplex,"₦ 25,000,000",Guzape Main Guzape Abuja,2026-06-01 11:44:31
Clean 3 Bedroom Bungalow,"₦ 15,000,000/year",Asokoro Main Asokoro Abuja,2026-06-01 11:44:31
Clean 4 Bedroom Duplex With Bq,"₦ 11,000,000",In A Mini Estate Mabushi Abuja,2026-06-01 11:44:31
Super Clean Furnished 4 Bedroom Duplex With Bq,"₦ 30,000,000/year",Wuye Main In A Mini Estate Wuye Abuja,2026-06-01 11:44:31
Beautifully Furnished 4 Bedroom Duplex,"₦ 30,000,000",Guzape Abuja,2026-06-01 11:44:38
4 Bedrom Duplex,"₦ 40,000,000/year",Guzape Main Guzape Abuja,2026-06-01 11:44:38
Clean 4 Bedroom Duplex,"₦ 40,000,000",Maitama Main Maitama Abuja,2026-06-01 11:44:38
Furnished 3 Bedroom Apartment,"₦ 15,000,000/year",Jahi Abuja,2026-06-01 11:44:38
4 Bedroom Duplex With Bq And Rooftop,"₦ 20,000,000",Lakeview Jahi Jahi Abuja,2026-06-01 11:44:38
4 Bedroom Terrace Duplex,"₦ 15,000,000/year",Guzape By Hmedix Guzape Abuja,2026-06-01 11:44:38
Clean 4 Bedroom Terrace Triplex With Bq,"₦ 20,000,000",Katampe Extension Katampe Extension Katampe Abuja,2026-06-01 11:44:38
Standard 8 Bedroom Duplex With Chalet And Bq,"₦ 80,000,000",Guzape Main Guzape Abuja,2026-06-01 11:44:38
Clean 5 Bedroom Terrace With Bq,"₦ 25,000,000",Guzape Main Guzape Abuja,2026-06-01 11:44:38
4 Bedroom Terrace Duplex,"₦ 10,000,000",In An Estate Gaduwa Abuja,2026-06-01 11:44:38
4 Bedroom Detached Duplex With Bq,"₦ 1,750,000,000",Parkview Estate Ikoyi Lagos,2026-06-01 11:44:38
Clean Massive 5 Bedroom With Bq,"₦ 25,000,000",Guzape Main Guzape Abuja,2026-06-01 11:44:38
5 Bedroom Duplex With Bq,"₦ 40,000,000",Asokoro Main Asokoro Abuja,2026-06-01 11:44:38
New 4 Bedroom Semi Detached Duplex,"₦ 25,000,000",Guzape Main Guzape Abuja,2026-06-01 11:44:38
Clean And Furnished 3 Bedroom Terrace Duplex,"₦ 18,000,000",Naf Valley Asokoro Asokoro Abuja,2026-06-01 11:44:38
4 Bedroom Terrace Duplex,"₦ 20,000,000/year",Garki Area One Axis Area 1 Garki 1 Abuja,2026-06-01 11:44:38
4 Bedroom Duplex,"₦ 15,000,000/year",Apo Legislative By Dme Apo Abuja,2026-06-01 11:44:38
5 Bedroom Terrace Duplex With Bq,"₦ 25,000,000/year",Guzape Main Mini Estate Guzape Abuja,2026-06-01 11:44:38
Clean And Furnished 4 Bedroom Terrace Duplex With Bq,"₦ 30,000,000/year",Guzape Main Guzape Abuja,2026-06-01 11:44:38
4 Bedroom Terrace Duplex,"₦ 12,000,000/year",Apo Legislative Zone B Apo Abuja,2026-06-01 11:44:38
Stand Alone 5 Bedroom Duplex,"₦ 80,000,000",Maitama Main Maitama Abuja,2026-06-01 11:44:38
Clean 4 Bedroom Duplex With Bq,"₦ 30,000,000/year",Wuse 2 Abuja,2026-06-01 11:44:38
Newly Built Furnished&serviced 2&3 Bed Block Of Flat,"$ 45,000",Maitama By Fruit Market Maitama Abuja,2026-06-01 11:44:47
Super Clean 3 Bedroom Duplex,"₦ 15,000,000",Jabi Abuja,2026-06-01 11:44:47
New 4 Bedroom Duplex With Bq,"₦ 13,000,000",Apo Lokogoma Axis By Copa Cabana Estate Apo Abuja,2026-06-01 11:44:47
4 Bedroom Terrace Duplex With Bq,"₦ 20,000,000/year",Kado Abuja,2026-06-01 11:44:47
3 Bedroom Bungalow,"₦ 6,000,000/year",Lokogoma Abuja,2026-06-01 11:44:47
3 Bedroom Luxury Apartment,"₦ 8,500,000/year",Kaura (games Village) Abuja,2026-06-01 11:44:47
4 Bedroom Semi Detached Duplex With Bq,"₦ 35,000,000/year",Wuse 2 Abuja,2026-06-01 11:44:47
4 Bedroom Terraced Duplex With Bq,"₦ 15,000,000/year",Mabushi Abuja,2026-06-01 11:44:47
3 Bedroom Terrace Duplex With Bq,"₦ 7,000,000",Life Camp Abuja,2026-06-01 11:44:47
4 Bedroom Semi Detached Duplex,"₦ 10,000,000",Apo Dutse Abuja,2026-06-01 11:44:47
Luxury 4 Bedroom Terraced Duplex With Bq,"₦ 400,000,000",Lekki Phase 1 Lekki Lagos,2026-06-01 11:44:47
2 Bedroom With Bq,"$ 35,000",Wuse 2 Abuja,2026-06-01 11:44:47
3 Bedroom Detached Duplex,"₦ 50,000,000/year",Maitama Abuja,2026-06-01 11:44:47
3 Bedroom Apartment With Bq,"$ 45,000",Wuse 2 Abuja,2026-06-01 11:44:47
4 Bedroom Penthouse With 2 Rooms Bq,"$ 150,000",Wuse 2 Abuja,2026-06-01 11:44:47
6 Bedroom Detached Duplex With 2 Rooms Bq,"₦ 45,000,000",Asokoro Asokoro Abuja,2026-06-01 11:44:47
Fully Furnished 14 Units Of Commercial Property,"₦ 90,000,000",Gwarinpa Abuja,2026-06-01 11:44:47
4 Bedroom Penthouse With 2 Rooms Bq,"$ 150,000",Wuse 2 Abuja,2026-06-01 11:44:47
Park And Recreation,"₦ 20,000,000/year",Area 8 Garki 2 Abuja,2026-06-01 11:44:47
Office Space,"₦ 15,000,000/year",Wuse 2 Abuja,2026-06-01 11:44:47
3 Bedroom Terrace Duplex With Bq,"₦ 10,000,000",Apo Abuja,2026-06-01 11:44:47
4 Bedroom Terrace,"₦ 6,500,000",Apo Resettlement Apo Abuja,2026-06-01 11:44:47
Beautifully Furnished 4 Bedroom Duplex,"₦ 30,000,000",Guzape Abuja,2026-06-01 11:44:53
4 Bedroom Terrace Duplex,"₦ 9,000,000/year",Idu Abuja,2026-06-01 11:44:53
6 Bedroom Fully Detached Duplex With Bq,"₦ 35,000,000",Katampe Extension Katampe Abuja,2026-06-01 11:44:53
4 Bedroom Detached Duplex With Bq,"₦ 6,000,000",Lokogoma Abuja,2026-06-01 11:44:53
6 Bedroom Detached Duplex With Bq,"₦ 25,000,000",Jabi Abuja,2026-06-01 11:44:53
3 Bedroom Apartment,"₦ 5,500,000",Durumi Abuja,2026-06-01 11:44:53
Self Contain Available,"₦ 2,500,000",Lokogoma Abuja,2026-06-01 11:44:53
4 Bedroom Semi Detached Duplex With Bq,"₦ 10,000,000",Apo Dutse Abuja,2026-06-01 11:44:53
Shop Space,"₦ 10,000,000/year",Gudu Gaduwa Abuja,2026-06-01 11:44:53
4 Bedroom Terrace With Bq,"₦ 10,000,000",Apo By Cedar Crest Apo Abuja,2026-06-01 11:44:53
5 Bedroom Detached Duplex With Bq,"₦ 1,850,000,000",Parkview Estate Ikoyi Lagos,2026-06-01 11:44:53
4 Bedroom Penthouse With 2 Rooms Bq,"$ 150,000",Wuse 2 Abuja,2026-06-01 11:44:53
4 Bedroom Detached Duplex With Bq,"₦ 25,000,000/year",Maitama Abuja,2026-06-01 11:44:53
4 Bedroom Terrace,"₦ 6,500,000",Apo Legislative Apo Abuja,2026-06-01 11:44:53
Commercial Property,"₦ 80,000,000",Wuse 2 Abuja,2026-06-01 11:44:53
4 Bedroom Terrace Duplex,"₦ 35,000,000",Maitama Abuja,2026-06-01 11:44:53
6 Bedroom Duplex With 2 Room Bq,"₦ 45,000,000",Asokoro Abuja,2026-06-01 11:44:53
6 Bedroom Detached Duplex With 2 Rooms Bq,"₦ 45,000,000",Asokoro Asokoro Abuja,2026-06-01 11:44:53
2 Bedroom Block Of Flats,"₦ 3,000,000/year",Airport Road Lugbe Abuja,2026-06-01 11:44:53
Newly Built 4 Bedroom Duplex,"₦ 7,000,000/year",Nut Axis Lugbe Lugbe Abuja,2026-06-01 11:44:53
Newly Built 2 Bedroom Block Of Flats,"₦ 4,000,000/year",Along Von Garden Estate Road Lugbe Abuja,2026-06-01 11:44:53
Newly Built 4 Bedroom Terrace Duplex,"₦ 7,000,000/year",Seaman Estate Lugbe Abuja,2026-06-01 11:44:53
Newly Built Furnished&serviced 2&3 Bed Block Of Flat,"$ 45,000",Maitama By Fruit Market Maitama Abuja,2026-06-01 11:45:01
Spacious 3 Bedroom Bungalow With A Bq,"₦ 6,000,000/year","Von Garden Estate, Lugbe Abuja",2026-06-01 11:45:01
Newly Built 3 Bedroom Apartment,"₦ 3,500,000/year",Aso Estate Lugbe Lugbe Abuja,2026-06-01 11:45:01
Standard 3 Bedroom Bungalow,"₦ 5,500,000/year",Along Von Garden Estate Road Lugbe Abuja,2026-06-01 11:45:01
Luxury 4 Bedroom Duplex With Bq,"₦ 6,500,000/year",Along Von Garden Estate Road Lugbe Abuja,2026-06-01 11:45:01
Newly Built 3 Bedroom Bungalow,"₦ 4,000,000/year",Pyakasa Lugbe Lugbe Abuja,2026-06-01 11:45:01
Newly Built Room Self Contained,"₦ 1,000,000/year",Pyakasa Lugbe Abuja,2026-06-01 11:45:01
Sharp 1 Bedroom Apartment,"₦ 2,000,000/year",Pyakasa Lugbe Lugbe Abuja,2026-06-01 11:45:01
Sharp 1 Bedroom Apartment,"₦ 1,500,000/year",Fha Lugbe Lugbe Abuja,2026-06-01 11:45:01
Standard 3 Bedroom Block Of Flats,"₦ 5,000,000/year","River Park Estate, Lugbe Abuja",2026-06-01 11:45:01
Luxury 4 Bedroom Terraced Duplex With Bq,"₦ 400,000,000",Lekki Phase 1 Lekki Lagos,2026-06-01 11:45:01
Sharp 1 Bedroom Apartment,"₦ 2,000,000/year",Pyakasa Lugbe Lugbe Abuja,2026-06-01 11:45:01
Newly Built Room Self Contained,"₦ 900,000/year","Pyakasa, Lugbe Abuja",2026-06-01 11:45:01
Spacious 2 Bedroom Block Of Flats,"₦ 2,400,000/year",Sauka New Site Estate Lugbe Abuja,2026-06-01 11:45:01
Sharp Self Contain Apartment,"₦ 650,000/year",Fha Extension Lugbe Abuja,2026-06-01 11:45:01
Newly Built 4 Bedroom Fully Detached Duplex,"₦ 6,500,000/year",Behind Dunamis Glory Dome Church Lugbe Abuja,2026-06-01 11:45:01
Standard 2 Bedroom Block Of Flats,"₦ 2,800,000/year","Fha, Lugbe Abuja",2026-06-01 11:45:01
Newly Built 4 Bedroom Terrace Duplex With 2 Bq,"₦ 13,000,000/year",Jahi Gilmore Lugbe Abuja,2026-06-01 11:45:01
Standard 3 Bedroom Semi Detached Duplex,"₦ 7,500,000/year","River Park Estate, Lugbe Abuja",2026-06-01 11:45:01
4 Bedroom Duplex With Attached Bq,"₦ 10,000,000/year",Behind Shafa Filling Station Lugbe Lugbe Abuja,2026-06-01 11:45:01
Spacious 4 Bedroom Duplex With 2 Bq,"₦ 10,000,000/year",River Park Estate Lugbe Abuja,2026-06-01 11:45:01
Newly Built 4 Bedroom Fully Detached Duplex,"₦ 6,000,000/year","Along Von Garden Estate Road, Lugbe Abuja",2026-06-01 11:45:01
Newly Built Furnished&serviced 2&3 Bed Block Of Flat,"$ 45,000",Maitama By Fruit Market Maitama Abuja,2026-06-01 11:45:08
Standard 4 Bedroom Penthouse Duplex,"₦ 10,000,000/year","River Park Estate, Lugbe Abuja",2026-06-01 11:45:08
Sharp 1 Bedroom Apartment,"₦ 1,700,000/year",Along Von Garden Estate Road Lugbe Abuja,2026-06-01 11:45:08
Newly Built 1 Bedroom Apartment,"₦ 2,500,000/year","Before Dunamis Glory Dome Church, Lugbe Abuja",2026-06-01 11:45:08
Newly Built Self Contained,"₦ 750,000/year","Fha Extension, Lugbe Abuja",2026-06-01 11:45:08
Sharp 2 Bedroom Block Of Flats,"₦ 2,000,000/year",Fha Lugbe Lugbe Abuja,2026-06-01 11:45:08
Newly Built 4 Bedroom Detached Duplex,"₦ 4,500,000/year",Along Von Garden Estate Road Lugbe Abuja,2026-06-01 11:45:08
Newly Built 4 Bedroom Terrace Duplex,"₦ 5,500,000/year",Along Von Garden Estate Road Lugbe Abuja,2026-06-01 11:45:08
Sharp 3 Bedroom Bungalow,"₦ 4,000,000/year","Von Garden Estate, Lugbe Abuja",2026-06-01 11:45:08
3 Bedroom Bungalow,"₦ 4,700,000/year",Kapua Lugbe Abuja,2026-06-01 11:45:08
Newly Built Furnished&serviced 2&3 Bed Block Of Flat,"$ 45,000",Maitama By Fruit Market Maitama Abuja,2026-06-01 11:45:08
Sharp 1 Bedroom Apartment,"₦ 2,000,000/year",Pyakasa Lugbe Lugbe Abuja,2026-06-01 11:45:08
Newly Built Self Contain Apartment,"₦ 850,000/year",Fha Extension Lugbe Lugbe Abuja,2026-06-01 11:45:08
Executive 2 Bedroom Apartment,"₦ 3,500,000/year",Lugbe Abuja,2026-06-01 11:45:08
Newly Built 3 Bedroom Apartment,"₦ 4,500,000/year",Along Von Garden Estate Road Lugbe Abuja,2026-06-01 11:45:08
Newly Built 4 Bedroom Terraced Duplex,"₦ 5,000,000/year","Opposite Dunamis Glory Dome Church, Lugbe Abuja",2026-06-01 11:45:08
Newly Built Self Contain Apartment,"₦ 700,000/year",Lugbe Abuja Lugbe Abuja,2026-06-01 11:45:08
Newly Built 3 Bedroom Block Of Flats,"₦ 3,000,000/year",Behind Dunamis Glory Dome Church Lugbe Abuja,2026-06-01 11:45:08
2 Bedroom Block Of Flats,"₦ 2,200,000/year",Fha Lugbe Abuja,2026-06-01 11:45:08
4 Bedroom Penthouse With 2 Bq,"₦ 12,000,000/year",River Park Estate Lugbe Abuja,2026-06-01 11:45:08
Room Self Contain Apartment,"₦ 900,000/year",Fha Axis Lugbe Lugbe Abuja,2026-06-01 11:45:08
Sharp 2 Bedroom Block Of Flats,"₦ 2,000,000/year",Fha Lugbe Lugbe Abuja,2026-06-01 11:45:08
Beautifully Furnished 4 Bedroom Duplex,"₦ 30,000,000",Guzape Abuja,2026-06-01 11:45:15
Sharp 4 Bedroom Fully Detached Duplex,"₦ 200,000,000","Lugbe Airport Road, Lugbe Abuja",2026-06-01 11:45:15
Newly Built Self Contain Apartment,"₦ 1,000,000/year",Pyakasa Lugbe Lugbe Abuja,2026-06-01 11:45:15
Spacious 4 Bedroom Terrace Duplex,"₦ 5,000,000/year",Along Von Garden Estate Road Lugbe Abuja,2026-06-01 11:45:15
Newly Built 4 Bedroom Apartment,"₦ 4,000,000/year",Dunamis Glory Dome Axis Lugbe Abuja,2026-06-01 11:45:15
Sharp 1 Bedroom Apartment,"₦ 2,000,000/year",Pyakasa Lugbe Lugbe Abuja,2026-06-01 11:45:15
Newly Built 2 Bedroom Flat,"₦ 4,000,000/year",Nut Axis Lugbe Abuja,2026-06-01 11:45:15
Spacious 2 Bedroom Block Of Flats,"₦ 4,000,000/year","Behind Dunamis Glory Dome Church, Lugbe Abuja",2026-06-01 11:45:15
Sharp 2 Bedroom Block Of Flats,"₦ 2,000,000/year",Crd Fha Lugbe Lugbe Abuja,2026-06-01 11:45:15
Newly Built Self Contained,"₦ 900,000/year","Samaglobal Estate, Lugbe Abuja",2026-06-01 11:45:15
Unfurnished 2 Bedroom With Pool For Sale,"₦ 150,000,000",Ikate Lekki Lagos,2026-06-01 11:45:15
Spacious Self Contain Apartment,"₦ 700,000/year",Fha Extension Lugbe Lugbe Abuja,2026-06-01 11:45:15
Room Self Contain,"₦ 700,000/year",Peace Village Fha Lugbe Lugbe Abuja,2026-06-01 11:45:15
Sharp 3 Bedroom Bungalow With Bq,"₦ 5,000,000/year","Von Garden Estate, Lugbe Abuja",2026-06-01 11:45:15
Newly Built 4 Bedroom Terrace Duplex With Bq,"₦ 15,000,000/year",Mabushi Abuja,2026-06-01 11:45:15
Newly Built 2 Bedroom Block Of Flats,"₦ 5,000,000/year",River Park Estate Lugbe Abuja,2026-06-01 11:45:15
Newly Built Self Contained,"₦ 1,000,000/year","Fha, Lugbe Abuja",2026-06-01 11:45:15
Newly Built Self Contained,"₦ 1,000,000/year",Fha Lugbe Abuja,2026-06-01 11:45:15
Sharp 1 Bedroom Apartment,"₦ 2,000,000/year",Pyakasa Lugbe Lugbe Abuja,2026-06-01 11:45:15
3 Bedroom Penthouse,"₦ 5,000,000/year",Along Von Garden Estate Road Lugbe Abuja,2026-06-01 11:45:15
Sharp 4 Bedroom Terraced Duplex,"₦ 9,000,000/year","River Park Estate, Lugbe Abuja",2026-06-01 11:45:15
4 Bedroom Terrace Duplex,"₦ 13,000,000/year",Life Camp Abuja Life Camp Abuja,2026-06-01 11:45:15
Beautifully Furnished 4 Bedroom Duplex,"₦ 30,000,000",Guzape Abuja,2026-06-01 11:45:22
Newly Built 2 Bedroom Block Of Flats,"₦ 5,000,000/year",River Park Estate Lugbe Abuja,2026-06-01 11:45:22
Fully Detached 4 Bedroom Bungalow,"₦ 3,500,000/year",Trade More Estate Lugbe Abuja,2026-06-01 11:45:22
Luxury 1 Bedroom Block Of Flats,"₦ 2,500,000/year",Dunamis Glory Dome Church Axis Lugbe Abuja,2026-06-01 11:45:22
Luxury Newly Built 2 Bedroom Block Of Flats,"₦ 4,000,000/year",Dunamis Glory Dome Axis Lugbe Lugbe Abuja,2026-06-01 11:45:22
Sharp 2 Bedroom Block Of Flats,"₦ 2,200,000/year",Crd Fha Lugbe Lugbe Abuja,2026-06-01 11:45:22
Newly Built 4 Bedroom Terrace Duplex,"₦ 9,000,000/year",Nut Axis Lugbe Abuja,2026-06-01 11:45:22
Newly Built Shop In A Plaza,"₦ 2,200,000/year",Fha Lugbe Abuja,2026-06-01 11:45:22
Newly Built And Very Spacious 2 Bedroom Block Of Flats,"₦ 3,500,000/year",Jedo/dunamis Area Lugbe Abuja,2026-06-01 11:45:22
4 Bedroom Detached Duplex (partly Furnished),"₦ 8,000,000/year",Nut Axis Behind Shafa Filling Station Lugbe Abuja,2026-06-01 11:45:22
4 Bedroom Duplex,"₦ 310,000,000",Bluegate Oluyole Estate Ibadan Oyo,2026-06-01 11:45:22
4 Bedroom Terrace Duplex,"₦ 5,500,000/year",Along Von Garden Estate Road Lugbe Abuja,2026-06-01 11:45:22
4 Bedroom Terrace Duplex,"₦ 5,000,000/year",Lugbe Airport Road Lugbe Abuja,2026-06-01 11:45:22
Sharp 5 Bedroom Duplex,"₦ 5,000,000/year",Seaman Estate Lugbe Abuja,2026-06-01 11:45:22
Standard 2 Bedroom Bungalow,"₦ 2,500,000/year",Pyakasa Lugbe Lugbe Abuja,2026-06-01 11:45:22
Well Finished 4 Bedroom Penthouse With 2 Bq,"₦ 9,000,000/year","Along Von Garden Estate Road, Lugbe Abuja",2026-06-01 11:45:22
Luxury Newly Built 4 Bedroom Terraced Duplex,"₦ 6,000,000/year","Seaman Estate, Lugbe Abuja",2026-06-01 11:45:22
Spacious 2 Bedroom Block Of Flats,"₦ 6,000,000/year",River Park Estate Lugbe Abuja,2026-06-01 11:45:22
4 Bedroom Terrace Duplex,"₦ 5,000,000/year",Along Von Garden Estate Road Lugbe Abuja,2026-06-01 11:45:22
Newly Built Self Contain Apartment,"₦ 850,000/year",Fha Extension Lugbe Lugbe Abuja,2026-06-01 11:45:22
4 Bedroom Detached Duplex With Bq,"₦ 25,000,000/year",Mabushi Abuja,2026-06-01 11:45:22
3 Bedroom Apartment,"₦ 7,000,000/year",Forth Royal Estate Lugbe Abuja,2026-06-01 11:45:22
Beautifully Furnished 4 Bedroom Duplex,"₦ 30,000,000",Guzape Abuja,2026-06-01 11:45:31
4 Bedroom Detached Duplex,"₦ 50,000,000/year",Maitama Abuja,2026-06-01 11:45:31
3 Bedroom Flat,"₦ 20,000,000/year",Maitama Abuja,2026-06-01 11:45:31
4 Bedroom Semi Detached Duplex,"₦ 45,000,000/year",Maitama Abuja,2026-06-01 11:45:31
6 Units Of 3 Bedroom Apartments,"₦ 1,800,000,000/year",Asokoro Abuja,2026-06-01 11:45:31
"1,000 Sqm Land","₦ 2,900,000,000",Maitama Abuja,2026-06-01 11:45:31
4 Bedroom Flat,"₦ 10,000,000/year",Idu Abuja,2026-06-01 11:45:31
Very Massive 5 Bedrooms With 2 Rooms Bq,"₦ 75,000,000/year",Maitama Abuja,2026-06-01 11:45:31
2 Bedroom Flat,"₦ 4,500,000/year",River Park Estate Lugbe Abuja,2026-06-01 11:45:31
Well Refurbished 5 Bedrooms With 3 Bqs,"₦ 35,000,000/year",Zone 5 Wuse 1 Abuja,2026-06-01 11:45:31
4 Bedroom Maisonette,"₦ 400,000,000",Lekki Phase 1 Lekki Lagos,2026-06-01 11:45:31
Brand New 4 Bedrooms Apartment,"₦ 6,500,000/year",By Railway Idu Abuja,2026-06-01 11:45:31
Newly Built 4 Bedroom Terrace Duplex With Bq,"₦ 15,000,000/year",Life Camp Abuja,2026-06-01 11:45:31
Furnished 5 Bedroom Duplex With Bq,"₦ 30,000,000/year",Wuye Abuja,2026-06-01 11:45:31
Luxury Furnished And Serviced 3 Bedrooms,"₦ 30,000,000/year",Shoprite Jabi Abuja,2026-06-01 11:45:31
Well Refurbished 5 Bedrooms With 3 Bqs,"₦ 35,000,000/year",Zone 5 Wuse 1 Abuja,2026-06-01 11:45:31
Newly Built 2 Bedroom Apartment,"₦ 4,500,000/year",Life Camp Abuja,2026-06-01 11:45:31
127m² Office Space,"₦ 250,000/sqm",Wuse 2 Abuja,2026-06-01 11:45:31
Serviced 3 Bedroom Apartment With Bq,"₦ 25,000,000/year",Aso Drive Maitama Abuja,2026-06-01 11:45:31
Luxury Furnished 4 Bedrooms With Bq,"₦ 30,000,000/year",Guzape Abuja,2026-06-01 11:45:31
New Luxury 4 Bedroom Terraced Duplex With Bq,"₦ 12,000,000/year",Vio Mabushi Abuja,2026-06-01 11:45:31
Brand New Luxury Finished 4 Bedrooms,"₦ 4,500,000",Von Lugbe Abuja,2026-06-01 11:45:31
Newly Built Furnished&serviced 2&3 Bed Block Of Flat,"$ 45,000",Maitama By Fruit Market Maitama Abuja,2026-06-01 11:45:40
Office Space,"₦ 150,000,000/year",Maitama Abuja,2026-06-01 11:45:40
Nicely Finished 2 Bedrooms,"₦ 5,000,000/year",Behind Aduvil School Jahi Abuja,2026-06-01 11:45:40
2 Bedroom Flat,"₦ 7,500,000/year",Wonder Land Estate Kukwaba Abuja,2026-06-01 11:45:40
Serviced 2 Bedroom Apartment,"₦ 25,000,000/year",Shoprite Jabi Abuja,2026-06-01 11:45:40
"1,200m2 Open Plan Office Space","₦ 75,000/sqm","Amado Belle Way, Mabushi Abuja",2026-06-01 11:45:40
Luxury Finished 4 Bedrooms With 2 Bq,"₦ 12,000,000/year",River Park Estate Lugbe Abuja,2026-06-01 11:45:40
4 Bedroom Fully Detached Duplex With Bq,"₦ 7,000,000/year",Behind Dunamis Lugbe Abuja,2026-06-01 11:45:40
Brand New Luxury 5 Bedroom Terraced Duplex With Bq,"₦ 25,000,000/year","Wuse Zone, Wuse 1 Abuja",2026-06-01 11:45:40
Suya Spot And Fish Spot,"₦ 2,000,000/year",Garki 1 Abuja,2026-06-01 11:45:40
Waterfront 5bed+bq..,"₦ 7,000,000,000",Banana Island Ikoyi Lagos,2026-06-01 11:45:40
2 Bedroom Flat,"₦ 3,700,000/year",Garki 1 Abuja,2026-06-01 11:45:40
3 Bedroom Flat,"₦ 8,000,000",Katampe Main Abuja,2026-06-01 11:45:40
2 Bedroom Flat,"₦ 3,700,000/year",Garki 1 Abuja,2026-06-01 11:45:40
Big Garden,"₦ 15,000,000/year",Garki 1 Abuja,2026-06-01 11:45:40
54sqm Office/shop Space,"₦ 3,500,000/year",Utako Abuja,2026-06-01 11:45:40
Office Space,"₦ 1,200,000/year",Utako Abuja,2026-06-01 11:45:40
75sqm Office Space In Maitama,"₦ 5,000,000/year",Maitama Abuja,2026-06-01 11:45:40
Shop,"₦ 1,500,000/year",Garki 2 Abuja,2026-06-01 11:45:40
41sqm Shop Space,"₦ 6,000,000/year",Asokoro Abuja,2026-06-01 11:45:40
54sqm Office/shop Space,"₦ 2,500,000/year",Utako Abuja,2026-06-01 11:45:40
Shop Space,"₦ 2,000,000/year",Ademola Adetokunbo Wuse 2 Abuja,2026-06-01 11:45:40
Newly Built Furnished&serviced 2&3 Bed Block Of Flat,"$ 45,000",Maitama By Fruit Market Maitama Abuja,2026-06-01 11:45:59
44sqm Office Space,"₦ 2,970,000/year",Jabi Abuja,2026-06-01 11:45:59
Office Space,"₦ 5,500,000/year",Wuse 2 Abuja,2026-06-01 11:45:59
30sqm Office Space,"₦ 2,400,000/year",Wuse 2 Abuja,2026-06-01 11:45:59
30sqm Office Space In A Complex,"₦ 2,400,000/year",Garki 2 Abuja,2026-06-01 11:45:59
96sqm Office Space,"₦ 4,800,000/year",Gude Apo Abuja,2026-06-01 11:45:59
2 Bedroom Flat For Office Use,"₦ 7,500,000/year",Wuse 2 Abuja,2026-06-01 11:45:59
50sqm Office Space,"₦ 4,000,000/year",Area 3 Garki 2 Abuja,2026-06-01 11:45:59
Serviced Ground Floor 40sqm Office Space In Gudu,"₦ 5,000,000",Gudu Apo Abuja,2026-06-01 11:45:59
40sqm Office/shop Space,"₦ 1,500,000/year",Garki 2 Abuja,2026-06-01 11:45:59
4 Bedroom Fully Detached Duplex,"₦ 135,000,000",Carlton Gate Estate Akobo Ibadan Oyo,2026-06-01 11:45:59
42sqm Office Or Shop Space,"₦ 5,000,000/year",Jahi Abuja,2026-06-01 11:45:59
Serviced And Partitioned Office Space,"₦ 2,300,000/year",Zone 4 Wuse 1 Abuja,2026-06-01 11:45:59
80sqm Official Complex Space,"₦ 6,400,000/year",Garki 2 Abuja,2026-06-01 11:45:59
40sqm Office Space,"₦ 2,000,000/year",Jabi Abuja,2026-06-01 11:45:59
50sqm Shop/office Space,"₦ 13,000,000/year",Wuse 2 Abuja,2026-06-01 11:45:59
Shop/office Space Measuring 45sqm(ground Floor),"₦ 11,000,000/year",Ademola Adetokunbo Wuse 2 Abuja,2026-06-01 11:45:59
Furnished 4 Bedroom Terrace Duplex With Bq,"₦ 30,000,000/year",Katampe Main Abuja,2026-06-01 11:45:59
Serviced 3bedroom Flat (ground Floor),"₦ 9,000,000/year",Tarred Road Katampe Main Abuja,2026-06-01 11:45:59
Serviced & Spacious 3bedroom Flat(upstairs),"₦ 7,000,000/year",Katampe Extension Katampe Abuja,2026-06-01 11:45:59
4 Bedroom Terrace Duplex,"₦ 15,000,000/year",Life Camp Abuja,2026-06-01 11:45:59
4 Bedroom Terrace Duplex,"₦ 18,000,000/year",Guzape Abuja,2026-06-01 11:45:59
Newly Built Furnished&serviced 2&3 Bed Block Of Flat,"$ 45,000",Maitama By Fruit Market Maitama Abuja,2026-06-01 11:46:07
2 Bedroom Terrace Duplex,"₦ 3,000,000/year","F01 , Untarred Road Fo1 Layout Kubwa Abuja",2026-06-01 11:46:07
Newly Built 4 Bedroom Terrace Duplex With Bq,"₦ 8,000,000/year",Estate Idu Abuja,2026-06-01 11:46:07
4 Bedroom Fully Detached Duplex With Bq,"₦ 8,000,000/year",By Military Pension Board Fo1 Layout Kubwa Abuja,2026-06-01 11:46:07
2 Bedroom Flat,"₦ 3,000,000/year",Fcda Kubwa Abuja,2026-06-01 11:46:07
"Warehouse At Ldu, 6,200sqm, 40k Per Sqm","₦ 40,000/sqm",Idu Idu Industrial (institution And Research) Idu Abuja,2026-06-01 11:46:07
Newly Built 2 Bedroom Flat,"₦ 6,000,000/year",Estate Life Camp Abuja,2026-06-01 11:46:07
Newly Built 2 Bedroom Flat,"₦ 4,500,000/year",Hillview Estate Kubwa Abuja,2026-06-01 11:46:07
Newly Built 2 Bedroom Flat,"₦ 3,000,000/year",Fo1 Layout Kubwa Abuja,2026-06-01 11:46:07
Furnished 4 Bedroom Terraced Duplex,"₦ 35,000,000/year",Guzape Main Guzape Abuja,2026-06-01 11:46:07
Newly Built 4bedroom With Bq In Good Est,"₦ 110,000,000","By Abraham Adesanya, Ajah Lagos Abraham Adesanya Estate Ajah Lagos",2026-06-01 11:46:07
4 Bedroom Terrace Duplex With Bq,"₦ 16,000,000/year",Katempe Extension Katampe Extension Katampe Abuja,2026-06-01 11:46:07
3 Bedroom Flat,"₦ 3,500,000/year",Nepa Road Kubwa Abuja,2026-06-01 11:46:07
Office Space/ Office Building / Commercial,"₦ 135,000,000/year",Maitama Abuja,2026-06-01 11:46:07
4 Bedroom Terrace Duplex,"₦ 8,000,000/year",F01 Tarred Road Kubwa Abuja,2026-06-01 11:46:07
2 Bedroom Apartment,"₦ 2,500,000/year",F14 District Kubwa Abuja,2026-06-01 11:46:07
Detached 3 Bedroom Bungalow,"₦ 5,000,000/year",Fcda Layout Kubwa Abuja,2026-06-01 11:46:07
Shop For Rent @ 80 Sqm,"₦ 4,500,000/year",Kubwa Kubwa Abuja,2026-06-01 11:46:07
Newly Built 4 Bedroom Terrace Duplex,"₦ 7,500,000/year",Seaman Estate Lugbe Abuja,2026-06-01 11:46:07
Commercial / Office Building 1500sqm,"₦ 135,000,000/year",Main Maitama Maitama Abuja,2026-06-01 11:46:07
5 Bedroom Fully Detached Duplex With Bq+ Guest Chalet,"₦ 100,000,000/year",Maitama Main Maitama Abuja,2026-06-01 11:46:07
Fully Serviced And Furnished 1 Bedroom,"₦ 10,000,000/year",Maitama Abuja,2026-06-01 11:46:07
Newly Built Furnished&serviced 2&3 Bed Block Of Flat,"$ 45,000",Maitama By Fruit Market Maitama Abuja,2026-06-01 11:46:15
5 Bedroom Detached Duplex With 2 Rooms Bq,"₦ 60,000,000",Guzape Abuja,2026-06-01 11:46:15
Ambassadorial 5 Bedroom Detached Duplex,"₦ 100,000,000/year",Maitama Abuja,2026-06-01 11:46:15
4 Bedroom Terrace Duplex With Bq,"₦ 28,000,000/year",By Hmedix And Guzape Mall Guzape Abuja,2026-06-01 11:46:15
4 Bedroom Terrace Duplex With Bq,"₦ 25,000,000/year",By Hmedix And Guzape Mall Guzape Abuja,2026-06-01 11:46:15
Spacious 4 Bedroom Terrace Duplex With Bq,"₦ 9,000,000",Durumi Abuja,2026-06-01 11:46:15
Standard 2 Bedroom Flat,"₦ 4,500,000/year",Extension Galadimawa Abuja,2026-06-01 11:46:15
Spacious 4bedroom Fully Detached With Bq,"₦ 13,000,000/year",Apo Lokogoma Apo Abuja,2026-06-01 11:46:15
Newly Built 4 Bedroom Bongallow,"₦ 5,000,000/year",Pengasson Estate Galadimawa Galadimawa Abuja,2026-06-01 11:46:15
3 Bedroom Bungalow,"₦ 7,000,000/year",Efab Queens Estate Gwarinpa Extension Gwarinpa Abuja,2026-06-01 11:46:15
Luxury 5 Bedroom Fully Detached Duplex,"₦ 70,000,000/year",Parkview Estate Ikoyi Lagos,2026-06-01 11:46:15
Spacious 3 Bedroom Bongallow,"₦ 5,000,000/year",Galadimawa Extension Galadimawa Abuja,2026-06-01 11:46:15
2 Bedroom Flat,"₦ 3,000,000/year",Pengasson 3 Estate Galadimawa Galadimawa Abuja,2026-06-01 11:46:15
4 Bedroom Terrace Duplex,"₦ 17,000,000/year",Guzape Abuja,2026-06-01 11:46:15
4 Bedroom Terrace Duplex,"₦ 13,000,000/year",Jahi Abuja,2026-06-01 11:46:15
4 Bedroom Semi Detached House,"₦ 15,000,000/year",Gwarinpa Abuja,2026-06-01 11:46:15
4 Bedroom Semi Detached Duplex,"₦ 10,000,000/year",Lugbe Abuja,2026-06-01 11:46:15
2 Bedroom Apartment For Rent At Wuye,"₦ 7,000,000/year",Wuye Abuja,2026-06-01 11:46:15
4 Bedroom Terrace Duplex,"₦ 15,000,000/year",Life Camp Abuja,2026-06-01 11:46:15
4 Bedroom Terraced Duplex With 1 Bq,"₦ 8,000,000/year",Life Camp Abuja,2026-06-01 11:46:15
2 Bedroom Block Of Flat,"₦ 7,000,000/year",Jahi Abuja,2026-06-01 11:46:15
5 Bedroom Detached Duplex With Bq,"₦ 20,000,000/year",By Gilmore Jahi Abuja,2026-06-01 11:46:15
Newly Built Furnished&serviced 2&3 Bed Block Of Flat,"$ 45,000",Maitama By Fruit Market Maitama Abuja,2026-06-01 11:46:25
3 Bedroom Block Of Flats,"₦ 6,000,000/year",Life Camp Abuja,2026-06-01 11:46:25
Furnished 4 Bedroom Duplex,"₦ 27,000,000",Wuye Abuja,2026-06-01 11:46:25
Spacious 3 Bedroom Flat,"₦ 10,000,000/year",Wuse 2 Abuja,2026-06-01 11:46:25
3 Bedroom Apartment With Bq,"₦ 7,000,000/year",Life Camp Abuja,2026-06-01 11:46:25
4 Bedroom Terrace Duplex,"₦ 11,000,000/year",Life Camp Abuja,2026-06-01 11:46:25
4 Bedroom Terrace Duplex With Bq,"₦ 15,000,000/year",Life Camp Abuja,2026-06-01 11:46:25
Shop And Office Space,"₦ 14,000,000/year",Wuse 2 Abuja,2026-06-01 11:46:25
3 Bedroom Block Of Flat With Bq In Jahi For Rent,"₦ 9,000,000",Jahi Abuja,2026-06-01 11:46:25
Office Space,"₦ 150,000/sqm",Zone 5 Wuse 1 Abuja,2026-06-01 11:46:25
3 Bedroom Executive Suite,"₦ 285,000/day","Younis Bashorun Street Off Ajose Adeogun, Victoria Island Ajose Adeogun Street Victoria Island Lagos",2026-06-01 11:46:25
3 Bedroom Apartment,"₦ 6,500,000/year",Jahi Abuja,2026-06-01 11:46:25
Shop Space,"₦ 200,000/sqm",Zone 4 Wuse 1 Abuja,2026-06-01 11:46:25
Office Space For Rent,"₦ 5,000,000",Wuse 2 Abuja,2026-06-01 11:46:25
3 Bedroom Flat In Jahi For Rent,"₦ 12,000,000",Jahi Abuja,2026-06-01 11:46:25
7 Bedroom Office Space,"₦ 75,000,000/year",Zone 3 Wuse 1 Abuja,2026-06-01 11:46:25
2 Bedroom Block Of Flats,"₦ 6,000,000/year","Zone 3, Wuse 1 Abuja",2026-06-01 11:46:25
Newly Built 3 Bedroom Apartment,"₦ 12,000,000/year",Jahi Abuja,2026-06-01 11:46:25
2 Bedroom Block Of Flats,"₦ 22,000,000",Jabi Abuja,2026-06-01 11:46:25
3 Bedroom Block Of Flats,"₦ 12,500,000/year",Jahi Abuja,2026-06-01 11:46:25
3 Bedroom Block Of Flat With Bq In Jahi For Rent,"₦ 9,000,000",Jahi Abuja,2026-06-01 11:46:25
5 Bedroom Terrace Duplex,"₦ 25,000,000/year",Kado Abuja,2026-06-01 11:46:25
Beautifully Furnished 4 Bedroom Duplex,"₦ 30,000,000",Guzape Abuja,2026-06-01 11:46:35
New 7 Bedroom Semi Detached Duplex With Bq,"₦ 30,000,000",Kado Abuja,2026-06-01 11:46:35
3 Bedroom Block Of Flat,"₦ 20,000,000",Jahi Abuja,2026-06-01 11:46:35
Shop And Office Space,"₦ 60,000,000/year",Jabi Abuja,2026-06-01 11:46:35
4 Bedroom Terrace Duplex,"₦ 37,000,000/year",Maitama Abuja,2026-06-01 11:46:35
4 Bedroom Terrace Duplex,"₦ 12,000,000/year",Life Camp Abuja,2026-06-01 11:46:35
4 Bedroom Terrace Duplex With Bq,"₦ 15,000,000/year",Jahi Abuja,2026-06-01 11:46:35
4 Bedroom Penthouse,"₦ 7,000,000/year",Gwarimpa Main 3rd Avenue Gwarinpa Abuja,2026-06-01 11:46:35
4 Bedroom Terrace Duplex,"₦ 7,000,000/year",Life Camp Abuja,2026-06-01 11:46:35
1 Room Selfcon In Kado For Rent,"₦ 2,000,000",Kado Abuja,2026-06-01 11:46:35
Beautiful Luxury 5 Bedroom Detached Duplex With Bq,"₦ 1,000,000,000",Chevron Lekki Lagos,2026-06-01 11:46:35
2 Bedroom Block Of Flats,"₦ 8,000,000/year","Zone 3, Wuse 1 Abuja",2026-06-01 11:46:35
3 Bedroom Flat,"₦ 6,000,000/year",Life Camp Abuja,2026-06-01 11:46:35
Neatly Built 5 Bedroom Triplex Duplex With Bq,"₦ 22,000,000/year","Jahi, Gilmore Axis, Jahi Abuja",2026-06-01 11:46:35
5 Bedroom Fully Detached Duplex With Bq,"₦ 35,000,000/year",Kado Abuja,2026-06-01 11:46:35
Shop And Office Space For Rent,"₦ 8,000,000",Gwarinpa Abuja,2026-06-01 11:46:35
4 Bedroom Terraced Duplex,"₦ 7,500,000/year",Kaura (games Village) Abuja,2026-06-01 11:46:35
4 Bedroom Terrace Duplex In Katampe Main For Rent,"₦ 20,000,000",Katampe Main Abuja,2026-06-01 11:46:35
New 4 Bedroom Terraced Duplex,"₦ 12,000,000/year",Katampe Main Abuja,2026-06-01 11:46:35
Office And Shop Space,"₦ 4,000,000/year",Wuse 2 Abuja,2026-06-01 11:46:35
2 Bedroom Block Of Flat With Bq In Jahi For Rent,"₦ 8,500,000",Jahi Abuja,2026-06-01 11:46:35
Newly Built 4 Bedroom Terrace Duplex With Bq,"₦ 10,000,000/year",Dantata Estate Gwarinpa Abuja,2026-06-01 11:46:35
Beautifully Furnished 4 Bedroom Duplex,"₦ 30,000,000",Guzape Abuja,2026-06-01 11:46:42
4 Bedroom Duplex,"₦ 12,000,000/year",Wuye Dakibiyu Abuja,2026-06-01 11:46:42
4 Bedroom Terrace Duplex,"₦ 13,000,000/year",Life Camp Abuja,2026-06-01 11:46:42
Newly Built 5 Bedroom Terrace Duplex,"₦ 20,000,000/year",Dawaki Abuja,2026-06-01 11:46:42
4 Bedroom Terraced Duplex,"₦ 13,500,000/year",Mabushi Abuja,2026-06-01 11:46:42
4 Bedroom Terraced Duplex With Bq,"₦ 15,000,000/year","Jahi Gilmore, Jahi Abuja",2026-06-01 11:46:42
Shop And Office Space For Rent,"₦ 6,000,000",Wuse 2 Abuja,2026-06-01 11:46:42
Plaza,"₦ 24,000,000/year",Gwarinpa Abuja,2026-06-01 11:46:42
3 Bedroom Block Of Flats,"₦ 8,000,000/year","Zone 3, Wuse 1 Abuja",2026-06-01 11:46:42
4 Bedroom Terrace Duplex With Bq,"₦ 15,000,000/year",By Gilmore Jahi Abuja,2026-06-01 11:46:42
5 Bedroom Fully Detached Duplex With Bq,"₦ 1,550,000,000",Osapa London Lekki Lagos,2026-06-01 11:46:42
1 Bedroom Flat,"₦ 10,000,000/year",Maitama Abuja,2026-06-01 11:46:42
Standard Four 4bedroom Semi Detached Duplex In Abuja,"₦ 4,500,000",Von Road Goza Lugbe Abuja,2026-06-01 11:46:42
4 Bedroom Terrace Duplex Located In Jabi For Rent,"₦ 20,000,000/year",Jabi Jabi Abuja,2026-06-01 11:46:42
Spacious 3 Bedroom Apartment For Rent In Kado,"₦ 7,500,000",Kado Kado Abuja,2026-06-01 11:46:42
Newly Built 3 Bedroom Terrace,"₦ 10,000,000",Apo Apo Abuja,2026-06-01 11:46:42
Newly Built Shop Space At 1st Avenue Gwarinpa,"₦ 9,000,000",Gwarinpa Gwarinpa Abuja,2026-06-01 11:46:42
4 Bedroom Terrace Duplex With Bq In Guzape For Rent,"₦ 16,000,000",Guzape Guzape Abuja,2026-06-01 11:46:42
Newly Built 4 Bedroom Terrace Duplex + Bq For Rent,"₦ 8,000,000/year",Near Galadimawa Roundabout Galadimawa Abuja,2026-06-01 11:46:42
"4 Bedroom Semi Detached Duplex + 2 Room Bq, Asokoro","₦ 18,000,000",Asokoro Asokoro Abuja,2026-06-01 11:46:42
New 3 Bedroom Apartment With Bq In Jahi For Rent,"₦ 8,000,000",Jahi Jahi Abuja,2026-06-01 11:46:42
4 Bedroom Terraced Duplex With 24/7 Light In Katampe,"₦ 20,000,000",Katampe Main Katampe Main Katampe Abuja,2026-06-01 11:46:42
Newly Built Furnished&serviced 2&3 Bed Block Of Flat,"$ 45,000",Maitama By Fruit Market Maitama Abuja,2026-06-01 11:46:48
Newly Built 4 Bedroom Terrace Duplex + Bq For Rent,"₦ 10,000,000/year",Apo Apo Abuja,2026-06-01 11:46:48
4 Bedroom Semi Detached Duplex For Rent,"₦ 7,000,000/year",Gwarinpa Extension Gwarinpa Abuja,2026-06-01 11:46:48
Modern 1 Bedroom Apartment For Rent In Jahi Abuja,"₦ 7,000,000",Jahi By Gilmore Abuja Jahi Abuja,2026-06-01 11:46:48
Newly Built Shop Space At 1st Avenue Gwarinpa 20sqm,"₦ 7,000,000",Gwarinpa Gwarinpa Abuja,2026-06-01 11:46:48
5 Bedroom Terrace Duplex With Bq In Jahi Gilmore Rent,"₦ 20,000,000",Jahi By Gilmore Abuja Jahi Abuja,2026-06-01 11:46:48
Newly Built Shop Space At 1st Avenue Gwarinpa 30sqm,"₦ 8,000,000",Gwarinpa Gwarinpa Abuja,2026-06-01 11:46:48
4 Bedroom Terrace Duplex + Balcony In Mabushi For Rent,"₦ 20,000,000",Mabushi Mabushi Abuja,2026-06-01 11:46:48
Newly 5 Bedroom Terrace Duplex + Bq In Lifecamp,"₦ 14,000,000",Life Camp Life Camp Abuja,2026-06-01 11:46:48
2bedroom Service Apartment,"₦ 8,000,000",Mabushi Abuja,2026-06-01 11:46:49
Unfurnished 2 Bedroom With Pool For Sale,"₦ 150,000,000",Ikate Lekki Lagos,2026-06-01 11:46:49
4bedroom Terrace Duplex With Bq,"₦ 20,000,000",Katampe Extension Katampe Abuja,2026-06-01 11:46:49
4 Bedroom Terrace Duplex,"₦ 15,000,000/year",Wuye Abuja,2026-06-01 11:46:49
4 Bedroom Terraced Duplex,"₦ 25,000,000/year",Kado Abuja,2026-06-01 11:46:49
4 Bedroom Terrace Duplex,"₦ 30,000,000/year",Wuye Abuja,2026-06-01 11:46:49
4 Bedroom Semi Detached Duplex,"₦ 10,000,000/year",River Park Estate Airport Road Lugbe Abuja,2026-06-01 11:46:49
4bedroom Terrace Duplex,"₦ 9,000,000",Gwarimpa Main By Dbb Plaza Gwarinpa Abuja,2026-06-01 11:46:49
4 Bedroom Terrace Duplex,"₦ 25,000,000/year",Maitama Abuja,2026-06-01 11:46:49
4bedroom Terrace Duplex With Bq,"₦ 20,000,000/year",Katampe Extension Katampe Abuja,2026-06-01 11:46:49
4bedroom Terrace Duplex With Bq,"₦ 20,000,000",Katampe Extension Katampe Abuja,2026-06-01 11:46:49
2bedroom Apartment With Inverter,"₦ 6,000,000/year",River Park Estate Abuja Lugbe Abuja,2026-06-01 11:46:49
3bedroom Apartment With Bq,"₦ 15,000,000",Wuse 2 Abuja,2026-06-01 11:46:49
Beautifully Furnished 4 Bedroom Duplex,"₦ 30,000,000",Guzape Abuja,2026-06-01 11:46:56
3bedroom Apartment,"₦ 4,500,000/year",River Park Estate Abuja Lugbe Abuja,2026-06-01 11:46:56
2bedroom Apartment,"₦ 6,000,000/year",River Park Estate Abuja Lugbe Abuja,2026-06-01 11:46:56
4 Bedroom Terrace Duplex,"₦ 9,000,000/year",River Park Estate Lugbe Abuja,2026-06-01 11:46:56
4 Bedroom Terrace Duplex With Bq,"₦ 18,000,000/year",Katampe Extension Katampe Abuja,2026-06-01 11:46:56
4 Bedroom Semi Detached Duplex,"₦ 10,000,000/year",River Park Estate Airport Road Lugbe Abuja,2026-06-01 11:46:56
4 Bedroom Terraced Duplex,"₦ 20,000,000/year",Guzape Abuja,2026-06-01 11:46:56
4 Bedroom Terraced Duplex With Bq,"₦ 22,000,000/year",Wuye Abuja,2026-06-01 11:46:56
4 Bedroom Terrace Duplex,"₦ 15,000,000/year",Wuye Abuja,2026-06-01 11:46:56
4 Bedroom Terraced Duplex,"₦ 18,000,000/year",Jahi Abuja,2026-06-01 11:46:56
4 Bedroom Masionette,"₦ 420,000,000",Adeniyi Jones Ikeja Lagos,2026-06-01 11:46:56
4 Bedroom Terrace Duplex,"₦ 18,000,000/year",Jahi Abuja,2026-06-01 11:46:56
4 Bedroom Semi Detached Duplex,"₦ 10,000,000/year","River Park Estate Airport Road, Lugbe Abuja",2026-06-01 11:46:56
4 Bedroom Terraced Duplex,"₦ 6,500,000/year","Fortroyal Home Estate, Lugbe Abuja",2026-06-01 11:46:56
4 Bedroom Terrace Duplex,"₦ 25,000,000/year",Maitama Abuja,2026-06-01 11:46:56
4 Bedroom Terrace Duplex,"₦ 25,000,000/year",Maitama Abuja,2026-06-01 11:46:56
4 Bedroom Terrace Duplex,"₦ 25,000,000/year",Maitama Abuja,2026-06-01 11:46:56
Shop,"₦ 5,500,000/year",Jabi Abuja,2026-06-01 11:46:56
4 Bedroom Detached Duplex With Bq,"₦ 20,000,000/year",Jahi Abuja,2026-06-01 11:46:56
4 Bedroom Terraced Duplex,"₦ 30,000,000/year",Maitama Abuja,2026-06-01 11:46:56
4 Bedroom Terrace Duplex,"₦ 12,000,000/year",Guzape Abuja,2026-06-01 11:46:56
4 Bedroom Terrace Duplex,"₦ 15,000,000/year",Jahi Abuja,2026-06-01 11:46:56
Beautifully Furnished 4 Bedroom Duplex,"₦ 30,000,000",Guzape Abuja,2026-06-01 11:47:05
4 Bedroom Terraced Duplex,"₦ 25,000,000/year",Maitama Abuja,2026-06-01 11:47:05
3bedroom Apartment With Bq,"₦ 15,000,000",Wuse 2 Abuja,2026-06-01 11:47:05
4 Bedroom Terrace Duplex,"₦ 9,000,000/year",Jahi Abuja,2026-06-01 11:47:05
4 Bedroom Semi Detached Duplex,"₦ 10,000,000/year",River Park Estate Abuja Lugbe Abuja,2026-06-01 11:47:05
4 Bedroom Detached Duplex With Bq,"₦ 12,000,000/year",River Park Estate Airport Road Lugbe Abuja,2026-06-01 11:47:05
Brand New 4 Bedroom Terrace Duplex With Bq /car Port.,"₦ 7,000,000",Lifecamp Brains And Hammers Estate Life Camp Abuja,2026-06-01 11:47:05
Brand New 4 Bedroom Terrace Duplex /1roombq,"₦ 17,000,000/year",Close To Nicon Junction Katampe Main Abuja,2026-06-01 11:47:05
7 Bedroom Detached Duplex /2room Bq,"₦ 40,000,000/year",Off Amino Kano Crescent Wuse 2 Abuja,2026-06-01 11:47:05
Office Complex For Lease With Five Floors,"₦ 450,000,000/year",Central Business District Abuja,2026-06-01 11:47:05
2 Bedroom Apartment,"₦ 250,000,000",Lekki Phase 1 Lekki Lagos,2026-06-01 11:47:05
5 Bedroom Serviced Terrace Duplex / 1room Bq,"₦ 13,500,000/year",Guzape Main Guzape Abuja,2026-06-01 11:47:05
Brand New 4bed Terrace Duplex+ 1bq / 2yrs Rent,"₦ 24,000,000",Mabushi After Vio In An Estate Mabushi Abuja,2026-06-01 11:47:05
Corporate Let: 4units Of 2bedroom Bungalows /bq Each,"₦ 20,000,000/year",Apo Resettlement Zone A Apo Resettlement Apo Abuja,2026-06-01 11:47:05
Brand New Luxury Smart 4 Bedroom Terrace Duplexes,"₦ 25,000,000/year",Guzape Main After Hmedix Guzape Abuja,2026-06-01 11:47:05
Clean 4 Bedroom Terrace Duplex / 1 Bq,"₦ 9,500,000",By American International School Durumi Abuja,2026-06-01 11:47:05
Self Contained Room Bq In A Spacious Compound,"₦ 2,000,000",By Sunnyvale Junction In An Estate Kaura (games Village) Abuja,2026-06-01 11:47:05
Newly Built Furnished & Serviced 3 Bedroom Flat With Bq,"₦ 25,000,000",Maitama Main Off Ibb Boulevard Maitama Abuja,2026-06-01 11:47:05
Spacious 1 Bedroom Flat | Katampe Main,"₦ 6,000,000",Katampe Main Katampe Main Abuja,2026-06-01 11:47:05
Luxury 1 Bedroom Flat | Jahi,"₦ 7,500,000/year",Jahi Gilmore Jahi Abuja,2026-06-01 11:47:05
Standard 4 Bedroom Terrace Duplex + Bq | Jahi,"₦ 9,000,000/year",Jahi Jahi Abuja,2026-06-01 11:47:05
Standard 4 Bedroom Terrace Duplex + Bq | Jahi,"₦ 9,000,000/year",Jahi Jahi Abuja,2026-06-01 11:47:05
Beautifully Furnished 4 Bedroom Duplex,"₦ 30,000,000",Guzape Abuja,2026-06-01 11:47:12
Standard 4 Bedroom Terrace Duplex + Bq | Jahi,"₦ 9,000,000/year",Jahi Jahi Abuja,2026-06-01 11:47:12
Standard 4 Bedroom Terrace Duplex + Bq | Jahi,"₦ 9,000,000/year",Jahi Jahi Abuja,2026-06-01 11:47:12
Standard 4 Bedroom Terrace Duplex + Bq | Jahi,"₦ 9,000,000/year",Jahi Jahi Abuja,2026-06-01 11:47:12
Standard 4 Bedroom Terrace Duplex + Bq | Jahi,"₦ 9,000,000/year",Jahi Jahi Abuja,2026-06-01 11:47:12
Standard 4 Bedroom Terrace Duplex + Bq | Jahi,"₦ 9,000,000/year",Jahi Jahi Abuja,2026-06-01 11:47:12
Spacious 3 Bedroom Flat | Lifecamp,"₦ 6,500,000/year",Lifecamp Before Stella Marris Life Camp Abuja,2026-06-01 11:47:12
Neatly Built Bedroom Flat,"₦ 4,500,000/year",Dawaki Dawaki Abuja,2026-06-01 11:47:12
1bedroom Flat For Rent In Maitama,"₦ 3,000,000/year",Maitama District Maitama Abuja,2026-06-01 11:47:12
Office Space,"₦ 9,000,000/year",Wuse2 Wuse 2 Abuja,2026-06-01 11:47:12
Luxury 5 Bedroom Fully Detached Duplex With Bq,"₦ 260,000,000",Thomas Estate Ajah Lagos,2026-06-01 11:47:12
Service 3bedroom Flat With Bq For Rent In Maitama,"₦ 1,700,000/year",Maitama Maitama Abuja,2026-06-01 11:47:12
2 Bedroom Flat,"₦ 4,700,000/year",By Katampe Road Jahi Abuja,2026-06-01 11:47:12
3 Bedroom Bungalow,"₦ 15,000,000/year",Wuse Zone6 Wuse 1 Abuja,2026-06-01 11:47:12
"Commercial Land Measuring 2,000sqm","₦ 60,000,000/year",Kado Abuja,2026-06-01 11:47:12
Newly Built Office Building Measuring 198sqm,"₦ 250,000/sqm",Wuse 2 Abuja,2026-06-01 11:47:12
Newly Built 5 Bedroom Semi Detached Duplex With Bq,"₦ 17,000,000/year",Mabushi Abuja,2026-06-01 11:47:12
4 Bedroom Flat,"₦ 30,000,000/year",Main Asokoro Abuja,2026-06-01 11:47:12
Furnished 4 Bedroom Terrace Duplex With Bq,"₦ 20,000,000/year",Mabushi Abuja,2026-06-01 11:47:12
1 Bedroom Apartment,"₦ 2,500,000/year",Nnpc Estate Life Camp Abuja,2026-06-01 11:47:12
Newly Built 3 Bedroom Flat,"₦ 8,000,000/year",Katampe Main Abuja,2026-06-01 11:47:12
5 Bedroom Flat,"₦ 15,000,000/year",Royal Anchor Estate Kukwaba Abuja,2026-06-01 11:47:12
Beautifully Furnished 4 Bedroom Duplex,"₦ 30,000,000",Guzape Abuja,2026-06-01 11:47:19
5 Bedroom Detached Duplex With Bq,"₦ 90,000,000/year",Maitama Abuja,2026-06-01 11:47:19
Newly Built 5 Bedroom Fully Detached Duplex With Bq,"₦ 20,000,000/year",Gwarinpa Abuja,2026-06-01 11:47:19
4 Bedroom Semi Detached Duplex,"₦ 7,000,000/year",River Park Estate Lugbe Abuja,2026-06-01 11:47:19
Newly Built 4 Bedroom Detached Duplex,"₦ 5,000,000/year",Kyc Estate Lugbe Abuja,2026-06-01 11:47:19
Newly Built 4 Bedroom Terrace Duplex,"₦ 15,000,000/year",Guzape Abuja Guzape Abuja,2026-06-01 11:47:19
4 Bedroom Terrace Duplex,"₦ 25,000,000/year",Close To H Medix Guzape Guzape Abuja,2026-06-01 11:47:19
Newly Built 4 Bedroom Terrace Duplex,"₦ 17,000,000/year",Guzape Guzape Abuja,2026-06-01 11:47:19
Clean Standard 2 Bedroom Flat,"₦ 4,500,000/year",Garki 1 Abuja,2026-06-01 11:47:19
4 Bedroom Terrace Duplex With Bq,"₦ 10,000,000/year",Guzape Abuja,2026-06-01 11:47:19
2 Bedroom Apartment,"₦ 300,000,000",Oniru Victoria Island Lagos,2026-06-01 11:47:19
45sqm Office Space,"₦ 2,400,000/year",Wuse 1 Abuja,2026-06-01 11:47:19
171sqm Office/shop Space,"₦ 20,000,000/year",Asokoro Abuja,2026-06-01 11:47:19
3 Bedroom Flat,"₦ 15,000,000/year",Wuse 2 Abuja,2026-06-01 11:47:19
30sqm Office Space,"₦ 920,000/year",Garki 1 Abuja,2026-06-01 11:47:19
Office Space,"₦ 2,700,000/year",Wuse 1 Abuja,2026-06-01 11:47:19
54sqm Shop Space In Utako,"₦ 3,000,000",Utako Abuja,2026-06-01 11:47:19
30sqm Office Space,"₦ 1,500,000/year",Jahi Abuja,2026-06-01 11:47:19
Office/shop,"₦ 8,000,000/year",Wuse 2 Abuja,2026-06-01 11:47:19
Newly Built Shop Space,"₦ 2,700,000/year","Phase 2 Site 2, Kubwa Abuja",2026-06-01 11:47:19
3 Bedroom Paint House Bungaow,"₦ 6,000,000/year",Starwood Estate Galadimawa Galadimawa Abuja,2026-06-01 11:47:19
Brand New 3 Bedroom Semi Detached With Bq,"₦ 10,000,000/year",Rockvale By Cedar Crest Apo Abuja,2026-06-01 11:47:19
Beautifully Furnished 4 Bedroom Duplex,"₦ 30,000,000",Guzape Abuja,2026-06-01 11:47:28
Brand New 3 Bedroom Semi Detached With Bq,"₦ 10,000,000/year",Rockvale By Cedar Crest Apo Abuja,2026-06-01 11:47:28
Brand New Units Of 2 And 3 Bedroom Flats,"₦ 10,000,000",Zone 6 Wuse 1 Abuja,2026-06-01 11:47:28
5 Bedroom Fully Detached Duplex,"₦ 30,000,000/year",Main Asokoro Abuja,2026-06-01 11:47:28
Brand New 4 Bedroom Detached Duplex,"₦ 7,000,000/year",Along Von Garden Estate Road Lugbe Abuja,2026-06-01 11:47:28
2bedroom Flat For Rent In Wuye,"₦ 6,500,000/year",Inside Estate In Wuye Wuye Abuja,2026-06-01 11:47:28
Office Space,"₦ 2,000,000/year","Mabushi District, Mabushi Abuja",2026-06-01 11:47:28
Newly Built 2 Bedroom Flat,"₦ 7,000,000/year",Gilmore Jahi Abuja,2026-06-01 11:47:28
Luxury Finished 8 Bedroom Detached With Bq,"₦ 150,000,000/year",Asokoro Abuja,2026-06-01 11:47:28
A Room Self Contained,"₦ 1,200,000/year",Area 2 Garki 1 Abuja,2026-06-01 11:47:28
4 Bedroom Fully Detached Duplex With Bq Swimming,"₦ 300,000,000",Thomas Estate Ajah Lagos,2026-06-01 11:47:28
Standard Self Contain,"₦ 1,500,000/year",Area 1 Garki 1 Abuja,2026-06-01 11:47:28
2 Bedroom Flat,"₦ 4,000,000/year",Garki 1 Abuja,2026-06-01 11:47:28
3 Bedroom Office Space,"₦ 5,000,000/year",Garki 2 Abuja,2026-06-01 11:47:28
90sqm Serviced Office Space,"₦ 6,000,000/year","Off Ademola Adetokunbo, Wuse 2 Abuja",2026-06-01 11:47:28
70sqm Shop Space,"₦ 5,500,000/year",Wuse 2 Abuja,2026-06-01 11:47:28
70sqm Shop/office Space,"₦ 4,500,000/year",Garki 2 Abuja,2026-06-01 11:47:28
Beautiful 4 Bedroom Semi Detached Duplex,"₦ 9,000,000/year",River Park Estate Cluster 3 Lugbe Abuja,2026-06-01 11:47:28
Brand New Selfcontained,"₦ 2,000,000",By Sunnyvale Junction Kabusa Abuja,2026-06-01 11:47:28
Brand New 2 Bedroom Bungalow,"₦ 5,000,000",By Sunnyvale Junction Kabusa Abuja,2026-06-01 11:47:28
Fully Furnished 3 Bedroom Detached Bungalow With Bq,"₦ 18,000,000",Kado Abuja,2026-06-01 11:47:28
Brand New 3 Bedroom Detachedbungalow/bq,"₦ 20,000,000",Kado Phase 1 Kado Abuja,2026-06-01 11:47:28
Newly Built Furnished&serviced 2&3 Bed Block Of Flat,"$ 45,000",Maitama By Fruit Market Maitama Abuja,2026-06-01 11:47:36
6 Bedroom Terrace Duplex,"₦ 25,000,000/year",Katampe Main Abuja,2026-06-01 11:47:36
3bedroom Terrace Duplex With For Rent In Gaduwa,"₦ 10,000,000",In An Estate In Gaduwa Gaduwa Abuja,2026-06-01 11:47:36
5 Bedroom Apartment,"₦ 17,000,000/year",Mabushi District By V I O Abuja Mabushi Abuja,2026-06-01 11:47:36
4 Bedroom Flat,"₦ 20,000,000/year",Kaura (games Village) Abuja,2026-06-01 11:47:36
32sqm Office/shop Space,"₦ 4,800,000/year",Maitama Abuja,2026-06-01 11:47:36
30sqm Shop/office Space,"₦ 2,000,000/year",Wuse 2 Abuja,2026-06-01 11:47:36
Office/shop Space,"₦ 3,500,000/year",Gaduwa Abuja,2026-06-01 11:47:36
Serviced 3 Bedroom Flat,"₦ 25,000,000/year",Maitama Abuja,2026-06-01 11:47:36
New 3bedroom Flat For Rent In Katampe Main,"₦ 9,000,000",Katampe Main Katampe Main Abuja,2026-06-01 11:47:36
3 Bedroom Executive Suite,"₦ 285,000/day","Younis Bashorun Street Off Ajose Adeogun, Victoria Island Ajose Adeogun Street Victoria Island Lagos",2026-06-01 11:47:36
Newly Built 4 Bedroom Terrace Duplex With Bq,"₦ 15,000,000/year",Mabushi Abuja,2026-06-01 11:47:36
3bedroom Terrace Duplex With Bq For Rent In Wuse2,"₦ 20,000,000",Wuse2 Wuse 2 Abuja,2026-06-01 11:47:36
A Well Finished Spacious 2 Bedrooms,"₦ 7,000,000/year",Katampe Extension Katampe Abuja,2026-06-01 11:47:36
Newly Refurbished 3 Bedrooms,"₦ 4,500,000/year",Dunamis Lugbe Abuja,2026-06-01 11:47:36
Newly Built And Furnished,"₦ 29,000,000/year",Gwarinpa Abuja,2026-06-01 11:47:36
Spacious 3 Bedroom Flat,"₦ 7,000,000/year",Galadimawa Abuja,2026-06-01 11:47:36
Office Space,"₦ 130,000",Mabushi Abuja,2026-06-01 11:47:36
Room Self Contained,"₦ 1,200,000/year",Garki 2 Abuja,2026-06-01 11:47:36
Shop Space,"₦ 5,500,000/year",Wuse 2 Abuja,2026-06-01 11:47:36
Self Contain For Rent In Mabushi District,"₦ 1,500,000",Mabushi District Mabushi Abuja,2026-06-01 11:47:36
