Property Type,Price (Per Annum),Location
1 bedroom flat / apartment for rent,"₦6,000,000","Maitama District, Abuja"
1 bedroom flat / apartment for rent,"₦7,000,000","Gilmore, Jahi, Abuja"
Shop for rent,"₦5,500,000","4th Avenue, Gwarinpa, Abuja"
Self contain (single rooms) for rent,"₦1,300,000","By American International School, Durumi, Abuja"
5 bedroom detached duplex for rent,"₦60,000,000","Guzape, Guzape District, Abuja"
4 bedroom terraced duplex for rent,"₦20,000,000","Jahi, Abuja"
3 bedroom flat / apartment for rent,"₦5,500,000","Karmo, Abuja"
3 bedroom flat / apartment for rent,"₦45,000,000","Wuse 2, Abuja"
3 bedroom flat / apartment for rent,"₦35,000,000","Wuse 2, Abuja"
3 bedroom flat / apartment for rent,"₦50,000,000","Wuse 2, Abuja"
3 bedroom flat / apartment for rent,"₦25,000,000","Guzape District, Abuja"
2 bedroom flat / apartment for rent,"₦21,000,000","Guzape District, Abuja"
4 bedroom detached duplex for rent,"₦23,000,000","Mabushi, Abuja"
Plaza / complex / mall for rent,"₦20,000,000","Wuse 2, Abuja"
3 bedroom flat / apartment for rent,"₦15,000,000","Asokoro District, Abuja"
Warehouse for rent,"₦38,500,000","Idu Industrial, Abuja"
7 bedroom semi-detached duplex for rent,"₦25,000,000","By Judges Quarters, Katampe, Abuja"
4 bedroom terraced duplex for rent,"₦20,000,000","Jahi, Abuja"
1 bedroom house for rent,"₦2,500,000","By Minfa Estate, Lokogoma District, Abuja"
Self contain (single rooms) for rent,"₦2,000,000","News Engineering, Dawaki, Gwarinpa, Abuja"
1 bedroom flat / apartment for rent,"₦3,500,000","News Engineering, Dawaki, Gwarinpa, Abuja"
1 bedroom flat / apartment for rent,"₦6,000,000","Maitama District, Abuja"
1 bedroom flat / apartment for rent,"₦3,500,000","News Engineering, Dawaki, Gwarinpa, Abuja"
2 bedroom flat / apartment for rent,"₦10,000,000","Naf Valley Estate Asokoro, Asokoro District, Abuja"
3 bedroom flat / apartment for rent,"₦11,000,000","Katampe (Main), Katampe, Abuja"
4 bedroom terraced duplex for rent,"₦6,000,000","Close To Nzamiye Hospital, Idu Industrial, Abuja"
Residential land for rent,"₦180,000,000","Maitama Extension (mpape), Mpape, Abuja"
2 bedroom flat / apartment for rent,"₦6,000,000","Apo Resettlements, Apo Resettlement, Apo, Abuja"
1 bedroom flat / apartment for rent,"₦1,100,000","Dawaki, Gwarinpa, Abuja"
4 bedroom detached duplex for rent,"₦13,000,000","Apo Wumba District Along Lokogoma Expressway, Apo, Abuja"
4 bedroom detached duplex for rent,"₦13,000,000","Apo Wumba, Along Lokogoma Expressway, Apo, Abuja"
3 bedroom flat / apartment for rent,"₦15,000,000","Katampe, Abuja"
2 bedroom flat / apartment for rent,"₦7,000,000","By New Judges Quarters In An Estate, Katampe (Main), Katampe, Abuja"
4 bedroom semi-detached duplex for rent,"₦40,000,000","Nice Location At Maitama, Maitama District, Abuja"
6 bedroom terraced duplex for rent,"₦22,000,000","Katampe Extension Main, Katampe Extension, Katampe, Abuja"
3 bedroom flat / apartment for rent,"₦7,500,000","Jahi After Aduvei International School, Jahi, Abuja"
1 bedroom mini flat (room and parlour) for rent,"₦3,000,000","After 6th Avenue Gwarinpa Extension, Gwarinpa, Abuja"
4 bedroom terraced duplex for rent,"₦15,000,000","B&h City, Paradise-ochacho Road, Life Camp, Abuja"
Self contain (single rooms) for rent,"₦1,000,000","Off Gilbert Chikelu Crescent, Guzape District, Abuja"
Plaza / complex / mall for rent,"₦600,000","Wuye, Abuja"
3 bedroom semi-detached duplex for rent,"₦10,000,000","Apo Abuja, Apo, Abuja"
3 bedroom flat / apartment for rent,"₦9,000,000","Katampe (Main), Katampe, Abuja"
1 bedroom flat / apartment for rent,"₦6,000,000","Maitama District, Abuja"
3 bedroom flat / apartment for rent,"₦8,000,000","Jahi, Jahi, Abuja"
3 bedroom semi-detached duplex for rent,"₦12,000,000","Apo Abuja, Apo, Abuja"
3 bedroom flat / apartment for rent,"₦8,500,000","Jahi, Abuja"
3 bedroom flat / apartment for rent,"₦8,000,000","Mabushi, Abuja"
5 bedroom terraced duplex for rent,"₦28,000,000","Wuse, Abuja"
3 bedroom terraced duplex for rent,"₦18,000,000","Jahi, Abuja"
4 bedroom terraced duplex for rent,"₦18,000,000","Jahi, Abuja"
10 bedroom detached duplex for rent,"₦50,000,000","Wuse, Abuja"
4 bedroom terraced duplex for rent,"₦15,000,000","Guzape District, Abuja"
4 bedroom terraced duplex for rent,"₦20,000,000","Guzape District, Abuja"
5 bedroom detached duplex for rent,"₦75,000,000","Wuse 2, Abuja"
3 bedroom house for rent,"₦15,000,000","Katampe, Abuja"
1 bedroom mini flat (room and parlour) for rent,"₦2,000,000","Nelox Estate  By Pyakassa Rd Along Redeem Estate/diamond Est, Pyakasa, Lugbe District, Abuja"
4 bedroom terraced duplex for rent,"₦12,000,000","Main, Wuye, Abuja"
Office space for rent,"₦7,000,000","Coza, Guzape District, Abuja"
4 bedroom terraced duplex for rent,"₦20,000,000","Jahi Gilmore, Jahi, Abuja"
2 bedroom flat / apartment for rent,"₦4,500,000","Jahi By Aduvei School, Jahi, Abuja"
4 bedroom terraced duplex for rent,"₦13,500,000","Wuye Main, Wuye, Abuja"
4 bedroom terraced duplex for rent,"₦20,000,000","By Zartech Supermarket, Wuye, Abuja"
4 bedroom detached duplex for rent,"₦10,000,000","Nelox Estate  By Pyakassa Rd Along Redeem Estate/diamond Est, Pyakasa, Lugbe District, Abuja"
1 bedroom flat / apartment for rent,"₦6,000,000","Maitama District, Abuja"
4 bedroom terraced duplex for rent,"₦20,000,000","Jahi, Abuja"
4 bedroom detached bungalow for rent,"₦15,000,000","Garki, Abuja"
6 bedroom detached duplex for rent,"₦500,000,000","Asokoro District, Abuja"
2 bedroom flat / apartment for rent,"₦4,000,000","News Engineering, Dawaki, Gwarinpa, Abuja"
Commercial land for rent,"₦30,000,000","By Jabi Garage(tarred Rd, Jabi, Abuja"
2 bedroom flat / apartment for rent,"₦6,500,000","Wuye, Wuye, Abuja"
3 bedroom flat / apartment for rent,"₦7,000,000","Gimbya, Area 11, Garki, Abuja"
4 bedroom terraced duplex for rent,"$50,000","Asokoro District, Abuja"
Self contain (single rooms) for rent,"₦1,600,000","Second Avenue, Gwarinpa, Abuja"
5 bedroom detached duplex for rent,"₦30,000,000","Guzape District, Abuja"
4 bedroom flat / apartment for rent,"₦20,000,000","Guzape District, Abuja"
4 bedroom terraced duplex for rent,"₦10,000,000","Apo Legislative Qtr,( Zone A) Tarred Rd, Garki, Abuja"
2 bedroom flat / apartment for rent,"₦15,000,000","Asokoro District, Abuja"
3 bedroom house for rent,"₦10,000,000","Apo, Abuja"
4 bedroom terraced duplex for rent,"₦15,000,000","Guzape District, Abuja"
4 bedroom house for rent,"₦180,000,000","Area 11, Garki, Abuja"
Office space for rent,"₦250,000,000","Area 2, Garki, Abuja"
4 bedroom semi-detached duplex for rent,"₦20,000,000","Admiralty Estate, Asokoro District, Abuja"
1 bedroom mini flat (room and parlour) for rent,"₦2,500,000","Gwarinpa, Abuja"
4 bedroom detached duplex for rent,"₦10,000,000","Main Gwarimpa, Gwarinpa, Abuja"
1 bedroom flat / apartment for rent,"₦6,000,000","Maitama District, Abuja"
5 bedroom detached duplex for rent,"₦35,000,000","Main Mabushi, Mabushi, Abuja"
5 bedroom semi-detached duplex for rent,"₦30,000,000","By Wuye Police Station, Wuye, Abuja"
1 bedroom mini flat (room and parlour) for rent,"₦3,000,000","Katampe (Main), Katampe, Abuja"
2 bedroom flat / apartment for rent,"₦5,000,000","Katampe, Abuja"
4 bedroom semi-detached duplex for rent,"₦13,000,000","Kado, Abuja"
4 bedroom terraced duplex for rent,"₦23,000,000","Diplomatic Zone, Katampe Extension, Katampe, Abuja"
3 bedroom flat / apartment for rent,"₦9,000,000","Aso Radio, Katampe, Abuja"
Office space for rent,"₦180,000,000","Wuse 2, Abuja"
3 bedroom flat / apartment for rent,"₦9,000,000","By Aso Radio., Katampe (Main), Katampe, Abuja"
4 bedroom detached duplex for rent,"₦4,500,000","An Estate Along Von Road, After Trademore Estate, Lugbe District, Abuja"
3 bedroom detached bungalow for rent,"₦5,500,000","Ado Street, Galadimawa, Abuja"
3 bedroom flat / apartment for rent,"₦5,000,000","Golden Street., Kaura, Abuja"
1 bedroom detached bungalow for rent,"₦1,800,000","111a Gold Street, Kaura, Abuja"
1 bedroom detached bungalow for rent,"₦2,000,000","Hilda Bacy Street, Galadimawa, Abuja"
2 bedroom flat / apartment for rent,"₦7,000,000","Grace Court, Katampe (Main), Katampe, Abuja"
4 bedroom terraced duplex for rent,"₦15,000,000","Katampe (Main), Katampe, Abuja"
28 bedroom terraced duplex for rent,"₦252,000,000","Gudu, Abuja"
2 bedroom terraced duplex for rent,"₦7,000,000","Katampe Main Behind Aso Radio, Katampe, Abuja"
4 bedroom flat / apartment for rent,"₦35,000,000","Bellavue Estate, Life Camp, Abuja"
Plaza / complex / mall for rent,"₦6,500,000","By Bannex, Wuse 2, Abuja"
1 bedroom flat / apartment for rent,"₦6,000,000","Maitama District, Abuja"
2 bedroom flat / apartment for rent,"₦13,000,000","Bellavue Estate, Life Camp, Abuja"
2 bedroom flat / apartment for rent,"₦3,000,000","Off Nizamiye Hospital, Idu Industrial, Abuja"
4 bedroom terraced duplex for rent,"₦13,000,000","Living Faith Church, Katampe, Abuja"
3 bedroom flat / apartment for rent,"₦5,300,000","Idu Industrial, Abuja"
3 bedroom flat / apartment for rent,"₦5,300,000","Idu Industrial, Abuja"
1 bedroom mini flat (room and parlour) for rent,"₦2,700,000","Idu Industrial, Abuja"
4 bedroom detached duplex for rent,"₦45,000,000","Maitama District, Abuja"
5 bedroom detached duplex for rent,"₦100,000,000","Maitama District, Abuja"
4 bedroom semi-detached duplex for rent,"₦17,000,000","Mabushi, Abuja"
Self contain (single rooms) for rent,"₦2,000,000","By Gig Logistics, Wuye, Abuja"
4 bedroom terraced duplex for rent,"₦1,800,000,000","Guzape District, Abuja"
3 bedroom detached bungalow for rent,"₦12,000,000","Lifecamp Roundabout Junction, Life Camp, Abuja"
4 bedroom detached duplex for rent,"₦25,000,000","Mabushi, Abuja"
6 bedroom terraced duplex for rent,"₦25,000,000","Katampe (Main), Katampe, Abuja"
3 bedroom flat / apartment for rent,"₦40,000,000","Maitama District, Abuja"
4 bedroom terraced duplex for rent,"₦15,000,000","Katampe (Main), Katampe, Abuja"
4 bedroom terraced duplex for rent,"₦7,500,000","Galadimawa, Abuja"
4 bedroom terraced duplex for rent,"₦13,000,000","By Lake View Estate, Kado, Abuja"
4 bedroom terraced duplex for rent,"₦25,000,000","Wuye, Abuja"
2 bedroom flat / apartment for rent,"₦6,000,000","Mabushi, Abuja"
1 bedroom flat / apartment for rent,"₦9,000,000","Maitama District, Abuja"
3 bedroom flat / apartment for rent,"₦7,500,000","Wuse, Abuja"
Office space for rent,"₦15,000,000","Wuse 2, Abuja"
Self contain (single rooms) for rent,"₦1,000,000","Along Von Estate, Lugbe District, Abuja"
8 bedroom detached duplex for rent,"₦50,000,000","Wuse, Abuja"
1 bedroom mini flat (room and parlour) for rent,"₦1,700,000","Along Von Road, Lugbe District, Abuja"
3 bedroom flat / apartment for rent,"₦25,000,000","Maitama District, Abuja"
3 bedroom flat / apartment for rent,"₦25,000,000","Jabi, Abuja"
1 bedroom mini flat (room and parlour) for rent,"₦4,000,000","Naf Valley Estate, Asokoro District, Abuja"
3 bedroom flat / apartment for rent,"₦13,000,000","Off Ademola Adetokinbo, Wuse 2, Abuja"
4 bedroom terraced duplex for rent,"₦30,000,000","Guzape District, Abuja"
2 bedroom flat / apartment for rent,"₦4,500,000","Life Camp, Abuja"
4 bedroom semi-detached duplex for rent,"₦8,000,000","Life Camp, Abuja"
Office space for rent,"₦1,200,000,000","Wuse, Abuja"
3 bedroom flat / apartment for rent,"₦11,000,000","Katampe, Abuja"
2 bedroom flat / apartment for rent,"₦4,000,000","News Engineering, Dawaki, Gwarinpa, Abuja"
Office space for rent,"₦8,000,000","Wuse 2, Abuja"
1 bedroom flat / apartment for rent,"₦4,000,000","Wuse, Abuja"
4 bedroom detached duplex for rent,"₦45,000,000","Asokoro Residential, Asokoro District, Abuja"
1 bedroom flat / apartment for rent,"₦5,000,000","Katampe (Main), Katampe, Abuja"
4 bedroom terraced duplex for rent,"₦8,000,000","Jabi, Abuja"
1 bedroom flat / apartment for rent,"₦6,000,000","Maitama District, Abuja"
3 bedroom flat / apartment for rent,"₦25,000,000","Maitama District, Abuja"
3 bedroom flat / apartment for rent,"₦7,000,000","Off Gudu Junction, Gudu, Abuja"
2 bedroom flat / apartment for rent,"₦15,000,000","No. 1 Niqs Crescent Opposite Maryam Apartment, Mabushi, Abuja"
1 bedroom flat / apartment for rent,"₦3,000,000","News Engineering, Dawaki, Gwarinpa, Abuja"
2 bedroom flat / apartment for rent,"₦4,000,000","News Engineering, Dawaki, Gwarinpa, Abuja"
4 bedroom house for rent,"₦15,000,000","Katampe (Main), Katampe, Abuja"
4 bedroom terraced duplex for rent,"₦10,000,000","Apo Legislative Quaters, Apo, Abuja"
4 bedroom semi-detached duplex for rent,"₦40,000,000","Maitama District, Abuja"
5 bedroom semi-detached duplex for rent,"₦17,000,000","Apo Legislative Quaters., Apo, Abuja"
5 bedroom terraced duplex for rent,"₦15,000,000","Guzape District, Abuja"
3 bedroom terraced duplex for rent,"₦6,500,000","Kabusa Garden, Dakwo, Abuja"
3 bedroom flat / apartment for rent,"₦5,000,000","Kaura, Abuja"
1 bedroom mini flat (room and parlour) for rent,"₦6,000,000","By American International School, Durumi, Abuja"
2 bedroom flat / apartment for rent,"₦4,500,000","Life Camp, Abuja"
Office space for rent,"₦5,500,000","By Ndic, Central Business District, Abuja"
Office space for rent,"₦11,000,000","By Ndic, Central Business District, Abuja"
3 bedroom flat / apartment for rent,"₦13,000,000","Jabi, Abuja"
3 bedroom detached bungalow for rent,"₦20,000,000","Kado, Abuja"
Office space for rent,"₦35,000,000","By Akara Cafe, Zone 5, Wuse, Abuja"
Self contain (single rooms) for rent,"₦2,000,000","Kaura, Abuja"
1 bedroom flat / apartment for rent,"₦9,000,000","Maitama District, Abuja"
2 bedroom flat / apartment for rent,"₦5,500,000","Kaura, Abuja"
3 bedroom flat / apartment for rent,"₦10,000,000","By Coza, Guzape District, Abuja"
4 bedroom terraced duplex for rent,"₦15,000,000","Near American School, Durumi, Abuja"
2 bedroom flat / apartment for rent,"₦6,500,000","Guzape District, Abuja"
3 bedroom flat / apartment for rent,"₦9,000,000","Katampe, Abuja"
3 bedroom flat / apartment for rent,"₦165,000,000","Mabushi, Abuja"
2 bedroom flat / apartment for rent,"₦4,000,000","Apo Extension By Arab, Apo, Abuja"
Shop for rent,"₦7,500,000","Ademola Adetokunbo, Wuse 2, Abuja"
5 bedroom detached duplex for rent,"₦60,000,000","Guzape District, Abuja"
5 bedroom terraced duplex for rent,"₦40,000,000","Wuse 2, Abuja"
3 bedroom flat / apartment for rent,"₦3,500,000","Lugbe District, Abuja"
3 bedroom flat / apartment for rent,"₦11,000,000","Main Katamoe, Katampe, Abuja"
5 bedroom detached duplex for rent,"₦30,000,000","Guzape District, Abuja"
5 bedroom semi-detached duplex for rent,"₦25,000,000","Guzape District, Abuja"
2 bedroom flat / apartment for rent,"₦15,000,000","Asokoro District, Abuja"
4 bedroom semi-detached duplex for rent,"₦35,000,000","Asokoro District, Abuja"
4 bedroom terraced duplex for rent,"₦18,000,000","Utako, Abuja"
5 bedroom detached duplex for rent,"₦50,000,000","Maitama District, Abuja"
4 bedroom terraced duplex for rent,"₦45,000,000","Maitama District, Abuja"
3 bedroom detached bungalow for rent,"₦3,000,000","Mouko By Tipper Garrage, Dutse, Abuja"
Conference / meeting / training room for rent,"₦200,000","Kumasi Crescent, Wuse 2, Abuja"
1 bedroom flat / apartment for rent,"₦3,500,000","By Shafa, Wuye, Abuja"
3 bedroom semi-detached duplex for rent,"₦10,000,000","Apo, Abuja"
4 bedroom terraced duplex for rent,"₦12,000,000","Katampe, Abuja"
Self contain (single rooms) for rent,"₦1,500,000","Guzape District, Abuja"
Self contain (single rooms) for rent,"₦850,000","Guzape District, Abuja"
Self contain (single rooms) for rent,"₦650,000","In Apo Dutse Community, Apo, Abuja"
3 bedroom flat / apartment for rent,"₦10,000,000","Jahi, Abuja"
1 bedroom flat / apartment for rent,"₦3,500,000","Wuye, Abuja"
2 bedroom flat / apartment for rent,"₦2,500,000","Area 1, Garki, Abuja"
3 bedroom flat / apartment for rent,"₦12,000,000","Riverpark Estate Along Airport Road By Dunamis Church, Lugbe District, Abuja"
3 bedroom detached bungalow for rent,"₦6,000,000","Emerald Flower City Estate, Lokogoma District, Abuja"
4 bedroom semi-detached duplex for rent,"₦11,000,000","Before Cedarcrest Hospital, Zone B, Apo, Abuja"
2 bedroom flat / apartment for rent,"₦3,900,000","News Engineering, Dawaki, Gwarinpa, Abuja"
5 bedroom detached duplex for rent,"₦80,000,000","Guzape District, Abuja"
1 bedroom flat / apartment for rent,"₦5,000,000","Gwarinpa Extension  Estate, Gwarinpa, Abuja"
6 bedroom detached duplex for rent,"₦50,000,000","Asokoro District, Abuja"
6 bedroom detached duplex for rent,"₦60,000,000","Katampe Extension, Katampe, Abuja"
4 bedroom terraced duplex for rent,"₦13,000,000","Guzape District, Abuja"
3 bedroom flat / apartment for rent,"₦8,000,000","By Judges Quarters, Katampe, Abuja"
4 bedroom terraced duplex for rent,"₦13,000,000","Guzape District, Abuja"
Conference / meeting / training room for rent,"₦200,000","Kumasi Crescent, Wuse 2, Abuja"
2 bedroom flat / apartment for rent,"₦4,500,000","News Engineering Extension, Dawaki, Gwarinpa, Abuja"
3 bedroom flat / apartment for rent,"₦6,000,000","Idu Industrial, Abuja"
6 bedroom terraced duplex for rent,"₦23,000,000","Katampe Extension, Katampe, Abuja"
Self contain (single rooms) for rent,"₦750,000","Asokoro Extension,  Kpaduna 3, Asokoro District, Abuja"
1 bedroom mini flat (room and parlour) for rent,"₦1,300,000","Asokoro Extension,  Kpaduma 3, Asokoro District, Abuja"
4 bedroom terraced duplex for rent,"₦15,000,000","Asokoro District, Abuja"
Self contain (single rooms) for rent,"₦750,000","Asokoro Extension,  Kpaduma 3, Asokoro District, Abuja"
4 bedroom detached duplex for rent,"₦15,000,000","69 Road, Gwarinpa, By Abiodun Falade Hospital Just After Charley Boy, Gwarinpa, Abuja"
2 bedroom flat / apartment for rent,"₦4,500,000","By Gishiri, Katampe (Main), Katampe, Abuja"
1 bedroom flat / apartment for rent,"₦5,500,000","Kado, Abuja"
Self contain (single rooms) for rent,"₦2,000,000","Kado, Abuja"
1 bedroom mini flat (room and parlour) for rent,"₦3,000,000","Mabushi, Abuja"
6 bedroom detached duplex for rent,"₦60,000,000","Katampe Extension, Katampe, Abuja"
2 bedroom flat / apartment for rent,"₦7,500,000","Mabushi, Abuja"
Self contain (single rooms) for rent,"₦2,000,000","Sunnyvale Estate, Galadimawa, Abuja"
5 bedroom terraced duplex for rent,"₦10,000,000","Jahi, Abuja"
3 bedroom flat / apartment for rent,"₦17,000,000","Wuse 2, Abuja"
3 bedroom flat / apartment for rent,"₦25,000,000","Maitama District, Abuja"
2 bedroom flat / apartment for rent,"₦17,000,000","Utako, Abuja"
1 bedroom mini flat (room and parlour) for rent,"₦4,000,000","Lokogoma District, Abuja"
1 bedroom flat / apartment for rent,"₦9,000,000","Maitama District, Abuja"
Self contain (single rooms) for rent,"₦1,800,000","Galadimawa, Abuja"
3 bedroom detached bungalow for rent,"₦5,000,000","Sungold, Galadimawa, Abuja"
3 bedroom terraced duplex for rent,"₦15,000,000","Guzape, Guzape District, Abuja"
4 bedroom terraced duplex for rent,"₦25,000,000","Guzape District, Abuja"
5 bedroom terraced duplex for rent,"₦30,000,000","Guzape, Guzape District, Abuja"
3 bedroom semi-detached duplex for rent,"₦10,000,000","Apo, Abuja"
1 bedroom flat / apartment for rent,"₦2,000,000","Gwarinpa Extension, Gwarinpa, Abuja"
4 bedroom terraced duplex for rent,"₦7,000,000","Military Pension Board Axis, FO1 Layout, Kubwa, Abuja"
3 bedroom flat / apartment for rent,"₦9,000,000","Katampe (Main), Katampe, Abuja"
6 bedroom detached duplex for rent,"₦50,000,000","Before Sunrise Hill Estate, Asokoro District, Abuja"
4 bedroom semi-detached duplex for rent,"₦60,000,000","Palm Springs, Maitama 2, Maitama District, Abuja"
3 bedroom flat / apartment for rent,"₦4,500,000","Dawaki, Gwarinpa, Abuja"
3 bedroom flat / apartment for rent,"₦7,000,000","Diplomatic Zone, Katampe Extension, Katampe, Abuja"
4 bedroom semi-detached duplex for rent,"₦6,000,000","Off Linda Chalker Street, Asokoro District, Abuja"
4 bedroom detached duplex for rent,"₦30,000,000","Zone 1, Wuse, Abuja"
2 bedroom flat / apartment for rent,"₦6,000,000","Guzape District, Abuja"
3 bedroom house for rent,"₦15,000,000","Guzape District, Abuja"
5 bedroom semi-detached duplex for rent,"₦55,000,000","Guzape District, Abuja"
2 bedroom flat / apartment for rent,"₦5,000,000","Whitescape Apartments, Katampe (Main), Katampe, Abuja"
3 bedroom flat / apartment for rent,"₦7,500,000","Area 2, Garki, Abuja"
1 bedroom flat / apartment for rent,"₦9,000,000","Maitama District, Abuja"
4 bedroom terraced duplex for rent,"₦40,000,000","Wuse 2, Abuja"
1 bedroom flat / apartment for rent,"₦3,000,000","Area 1 Shopping Center, Garki, Abuja"
4 bedroom terraced duplex for rent,"₦12,000,000","Gilmore, Jahi, Abuja"
1 bedroom flat / apartment for rent,"₦4,000,000","Jabi Main(tarred Rd), Jabi, Abuja"
3 bedroom flat / apartment for rent,"₦41,000,000","Jabi, Abuja"
2 bedroom house for rent,"₦30,000,000","(fully Tarred Rd) Jahi Gilmore, Jahi, Abuja"
4 bedroom terraced duplex for rent,"₦15,000,000","Guzape District, Abuja"
4 bedroom semi-detached duplex for rent,"₦8,000,000","Life Camp, Abuja"
4 bedroom terraced duplex for rent,"₦12,000,000","Guzape District, Abuja"
4 bedroom flat / apartment for rent,"₦40,000,000","Maitama District, Abuja"
2 bedroom house for rent,"₦8,000,000","Naf Valley Estate, Asokoro District, Abuja"
1 bedroom flat / apartment for rent,"₦3,000,000","Area 2, Garki, Abuja"
3 bedroom flat / apartment for rent,"₦6,000,000","Idu Industrial, Abuja"
5 bedroom semi-detached duplex for rent,"₦40,000,000","Guzape Main, Guzape District, Abuja"
3 bedroom terraced duplex for rent,"₦30,000,000","Asokoro Main, Asokoro District, Abuja"
3 bedroom flat / apartment for rent,"₦5,000,000","By Old Secteriat, Durumi, Abuja"
2 bedroom flat / apartment for rent,"₦18,000,000","Wuse 2, Abuja"
Office space for rent,"₦4,000,000","Wuse 2, Abuja"
Self contain (single rooms) for rent,"₦2,000,000","Mabushi, Abuja"
2 bedroom flat / apartment for rent,"₦12,000,000","Maitama District, Abuja"
1 bedroom flat / apartment for rent,"₦9,000,000","Maitama District, Abuja"
2 bedroom flat / apartment for rent,"₦4,000,000","64, Crescent, Gwarinpa, Abuja"
3 bedroom flat / apartment for rent,"₦6,000,000","Gudu, Abuja"
4 bedroom terraced duplex for rent,"₦13,000,000","Life Camp, Abuja"
3 bedroom terraced duplex for rent,"₦15,000,000","Guzape Main, Guzape District, Abuja"
5 bedroom terraced duplex for rent,"₦25,000,000","Guzape Main, Guzape District, Abuja"
4 bedroom semi-detached duplex for rent,"₦25,000,000","Guzape Main, Guzape District, Abuja"
2 bedroom flat / apartment for rent,"₦4,000,000","News Engineering, Dawaki, Gwarinpa, Abuja"
2 bedroom flat / apartment for rent,"₦5,500,000","Galadimawa, Abuja"
2 bedroom flat / apartment for rent,"₦6,000,000","Mabushi, Abuja"
3 bedroom terraced duplex for rent,"₦10,000,000","Jahi, Abuja"
1 bedroom mini flat (room and parlour) for rent,"₦1,600,000","Arab Road, Kubwa, Abuja"
3 bedroom detached bungalow for rent,"₦4,000,000","Arab Road, Kubwa, Abuja"
1 bedroom house for rent,"₦2,000,000","Chikakore, Kubwa, Abuja"
3 bedroom flat / apartment for rent,"₦4,000,000","Mabushi, Abuja"
Self contain (single rooms) for rent,"₦2,500,000","Durumi, Abuja"
3 bedroom semi-detached duplex for rent,"₦10,000,000","Apo, Abuja"
2 bedroom flat / apartment for rent,"₦4,500,000","News Engineering, Dawaki, Gwarinpa, Abuja"
3 bedroom flat / apartment for rent,"₦40,000,000","Maitama Main, Maitama District, Abuja"
3 bedroom terraced duplex for rent,"₦10,000,000","Jahi, Abuja"
3 bedroom terraced duplex for rent,"₦25,000,000","Zone 2, Wuse, Abuja"
Conference / meeting / training room for rent,"₦200,000","Kumasi Crescent, Wuse 2, Abuja"
5 bedroom terraced duplex for rent,"₦25,000,000","Guzape District, Abuja"
5 bedroom semi-detached duplex for rent,"₦30,000,000","Guzape District, Abuja"
Self contain (single rooms) for rent,"₦2,000,000","Estate By The Express, Lokogoma District, Abuja"
2 bedroom flat / apartment for rent,"₦6,000,000","Garki, Abuja"
2 bedroom flat / apartment for rent,"₦10,000,000","Palm Spring, Maitama District, Abuja"
1 bedroom flat / apartment for rent,"₦3,000,000","Wuye, Abuja"
Office space for rent,"₦750,000","Behind Conoil Filling Station, Area 1, Garki, Abuja"
Plaza / complex / mall for rent,"₦7,500,000","Main, Gwarinpa, Abuja"
5 bedroom semi-detached duplex for rent,"₦25,000,000","Guzape District, Abuja"
3 bedroom flat / apartment for rent,"₦11,000,000","Katampe (Main), Katampe, Abuja"
2 bedroom flat / apartment for rent,"₦4,500,000","Nut Axis, Lugbe District, Abuja"
1 bedroom flat / apartment for rent,"₦650,000","Maitama District, Abuja"
2 bedroom semi-detached bungalow for rent,"₦5,000,000","Apo, Abuja"
4 bedroom terraced duplex for rent,"₦8,000,000","Kaura, Abuja"
4 bedroom terraced duplex for rent,"₦18,000,000","Katampe Extension, Katampe, Abuja"
3 bedroom flat / apartment for rent,"₦5,000,000","Kaura, Abuja"
5 bedroom semi-detached duplex for rent,"₦25,000,000","Guzape District, Abuja"
18 bedroom hotel / guest house for rent,"₦30,000,000","Zone 2, Wuse, Abuja"
3 bedroom flat / apartment for rent,"₦8,000,000","Jahi, Abuja"
Conference / meeting / training room for rent,"₦350,000","Maitama District, Abuja"
1 bedroom flat / apartment for rent,"₦9,000,000","Maitama District, Abuja"
Plaza / complex / mall for rent,"₦8,000,000","Wuse 2, Abuja"
5 bedroom house for rent,"₦25,000,000","Guzape District, Abuja"
2 bedroom flat / apartment for rent,"₦6,000,000","Jahi, Abuja"
7 bedroom detached duplex for rent,"₦60,000,000","By Arab, Utako, Abuja"
2 bedroom flat / apartment for rent,"₦4,000,000","By American International School, Garki, Abuja"
3 bedroom flat / apartment for rent,"₦4,500,000","By Nizamiye Hospital, Karmo, Abuja"
3 bedroom flat / apartment for rent,"₦4,000,000","Mabushi, Abuja"
Plaza / complex / mall for rent,"₦15,000,000","Arab Road, Kubwa, Abuja"
3 bedroom flat / apartment for rent,"₦10,000,000","Wuye Main, Wuye, Abuja"
4 bedroom terraced duplex for rent,"₦28,000,000","Maitama Main, Maitama District, Abuja"
3 bedroom flat / apartment for rent,"₦6,500,000","Garki, Abuja"
3 bedroom flat / apartment for rent,"₦12,000,000","Jabi Main, Jabi, Abuja"
4 bedroom terraced duplex for rent,"₦13,000,000","Life Camp, Abuja"
1 bedroom flat / apartment for rent,"₦2,500,000","By Opp. Games Village, Kaura, Abuja"
3 bedroom flat / apartment for rent,"₦10,000,000","Wuye Main, Wuye, Abuja"
4 bedroom terraced duplex for rent,"₦10,000,000","Gwarinpa, Abuja"
5 bedroom terraced duplex for rent,"₦25,000,000","Wuse, Abuja"
7 bedroom detached duplex for rent,"₦55,000,000","Jabi Main, Jabi, Abuja"
32 bedroom hotel / guest house for rent,"₦80,000,000","Off Ademola Adetunkubo (tarred Rd), Wuse 2, Abuja"
4 bedroom terraced duplex for rent,"₦25,000,000","Maitama District, Abuja"
1 bedroom flat / apartment for rent,"₦9,000,000","Maitama District, Abuja"
4 bedroom detached duplex for rent,"₦70,000,000","Guzape District, Abuja"
3 bedroom flat / apartment for rent,"₦9,000,000","Guzape District, Abuja"
Commercial property for rent,"₦200,000,000","Around Churchgate, Central Business District, Abuja"
5 bedroom detached duplex for rent,"₦90,000,000","Maitama District, Abuja"
3 bedroom flat / apartment for rent,"₦6,000,000","By Ebeano, Gaduwa, Abuja"
3 bedroom flat / apartment for rent,"$35,000","Maitama District, Abuja"
Self contain (single rooms) for rent,"₦2,500,000","Yah Wahab Estate Phase 2, Wuye, Abuja"
2 bedroom flat / apartment for rent,"₦3,000,000","Dawaki, Gwarinpa, Abuja"
Conference / meeting / training room for rent,"₦300,000","Wuse 2, Abuja"
5 bedroom terraced duplex for rent,"₦25,000,000","Wuse, Abuja"
Shop for rent,"₦7,000,000","Maitama District, Abuja"
3 bedroom flat / apartment for rent,"₦10,000,000","Wuse 2, Abuja"
2 bedroom flat / apartment for rent,"₦6,000,000","Wuye Main(tarred Rd), Wuye, Abuja"
2 bedroom flat / apartment for rent,"₦4,000,000","Apo Primary/wumba District, Apo, Abuja"
3 bedroom flat / apartment for rent,"₦8,000,000","Off American International School, Durumi, Abuja"
3 bedroom semi-detached duplex for rent,"₦10,000,000","Apo, Abuja"
1 bedroom mini flat (room and parlour) for rent,"₦3,500,000","Brick City Estate Phase Ii, Kubwa, Abuja"
1 bedroom mini flat (room and parlour) for rent,"₦8,000,000","Uptown Apartments, Katampe, Abuja"
1 bedroom mini flat (room and parlour) for rent,"₦4,500,000","Brick City Estate, Kubwa, Abuja"
Self contain (single rooms) for rent,"₦3,000,000","Works And Housing Estate, Karu, Abuja"
1 bedroom flat / apartment for rent,"₦9,000,000","Maitama District, Abuja"
1 bedroom flat / apartment for rent,"₦4,500,000","Phase 3, Kubwa, Abuja"
1 bedroom mini flat (room and parlour) for rent,"₦3,500,000","Brick City Estate, Kubwa, Abuja"
3 bedroom flat / apartment for rent,"₦6,000,000","Utako, Utako, Abuja"
2 bedroom house for rent,"₦10,000,000","Lugbe District, Abuja"
1 bedroom mini flat (room and parlour) for rent,"₦2,500,000","Lugbe District, Abuja"
3 bedroom flat / apartment for rent,"₦11,000,000","Katampe, Katampe, Abuja"
3 bedroom flat / apartment for rent,"₦7,000,000","Katampe (Main), Katampe, Abuja"
2 bedroom flat / apartment for rent,"₦3,500,000","Dawaki, Gwarinpa, Abuja"
2 bedroom flat / apartment for rent,"₦4,000,000","Dawaki, Gwarinpa, Abuja"
3 bedroom flat / apartment for rent,"₦11,000,000","Katampe, Abuja"
2 bedroom flat / apartment for rent,"₦3,000,000","Dawaki, Gwarinpa, Abuja"
3 bedroom flat / apartment for rent,"₦11,000,000","Katampe (Main), Katampe, Abuja"
1 bedroom mini flat (room and parlour) for rent,"₦6,000,000","By Capital Hub, Mabushi, Abuja"
4 bedroom terraced duplex for rent,"₦8,000,000","Maitama, Extension Mpape, Maitama 2, Maitama District, Abuja"
3 bedroom flat / apartment for rent,"₦30,000,000","Maitama, Maitama District, Abuja"
2 bedroom flat / apartment for rent,"₦5,000,000","Stella Marris Axis, Life Camp, Abuja"
5 bedroom detached duplex for rent,"₦60,000,000","Asokoro District, Abuja"
3 bedroom flat / apartment for rent,"₦7,000,000","By American International, Durumi, Abuja"
3 bedroom flat / apartment for rent,"₦6,000,000","News Engineering, Dawaki, Gwarinpa, Abuja"
4 bedroom terraced duplex for rent,"₦13,000,000","By Lifecamp Junction., Life Camp, Abuja"
Conference / meeting / training room for rent,"₦200,000","Kumasi Crescent, Wuse 2, Abuja"
2 bedroom flat / apartment for rent,"₦6,000,000","Main, Wuye, Abuja"
3 bedroom flat / apartment for rent,"₦10,000,000","By Gilmore, Jahi, Abuja"
2 bedroom flat / apartment for rent,"₦3,500,000","Idu Industrial, Abuja"
2 bedroom flat / apartment for rent,"₦4,500,000","Life Camp, Abuja"
3 bedroom house for rent,"$30,000","Asokoro Main, Asokoro District, Abuja"
5 bedroom flat / apartment for rent,"₦35,000,000","Kado, Abuja"
5 bedroom detached duplex for rent,"₦75,000,000","Maitama District, Abuja"
4 bedroom terraced duplex for rent,"₦20,000,000","3rd Avenue, Gwarinpa, Abuja"
Plaza / complex / mall for rent,"₦2,500,000","Area 2, Garki, Abuja"
4 bedroom terraced duplex for rent,"₦10,000,000","Rockvale Manor Estate, After  Cedarcrest Hospital, Gudu, Abuja"
3 bedroom house for rent,"₦15,000,000","Foreign Affairs Qautars, Maitama District, Abuja"
5 bedroom house for rent,"₦3,500,000","Arab Road, Kubwa, Abuja"
Plaza / complex / mall for rent,"₦16,500,000","Gwarinpa, Abuja"
Office space for rent,"₦150,000","Zone 5, Wuse, Abuja"
2 bedroom flat / apartment for rent,"₦3,500,000","FO1 Layout, Kubwa, Abuja"
2 bedroom flat / apartment for rent,"₦3,500,000","FO1 Layout, Kubwa, Abuja"
2 bedroom flat / apartment for rent,"₦3,500,000","Kubwa, Abuja"
4 bedroom terraced duplex for rent,"₦18,000,000","Jahi, Abuja"
3 bedroom semi-detached duplex for rent,"₦10,000,000","Apo, Abuja"
2 bedroom flat / apartment for rent,"₦4,000,000","Dawaki, Gwarinpa, Abuja"
1 bedroom flat / apartment for rent,"₦9,000,000","Maitama District, Abuja"
Office space for rent,"₦30,000,000","4th Avenue Main Express Busy Road, Gwarinpa, Abuja"
Office space for rent,"₦12,500,000","69 Road, Gwarinpa, Abuja"
1 bedroom flat / apartment for rent,"₦3,200,000","Dawaki, Gwarinpa, Abuja"
2 bedroom flat / apartment for rent,"₦6,000,000","Wuye, Abuja"
Plaza / complex / mall for rent,"₦2,880,000","Jabi, Abuja"
2 bedroom flat / apartment for rent,"₦4,500,000","Katampe, Abuja"
Self contain (single rooms) for rent,"₦1,500,000","Life Camp, Abuja"
1 bedroom flat / apartment for rent,"₦3,000,000","News Engineering, Dawaki, Gwarinpa, Abuja"
2 bedroom flat / apartment for rent,"₦4,000,000","News Engineering, Dawaki, Gwarinpa, Abuja"
4 bedroom detached duplex for rent,"₦35,000,000","Kado By Mfm, Mabushi, Abuja"
3 bedroom flat / apartment for rent,"₦8,000,000","Kaura, Abuja"
2 bedroom flat / apartment for rent,"₦7,000,000","Kaura, Abuja"
3 bedroom flat / apartment for rent,"₦10,000,000","Jahi, Abuja"
2 bedroom flat / apartment for rent,"₦8,000,000","Jahi, Abuja"
3 bedroom flat / apartment for rent,"₦10,000,000","Jahi, Abuja"
Office space for rent,"₦5,000,000","Off Ademola Adetokunbo Crescent, Wuse 2, Abuja"
8 bedroom detached duplex for rent,"₦100,000,000","Maitama District, Abuja"
3 bedroom flat / apartment for rent,"₦11,000,000","Wuye, Abuja"
4 bedroom terraced duplex for rent,"₦18,000,000","Wuye, Wuye, Abuja"
Office space for rent,"₦300,000,000","Cbd, Central Business District, Abuja"
1 bedroom flat / apartment for rent,"₦6,000,000","Maitama District, Abuja"
Office space for rent,"₦360,000,000","Area 11, Garki, Abuja"
4 bedroom terraced duplex for rent,"₦10,000,000","Apo, Abuja"
Office space for rent,"₦25,000,000","Wuse 2, Abuja"
3 bedroom flat / apartment for rent,"₦20,000,000","No. 16 Oladipo, Jahi, Abuja"
3 bedroom flat / apartment for rent,"₦18,000,000","Oladapo Afolabi Crescent, Jahi, Abuja"
4 bedroom house for rent,"₦18,000,000","Naf Valley Estate, Asokoro District, Abuja"
4 bedroom flat / apartment for rent,"₦40,000,000","Katampe Extension, Katampe, Abuja"
3 bedroom flat / apartment for rent,"₦8,000,000","Katampe Main, Katampe, Abuja"
Office space for rent,"₦180,000,000","Wuse 2, Abuja"
2 bedroom semi-detached bungalow for rent,"₦4,000,000","Citec, Jabi, Abuja"
3 bedroom flat / apartment for rent,"₦8,000,000","Katampe (Main), Katampe, Abuja"
Commercial property for rent,"₦80,000,000","Maitama District, Abuja"
4 bedroom terraced duplex for rent,"₦8,000,000","Galadimawa, Abuja"
4 bedroom semi-detached duplex for rent,"₦40,000,000","Maitama District, Abuja"
2 bedroom terraced duplex for rent,"₦13,000,000","Katampe (Main), Katampe, Abuja"
2 bedroom flat / apartment for rent,"₦8,000,000","Katampe (Main), Katampe, Abuja"
3 bedroom flat / apartment for rent,"₦11,000,000","By Living Faith, Katampe (Main), Katampe, Abuja"
1 bedroom mini flat (room and parlour) for rent,"₦1,100,000","G.r.a Gbessa Opposite Immigration Hq, Sauka Airport Road, Kyami, Abuja"
3 bedroom flat / apartment for rent,"₦7,000,000","Area 1 Axis., Durumi, Abuja"
3 bedroom flat / apartment for rent,"₦30,000,000","By Shoprite, Jabi, Abuja"
1 bedroom flat / apartment for rent,"₦9,000,000","Maitama District, Abuja"
1 bedroom flat / apartment for rent,"₦4,000,000","News Engineering, Dawaki, Gwarinpa, Abuja"
Office space for rent,"₦6,000,000","Gaduwa, Abuja"
Self contain (single rooms) for rent,"₦1,500,000","News Engineering, Dawaki, Gwarinpa, Abuja"
2 bedroom flat / apartment for rent,"₦5,000,000","By American International, Durumi, Abuja"
3 bedroom flat / apartment for rent,"₦5,500,000","Gaduwa, Abuja"
Office space for rent,"₦15,000,000","Prime Location, Wuse 2, Abuja"
3 bedroom flat / apartment for rent,"₦7,000,000","Gudu, Abuja"
1 bedroom flat / apartment for rent,"₦2,500,000","Galadimawa, Abuja"
1 bedroom flat / apartment for rent,"₦2,500,000","Mifa Estate, Lokogoma District, Abuja"
Office space for rent,"₦15,477,600","Wuse 2, Abuja"
1 bedroom flat / apartment for rent,"₦3,000,000","Dawaki District, Dawaki, Gwarinpa, Abuja"
3 bedroom semi-detached duplex for rent,"₦10,000,000","Apo, Abuja"
2 bedroom flat / apartment for rent,"₦3,000,000","Dawaki District, Dawaki, Gwarinpa, Abuja"
Office space for rent,"₦400,000,000","Area 11, Garki, Abuja"
3 bedroom flat / apartment for rent,"₦7,000,000","Along Lokogoma Road, Gaduwa, Abuja"
3 bedroom semi-detached duplex for rent,"₦10,000,000","By Ceder Crest Hospital, Apo, Abuja"
5 bedroom detached duplex for rent,"₦12,000,000","Gaduwa, Abuja"
4 bedroom detached duplex for rent,"₦11,000,000","Gaduwa, Abuja"
1 bedroom mini flat (room and parlour) for rent,"₦2,500,000","Lokogoma District, Abuja"
4 bedroom terraced duplex for rent,"₦3,000,000","Guzape District, Abuja"
1 bedroom flat / apartment for rent,"₦6,000,000","Maitama District, Abuja"
3 bedroom terraced duplex for rent,"₦10,000,000","Apo, Abuja"
1 bedroom mini flat (room and parlour) for rent,"₦3,000,000","Lugbe District, Abuja"
Self contain (single rooms) for rent,"₦1,500,000","Von Axis, Lugbe District, Abuja"
Shop for rent,"₦7,000,000","On Ademola Adetokumbo, Wuse 2, Abuja"
4 bedroom detached duplex for rent,"₦15,000,000,000","Life Camp, Abuja"
3 bedroom flat / apartment for rent,"₦6,500,000","Jahi, Abuja"
3 bedroom flat / apartment for rent,"₦18,000,000","Zone 6, Wuse, Abuja"
2 bedroom flat / apartment for rent,"₦20,000,000","Wuse 2, Abuja"
Warehouse for rent,"₦70,000","Gudu, Abuja"
4 bedroom terraced duplex for rent,"₦10,000,000","By Gaat School, Gaduwa, Abuja"
Warehouse for rent,"₦25,000,000","Dei Dei Expressway, Dei-Dei, Abuja"
3 bedroom flat / apartment for rent,"₦25,000,000","Maitama District, Abuja"
3 bedroom flat / apartment for rent,"₦9,000,000","Gilmore, Jahi, Abuja"
3 bedroom semi-detached duplex for rent,"₦10,000,000","Apo, Abuja"
3 bedroom flat / apartment for rent,"₦10,000,000","Zone 6, Wuse, Abuja"
3 bedroom flat / apartment for rent,"₦40,000,000","Around British Village, Wuse 2, Abuja"
3 bedroom flat / apartment for rent,"₦6,000,000","Area 2, Garki, Abuja"
Office space for rent,"₦5,000,000","Gana Street, Maitama District, Abuja"
2 bedroom flat / apartment for rent,"₦25,000,000","By Shoprite, Jabi, Abuja"
3 bedroom terraced duplex for rent,"₦25,000,000","Off Mississippi, Maitama District, Abuja"
1 bedroom flat / apartment for rent,"₦6,000,000","Maitama District, Abuja"
2 bedroom flat / apartment for rent,"₦7,000,000","By Nut Axis, Lugbe District, Abuja"
1 bedroom mini flat (room and parlour) for rent,"₦1,500,000","Katampe Extension, Katampe, Abuja"
Office space for rent,"₦35,000,000","Wuse Zone, Wuse, Abuja"
4 bedroom house for rent,"₦9,000,000","Apo, Abuja"
4 bedroom terraced duplex for rent,"₦20,000,000","Jabi, Abuja"
4 bedroom terraced duplex for rent,"₦40,000,000","Lakeview, Jabi, Abuja"
2 bedroom flat / apartment for rent,"₦25,000,000","Wuye, Abuja"
4 bedroom terraced duplex for rent,"₦37,000,000","Wuye, Abuja"
3 bedroom semi-detached duplex for rent,"₦10,000,000","Apo, Abuja"
Commercial property for rent,"₦35,000,000","Jabi, Abuja"
Commercial property for rent,"₦80,000,000","Wuse 2, Abuja"
2 bedroom terraced duplex for rent,"₦9,000,000","Guzape District, Abuja"
1 bedroom mini flat (room and parlour) for rent,"₦3,500,000","Apo Dutse By Shoprite Axis ,cedar Crest Hospital, Apo, Abuja"
4 bedroom terraced duplex for rent,"₦15,000,000","Mabushi, Abuja"
3 bedroom flat / apartment for rent,"₦25,000,000","Off Ibb Boulevard, Maitama District, Abuja"
3 bedroom flat / apartment for rent,"₦25,000,000","Aso-drive, Maitama District, Abuja"
4 bedroom semi-detached duplex for rent,"₦27,000,000","Asokoro District, Abuja"
3 bedroom flat / apartment for rent,"₦7,000,000","Kado, Abuja"
1 bedroom mini flat (room and parlour) for rent,"₦1,500,000","Kubwa, Abuja"
3 bedroom flat / apartment for rent,"₦7,000,000","Durumi, Abuja"
1 bedroom flat / apartment for rent,"₦6,000,000","Maitama District, Abuja"
3 bedroom flat / apartment for rent,"₦6,500,000","Main, Guzape District, Abuja"
1 bedroom mini flat (room and parlour) for rent,"₦2,500,000","Galadimawa, Abuja"
3 bedroom flat / apartment for rent,"₦6,000,000","Life Camp, Abuja"
1 bedroom flat / apartment for rent,"₦3,500,000","Jahi, Abuja"
3 bedroom flat / apartment for rent,"₦20,000,000","Guzape District, Abuja"
4 bedroom terraced duplex for rent,"₦25,000,000","Guzape District, Abuja"
2 bedroom flat / apartment for rent,"₦17,000,000","Utako, Abuja"
3 bedroom flat / apartment for rent,"₦25,000,000","Wuse 2, Wuse 2, Abuja"
2 bedroom flat / apartment for rent,"₦6,500,000","Wuye, Abuja"
6 bedroom detached duplex for rent,"₦35,000,000","Katampe, Abuja"
4 bedroom terraced duplex for rent,"₦17,000,000","Guzape District, Abuja"
4 bedroom terraced duplex for rent,"₦15,000,000","Guzape, Guzape District, Abuja"
2 bedroom flat / apartment for rent,"₦6,000,000","By Old Secret, Area 1, Garki, Abuja"
3 bedroom flat / apartment for rent,"₦8,500,000","Bilard Estate, Life Camp, Abuja"
Office space for rent,"₦50,000","Off Gudu Electronic Market, Gudu, Abuja"
3 bedroom terraced duplex for rent,"₦15,000,000","Guzape, Guzape District, Abuja"
1 bedroom mini flat (room and parlour) for rent,"₦1,500,000","Off Gilbert Chikelu Crescent, Guzape District, Abuja"
4 bedroom terraced duplex for rent,"₦16,000,000","Jabi, Abuja"
4 bedroom detached duplex for rent,"₦20,000,000","Asokoro District, Abuja"
Conference / meeting / training room for rent,"₦100,000","Kumasi Crescent, Wuse 2, Abuja"
1 bedroom flat / apartment for rent,"₦6,000,000","Maitama District, Abuja"
4 bedroom terraced duplex for rent,"₦12,000,000","Mabushi, Abuja"
4 bedroom terraced duplex for rent,"₦12,000,000","Mabushi, Abuja"
1 bedroom flat / apartment for rent,"₦9,000,000","Maitama District, Abuja"
2 bedroom flat / apartment for rent,"₦4,500,000","Nizamiya Hospital Axis, Idu Industrial, Abuja"
4 bedroom semi-detached duplex for rent,"₦9,000,000","River Park Estate Cluster 3, Lugbe District, Abuja"
4 bedroom terraced duplex for rent,"₦30,000,000","Guzape District, Abuja"
3 bedroom flat / apartment for rent,"₦10,000,000","Jahi, Abuja"
2 bedroom flat / apartment for rent,"₦4,000,000","Brains And Hammers, Galadimawa, Abuja"
3 bedroom terraced duplex for rent,"₦11,000,000","Jabi, Abuja"
4 bedroom semi-detached duplex for rent,"₦9,000,000","Riverpark Estate, Lugbe District, Abuja"
Plaza / complex / mall for rent,"₦7,000,000","Wuse 2, Abuja"
3 bedroom flat / apartment for rent,"₦14,000,000","Kukwaba, Abuja"
1 bedroom flat / apartment for rent,"₦2,500,000","Lugbe District, Abuja"
3 bedroom flat / apartment for rent,"₦20,000,000","Garki, Abuja"
5 bedroom house for rent,"₦25,000,000","Guzape District, Abuja"
5 bedroom semi-detached duplex for rent,"₦60,000,000","Asokoro District, Abuja"
4 bedroom detached duplex for rent,"₦15,000,000","Life Camp, Abuja"
4 bedroom terraced duplex for rent,"₦30,000,000","Guzape District, Abuja"
2 bedroom flat / apartment for rent,"₦4,500,000","Kubwa Extension, FO1 Layout, Kubwa, Abuja"
2 bedroom flat / apartment for rent,"₦6,000,000","Galadimawa, Abuja"
1 bedroom flat / apartment for rent,"₦9,000,000","Maitama District, Abuja"
5 bedroom detached duplex for rent,"₦50,000,000","Maitama District, Abuja"
2 bedroom flat / apartment for rent,"₦8,000,000","Jahi, Abuja"
3 bedroom flat / apartment for rent,"₦10,000,000","Jahi, Abuja"
Self contain (single rooms) for rent,"₦1,000,000","6th Avenue, Gwarinpa, Abuja"
1 bedroom mini flat (room and parlour) for rent,"₦7,500,000","Garki, Abuja"
Office space for rent,"₦94,050,000","Gudu, Abuja"
3 bedroom semi-detached duplex for rent,"₦10,000,000","Apo, Abuja"
4 bedroom flat / apartment for rent,"₦7,000,000","FO1 Layout, Kubwa, Abuja"
2 bedroom flat / apartment for rent,"₦7,000,000","Katampe Extension, Katampe, Abuja"
3 bedroom flat / apartment for rent,"₦6,000,000","By Games Village, Kaura, Abuja"
3 bedroom flat / apartment for rent,"₦7,000,000","Durumi, Abuja"
4 bedroom terraced duplex for rent,"₦20,000,000","Jabi, Abuja"
2 bedroom flat / apartment for rent,"₦7,000,000","Diplomatic Zone, Katampe Extension, Katampe, Abuja"
3 bedroom semi-detached duplex for rent,"₦10,000,000","Apo, Abuja"
5 bedroom detached duplex for rent,"₦30,000,000","Mabushi, Abuja"
Self contain (single rooms) for rent,"₦1,000,000","Around Charlie Boy 6th Avenue, Gwarinpa, Abuja"
3 bedroom house for rent,"₦12,000,000","Mabushi, Abuja"
2 bedroom flat / apartment for rent,"₦8,000,000","Mabushi, Abuja"
4 bedroom detached duplex for rent,"₦12,000,000","Cluster 4, River Park Estate Airport Road, Lugbe District, Abuja"
4 bedroom semi-detached duplex for rent,"₦12,000,000","Garki, Abuja"
1 bedroom flat / apartment for rent,"₦9,000,000","Maitama District, Abuja"
1 bedroom flat / apartment for rent,"₦4,000,000","Durumi, Durumi, Abuja"
3 bedroom flat / apartment for rent,"₦6,000,000","Area 2, Garki, Abuja"
3 bedroom flat / apartment for rent,"₦10,000,000","Gilmore, Jahi, Abuja"
2 bedroom flat / apartment for rent,"₦2,500,000","N3, Oakville Estate, Besides River Park, Fha, Lugbe District, Abuja"
2 bedroom flat / apartment for rent,"₦8,000,000","Diplomatic Zone., Katampe Extension, Katampe, Abuja"
2 bedroom house for rent,"₦26,000,000","Wuye, Abuja"
2 bedroom house for rent,"₦3,000,000","Wuye, Abuja"
2 bedroom house for rent,"₦3,000,000","Wuye, Abuja"
5 bedroom detached duplex for rent,"₦35,000,000","Guzape District, Abuja"
2 bedroom house for rent,"₦3,000,000","Wuye, Abuja"
3 bedroom flat / apartment for rent,"₦40,000,000","Maitama District, Abuja"
Self contain (single rooms) for rent,"₦600,000","Guidna Opposite Nysc Junction Off Kubwa Express Way, Kubwa, Abuja"
7 bedroom detached duplex for rent,"₦120,000,000","Maitama District, Abuja"
3 bedroom flat / apartment for rent,"₦5,500,000","Jabi, Abuja"
3 bedroom flat / apartment for rent,"₦10,000,000","Jahi, Abuja"
5 bedroom detached duplex for rent,"₦20,000,000","Gillmore, Jahi, Abuja"
5 bedroom detached duplex for rent,"₦60,000,000","Jabi, Abuja"
5 bedroom detached duplex for rent,"₦20,000,000","By American International School, Durumi, Abuja"
3 bedroom terraced duplex for rent,"₦10,000,000","Gaduwa, Abuja"
2 bedroom flat / apartment for rent,"₦7,000,000","Gilmore, Jahi, Abuja"
1 bedroom flat / apartment for rent,"₦6,000,000","Maitama District, Abuja"
3 bedroom flat / apartment for rent,"₦7,000,000","Gudu, Abuja"
4 bedroom terraced duplex for rent,"₦30,000,000","Guzape District, Abuja"
2 bedroom flat / apartment for rent,"₦4,500,000","Nnpc Estate, Life Camp, Abuja"
3 bedroom terraced duplex for rent,"₦10,000,000","Apo, Abuja"
3 bedroom flat / apartment for rent,"₦3,000,000","Lokogoma District, Abuja"
4 bedroom terraced duplex for rent,"₦17,000,000","Katampe Extension, Katampe, Abuja"
3 bedroom flat / apartment for rent,"$25,000","Jabi, Abuja"
5 bedroom detached duplex for rent,"₦50,000,000","Asokoro District, Abuja"
4 bedroom semi-detached duplex for rent,"₦6,000,000","Kool Street, Galadimawa, Abuja"
3 bedroom flat / apartment for rent,"₦25,000,000","Jahi, Abuja"
2 bedroom flat / apartment for rent,"₦4,500,000","Associated Estate, Karmo, Abuja"
1 bedroom flat / apartment for rent,"₦4,000,000","Nice Location At Mabushi By Vio, Mabushi, Abuja"
3 bedroom semi-detached duplex for rent,"₦10,000,000","Apo, Abuja"
3 bedroom terraced duplex for rent,"₦10,000,000","Apo Abuja, Apo, Abuja"
9 bedroom detached duplex for rent,"₦20,000,000","By American School, Garki, Abuja"
Self contain (single rooms) for rent,"₦2,500,000","By Arab( Fully Tarred), Utako, Abuja"
4 bedroom house for rent,"₦13,000,000","Guzape District, Abuja"
2 bedroom flat / apartment for rent,"₦7,000,000","By Shafa( Fully Tarred Rd), Wuse, Abuja"
Self contain (single rooms) for rent,"₦3,000,000","69 Road, Gwarinpa, Abuja"
3 bedroom terraced duplex for rent,"₦10,000,000","By Gudu Junction, Close To Ceedercrest Hospital., Apo, Abuja"
1 bedroom flat / apartment for rent,"₦6,000,000","Maitama District, Abuja"
3 bedroom semi-detached duplex for rent,"₦10,000,000","By Cedar Crest, Apo, Abuja"
3 bedroom semi-detached duplex for rent,"₦10,000,000","Apo, Abuja"
5 bedroom detached duplex for rent,"₦12,000,000","Gaduwa, Abuja"
3 bedroom terraced duplex for rent,"₦10,000,000","Apo-dutse By Amina Court, Apo, Abuja"
3 bedroom flat / apartment for rent,"₦6,500,000","Enl Estate, Guzape District, Abuja"
Self contain (single rooms) for rent,"₦1,750,000","Guzape District, Abuja"
3 bedroom detached bungalow for rent,"₦7,000,000","Galadimawa, Abuja"
Self contain (single rooms) for rent,"₦1,200,000","Apo Primary Super Cell Estate, Apo, Abuja"
Self contain (single rooms) for rent,"₦700,000","Lugbe District, Abuja"
Self contain (single rooms) for rent,"₦1,200,000","Super Cell Estate, Apo, Abuja"
Office space for rent,"₦40,000,000","Close To Aa Rano Filling Station, Utako, Abuja"
5 bedroom detached duplex for rent,"₦30,000,000","Close To Vio, Mabushi, Abuja"
3 bedroom terraced duplex for rent,"₦10,000,000","Near Cedar Crest Hospital, Apo, Abuja"
3 bedroom flat / apartment for rent,"₦45,000,000","Off Mtn Office, Maitama District, Abuja"
3 bedroom terraced duplex for rent,"₦10,000,000","By Cedacrest, Apo, Abuja"
3 bedroom semi-detached bungalow for rent,"₦6,000,000","Favour Land Estate, Life Camp, Abuja"
3 bedroom terraced duplex for rent,"₦10,000,000","Apo, Abuja"
2 bedroom flat / apartment for rent,"₦4,000,000","Mike Street, Galadimawa, Abuja"
1 bedroom mini flat (room and parlour) for rent,"₦2,500,000","Dinners Street, Galadimawa, Abuja"
5 bedroom detached duplex for rent,"₦15,000,000","Third Avenue, Galadimawa, Abuja"
1 bedroom flat / apartment for rent,"₦6,000,000","Maitama District, Abuja"
4 bedroom semi-detached duplex for rent,"₦11,000,000","Gudu, Abuja"
2 bedroom flat / apartment for rent,"₦25,000,000","Wuse, Abuja"
4 bedroom terraced duplex for rent,"₦15,000,000","Kado, Abuja"
5 bedroom terraced duplex for rent,"₦25,000,000","Wuse Zone, Wuse, Abuja"
4 bedroom house for rent,"₦25,000,000","Bilard Estate, Life Camp, Abuja"
3 bedroom terraced duplex for rent,"₦10,000,000","Harold Court Estate, Apo, Abuja"
3 bedroom terraced duplex for rent,"₦10,000,000","Acacia Grove Homes, Apo, Abuja"
3 bedroom flat / apartment for rent,"₦7,000,000","Mabushi, Abuja"
3 bedroom flat / apartment for rent,"₦10,000,000","Mabushi, Abuja"
3 bedroom flat / apartment for rent,"₦10,000,000","Jahi, Abuja"
3 bedroom flat / apartment for rent,"₦7,000,000","By Hotel 2020, Utako, Abuja"
3 bedroom flat / apartment for rent,"₦3,500,000","Life Camp, Abuja"
3 bedroom flat / apartment for rent,"₦6,000,000","Idu Industrial, Abuja"
4 bedroom semi-detached duplex for rent,"₦10,000,000","Idu Industrial, Abuja"
2 bedroom house for rent,"₦6,000,000","Life Camp, Abuja"
3 bedroom detached bungalow for rent,"₦9,000,000","Galadimawa, Abuja"
4 bedroom flat / apartment for rent,"₦40,000,000","Ibrahim Babangida Blvd, Maitama District, Abuja"
5 bedroom terraced duplex for rent,"₦25,000,000","Wuse 2, Abuja"
1 bedroom mini flat (room and parlour) for rent,"₦2,500,000","Apo Resettlement, Apo, Abuja"
2 bedroom semi-detached bungalow for rent,"₦5,000,000","Centage Estate Apo Close To Cedacrest Hospital, Apo, Abuja"
1 bedroom flat / apartment for rent,"₦6,000,000","Maitama District, Abuja"
Self contain (single rooms) for rent,"₦3,500,000","Federal Ministry Of Works And Housing Estate, Karu Phase I, Karu, Abuja"
3 bedroom flat / apartment for rent,"₦6,500,000","Lifecamp (before Stella Marris), Life Camp, Abuja"
2 bedroom flat / apartment for rent,"₦8,000,000","Life Camp, Abuja"
3 bedroom terraced duplex for rent,"₦10,000,000","Apo, Abuja"
1 bedroom flat / apartment for rent,"₦7,500,000","Gilmore, Jahi, Abuja"
3 bedroom flat / apartment for rent,"₦4,500,000","Galadimawa, Abuja"
2 bedroom flat / apartment for rent,"₦4,500,000","Close To The Round About, Galadimawa, Abuja"
4 bedroom terraced duplex for rent,"₦7,500,000","By Brains And Hammers Estate, Galadimawa, Abuja"
3 bedroom flat / apartment for rent,"₦6,000,000","By Brains And Hammers Close To The Round About, Galadimawa, Abuja"
2 bedroom flat / apartment for rent,"₦16,000,000","Jahi District, Jahi, Abuja"
2 bedroom flat / apartment for rent,"₦8,000,000","Lifecamp District, Life Camp, Abuja"
1 bedroom flat / apartment for rent,"₦3,500,000","Idu By Nizamiya Hospt, Idu Industrial, Abuja"
1 bedroom mini flat (room and parlour) for rent,"₦8,030,000","Gudu, Abuja"
4 bedroom flat / apartment for rent,"₦5,000,000","Gaduwa, Abuja"
4 bedroom detached duplex for rent,"₦25,000,000","Galadimawa, Abuja"
2 bedroom flat / apartment for rent,"₦6,000,000","Garki Area 11, Garki, Abuja"
3 bedroom flat / apartment for rent,"₦8,000,000","Asokoro, Asokoro District, Abuja"
4 bedroom semi-detached duplex for rent,"₦40,000,000","By Ministers Hill, Maitama District, Abuja"
8 bedroom detached duplex for rent,"₦65,000,000","Asokoro Main, Asokoro District, Abuja"
3 bedroom flat / apartment for rent,"₦15,000,000","Katampe, Abuja"
Conference / meeting / training room for rent,"₦200,000","Kumasi Crescent, Wuse 2, Abuja"
8 bedroom detached duplex for rent,"₦40,000,000","Off Aliyu Modibbo Street, Guzape District, Abuja"
3 bedroom terraced duplex for rent,"₦10,000,000","Gaduwa, Abuja"
4 bedroom semi-detached duplex for rent,"₦18,000,000","Naf Estate, Asokoro District, Abuja"
1 bedroom flat / apartment for rent,"₦1,500,000","By Kabusa Gardens Estate Along Sunnyvale Junction Road., Lokogoma District, Abuja"
Self contain (single rooms) for rent,"₦500,000","Close To Kabusa Gardens Estate, Along Sunnyvale Junction Road, Lokogoma District, Abuja"
Self contain (single rooms) for rent,"₦700,000","Close To Kabusa Gardens Estate Along Sunnyvale Junction Road, Lokogoma District, Abuja"
Self contain (single rooms) for rent,"₦850,000","Close To Kabusa Gardens Estate Along Sunnyvale Junction Road., Lokogoma District, Abuja"
Self contain (single rooms) for rent,"₦450,000","Close To Kabusa Gardens Estate Along Sunnyvale Junction Road, Lokogoma District, Abuja"
8 bedroom detached duplex for rent,"₦65,000,000","Haile Selassi Street, Asokoro District, Abuja"
3 bedroom terraced duplex for rent,"₦10,000,000","Apo, Abuja"
3 bedroom detached bungalow for rent,"₦5,000,000","Efab Sunshine Apo Wasa After Primary, Apo, Abuja"
2 bedroom flat / apartment for rent,"₦4,500,000","Idu Industrial, Abuja"
4 bedroom semi-detached duplex for rent,"₦10,000,000","Inside An Estate, Idu Industrial, Abuja"
2 bedroom flat / apartment for rent,"₦8,000,000","Mabushi, Abuja"
3 bedroom flat / apartment for rent,"₦8,000,000","Wuse, Abuja"
5 bedroom detached duplex for rent,"₦70,000,000","Off Amazon, Maitama District, Abuja"
2 bedroom flat / apartment for rent,"₦6,000,000","Maitama District, Abuja"
4 bedroom terraced duplex for rent,"₦30,000,000","Maitama District, Abuja"
5 bedroom detached duplex for rent,"₦60,000,000","Wuse 2, Abuja"
5 bedroom detached duplex for rent,"₦75,000,000","Maitama District, Abuja"
Conference / meeting / training room for rent,"₦200,000","Kumasi Crescent, Wuse 2, Abuja"
3 bedroom flat / apartment for rent,"₦8,000,000","Off Amino Kano Crescent, Wuse 2, Abuja"
3 bedroom flat / apartment for rent,"$35,000","Maitama District, Abuja"
Office space for rent,"₦70,000,000","Wuse 2, Abuja"
Self contain (single rooms) for rent,"₦1,300,000","By Sahara 4, Lokogoma District, Abuja"
4 bedroom semi-detached duplex for rent,"₦9,000,000","Cluster 3, River Park Estate Airport Road Abuja, Lugbe District, Abuja"
2 bedroom flat / apartment for rent,"₦4,500,000","Close To Beger Yard Lifecamp, Abuja, Life Camp, Abuja"
3 bedroom flat / apartment for rent,"₦5,500,000","News Engineering, Dawaki, Gwarinpa, Abuja"
4 bedroom semi-detached duplex for rent,"₦40,000,000","Minister Hill, Maitama Abuja, Maitama District, Abuja"
4 bedroom semi-detached duplex for rent,"₦8,500,000","Behind Sunnyvale, Galadimawa, Abuja"
6 bedroom detached duplex for rent,"₦35,000,000","Katampe  Extension, Katampe Extension, Katampe, Abuja"
2 bedroom flat / apartment for rent,"$30,000","Maitama District, Abuja"
Shop for rent,"₦8,000,000","Gwarinpa Estate, Gwarinpa, Abuja"
3 bedroom flat / apartment for rent,"₦6,500,000","Mabushi, Abuja"
4 bedroom terraced duplex for rent,"₦30,000,000","Jahi, Abuja"
Office space for rent,"₦30,000,000","Maitama District, Abuja"
6 bedroom detached duplex for rent,"₦60,000,000","Asokoro District, Abuja"
2 bedroom flat / apartment for rent,"₦9,000,000","Guzape District, Abuja"
5 bedroom detached duplex for rent,"₦30,000,000","Asokoro District, Abuja"
3 bedroom terraced duplex for rent,"₦10,000,000","Apo Abuja, Apo, Abuja"
4 bedroom detached duplex for rent,"₦20,000,000","Asokoro District, Abuja"
1 bedroom flat / apartment for rent,"₦9,000,000","Maitama District, Abuja"
5 bedroom detached duplex for rent,"₦20,000,000","In A Mini Estate, Kado, Abuja"
Office space for rent,"₦180,000","Wuse, Abuja"
3 bedroom flat / apartment for rent,"₦6,000,000","Life Camp, Abuja"
3 bedroom flat / apartment for rent,"₦7,000,000","Wuye, Abuja"
4 bedroom detached duplex for rent,"₦35,000,000","Maitama District, Abuja"
4 bedroom terraced duplex for rent,"₦6,000,000","Life Camp, Abuja"
3 bedroom flat / apartment for rent,"₦8,000,000","6th Avenue, Gwarinpa, Abuja"
5 bedroom detached duplex for rent,"₦50,000,000","Wuse 2, Abuja"
5 bedroom house for rent,"₦35,000,000","Wuye, Abuja"
Office space for rent,"₦15,000,000","Wuse 2, Abuja"
4 bedroom terraced duplex for rent,"₦70,000,000","Wuse 2, Abuja"
4 bedroom terraced duplex for rent,"₦7,000,000","Idu Industrial, Abuja"
1 bedroom flat / apartment for rent,"₦2,500,000","Galadimawa, Abuja"
Office space for rent,"₦20,000,000","Jabi, Abuja"
3 bedroom flat / apartment for rent,"₦15,000,000","Jahi, Abuja"
Office space for rent,"₦80,000,000","Area 11, Garki, Abuja"
4 bedroom terraced duplex for rent,"₦14,000,000","Guzape District, Abuja"
4 bedroom house for rent,"₦13,000,000","Citec Estate Extension, Mbora (Nbora), Abuja"
2 bedroom flat / apartment for rent,"₦5,000,000","Gwarinpa, Abuja"
3 bedroom flat / apartment for rent,"₦9,000,000","Katampe (Main), Katampe, Abuja"
1 bedroom flat / apartment for rent,"₦6,000,000","Maitama District, Abuja"
2 bedroom flat / apartment for rent,"₦6,000,000","Gwarinpa, Abuja"
3 bedroom flat / apartment for rent,"₦8,000,000","Jabi, Abuja"
5 bedroom terraced duplex for rent,"₦20,000,000","Jabi, Abuja"
4 bedroom detached duplex for rent,"₦35,000,000","Kado, Abuja"
3 bedroom flat / apartment for rent,"₦7,000,000","Soji Adegoke Road, Katampe (Main), Katampe, Abuja"
5 bedroom semi-detached duplex for rent,"₦35,000,000","Zone 5, Wuse, Abuja"
5 bedroom detached duplex for rent,"₦70,000,000","Off Ty Danjuma, Asokoro District, Abuja"
3 bedroom flat / apartment for rent,"₦10,000,000","Jahi, Abuja"
3 bedroom house for rent,"₦15,000,000","Jabi, Abuja"
4 bedroom terraced duplex for rent,"₦15,000,000","Mabushi, Abuja"
3 bedroom flat / apartment for rent,"₦8,000,000","Wuse 2, Abuja"
1 bedroom mini flat (room and parlour) for rent,"₦6,000,000","Gaduwa, Abuja"
1 bedroom flat / apartment for rent,"₦6,000,000","Katampe (Main), Katampe, Abuja"
4 bedroom terraced duplex for rent,"₦30,000,000","Wuye District, Wuye, Abuja"
2 bedroom flat / apartment for rent,"₦6,000,000","Wuye, Abuja"
4 bedroom semi-detached duplex for rent,"₦15,000,000","Wuse 2, Abuja"
3 bedroom flat / apartment for rent,"₦6,500,000","Idu Industrial, Abuja"
2 bedroom semi-detached bungalow for rent,"₦4,000,000","Along Voice Of Nigeria Road, Emmanuel Mbaka Boulevard, Airport Road, Lugbe District, Abuja"
Self contain (single rooms) for rent,"₦1,000,000","Lokogoma District, Abuja"
2 bedroom flat / apartment for rent,"₦25,000,000","Jabi, Abuja"
1 bedroom flat / apartment for rent,"₦9,000,000","Maitama District, Abuja"
5 bedroom detached duplex for rent,"₦75,000,000","Maitama District, Abuja"
4 bedroom terraced duplex for rent,"₦15,000,000","Mabushi, Abuja"
4 bedroom terraced duplex for rent,"₦25,000,000","Guzape District, Abuja"
4 bedroom terraced duplex for rent,"₦30,000,000","Guzape District, Abuja"
3 bedroom flat / apartment for rent,"₦16,000,000","Katampe, Katampe (Main), Katampe, Abuja"
1 bedroom mini flat (room and parlour) for rent,"₦1,600,000","Lokogoma District, Abuja"
Plaza / complex / mall for rent,"₦15,000,000","Wuse 2, Abuja"
4 bedroom semi-detached duplex for rent,"₦35,000,000","Wuse 2, Abuja"
2 bedroom flat / apartment for rent,"₦27,000,000","Garki, Abuja"
2 bedroom flat / apartment for rent,"$35,000","Maitama District, Abuja"
5 bedroom detached duplex for rent,"₦75,000,000","Wuse 2, Abuja"
6 bedroom semi-detached duplex for rent,"₦50,000,000","Maitama Main, Maitama District, Abuja"
3 bedroom detached bungalow for rent,"₦7,000,000","By Lavista, Galadimawa, Abuja"
5 bedroom detached duplex for rent,"₦25,000,000","Mabushi, Abuja"
3 bedroom flat / apartment for rent,"₦8,000,000","Wuye District, Wuye, Abuja"
4 bedroom terraced duplex for rent,"₦30,000,000","Guzape District, Abuja"
4 bedroom flat / apartment for rent,"₦16,000,000","Unit 2, Abdulkareem Adisa Close, Guzape District, Abuja"
2 bedroom flat / apartment for rent,"₦4,500,000","By Area 1, Old Secretariat, Durumi, Abuja"
2 bedroom flat / apartment for rent,"₦6,500,000","Life Camp, Abuja"
5 bedroom detached duplex for rent,"₦50,000,000","Maitama District, Abuja"
1 bedroom flat / apartment for rent,"₦9,000,000","Maitama District, Abuja"
5 bedroom detached duplex for rent,"₦20,000,000","Mabushi, Abuja"
1 bedroom mini flat (room and parlour) for rent,"₦19,500,000","Asokoro District, Abuja"
4 bedroom terraced duplex for rent,"₦15,000,000","Gudu, Abuja"
4 bedroom terraced duplex for rent,"₦40,000,000","Maitama Main, Maitama District, Abuja"
3 bedroom flat / apartment for rent,"₦4,500,000","By Mobil, Mabushi, Abuja"
2 bedroom flat / apartment for rent,"₦4,000,000","News Engineering Estate Dawaki, Gwarinpa, Abuja"
4 bedroom detached duplex for rent,"₦40,000,000","Maitama District, Abuja"
2 bedroom detached duplex for rent,"₦6,000,000","Opposite Sunnyvale Estate, Dakwo, Abuja"
3 bedroom terraced duplex for rent,"₦5,000,000","Inside A Well Secured Estate In Apo Primary/wumba District, Apo, Abuja"
4 bedroom terraced duplex for rent,"₦17,000,000","Katampe Extension, Katampe, Abuja"
5 bedroom detached duplex for rent,"₦18,000,000","Godab Estate, Life Camp, Abuja"
2 bedroom flat / apartment for rent,"₦10,000,000","Guzape District, Abuja"
3 bedroom terraced duplex for rent,"₦65,000,000","Asokoro District, Abuja"
1 bedroom flat / apartment for rent,"₦6,000,000","Guzape District, Abuja"
4 bedroom detached duplex for rent,"₦45,000,000","Asokoro District, Abuja"
5 bedroom terraced duplex for rent,"₦15,000,000","Jahi Gilmore, Jahi, Abuja"
4 bedroom semi-detached duplex for rent,"₦8,000,000","Lokogoma District, Abuja"
5 bedroom semi-detached duplex for rent,"₦9,000,000","Close To Suncity, Lokogoma District, Abuja"
1 bedroom mini flat (room and parlour) for rent,"₦7,000,000","Katampe (Main), Katampe, Abuja"
Office space for rent,"₦4,000,000","Wuse 2, Abuja"
1 bedroom flat / apartment for rent,"₦6,000,000","Maitama District, Abuja"
3 bedroom flat / apartment for rent,"₦15,000,000","Guzape District, Abuja"
4 bedroom semi-detached duplex for rent,"₦7,000,000","Gwarinpa Extension, Gwarinpa, Abuja"
5 bedroom detached duplex for rent,"₦30,000,000","Asokoro By Iom, Asokoro District, Abuja"
4 bedroom terraced duplex for rent,"₦15,000,000","Guzape By Coza, Guzape District, Abuja"
3 bedroom house for rent,"₦12,000,000","Guzape By H Medix, Guzape District, Abuja"
Office space for rent,"₦292,000","Central Business District, Abuja"
2 bedroom flat / apartment for rent,"₦5,000,000","Off 1st Avenue, Gwarinpa, Abuja"
2 bedroom flat / apartment for rent,"₦8,000,000","Off Aminu Kano Crescent, Wuse 2, Abuja"
4 bedroom semi-detached duplex for rent,"₦7,000,000","Gwarinpa Extension, Gwarinpa, Abuja"
Office space for rent,"₦1,125,000,000","Zone 5, Wuse, Abuja"
4 bedroom terraced duplex for rent,"₦20,000,000","Legislative Zone E, Apo, Abuja"
Office space for rent,"₦150,000,000","Asokoro District, Abuja"
3 bedroom flat / apartment for rent,"₦12,000,000","Jahi, Abuja"
8 bedroom detached duplex for rent,"₦100,000,000","Asokoro District, Abuja"
24 bedroom flat / apartment for rent,"₦100,000,000","Guzape District, Abuja"
Plaza / complex / mall for rent,"₦12,000,000","Wuse 2, Wuse 2, Abuja"
4 bedroom terraced duplex for rent,"₦14,000,000","Gilmore, Jahi, Abuja"
4 bedroom terraced duplex for rent,"₦9,500,000","By Gaduwa Estate, Gaduwa, Abuja"
2 bedroom flat / apartment for rent,"₦4,000,000","News Engineering, Dawaki, Gwarinpa, Abuja"
Self contain (single rooms) for rent,"₦2,700,000","Next Cash And Carry, Kado, Abuja"
Conference / meeting / training room for rent,"₦200,000","Kumasi Crescent, Wuse 2, Abuja"
2 bedroom flat / apartment for rent,"₦6,000,000","Life Camp, Abuja"
3 bedroom flat / apartment for rent,"₦8,000,000","Jahi, Abuja"
3 bedroom flat / apartment for rent,"₦8,000,000","By Victoria Garden, Mabushi, Abuja"
1 bedroom mini flat (room and parlour) for rent,"₦2,000,000","Kubwa, Abuja"
1 bedroom flat / apartment for rent,"₦2,500,000","By Nnpc Ochacho, Life Camp, Abuja"
2 bedroom flat / apartment for rent,"₦4,500,000","By Nnpc Ochacho, Life Camp, Abuja"
2 bedroom flat / apartment for rent,"₦4,500,000","News Engineering, Dawaki, Gwarinpa, Abuja"
4 bedroom semi-detached duplex for rent,"₦9,000,000","Idu Industrial, Abuja"
2 bedroom flat / apartment for rent,"₦20,000,000","Maitama District, Abuja"
26 bedroom house for rent,"₦250,000,000","Area 11, Garki, Abuja"
4 bedroom terraced duplex for rent,"₦37,000,000","Wuye, Abuja"
4 bedroom terraced duplex for rent,"₦25,000,000","Jabi, Abuja"
1 bedroom flat / apartment for rent,"₦3,000,000","Behind Aso Radio, Katampe (Main), Katampe, Abuja"
3 bedroom flat / apartment for rent,"₦12,000,000","Kado, Abuja"
3 bedroom terraced duplex for rent,"₦10,000,000","Apo, Abuja"
3 bedroom terraced duplex for rent,"₦10,000,000","Apo, Abuja"
1 bedroom flat / apartment for rent,"₦6,500,000","Gilmore, Jahi, Abuja"
4 bedroom terraced duplex for rent,"₦8,000,000","Close To Galadimawa Roundabout, Galadimawa, Abuja"
4 bedroom terraced duplex for rent,"₦40,000,000","Maitama District, Abuja"
2 bedroom flat / apartment for rent,"₦20,000,000","Wuye, Abuja"
1 bedroom flat / apartment for rent,"₦9,000,000","Maitama District, Abuja"
2 bedroom flat / apartment for rent,"₦20,000,000","Wuye, Wuye, Abuja"
2 bedroom flat / apartment for rent,"₦15,000,000","Jahi, Abuja"
2 bedroom flat / apartment for rent,"₦15,000,000","Wuse 2, Abuja"
4 bedroom terraced duplex for rent,"₦10,000,000","Mpape, Maitama 2, Maitama District, Abuja"
Warehouse for rent,"₦16,000","Plot 751 Adamu Ismaila Crescent, Idu Industrial, Abuja"
Self contain (single rooms) for rent,"₦1,500,000","3rd Avenue, Gwarinpa, Abuja"
5 bedroom detached duplex for rent,"₦18,000,000","Gwarinpa, Abuja"
5 bedroom terraced duplex for rent,"₦25,000,000","Asokoro District, Abuja"
Shop for rent,"₦3,000,000","Wuse 2, Abuja"
3 bedroom flat / apartment for rent,"₦9,000,000","Zone 3, Wuse, Abuja"
2 bedroom flat / apartment for rent,"₦5,000,000","Katampe (Main), Katampe, Abuja"
4 bedroom terraced duplex for rent,"₦7,500,000","Galadimawa, Abuja"
3 bedroom terraced duplex for rent,"₦10,000,000","Cedar Crest Hospital, Apo, Abuja"
2 bedroom flat / apartment for rent,"₦4,500,000","Life Camp, Abuja"
Self contain (single rooms) for rent,"₦900,000","Piwoyi Airport Road, Lugbe District, Abuja"
3 bedroom flat / apartment for rent,"₦12,000,000","Main, Katampe, Abuja"
4 bedroom flat / apartment for rent,"₦15,000,000","Katampe (Main), Katampe, Abuja"
2 bedroom flat / apartment for rent,"₦4,500,000","Kubwa, Abuja"
Self contain (single rooms) for rent,"₦2,000,000","Mabushi, Mabushi, Abuja"
5 bedroom detached duplex for rent,"₦50,000,000","Maitama District, Abuja"
Conference / meeting / training room for rent,"₦200,000","Kumasi Crescent, Wuse 2, Abuja"
2 bedroom flat / apartment for rent,"₦4,000,000","Mabushi, Abuja"
2 bedroom house for rent,"₦15,000,000","Wuse 2, Wuse 2, Abuja"
2 bedroom flat / apartment for rent,"₦3,000,000","By Dunamis Church Durumi, Garki, Abuja"
2 bedroom flat / apartment for rent,"₦6,000,000","Off Ibb Boulevard, Wuse 2, Abuja"
4 bedroom terraced duplex for rent,"₦5,500,000","Brains And Hammer City, Life Camp, Abuja"
3 bedroom flat / apartment for rent,"₦8,000,000","Off Aminu Kano Crescent, Wuse 2, Abuja"
2 bedroom flat / apartment for rent,"₦7,000,000","Kaura, Abuja"
3 bedroom flat / apartment for rent,"₦9,000,000","Katampe Main, Katampe, Abuja"
Shop for rent,"₦6,500,000","Off Aminu Kano Crescent, Wuse 2, Abuja"
Shop for rent,"₦9,000,000","Off Aminu Kano Crescent, Wuse 2, Abuja"
Shop for rent,"₦15,000,000","By The Catholic Church, Zone 2, Wuse, Abuja"
3 bedroom house for rent,"₦10,000,000","Efab Queen Estate Gwarinpa, Gwarinpa, Abuja"
2 bedroom flat / apartment for rent,"₦18,000,000","Fha Estate Guzape, Guzape District, Abuja"
Self contain (single rooms) for rent,"₦2,000,000","Life Camp, Abuja"
3 bedroom flat / apartment for rent,"₦8,000,000","Utako, Abuja"
6 bedroom detached duplex for rent,"₦100,000,000","Asokoro District, Abuja"
3 bedroom flat / apartment for rent,"₦6,500,000","Gwarinpa Extension, Gwarinpa, Abuja"
4 bedroom detached duplex for rent,"₦4,500,000","Lugbe District, Abuja"
3 bedroom flat / apartment for rent,"₦5,500,000","Custom Quarters, Idu Industrial, Abuja"
4 bedroom terraced duplex for rent,"₦30,000,000","Guzape District, Abuja"
Conference / meeting / training room for rent,"₦200,000","Kumasi Crescent, Wuse 2, Abuja"
2 bedroom flat / apartment for rent,"₦20,000,000","Asokoro District, Abuja"
2 bedroom flat / apartment for rent,"₦13,000,000","Wuse 2, Abuja"
3 bedroom flat / apartment for rent,"₦9,000,000","Katampe (Main), Katampe, Abuja"
4 bedroom terraced duplex for rent,"₦12,000,000","Katampe (Main), Katampe, Abuja"
1 bedroom mini flat (room and parlour) for rent,"₦6,000,000","Katampe (Main), Katampe, Abuja"
1 bedroom mini flat (room and parlour) for rent,"₦3,000,000","Life Camp, Abuja"
3 bedroom flat / apartment for rent,"₦8,000,000","Jahi, Abuja"
2 bedroom flat / apartment for rent,"₦5,000,000","Impresit, Idu Industrial, Abuja"
3 bedroom flat / apartment for rent,"₦8,000,000","Katampe, Abuja"
30 bedroom house for rent,"₦450,000,000","Opposite Cbn, Central Business District, Abuja"
2 bedroom flat / apartment for rent,"₦10,000,000","Oba Akran Street, Asokoro District, Abuja"
3 bedroom detached bungalow for rent,"₦18,000,000","Kado Estate Phase 1, Kado, Abuja"
1 bedroom flat / apartment for rent,"₦4,000,000","Naf Valley Estate, Asokoro District, Abuja"
5 bedroom detached duplex for rent,"₦35,000,000","Asokoro District, Abuja"
2 bedroom flat / apartment for rent,"₦20,000,000","Villa, Asokoro District, Abuja"
2 bedroom flat / apartment for rent,"₦8,000,000","Not Far From Bannex Plaza Off Aminu Kano Street., Wuse 2, Abuja"
4 bedroom terraced duplex for rent,"₦20,000,000","Katampe Extension, Katampe, Abuja"
2 bedroom flat / apartment for rent,"₦10,000,000","Maitama District, Abuja"
Office space for rent,"₦6,500,000","Wuse 2, Abuja"
3 bedroom flat / apartment for rent,"₦8,000,000","Next Cash And Carry, Kado, Abuja"
Conference / meeting / training room for rent,"₦200,000","Kumasi Crescent, Wuse 2, Abuja"
2 bedroom flat / apartment for rent,"₦8,000,000","Jahi, Abuja"
5 bedroom detached duplex for rent,"₦60,000,000","Maitama District, Abuja"
4 bedroom terraced duplex for rent,"₦20,000,000","Wuye, Abuja"
Plaza / complex / mall for rent,"₦4,830,000","Guzape District, Abuja"
3 bedroom flat / apartment for rent,"₦12,000,000","Guzape, Guzape District, Abuja"
8 bedroom detached duplex for rent,"₦65,000,000","Asokoro District, Abuja"
6 bedroom detached duplex for rent,"₦50,000,000","Asokoro District, Abuja"
3 bedroom detached bungalow for rent,"₦20,000,000","Kado, Abuja"
Commercial property for rent,"₦34,100,000","Wuse 2, Abuja"
4 bedroom semi-detached duplex for rent,"₦25,000,000","Kukwaba, Abuja"
2 bedroom flat / apartment for rent,"₦4,000,000","News Engineering, Dawaki, Gwarinpa, Abuja"
4 bedroom terraced duplex for rent,"₦20,000,000","Life Camp, Abuja"
Plaza / complex / mall for rent,"₦12,500,000","Wuse 2, Abuja"
5 bedroom detached duplex for rent,"₦40,000,000","Wuse 2, Abuja"
2 bedroom flat / apartment for rent,"₦40,000,000","By Hmedix, Gwarinpa, Abuja"
5 bedroom detached duplex for rent,"₦20,000,000","By Hmedix, Gwarinpa, Abuja"
3 bedroom terraced duplex for rent,"₦15,000,000","Jabi, Abuja"
4 bedroom terraced duplex for rent,"₦20,000,000","Diplomatic Zone., Katampe Extension, Katampe, Abuja"
Plaza / complex / mall for rent,"₦450,000,000","Central Business District, Abuja"
3 bedroom flat / apartment for rent,"₦8,000,000","Katampe, Abuja"
1 bedroom flat / apartment for rent,"₦9,000,000","Maitama District, Abuja"
Plaza / complex / mall for rent,"₦65,000,000","Zone 6, Wuse, Abuja"
3 bedroom terraced duplex for rent,"₦10,000,000","Close To Cedar Crest Hospital, Apo, Abuja"
3 bedroom terraced duplex for rent,"₦10,000,000","Rockvale Manors Estate, Apo, Abuja"
2 bedroom flat / apartment for rent,"₦6,000,000","Jahi, Abuja"
3 bedroom house for rent,"₦10,000,000","Apo, Abuja"
5 bedroom detached duplex for rent,"₦20,000,000","Jahi, Abuja"
3 bedroom flat / apartment for rent,"₦6,500,000","Fha  Guzape, Guzape District, Abuja"
3 bedroom flat / apartment for rent,"₦9,000,000","Diplomatic Zone, Katampe Extension, Katampe, Abuja"
3 bedroom flat / apartment for rent,"₦7,000,000","Durumi, Abuja"
5 bedroom detached duplex for rent,"₦30,000,000","Guzape District, Abuja"
4 bedroom terraced duplex for rent,"₦13,000,000","Guzape District, Abuja"
3 bedroom terraced duplex for rent,"₦15,000,000","Guzape District, Abuja"
3 bedroom flat / apartment for rent,"₦7,000,000","River Park, Lugbe District, Abuja"
2 bedroom flat / apartment for rent,"₦7,000,000","Katampe Extension, Katampe, Abuja"
2 bedroom flat / apartment for rent,"₦8,500,000","Gilmore, Jahi, Abuja"
2 bedroom flat / apartment for rent,"₦6,000,000","Wuye, Abuja"
5 bedroom detached duplex for rent,"₦100,000,000","Maitama District, Abuja"
4 bedroom terraced duplex for rent,"₦20,000,000","Katampe Extension, Katampe, Abuja"
4 bedroom terraced duplex for rent,"₦70,000,000","Wuse 2, Abuja"
5 bedroom detached duplex for rent,"₦20,000,000","Kado, Abuja"
1 bedroom flat / apartment for rent,"₦6,000,000","Maitama District, Abuja"
3 bedroom flat / apartment for rent,"₦23,000,000","Ty Danjuma, Asokoro District, Abuja"
3 bedroom terraced duplex for rent,"₦10,000,000","Apo, Abuja"
3 bedroom flat / apartment for rent,"₦7,000,000","Mabushi, Abuja"
3 bedroom detached duplex for rent,"₦4,000,000","Airport Road, Opposite Dunamis Church, Lugbe District, Abuja"
3 bedroom terraced duplex for rent,"₦10,000,000","Apo, Abuja"
Plaza / complex / mall for rent,"₦65,000,000","Wuse, Abuja"
3 bedroom flat / apartment for rent,"₦6,000,000","Garki, Abuja"
3 bedroom flat / apartment for rent,"₦8,000,000","Katampe Road, Jahi, Abuja"
3 bedroom flat / apartment for rent,"₦8,000,000","By Gtbank, Jabi, Abuja"
3 bedroom flat / apartment for rent,"₦35,000,000","Maitama District, Abuja"
3 bedroom terraced duplex for rent,"₦10,000,000","Apo, Abuja"
1 bedroom flat / apartment for rent,"₦1,500,000","Katampe Extension, Katampe, Abuja"
3 bedroom terraced duplex for rent,"₦10,000,000","Apo, Abuja"
3 bedroom terraced duplex for rent,"₦12,000,000","Rockvale Manors Estate, Apo, Abuja"
4 bedroom terraced duplex for rent,"₦20,000,000","Katampe Extension, Katampe, Abuja"
4 bedroom terraced duplex for rent,"₦20,000,000","Katampe Extension, Katampe, Abuja"
3 bedroom house for rent,"₦25,000,000","Usuma Street, Maitama District, Abuja"
4 bedroom semi-detached duplex for rent,"$50,000","Maitama District, Abuja"
5 bedroom terraced duplex for rent,"₦27,000,000","Wuse, Abuja"
5 bedroom semi-detached duplex for rent,"₦30,000,000","Wuye, Abuja"
Conference / meeting / training room for rent,"₦200,000","Kumasi Crescent, Wuse 2, Abuja"
4 bedroom terraced duplex for rent,"₦20,000,000","Wuye, Abuja"
4 bedroom detached duplex for rent,"₦40,000","Asokoro District, Abuja"
3 bedroom flat / apartment for rent,"₦15,000,000","By Rockview Hotel, Wuse 2, Abuja"
4 bedroom terraced duplex for rent,"₦10,000,000","Apo Legislative Quarters Zone E, Apo, Abuja"
5 bedroom detached duplex for rent,"₦25,000,000","Legislative Quarters, Apo, Abuja"
4 bedroom detached duplex for rent,"₦15,000,000","Cedar Crest Hospital, Apo, Abuja"
2 bedroom flat / apartment for rent,"₦3,500,000","Extension 3, FO1 Layout, Kubwa, Abuja"
1 bedroom mini flat (room and parlour) for rent,"₦6,000,000","Gaduwa, Abuja"
4 bedroom terraced duplex for rent,"₦35,000,000","Guzape Main, Guzape District, Abuja"
1 bedroom flat / apartment for rent,"₦3,500,000","News Engineering, Dawaki, Gwarinpa, Abuja"
2 bedroom flat / apartment for rent,"₦5,000,000","Life Camp, Abuja"
3 bedroom flat / apartment for rent,"₦9,000,000","Guzape District, Abuja"
3 bedroom flat / apartment for rent,"₦7,500,000","Life Camp, Abuja"
3 bedroom detached bungalow for rent,"₦7,000,000","Karsana, Gwarinpa, Abuja"
Self contain (single rooms) for rent,"₦2,000,000","Kado Estate, Kado, Abuja"
5 bedroom detached duplex for rent,"₦28,000,000","Guzape District, Abuja"
2 bedroom flat / apartment for rent,"₦4,500,000","2nd Avenue, Gwarinpa, Abuja"
4 bedroom terraced duplex for rent,"₦20,000,000","Katampe Extension, Katampe, Abuja"
2 bedroom flat / apartment for rent,"₦12,000,000","Utako, Abuja"
3 bedroom terraced duplex for rent,"₦12,000,000","Rockvale Manors Estate, Apo, Abuja"
1 bedroom flat / apartment for rent,"₦6,000,000","Maitama District, Abuja"
4 bedroom terraced duplex for rent,"₦13,000,000","Guzape District, Abuja"
5 bedroom detached duplex for rent,"₦55,000,000","Asokoro District, Abuja"
4 bedroom house for rent,"₦19,000,000","Guzape District, Abuja"
1 bedroom flat / apartment for rent,"₦5,000,000","3rd Avenue, Gwarinpa, Abuja"
4 bedroom terraced duplex for rent,"₦13,500,000","Apo Dutse Opposite Cedarcrest Hospital, Apo, Abuja"
2 bedroom flat / apartment for rent,"₦4,500,000","Nnpc Estate By Ochacho, Life Camp, Abuja"
6 bedroom detached duplex for rent,"₦35,000,000","Asokoro District, Abuja"
3 bedroom flat / apartment for rent,"₦15,000,000","Wuye, Abuja"
3 bedroom detached bungalow for rent,"₦10,000,000","Gwarinpa, Abuja"
4 bedroom terraced duplex for rent,"₦15,000,000","Guzape District, Abuja"
3 bedroom flat / apartment for rent,"₦4,000,000","Gwarinpa, Abuja"
4 bedroom terraced duplex for rent,"₦20,000,000","Mabushi, Abuja"
4 bedroom terraced duplex for rent,"₦9,000,000","First Avenue, Gwarinpa, Abuja"
2 bedroom flat / apartment for rent,"₦4,500,000","Area 2, Garki, Abuja, Garki, Abuja"
3 bedroom flat / apartment for rent,"₦6,500,000","Lokogoma District, Abuja"
3 bedroom flat / apartment for rent,"₦12,000,000","Guzape District, Abuja"
1 bedroom flat / apartment for rent,"₦5,500,000","Wuse Zone 5, Wuse, Abuja"
4 bedroom terraced duplex for rent,"₦18,000,000","Katampe Extension, Katampe, Abuja"
3 bedroom terraced duplex for rent,"₦15,000,000","Kado, Abuja"
2 bedroom flat / apartment for rent,"₦6,000,000","Living Faith, Jahi, Abuja"
1 bedroom flat / apartment for rent,"₦9,000,000","Maitama District, Abuja"
3 bedroom flat / apartment for rent,"₦8,000,000","Zone 3, Wuse, Abuja"
4 bedroom terraced duplex for rent,"₦15,000,000","Ameyo Adadevoh Way, Gilmore, Jahi, Abuja"
4 bedroom detached duplex for rent,"₦20,000,000","Mabushi, Abuja"
Self contain (single rooms) for rent,"₦1,400,000","4th Avenue, Gwarinpa, Abuja"
4 bedroom terraced duplex for rent,"₦11,000,000","Lifecamp, Life Camp, Abuja"
2 bedroom flat / apartment for rent,"₦5,500,000","Main F01, FO1 Layout, Kubwa, Abuja"
4 bedroom detached bungalow for rent,"₦2,000,000","Cajaah Estate, Orozo, Abuja"
Self contain (single rooms) for rent,"₦800,000","Lokogoma District, Abuja"
3 bedroom detached bungalow for rent,"₦4,000,000","Lugbe District, Abuja"
4 bedroom terraced duplex for rent,"₦20,000,000","Jabi, Abuja"
3 bedroom terraced duplex for rent,"₦12,000,000","Apo, Abuja"
2 bedroom flat / apartment for rent,"₦5,000,000","Off Nicholas Agha Crescent, Life Camp, Abuja"
3 bedroom semi-detached duplex for rent,"₦7,500,000","Sun City Estate, Lokogoma District, Abuja"
1 bedroom mini flat (room and parlour) for rent,"₦6,000,000","Off 3rd Avenue, Dantata Estate, Gwarinpa, Abuja"
3 bedroom flat / apartment for rent,"₦6,000,000","Maitama, Maitama District, Abuja"
2 bedroom terraced duplex for rent,"₦7,000,000","Naf Estate., Asokoro District, Abuja"
3 bedroom terraced duplex for rent,"₦12,000,000","Apo, Apo, Abuja"
Shop for rent,"₦6,000,000","Wuye, Abuja"
Office space for rent,"₦20,000,000","Wuse, Abuja"
4 bedroom terraced duplex for rent,"₦13,500,000","By Living Faith Church, Katampe (Main), Katampe, Abuja"
Conference / meeting / training room for rent,"₦200,000","Kumasi Crescent, Wuse 2, Abuja"
Plaza / complex / mall for rent,"₦170,000,000","Maitama District, Abuja"
2 bedroom flat / apartment for rent,"₦5,000,000","Nnpc Estate Around Ochacho Estate, Life Camp, Abuja"
4 bedroom detached duplex for rent,"₦35,000,000","Asokoro District, Abuja"
3 bedroom terraced duplex for rent,"₦14,000,000","Naf Valley Estate, Asokoro District, Abuja"
Office space for rent,"₦150,000,000","T.y Danjuma Street, Asokoro District, Abuja"
3 bedroom terraced duplex for rent,"₦10,000,000","By Living Faith Church, Jahi, Abuja"
Shop for rent,"₦5,000,000","Wuse 2, Abuja"
5 bedroom house for rent,"₦50,000,000","Wuse 2, Abuja"
4 bedroom terraced duplex for rent,"₦13,500,000","Dutse, Opposite Cedar Crest Hospital, Apo, Abuja"
1 bedroom semi-detached bungalow for rent,"₦3,000,000","Copa Cabana Estate Wumba, Wumba, Abuja"
3 bedroom flat / apartment for rent,"₦6,000,000","Galadimawa, Abuja"
3 bedroom flat / apartment for rent,"₦8,000,000","Jabi, Jabi, Abuja"
3 bedroom terraced duplex for rent,"₦10,000,000","Gaduwa, Abuja"
3 bedroom terraced duplex for rent,"$35,000","Maitama District, Abuja"
4 bedroom flat / apartment for rent,"₦15,000,000","Jahi, Abuja"
Office space for rent,"₦5,000,000","Ademola Adetokubor Crescent, Wuse 2, Abuja"
10 bedroom detached duplex for rent,"₦50,000,000","Zone 3, Wuse, Abuja"
4 bedroom terraced duplex for rent,"₦25,000,000","Katampe Extension, Katampe, Abuja"
4 bedroom detached duplex for rent,"₦17,000,000","Gwarimpa Estate By 6th Avenue,fct Abuja Nigeria, Gwarinpa, Abuja"
3 bedroom house for rent,"₦11,000,000","Wuye Abuja, Wuye, Abuja"
1 bedroom flat / apartment for rent,"₦6,000,000","Maitama District, Abuja"
4 bedroom detached duplex for rent,"₦30,000,000","Guzape District, Abuja"
5 bedroom terraced duplex for rent,"₦20,000,000","Gilmor, Jahi, Abuja"
3 bedroom flat / apartment for rent,"₦10,000,000","Life Camp, Abuja"
Plaza / complex / mall for rent,"₦150,000,000","Asokoro District, Abuja"
Commercial property for rent,"₦20,300,000","Wuse 2, Abuja"
3 bedroom house for rent,"₦6,000,000","Garki, Abuja"
4 bedroom detached duplex for rent,"₦35,000,000","Asokoro District, Abuja"
4 bedroom terraced duplex for rent,"₦9,000,000","Durumi, Abuja"
Office space for rent,"₦3,000,000","Mabushi, Abuja"
3 bedroom flat / apartment for rent,"₦8,500,000","Jabi, Abuja"
Self contain (single rooms) for rent,"₦2,000,000","Gaduwa, Abuja"
Self contain (single rooms) for rent,"₦1,500,000","Lugbe District, Abuja"
2 bedroom flat / apartment for rent,"₦5,000,000","Galadimawa, Abuja"
3 bedroom flat / apartment for rent,"₦4,000,000","Life Camp, Abuja"
2 bedroom flat / apartment for rent,"₦8,000,000","Life Camp, Abuja"
3 bedroom flat / apartment for rent,"₦8,000,000","Jahi, Abuja"
4 bedroom semi-detached duplex for rent,"₦30,000,000","Guzape District, Abuja"
4 bedroom semi-detached duplex for rent,"₦5,000,000","Before Premier Academy, FHA (F.H.A), Lugbe District, Abuja"
5 bedroom terraced duplex for rent,"₦20,000,000","Jahi, Abuja"
5 bedroom semi-detached duplex for rent,"₦50,000,000","Maitama District, Abuja"
1 bedroom flat / apartment for rent,"₦6,000,000","Maitama District, Abuja"
3 bedroom flat / apartment for rent,"₦12,500,000","Mabushi, Abuja"
4 bedroom terraced duplex for rent,"₦18,000,000","Jahi, Abuja"
4 bedroom semi-detached duplex for rent,"₦25,000,000","Life Camp, Abuja"
4 bedroom house for rent,"₦23,000,000","Katampe Extension, Katampe, Abuja"
5 bedroom house for rent,"₦25,000,000","Life Camp, Abuja"
4 bedroom detached duplex for rent,"$60,000","Maitama District, Abuja"
4 bedroom detached duplex for rent,"$35,000,000","Jabi, Abuja"
Office space for rent,$200,"Central Business District, Abuja"
2 bedroom flat / apartment for rent,"$55,000","Maitama District, Abuja"
2 bedroom flat / apartment for rent,"$120,000","Central Business District, Abuja"
1 bedroom mini flat (room and parlour) for rent,"$90,000","Central Business District, Abuja"
3 bedroom flat / apartment for rent,"₦10,000,000","Mabushi, Abuja"
2 bedroom flat / apartment for rent,"₦7,000,000","Katampe Extension, Katampe, Abuja"
Shop for rent,"₦7,000,000","Wuse 2, Abuja"
3 bedroom flat / apartment for rent,"₦8,000,000","Close To Bannex Bridge, Mabushi, Abuja"
Self contain (single rooms) for rent,"₦600,000","Peace Village, FHA (F.H.A), Lugbe District, Abuja"
2 bedroom detached bungalow for rent,"₦4,000,000","A&g Estate Phase2, FHA (F.H.A), Lugbe District, Abuja"
1 bedroom mini flat (room and parlour) for rent,"₦3,500,000","By American Intâl School, Durumi, Abuja"
3 bedroom flat / apartment for rent,"₦10,000,000","Wuye, Abuja"
3 bedroom flat / apartment for rent,"₦6,500,000","By Gtbank, Durumi, Abuja"
1 bedroom flat / apartment for rent,"₦9,000,000","Maitama District, Abuja"
3 bedroom flat / apartment for rent,"₦11,000,000","Wuye, Abuja"
3 bedroom detached bungalow for rent,"₦15,000,000","Gwarinpa, Abuja"
Self contain (single rooms) for rent,"₦1,300,000","Katampe (Main), Katampe, Abuja"
1 bedroom mini flat (room and parlour) for rent,"₦2,500,000","Katampe (Main), Katampe, Abuja"
5 bedroom detached duplex for rent,"₦30,000,000","Katampe Main By Emirates Estate ,fct Abuja Nigeria, Katampe (Main), Katampe, Abuja"
4 bedroom detached duplex for rent,"₦15,000,000","Gwarinpa, Abuja"
1 bedroom flat / apartment for rent,"₦7,000,000","Asokoro District, Abuja"
2 bedroom flat / apartment for rent,"₦7,500,000","Mabushi, Abuja"
2 bedroom flat / apartment for rent,"₦4,500,000","By American International School, Durumi, Abuja"
3 bedroom flat / apartment for rent,"₦5,000,000","By American International School, Durumi, Abuja"
4 bedroom detached duplex for rent,"₦15,000,000","By Cedacrest, Apo, Abuja"
5 bedroom terraced duplex for rent,"₦20,000,000","Jahi, Abuja"
2 bedroom flat / apartment for rent,"₦6,500,000","Jahi District Abuja. Access Road Is Well Tarred., Jahi, Abuja"
1 bedroom mini flat (room and parlour) for rent,"₦2,000,000","Lokogoma District, Abuja"
3 bedroom semi-detached duplex for rent,"₦7,500,000","Sun City Estate, Galadimawa, Abuja"
Self contain (single rooms) for rent,"₦3,000,000","Asokoro District, Abuja"
5 bedroom terraced duplex for rent,"₦15,000,000","Naf Valley Estate, Asokoro District, Abuja"
Plaza / complex / mall for rent,"₦400,000,000","Garki, Abuja"
3 bedroom flat / apartment for rent,"₦13,000,000","Wuse 2, Abuja"
2 bedroom house for rent,"₦12,000,000","Jahi, Abuja"
Conference / meeting / training room for rent,"₦200,000","Kumasi Crescent, Wuse 2, Abuja"
1 bedroom mini flat (room and parlour) for rent,"₦1,500,000","Arab Road, Kubwa, Abuja"
2 bedroom flat / apartment for rent,"₦17,000,000","Gilmore, Jahi, Abuja"
4 bedroom detached duplex for rent,"₦15,000,000","Apo By Gudu Junction, Close To Cedarcrest Hospital, Apo, Abuja"
3 bedroom flat / apartment for rent,"₦4,500,000","Lugbe District, Abuja"
4 bedroom semi-detached duplex for rent,"₦15,000,000","Stella Maris, Life Camp, Abuja"
4 bedroom terraced duplex for rent,"₦40,000,000","Maitama District, Abuja"
7 bedroom detached duplex for rent,"₦80,000,000","Asokoro District, Abuja"
2 bedroom flat / apartment for rent,"₦6,000,000","Dawaki, Gwarinpa, Abuja"
3 bedroom flat / apartment for rent,"₦50,000,000","Wuse 2, Abuja"
3 bedroom terraced duplex for rent,"$35,000","Maitama District, Abuja"
4 bedroom terraced duplex for rent,"₦18,000,000","Jahi, Abuja"
3 bedroom terraced duplex for rent,"₦10,000,000","Gaduwa, Abuja"
5 bedroom terraced duplex for rent,"₦20,000,000","Jahi, Abuja"
4 bedroom terraced duplex for rent,"₦30,000,000","Naf Valley, Asokoro District, Abuja"
4 bedroom terraced duplex for rent,"₦15,000,000","Katampe Extension, Katampe, Abuja"
3 bedroom terraced duplex for rent,"₦15,000,000","Gilmore, Jahi, Abuja"
4 bedroom terraced duplex for rent,"₦15,000,000","Guzape, Guzape District, Abuja"
4 bedroom terraced duplex for rent,"₦15,000,000","Mabushi, Abuja"
4 bedroom terraced duplex for rent,"₦20,000,000","Mabushi, Abuja"
3 bedroom flat / apartment for rent,"₦8,000,000","Katampe Behind Urban Shelter, Katampe (Main), Katampe, Abuja"
1 bedroom flat / apartment for rent,"₦6,000,000","Maitama District, Abuja"
6 bedroom detached duplex for rent,"₦45,000,000","Wuse 2, Wuse 2, Abuja"
3 bedroom flat / apartment for rent,"₦9,000,000","Near American School, Durumi, Abuja"
4 bedroom detached duplex for rent,"₦20,000,000","Katampe Extension, Katampe Extension, Katampe, Abuja"
6 bedroom terraced duplex for rent,"₦25,000,000","Katampe Extension, Katampe, Abuja"
4 bedroom detached duplex for rent,"₦20,000,000","Jabi Lake Mall Axis, Kado, Abuja"
2 bedroom house for rent,"₦4,000,000","FO1 Layout, Kubwa, Abuja"
2 bedroom flat / apartment for rent,"₦3,000,000","F14 Nepa Road Phase 4, Kubwa, Abuja"
3 bedroom terraced duplex for rent,"₦11,000,000","Jabi, Abuja"
1 bedroom flat / apartment for rent,"₦2,500,000","FO1 Layout, Kubwa, Abuja"
Warehouse for rent,"₦1,500,000","FO1 Layout, Kubwa, Abuja"
4 bedroom semi-detached duplex for rent,"₦80,000,000","Asokoro District, Abuja"
2 bedroom flat / apartment for rent,"$65,000","Asokoro District, Abuja"
4 bedroom house for rent,"₦10,000,000","Gaduwa, Abuja"
4 bedroom house for rent,"₦15,000,000","Peachville, Dakibiyu, Abuja"
2 bedroom flat / apartment for rent,"$37,000","Jabi, Abuja"
2 bedroom flat / apartment for rent,"$16,000","Jabi, Abuja"
3 bedroom flat / apartment for rent,"₦20,000,000","Wuse 2, Abuja"
3 bedroom terraced duplex for rent,$35,"Maitama District, Abuja"
2 bedroom flat / apartment for rent,"₦4,500,000","2nd Avenue, Gwarinpa, Abuja"
2 bedroom flat / apartment for rent,"₦7,000,000","Diplomatic Zone, Katampe Extension, Katampe, Abuja"
1 bedroom flat / apartment for rent,"₦9,000,000","Maitama District, Abuja"
2 bedroom semi-detached duplex for rent,"₦5,000,000","By Sahara 4, Lokogoma District, Abuja"
Self contain (single rooms) for rent,"₦1,000,000","Lokogoma District, Abuja"
5 bedroom terraced duplex for rent,"₦15,000,000","Jahi, Abuja"
3 bedroom flat / apartment for rent,"₦30,000,000","Maitama District, Abuja"
Self contain (single rooms) for rent,"₦1,800,000","By American International School, Durumi, Abuja"
4 bedroom detached duplex for rent,"₦8,000,000","Dawaki, Gwarinpa, Abuja"
8 bedroom detached duplex for rent,"₦80,000,000","Guzape District, Abuja"
4 bedroom detached duplex for rent,"₦30,000,000","Naf Estate, Asokoro District, Abuja"
Commercial property for rent,"₦100,000,000","Mississipi, Maitama District, Abuja"
Shop for rent,"₦20,000,000","Mabushi, Abuja"
Shop for rent,"₦20,000,000","Mabushi, Abuja"
Shop for rent,"₦7,500,000","Mabushi, Abuja"
Shop for rent,"₦15,000,000","Mabushi, Mabushi, Abuja"
2 bedroom flat / apartment for rent,"₦5,000,000","Ochacho Estate, Idu Industrial, Abuja"
3 bedroom flat / apartment for rent,"₦6,500,000","By Ap Filling Station, Gudu, Abuja"
5 bedroom detached duplex for rent,"₦25,000,000","Asokoro Main, Asokoro District, Abuja"
Office space for rent,"₦15,000,000","Wuse, Abuja"
3 bedroom flat / apartment for rent,"₦8,000,000","Jabi, Abuja"
4 bedroom terraced duplex for rent,"₦13,000,000","Jahi, Abuja"
4 bedroom terraced duplex for rent,"₦15,000,000","Guzape District, Abuja"
1 bedroom flat / apartment for rent,"₦9,000,000","Maitama District, Abuja"
2 bedroom flat / apartment for rent,"₦6,000,000","Jahi, Abuja"
2 bedroom flat / apartment for rent,"₦8,000,000","Gilmore, Jahi, Abuja"
2 bedroom flat / apartment for rent,"₦4,500,000","Idu Industrial, Abuja"
Land for rent,"₦23,000,000","Life Camp, Abuja"
4 bedroom terraced duplex for rent,"₦18,000,000","Jahi Gilmore, Jahi, Abuja"
4 bedroom terraced duplex for rent,"₦12,500,000","Mbora (Nbora), Abuja"
3 bedroom flat / apartment for rent,"₦7,500,000","Mbora (lifecamp District), Mbora (Nbora), Abuja"
3 bedroom flat / apartment for rent,"₦7,500,000","Mabushi, Abuja"
4 bedroom terraced duplex for rent,"₦13,000,000","Gilmore, Jahi, Abuja"
6 bedroom terraced duplex for rent,"₦40,000,000","Asokoro District, Abuja"
2 bedroom flat / apartment for rent,"₦16,000,000","Asokoro District, Abuja"
3 bedroom flat / apartment for rent,"₦9,000,000","Jahi Gilmore, Jahi, Abuja"
4 bedroom terraced duplex for rent,"₦16,000,000","Jahi Gilmore, Jahi, Abuja"
2 bedroom flat / apartment for rent,"₦4,500,000","Dawaki, Gwarinpa, Abuja"
5 bedroom house for rent,"₦15,000,000","Aiben Estate, Idu Industrial, Abuja"
4 bedroom terraced duplex for rent,"₦15,000,000","Wuye, Abuja"
3 bedroom flat / apartment for rent,"₦10,000,000","Katampe (Main), Katampe, Abuja"
Plaza / complex / mall for rent,"₦12,000,000","Lugbe District, Abuja"
3 bedroom flat / apartment for rent,"₦8,000,000","Mabushi, Abuja"
Self contain (single rooms) for rent,"₦3,000,000","Gilmore, Katampe Extension, Katampe, Abuja"
1 bedroom flat / apartment for rent,"₦9,000,000","Maitama District, Abuja"
1 bedroom flat / apartment for rent,"₦4,000,000","By Paradise 1, Life Camp, Abuja"
Self contain (single rooms) for rent,"₦1,400,000","Very Close To Grossvenor Hotel 4th Avenue, Gwarinpa, Abuja"
3 bedroom flat / apartment for rent,"₦9,500,000","Guzape District, Abuja"
2 bedroom semi-detached duplex for rent,"₦5,500,000","Lugbe District, Abuja"
2 bedroom flat / apartment for rent,"₦9,000,000","Katampe (Main), Katampe, Abuja"
3 bedroom flat / apartment for rent,"₦10,000,000","Jabi, Abuja"
3 bedroom detached duplex for rent,"₦35,000,000","Maitama District, Abuja"
2 bedroom flat / apartment for rent,"₦3,500,000","News Engineering, Dawaki, Gwarinpa, Abuja"
3 bedroom flat / apartment for rent,"$460,000","Wuse 2, Abuja"
3 bedroom flat / apartment for rent,"$70,000","Wuse 2, Abuja"
4 bedroom terraced duplex for rent,"₦12,000,000","By Aa Rano Oil, Mabushi, Abuja"
2 bedroom flat / apartment for rent,"₦7,000,000","Paradise Estate, Life Camp, Abuja"
4 bedroom semi-detached duplex for rent,"₦15,000,000","Close To Jabi Lake Shop Rite, Jabi, Abuja"
2 bedroom flat / apartment for rent,"₦8,000,000","Jahi Gilmore, Jahi, Abuja"
3 bedroom flat / apartment for rent,"₦15,000,000","Off Ademola Adetunkubo, Wuse 2, Abuja"
3 bedroom flat / apartment for rent,"₦6,000,000","Idu-karmo Abuja. ( After Nizamiyel Hospital) Turkish Hospital, Idu Industrial, Abuja"
4 bedroom terraced duplex for rent,"₦8,000,000","Idu-karmo, Abuja ( After Nizamiyel Hospital) Turkish Hospital., Idu Industrial, Abuja"
2 bedroom flat / apartment for rent,"₦2,000,000","Opposite Stadium, Ushafa, Bwari, Abuja"
3 bedroom flat / apartment for rent,"₦6,500,000","Gaduwa, Abuja"
3 bedroom flat / apartment for rent,"₦7,000,000","62nd Road, Gwarinpa, Abuja"
Conference / meeting / training room for rent,"₦200,000","Kumasi Crescent, Wuse 2, Abuja"
3 bedroom detached duplex for rent,"₦12,000,000","Wuye Main, Wuye, Abuja"
3 bedroom flat / apartment for rent,"₦10,000,000","Jahi, Abuja"
3 bedroom semi-detached duplex for rent,"₦11,000,000","Jabi, Abuja"
4 bedroom house for rent,"₦13,000,000","Katampe (Main), Katampe, Abuja"
6 bedroom detached duplex for rent,"₦60,000,000","Asokoro Main, Asokoro District, Abuja"
3 bedroom terraced duplex for rent,"$36,000","Maitama District, Abuja"
6 bedroom detached duplex for rent,"₦35,000,000","Diplomatic Zone., Katampe Extension, Katampe, Abuja"
4 bedroom terraced duplex for rent,"₦16,000,000","Lifecamp Main, Life Camp, Abuja"
3 bedroom flat / apartment for rent,"₦14,000,000","Katampe (Main), Katampe, Abuja"
4 bedroom detached duplex for rent,"₦25,000,000","By Arab, Utako, Abuja"
3 bedroom flat / apartment for rent,"₦15,000,000","2nd Avenue, Gwarinpa, Abuja"
6 bedroom detached duplex for rent,"₦35,000,000","Gwarinpa, Abuja"
4 bedroom house for rent,"₦30,000,000","Asokoro District, Abuja"
5 bedroom detached duplex for rent,"₦30,000,000","Asokoro District, Abuja"
Self contain (single rooms) for rent,"₦1,200,000","Kaura, Abuja"
4 bedroom terraced duplex for rent,"₦15,000,000","Kado, Abuja"
4 bedroom terraced duplex for rent,"₦18,500,000","3rd Avenue, Gwarinpa, Abuja"
3 bedroom detached bungalow for rent,"₦5,500,000","Dantata Estate, Kubwa, Abuja"
2 bedroom flat / apartment for rent,"₦3,500,000","News Engineering, Dawaki, Gwarinpa, Abuja"
Office space for rent,"₦28,500,000","Ademola Adetokunbo Wuse Ii, Wuse 2, Abuja"
Conference / meeting / training room for rent,"₦200,000","Kumasi Crescent, Wuse 2, Abuja"
4 bedroom terraced duplex for rent,"₦23,000,000","Mabushi, Abuja"
4 bedroom terraced duplex for rent,"₦45,000,000","Maitama District, Abuja"
4 bedroom detached duplex for rent,"₦18,000,000","Mabushi, Abuja"
4 bedroom terraced duplex for rent,"₦20,000,000","Diplomatic Zone, Katampe Extension, Katampe, Abuja"
6 bedroom detached duplex for rent,"₦150,000,000","Maitama District, Abuja"
3 bedroom flat / apartment for rent,"₦7,500,000","Gwarinpa, Abuja"
3 bedroom flat / apartment for rent,"₦30,000,000","Maitama District, Abuja"
4 bedroom terraced duplex for rent,"₦10,000,000","Garki Main (by Rea 2), Garki, Abuja"
3 bedroom flat / apartment for rent,"₦8,000,000","Jabi, Abuja"
2 bedroom flat / apartment for rent,"₦6,500,000","Life Camp, Abuja"
6 bedroom semi-detached duplex for rent,"₦40,000,000","Main Asokoro, Asokoro District, Abuja"
Office space for rent,"₦200,000,000","Wuse 2, Abuja"
6 bedroom detached duplex for rent,"₦42,000,000","Katampe Extension, Katampe, Abuja"
4 bedroom terraced duplex for rent,"₦13,000,000","Katampe (Main), Katampe, Abuja"
4 bedroom terraced duplex for rent,"₦20,000,000","Kado, Abuja"
5 bedroom detached duplex for rent,"₦15,000,000","Gwarinpa, Abuja"
2 bedroom flat / apartment for rent,"₦3,600,000","By Christ Embassy, Jabi, Abuja"
4 bedroom house for rent,"₦9,000,000","Jahi, Abuja"
5 bedroom house for rent,"₦35,000,000","Wuye, Abuja"
4 bedroom detached duplex for rent,"₦10,000,000","Idu-karmo, Nizamiyel Hospital (turkish Hospital), Idu Industrial, Abuja"
1 bedroom flat / apartment for rent,"₦9,000,000","Maitama District, Abuja"
1 bedroom flat / apartment for rent,"₦3,000,000","News Engineering, Dawaki, Gwarinpa, Abuja"
3 bedroom flat / apartment for rent,"₦8,000,000","Utako, Abuja"
Office space for rent,"₦70,000","Along Airport Road Just After Dunamis Church, Lugbe District, Abuja"
Office space for rent,"₦80,000,000","By Bon Hotel, Asokoro District, Abuja"
3 bedroom terraced duplex for rent,"₦10,000,000","Rockvale Manors Estate Apo, Apo, Abuja"
3 bedroom detached bungalow for rent,"₦10,000,000","Efab Queens Estate Gwarinpa Extension, Gwarinpa, Abuja"
4 bedroom house for rent,"₦25,000,000","Utako, Abuja"
2 bedroom house for rent,"₦13,000,000","Katampe (Main), Katampe, Abuja"
5 bedroom detached duplex for rent,"₦45,000,000","Wuse 2, Abuja"
Office space for rent,"₦200,000","Ademola Adetokubor Crescent, Wuse 2, Abuja"
Office space for rent,"₦15,000,000","Aminu Kano Crescent, Wuse 2, Abuja"
4 bedroom terraced duplex for rent,"₦16,000,000","Kado, Abuja"
4 bedroom terraced duplex for rent,"₦12,000,000","By Shafa Filing Station, Mabushi, Abuja"
Self contain (single rooms) for rent,"₦1,000,000","By Old Secteriate, Garki, Abuja"
1 bedroom mini flat (room and parlour) for rent,"₦4,000,000","3rd Avenue Main Gwarinpa, Gwarinpa, Abuja"
Plaza / complex / mall for rent,"₦200,000,000","By Fraser Suit, Central Business District, Abuja"
3 bedroom flat / apartment for rent,"₦13,500,000","Behind Oando Filling Station, Jahi, Abuja"
3 bedroom detached duplex for rent,"₦50,000,000","Presidential Villa Or Aso Villa, Asokoro District, Abuja"
2 bedroom flat / apartment for rent,"₦23,000,000","Presidential Villa, Asokoro District, Abuja"
2 bedroom flat / apartment for rent,"₦23,000,000","Presidential Villa, Asokoro District, Abuja"
Conference / meeting / training room for rent,"₦200,000","Kumasi Crescent, Wuse 2, Abuja"
2 bedroom flat / apartment for rent,"₦25,000,000","Aso Villa, Asokoro District, Abuja"
2 bedroom flat / apartment for rent,"₦23,000,000","Presidential Villa Or Aso Villa, Asokoro District, Abuja"
4 bedroom terraced duplex for rent,"₦12,000,000","Cluster,  River Park Estate Airport Road, Lugbe District, Abuja"
3 bedroom flat / apartment for rent,"₦12,500,000","Jahi, Abuja"
6 bedroom detached duplex for rent,"₦35,000,000","Katampe Extension, Katampe, Abuja"
2 bedroom flat / apartment for rent,"₦42,000,000","Jabi, Abuja"
4 bedroom detached duplex for rent,"₦25,000,000","Mabushi, Abuja"
2 bedroom flat / apartment for rent,"₦7,000,000","Katampe Extension, Katampe, Abuja"
4 bedroom house for rent,"₦15,000,000","Mabushi, Abuja"
4 bedroom terraced duplex for rent,"₦15,000,000","Katampe (Main), Katampe, Abuja"
3 bedroom flat / apartment for rent,"₦72,000,000","Jahi, Abuja"
7 bedroom semi-detached duplex for rent,"₦30,000,000","By Next Mall, Kado, Abuja"
24 bedroom terraced duplex for rent,"₦420,000,000","Wuse 2, Abuja"
6 bedroom detached duplex for rent,"₦50,000,000","Asokoro District, Abuja"
4 bedroom terraced duplex for rent,"₦30,000,000","Guzape District, Abuja"
Office space for rent,"₦180,000,000","Wuse 2, Abuja"
4 bedroom terraced duplex for rent,"₦16,000,000","By Aso Radio, Katampe (Main), Katampe, Abuja"
4 bedroom terraced duplex for rent,"₦12,000,000","Mabushi Behind Capital Hub, Mabushi, Abuja"
4 bedroom terraced duplex for rent,"₦50,000,000","Maitama District, Abuja"
4 bedroom terraced duplex for rent,"₦8,000,000","Lifecamp Junction, Life Camp, Abuja"
1 bedroom flat / apartment for rent,"₦6,000,000","Maitama District, Abuja"
4 bedroom terraced duplex for rent,"₦25,000,000","Guzape District, Abuja"
4 bedroom terraced duplex for rent,"₦13,000,000","Off Magistrate Court, Life Camp, Abuja"
6 bedroom detached duplex for rent,"₦80,000,000","Maitama Off Lake Chad, Maitama District, Abuja"
Shop for rent,"₦4,000,000","Sphinx Mall, Gaduwa, Abuja"
Plaza / complex / mall for rent,"₦12,000,000","Gimbiya Street, Area Ii, Central Area Phase 2, Abuja"
3 bedroom flat / apartment for rent,"₦5,500,000","Idu-karmo District, After Nizamiyel Hospital ( Turkish Hospital), Idu Industrial, Abuja"
3 bedroom flat / apartment for rent,"₦4,500,000","Idu-karmo District, After Nizamiyel Hospital ( Turkish Hospital), Idu Industrial, Abuja"
5 bedroom detached duplex for rent,"₦100,000,000","Maitama District, Abuja"
4 bedroom terraced duplex for rent,"₦8,000,000","Life Camp, Abuja"
4 bedroom semi-detached duplex for rent,"₦18,000,000","Naf Valley Estate, Asokoro District, Abuja"
2 bedroom flat / apartment for rent,"₦8,500,000","Nnpc Estate, Life Camp, Abuja"
5 bedroom terraced duplex for rent,"₦25,000,000","Wuye, Abuja"
Plaza / complex / mall for rent,"₦55,000,000","Jahi, Abuja"
Commercial land for rent,"₦9,000,000","Central Business District, Abuja"
Commercial land for rent,"₦9,000,000","Central Business District, Abuja"
3 bedroom flat / apartment for rent,"₦13,000,000","Wuse 2, Abuja"
5 bedroom flat / apartment for rent,"₦50,000,000","Maitama District, Abuja"
5 bedroom detached duplex for rent,"₦25,000,000","Nicon Junction, Katampe (Main), Katampe, Abuja"
2 bedroom flat / apartment for rent,"₦6,500,000","Life Camp, Abuja"
5 bedroom semi-detached duplex for rent,"₦40,000,000","Wuse 2, Abuja"
Conference / meeting / training room for rent,"₦200,000","Kumasi Crescent, Wuse 2, Abuja"
4 bedroom terraced duplex for rent,"₦15,000,000","Mabushi, Abuja"
3 bedroom terraced duplex for rent,"₦10,000,000","Rockvale Manors Estate, Apo, Abuja"
4 bedroom terraced duplex for rent,"₦20,000,000","Guzape District, Abuja"
6 bedroom detached duplex for rent,"₦60,000,000","Guzape District, Abuja"
5 bedroom terraced duplex for rent,"₦20,000,000","Mabushi, Abuja"
4 bedroom terraced duplex for rent,"₦16,000,000","By Jabi, Life Camp, Abuja"
2 bedroom flat / apartment for rent,"₦4,500,000","Nnpc Estate, Life Camp, Abuja"
Office space for rent,"₦150,000","Kumasi Crescent, Wuse 2, Abuja"
4 bedroom terraced duplex for rent,"₦8,500,000","By Games Village Estate, Kaura, Abuja"
3 bedroom flat / apartment for rent,"₦9,500,000","Guzape District, Abuja"
3 bedroom flat / apartment for rent,"₦10,000,000","Guzape District, Abuja"
4 bedroom terraced duplex for rent,"₦9,000,000","In An Estate Around Godab, Life Camp, Abuja"
Office space for rent,"₦15,000,000","Wuse 2, Abuja"
4 bedroom terraced duplex for rent,"₦12,000,000","Thl Estate, Apo, Abuja"
5 bedroom detached duplex for rent,"₦25,000,000","Opposite Nicon Junction, Katampe (Main), Katampe, Abuja"
3 bedroom flat / apartment for rent,"₦15,000,000","Jahi, Abuja"
3 bedroom terraced duplex for rent,"₦10,000,000","Rockvale Manors Estate, Apo, Abuja"
3 bedroom flat / apartment for rent,"₦48,000,000","After Jabi Lake Mall, Jabi, Abuja"
3 bedroom flat / apartment for rent,"₦15,000,000","Off Mohammed Abba Gana Street, Guzape District, Abuja"
2 bedroom flat / apartment for rent,"₦7,000,000","Katampe Extension, Katampe, Abuja"
Conference / meeting / training room for rent,"₦200,000","Kumasi Crescent, Wuse 2, Abuja"
2 bedroom terraced duplex for rent,"₦9,000,000","Guzape District, Abuja"
3 bedroom flat / apartment for rent,"₦7,000,000","Wuye, Abuja"
3 bedroom flat / apartment for rent,"$45,000","Maitama District, Abuja"
3 bedroom terraced duplex for rent,"₦6,500,000","Extension., Gwarinpa, Abuja"
5 bedroom detached duplex for rent,"₦35,000,000","Wuye, Abuja"
8 bedroom detached duplex for rent,"₦150,000,000","Asokoro District, Abuja"
2 bedroom flat / apartment for rent,"₦5,000,000","Gaduwa, Abuja"
4 bedroom terraced duplex for rent,"₦20,000,000","Asokoro District, Abuja"
6 bedroom terraced duplex for rent,"₦25,000,000","Katampe (Main), Katampe, Abuja"
4 bedroom terraced duplex for rent,"₦15,000,000","Federal Capital, Asokoro District, Abuja"
3 bedroom flat / apartment for rent,"₦5,500,000","Berger Clinic, Life Camp, Abuja"
2 bedroom flat / apartment for rent,"₦4,000,000","Stella Maris, Life Camp, Abuja"
3 bedroom flat / apartment for rent,"₦6,000,000","By Lento, Jabi, Abuja"
3 bedroom detached duplex for rent,"₦50,000,000","Presidential Villa, Asokoro District, Abuja"
4 bedroom semi-detached duplex for rent,"₦25,000,000","Mabushi, Abuja"
4 bedroom house for rent,"₦15,000,000","Katampe, Mabushi, Abuja"
4 bedroom detached duplex for rent,"₦15,000,000","Kado Estate, Kado, Abuja"
3 bedroom flat / apartment for rent,"₦8,000,000","By Rita Hotel, Garki, Abuja"
3 bedroom flat / apartment for rent,"₦8,000,000","Katampe (Main), Katampe, Abuja"
3 bedroom terraced duplex for rent,"₦12,000,000","Apo, Abuja"
1 bedroom flat / apartment for rent,"₦6,000,000","Maitama District, Abuja"
3 bedroom flat / apartment for rent,"₦7,000,000","Opposite Maitama, Katampe (Main), Katampe, Abuja"
Self contain (single rooms) for rent,"₦2,500,000","Katampe (Main), Katampe, Abuja"
2 bedroom flat / apartment for rent,"₦15,000,000","Wuse 2, Abuja"
Land for rent,"₦10,000,000","Central Business District, Abuja"
3 bedroom terraced duplex for rent,"₦10,000,000","Apo, Abuja"
2 bedroom flat / apartment for rent,"₦18,000,000","Life Camp, Abuja"
3 bedroom flat / apartment for rent,"₦12,000,000","Apo, Abuja"
4 bedroom terraced duplex for rent,"₦15,000,000","Guzape District, Abuja"
4 bedroom terraced duplex for rent,"₦15,000,000","Mabushi, Abuja"
3 bedroom flat / apartment for rent,"₦10,000,000","Dakabiyu, Wuye, Abuja"
4 bedroom terraced duplex for rent,"₦13,000,000","Katampe Extension, Katampe, Abuja"
4 bedroom terraced duplex for rent,"₦15,000,000","Guzape District, Abuja"
3 bedroom terraced duplex for rent,"₦10,000,000","Rockvale Manors Estate, Apo, Abuja"
2 bedroom flat / apartment for rent,"₦20,000,000","Wuye, Abuja"
Land for rent,"₦10,000,000","Central Business District, Abuja"
Commercial land for rent,"₦8,000,000","Garki, Abuja"
3 bedroom detached bungalow for rent,"₦10,000,000","Efab Queens, Gwarinpa, Abuja"
4 bedroom house for rent,"₦15,000,000","Via Shafa Filling Station, Back Of Capital Hub, Mabushi, Abuja"
3 bedroom terraced duplex for rent,"₦8,000,000","Around Godab, Life Camp, Abuja"
4 bedroom house for rent,"₦50,000","Maitama District, Abuja"
Conference / meeting / training room for rent,"₦200,000","Kumasi Crescent, Wuse 2, Abuja"
4 bedroom terraced duplex for rent,"₦40,000,000","Maitama District, Abuja"
4 bedroom terraced duplex for rent,"₦9,000,000","Life Camp, Abuja"
2 bedroom flat / apartment for rent,"₦4,000,000","6th Avenue., Gwarinpa, Abuja"
4 bedroom terraced duplex for rent,"₦40,000,000","Off Panama Street, Maitama District, Abuja"
4 bedroom terraced duplex for rent,"₦15,000,000","Mabushi, Abuja"
3 bedroom terraced duplex for rent,"₦10,000,000","Rockvale Manors Estate, Apo, Abuja"
5 bedroom detached duplex for rent,"₦35,000,000","Guzape District, Abuja"
5 bedroom detached duplex for rent,"₦40,000,000","Guzape District, Abuja"
Self contain (single rooms) for rent,"₦2,500,000","Cosgrove Estate, Wuye, Abuja"
2 bedroom flat / apartment for rent,"₦6,000,000","News Engineering, Dawaki, Gwarinpa, Abuja"
3 bedroom flat / apartment for rent,"₦10,000,000","Zone 6, Wuse, Abuja"
2 bedroom flat / apartment for rent,"₦8,000,000","Jahi, Abuja"
2 bedroom detached bungalow for rent,"₦8,000,000","Malivelihood Street, Guzape District, Abuja"
5 bedroom semi-detached duplex for rent,"₦50,000,000","Main Maitama, Maitama District, Abuja"
3 bedroom flat / apartment for rent,"₦8,000,000","By American International School, Durumi, Abuja"
18 bedroom flat / apartment for rent,"₦7,000,000","Lugbe District, Abuja"
9 bedroom detached duplex for rent,"₦100,000,000","Maitama District, Abuja"
3 bedroom flat / apartment for rent,"₦30,000,000","Maitama District, Abuja"
4 bedroom terraced duplex for rent,"₦15,000,000","Guzape District, Abuja"
5 bedroom terraced duplex for rent,"₦25,000,000","Katampe (Main), Katampe, Abuja"
Conference / meeting / training room for rent,"₦200,000","Kumasi Crescent, Wuse 2, Abuja"
5 bedroom terraced duplex for rent,"₦25,000,000","Katampe, Abuja"
5 bedroom detached duplex for rent,"₦25,000,000","Jabi, Abuja"
4 bedroom detached duplex for rent,"₦40,000,000","Guzape District, Abuja"
4 bedroom terraced duplex for rent,"₦30,000,000","Guzape District, Abuja"
2 bedroom flat / apartment for rent,"₦4,000,000","News Engineering Dawaki, Dawaki, Gwarinpa, Abuja"
Shop for rent,"₦6,500,000","Off Aminu Kano Crescent, Wuse 2, Abuja"
4 bedroom semi-detached duplex for rent,"₦9,000,000","Gwarinpa, Abuja"
4 bedroom terraced duplex for rent,"₦15,000,000","Katampe (Main), Katampe, Abuja"
5 bedroom semi-detached duplex for rent,"₦25,000,000","Jabi Main, Jabi, Abuja"
5 bedroom detached duplex for rent,"₦25,000,000","Kado, Abuja"
2 bedroom flat / apartment for rent,"₦2,800,000","Lokogoma District, Abuja"
2 bedroom flat / apartment for rent,"₦12,000,000","Asokoro District, Abuja"
2 bedroom flat / apartment for rent,"₦7,500,000","Katampe, Abuja"
4 bedroom semi-detached duplex for rent,"₦13,000,000","Utako, Abuja"
3 bedroom flat / apartment for rent,"₦8,000,000","Katampe, Abuja"
4 bedroom terraced duplex for rent,"₦11,000,000","Life Camp, Abuja"
2 bedroom flat / apartment for rent,"₦12,000,000","Gilmore, Jahi, Abuja"
3 bedroom flat / apartment for rent,"₦13,000,000","Gilmore, Jahi, Abuja"
3 bedroom flat / apartment for rent,"₦8,000,000","Katampe (Main), Katampe, Abuja"
3 bedroom terraced duplex for rent,"₦10,000,000","Rockvale Manors Estate, Apo, Abuja"
Conference / meeting / training room for rent,"₦200,000","Kumasi Crescent, Wuse 2, Abuja"
3 bedroom terraced duplex for rent,"₦10,000,000","Rockvale Manors Estate, Apo, Abuja"
5 bedroom semi-detached duplex for rent,"₦23,000,000","Asokoro District, Abuja"
5 bedroom semi-detached duplex for rent,"₦40,000,000","Wuse 2, Abuja"
3 bedroom terraced duplex for rent,"₦25,000,000","Off Amino Kano, Wuse 2, Abuja"
Self contain (single rooms) for rent,"₦5,000,000","Parakou Crescent, Wuse 2, Abuja"
3 bedroom flat / apartment for rent,"₦8,000,000","By Zartech, Wuye, Abuja"
5 bedroom terraced duplex for rent,"₦50,000,000","Maitama Main, Maitama District, Abuja"
6 bedroom detached duplex for rent,"₦80,000,000","Maitama Main, Maitama District, Abuja"
Office space for rent,"₦27,200,000","Maitama District, Abuja"
4 bedroom house for rent,"₦9,000,000","Life Camp, Abuja"
3 bedroom terraced duplex for rent,"$40,000","Maitama District, Abuja"
2 bedroom flat / apartment for rent,"₦7,500,000","Katampe (Main), Katampe, Abuja"
3 bedroom flat / apartment for rent,"₦13,000,000","Guzape District, Abuja"
2 bedroom terraced duplex for rent,"₦12,000,000","Katampe, Abuja"
3 bedroom flat / apartment for rent,"₦9,000,000","Durumi, Abuja"
4 bedroom terraced duplex for rent,"₦20,000,000","Utako, Abuja"
1 bedroom flat / apartment for rent,"₦6,000,000","Katampe, Abuja"
3 bedroom flat / apartment for rent,"₦8,000,000","Katampe, Abuja"
4 bedroom terraced duplex for rent,"₦19,000,000","Katampe Extension, Katampe, Abuja"
4 bedroom terraced duplex for rent,"₦25,000,000","Zartech, Wuye, Abuja"
1 bedroom flat / apartment for rent,"₦6,000,000","Maitama District, Abuja"
3 bedroom flat / apartment for rent,"₦7,000,000","6th Avenue, Gwarinpa, Abuja"
1 bedroom flat / apartment for rent,"₦3,200,000","Durumi, Abuja"
1 bedroom flat / apartment for rent,"₦12,000,000","Mabushi, Abuja"
3 bedroom flat / apartment for rent,"₦8,000,000","Ebitu Ekiwe Street, Jabi, Abuja"
2 bedroom flat / apartment for rent,"₦4,500,000","Area 1 Axis., Durumi, Abuja"
4 bedroom detached duplex for rent,"₦10,000,000","Gaduwa, Abuja"
3 bedroom flat / apartment for rent,"₦5,500,000","Area 1 Axis., Durumi, Abuja"
5 bedroom detached duplex for rent,"₦10,000,000","Gaduwa, Abuja"
2 bedroom flat / apartment for rent,"₦4,500,000","News Engineering Dawaki, Dawaki, Gwarinpa, Abuja"
3 bedroom flat / apartment for rent,"₦5,500,000","Area 1 Axis., Durumi, Abuja"
2 bedroom flat / apartment for rent,"₦8,000,000","Wuse, Abuja"
2 bedroom flat / apartment for rent,"₦2,500,000","Karu, Abuja"
3 bedroom flat / apartment for rent,"₦11,000,000","Katampe (Main), Katampe, Abuja"
Office space for rent,"₦150,000","Guzape District, Abuja"
3 bedroom detached bungalow for rent,"₦12,000,000","Life Camp, Abuja"
Self contain (single rooms) for rent,"₦1,500,000","Along Pykasa Road, Lugbe District, Abuja"
3 bedroom terraced duplex for rent,"₦8,500,000","Dawaki By Flyover Bridge Axis, Dawaki, Gwarinpa, Abuja"
4 bedroom detached duplex for rent,"₦15,000,000","Guzape District, Abuja"
3 bedroom flat / apartment for rent,"₦6,000,000","Life Camp, Abuja"
Shop for rent,"₦20,300,000","Wuse 2, Abuja"
Conference / meeting / training room for rent,"₦200,000","Kumasi Crescent, Wuse 2, Abuja"
Office space for rent,"₦50,000,000","Wuse 2, Abuja"
Office space for rent,"₦35,000,000","Wuse 2, Abuja"
2 bedroom flat / apartment for rent,"₦20,000,000","Wuye, Abuja"
5 bedroom terraced duplex for rent,"₦21,000,000","Gilmore, Jahi, Abuja"
3 bedroom flat / apartment for rent,"₦6,000,000","Life Camp, Abuja"
3 bedroom terraced duplex for rent,"$57,000","Aso Villa, Asokoro District, Abuja"
4 bedroom terraced duplex for rent,"₦40,000,000","Guzape District, Abuja"
Commercial property for rent,"₦18,000,000","Wuse 2, Abuja"
4 bedroom detached duplex for rent,"₦25,000,000","Naf Valley, Asokoro District, Abuja"
2 bedroom house for rent,"₦10,000,000","Akenzua Street, Asokoro District, Abuja"
4 bedroom terraced duplex for rent,"₦15,000,000","Catholic Church Axis, Life Camp, Abuja"
3 bedroom terraced duplex for rent,"₦13,000,000","Guzape District, Abuja"
5 bedroom detached duplex for rent,"₦20,000,000","Kado District, Close To Next Cash And Carry Supermarket., Kado, Abuja"
4 bedroom terraced duplex for rent,"₦65,000,000","Maitama District, Abuja"
3 bedroom flat / apartment for rent,"₦6,000,000","Life Camp, Abuja"
3 bedroom flat / apartment for rent,"₦12,000,000,000","Army Estate, Kubwa, Abuja"
Office space for rent,"₦2,500,000","By Ndic, Central Business District, Abuja"
12 bedroom semi-detached duplex for rent,"₦30,000,000","Close To Ameachi Residence, Asokoro District, Abuja"
4 bedroom detached bungalow for rent,"₦8,500,000","Gwarinpa, Abuja"
3 bedroom detached duplex for rent,"$40,000","Maitama District, Abuja"
1 bedroom flat / apartment for rent,"₦6,000,000","Maitama District, Abuja"
2 bedroom flat / apartment for rent,"₦10,000,000","Asokoro District, Abuja"
4 bedroom house for rent,"₦18,000,000","Gilmore, Jahi, Abuja"
4 bedroom detached duplex for rent,"₦8,000,000","Opposite Dunamis, Lugbe District, Abuja"
5 bedroom detached duplex for rent,"₦90,000,000","Maitama District, Abuja"
5 bedroom detached duplex for rent,"₦70,000,000","Wuse 2, Abuja"
4 bedroom semi-detached duplex for rent,"₦7,000,000","Same Global Estate, Lokogoma District, Abuja"
2 bedroom flat / apartment for rent,"₦12,000,000","Katampe Extension, Katampe, Abuja"
3 bedroom flat / apartment for rent,"₦15,000,000","Jahi Golmore, Jahi, Abuja"
2 bedroom flat / apartment for rent,"₦6,000,000","Guzape District, Abuja"
3 bedroom flat / apartment for rent,"₦8,000,000","Katampe, Abuja"
Self contain (single rooms) for rent,"₦5,000,000","Wuye, Abuja"
3 bedroom flat / apartment for rent,"₦7,500,000","Jahi, Abuja"
Plaza / complex / mall for rent,"₦95,000","Dawaki, Gwarinpa, Abuja"
1 bedroom flat / apartment for rent,"₦1,600,000","News Engineering ., Dawaki, Gwarinpa, Abuja"
4 bedroom terraced duplex for rent,"₦16,000,000","Jabi, Abuja"
2 bedroom flat / apartment for rent,"₦7,000,000","Life Camp, Abuja"
6 bedroom detached duplex for rent,"₦180,000,000","Maitama District, Abuja"
3 bedroom flat / apartment for rent,"₦25,000,000","Aso Drive, Maitama District, Abuja"
Commercial property for rent,"₦35,000,000","Zone A, Apo, Abuja"
3 bedroom flat / apartment for rent,"₦13,000,000","Bellavue Estate, Life Camp, Abuja"
Conference / meeting / training room for rent,"₦200,000","Kumasi Crescent, Wuse 2, Abuja"
Self contain (single rooms) for rent,"₦1,500,000","American International, Durumi, Abuja"
2 bedroom flat / apartment for rent,"₦6,500,000","Jahi, Abuja"
2 bedroom flat / apartment for rent,"₦3,000,000","Dawaki, Gwarinpa, Abuja"
3 bedroom terraced duplex for rent,"₦50,000,000","Aso Villa Residential Area, Asokoro District, Abuja"
4 bedroom terraced duplex for rent,"₦30,000,000","Maitama District, Abuja"
3 bedroom flat / apartment for rent,"₦25,000,000","Maitama District, Abuja"
2 bedroom flat / apartment for rent,"₦6,000,000","Jahi, Abuja"
3 bedroom flat / apartment for rent,"₦10,000,000","Katampe Extension, Katampe, Abuja"
1 bedroom flat / apartment for rent,"₦6,500,000","Jahi, Abuja"
2 bedroom flat / apartment for rent,"₦11,000,000","Jahi, Abuja"
2 bedroom flat / apartment for rent,"₦7,000,000","Jahi, Abuja"
4 bedroom terraced duplex for rent,"₦12,000,000","Mabushi, Abuja"
Event centre / venue for rent,"₦35,000,000","Apo Resettlement, Apo, Abuja"
4 bedroom terraced duplex for rent,"₦15,000,000","Jahi, Abuja"
2 bedroom flat / apartment for rent,"₦42,000,000","Jabi, Abuja"
3 bedroom flat / apartment for rent,"$40,000","Wuse 2, Abuja"
3 bedroom terraced duplex for rent,"₦7,000,000","Idu-karmo District, After Nizamiyel Hospital ( Turkish Hospital), Idu Industrial, Abuja"
2 bedroom flat / apartment for rent,"₦5,000,000","Lifecamp Extension, Life Camp, Abuja"
2 bedroom flat / apartment for rent,"₦7,000,000","Diplomatic Zone, Katampe Extension, Katampe, Abuja"
1 bedroom mini flat (room and parlour) for rent,"₦10,000,000","By United Nations Office, Asokoro District, Abuja"
1 bedroom flat / apartment for rent,"₦9,000,000","Maitama District, Abuja"
4 bedroom terraced duplex for rent,"₦25,000,000","Guzape District, Abuja"
2 bedroom flat / apartment for rent,"₦3,500,000","FO1 Layout, Kubwa, Abuja"
56 bedroom flat / apartment for rent,"$1,300,000","Asokoro District, Abuja"
5 bedroom detached duplex for rent,"₦13,000,000","Maitama 2, Maitama District, Abuja"
3 bedroom flat / apartment for rent,"₦7,000,000","Life Camp, Abuja"
2 bedroom flat / apartment for rent,"₦5,000,000","Life Camp, Abuja"
3 bedroom house for rent,"₦90,000,000","Jahi, Abuja"
4 bedroom detached duplex for rent,"₦6,000,000","Kubwa, Abuja"
6 bedroom terraced duplex for rent,"₦12,000,000","Jahi, Abuja"
Plaza / complex / mall for rent,"₦1,300,000","Off Mike Akhigbe Street, Jabi, Abuja"
5 bedroom terraced duplex for rent,"₦15,000,000","Close To Berger Yard, Life Camp, Abuja"
4 bedroom detached duplex for rent,"₦6,000,000","Kpaduma 3 Community, Guzape District, Abuja"
3 bedroom flat / apartment for rent,"₦10,000,000","Off Mike Akhigbe Street, Jabi, Abuja"
3 bedroom flat / apartment for rent,"₦7,000,000","Behind Vio Office, Mabushi, Abuja"
3 bedroom flat / apartment for rent,"₦5,500,000","Trans Engineering Estate, Dawaki, Gwarinpa, Abuja"
Self contain (single rooms) for rent,"₦2,200,000","Gaduwa, Abuja"
Shop for rent,"₦13,000,000","Wuse 2, Abuja"
Conference / meeting / training room for rent,"₦200,000","Kumasi Crescent, Wuse 2, Abuja"
3 bedroom flat / apartment for rent,"₦7,000,000","Garki, Abuja"
2 bedroom flat / apartment for rent,"₦7,000,000","Mabushi, Abuja"
1 bedroom flat / apartment for rent,"₦6,000,000","Maitama District, Abuja"
2 bedroom flat / apartment for rent,"₦20,000,000","Wuye, Abuja"
2 bedroom flat / apartment for rent,"₦15,000,000","Wuye, Abuja"
2 bedroom flat / apartment for rent,"₦6,000,000","Utako, Abuja"
3 bedroom flat / apartment for rent,"₦10,000,000","Wuye, Abuja"
4 bedroom semi-detached duplex for rent,"₦15,000,000","Gwarinpa, Abuja"
4 bedroom semi-detached duplex for rent,"₦13,000,000","Cluster 1 River Park Estate, Lugbe District, Abuja"
2 bedroom flat / apartment for rent,"₦20,000,000","Wuye, Abuja"
3 bedroom semi-detached duplex for rent,"₦18,000,000","Citec Mbora, Mbora (Nbora), Abuja"
3 bedroom flat / apartment for rent,"₦7,000,000","Jahi, Abuja"
2 bedroom flat / apartment for rent,"₦4,500,000","Kubwa, Abuja"
5 bedroom detached duplex for rent,"₦10,000,000","Lugbe District, Abuja"
4 bedroom terraced duplex for rent,"₦25,000,000","By H Medix / Nnpc, Guzape District, Abuja"
4 bedroom flat / apartment for rent,"₦12,500,000","By Force Head Qtrs / Stratton Hotel, Asokoro District, Abuja"
Conference / meeting / training room for rent,"₦125,000","Wuye, Abuja"
15 bedroom detached duplex for rent,"₦50,000,000","Garki, Abuja"
3 bedroom flat / apartment for rent,"₦9,000,000","Zone 3, Wuse, Abuja"
3 bedroom flat / apartment for rent,"₦8,000,000","Katampe (Main), Katampe, Abuja"
3 bedroom flat / apartment for rent,"₦30,000,000","Guzape District, Abuja"
2 bedroom flat / apartment for rent,"₦15,000,000","Guzape District, Abuja"
4 bedroom terraced duplex for rent,"₦34,999,999","Guzape District, Abuja"
Conference / meeting / training room for rent,"₦200,000","Kumasi Crescent, Wuse 2, Abuja"
3 bedroom flat / apartment for rent,"₦15,000,000","Asokoro District, Abuja"
5 bedroom detached duplex for rent,"₦50,000,000","Asokoro District, Abuja"
7 bedroom detached duplex for rent,"₦110,000,000","Asokoro District, Abuja"
2 bedroom flat / apartment for rent,"₦22,000,000","Wuye, Abuja"
1 bedroom mini flat (room and parlour) for rent,"₦2,550,000","Zone 3, Wuse, Abuja"
Residential land for rent,"₦6,500,000","Behind Philomath University, Kuje, Abuja"
3 bedroom semi-detached bungalow for rent,"₦5,000,000","Lokogoma District, Abuja"
3 bedroom flat / apartment for rent,"₦8,500,000","Gwarimpa Extension, Gwarinpa, Abuja"
4 bedroom terraced duplex for rent,"₦15,000,000","Mabushi, Abuja"
3 bedroom semi-detached duplex for rent,"₦12,000,000","Orchacho Estate, Life Camp, Abuja"
3 bedroom flat / apartment for rent,"₦8,000,000","Katampe, Abuja"
Office space for rent,"₦20,000,000","Off Constitution Avenue, Central Business District, Abuja"
4 bedroom terraced duplex for rent,"₦30,000,000","Off Lake Chad, Maitama District, Abuja"
3 bedroom detached bungalow for rent,"₦3,000,000","Grow Homes Estate After Royal Champion Assembly, Kubwa, Abuja"
4 bedroom terraced duplex for rent,"₦75,000,000","Ministers Hill, Maitama District, Abuja"
Office space for rent,"₦200,000","Wuse, Abuja"
Shop for rent,"₦13,000,000","Wuye, Abuja"
3 bedroom flat / apartment for rent,"₦13,000,000","Wuye, Abuja"
Office space for rent,"₦25,000,000","Ademola Adetokubor Crescent, Wuse 2, Abuja"
8 bedroom terraced duplex for rent,"₦175,000,000","Katampe Extension, Katampe, Abuja"
Conference / meeting / training room for rent,"₦200,000","Kumasi Crescent, Wuse 2, Abuja"
4 bedroom terraced duplex for rent,"₦220,000,000","Zone 5, Wuse, Abuja"
4 bedroom terraced duplex for rent,"₦35,000,000","Guzape District, Abuja"
Shop for rent,"₦16,000,000","Wuse 2, Abuja"
3 bedroom flat / apartment for rent,"₦8,000,000","Life Camp, Abuja"
3 bedroom flat / apartment for rent,"₦30,000,000","Maitama District, Abuja"
3 bedroom flat / apartment for rent,"₦10,000,000","After Coza, Guzape District, Abuja"
2 bedroom flat / apartment for rent,"₦22,000,000","Libreville, Wuse 2, Abuja"
4 bedroom terraced duplex for rent,"₦15,000,000","Opposite Games Village, Kukwaba, Abuja"
4 bedroom terraced duplex for rent,"₦10,000,000","Karmo-idu District. ( After Nizamiyel Hospital) Turkish Hospital, Karmo, Abuja"
4 bedroom house for rent,"₦9,000,000","Paradise Estate, Life Camp, Abuja"
3 bedroom flat / apartment for rent,"₦7,000,000","2nd Avenue, Gwarinpa, Abuja"
3 bedroom flat / apartment for rent,"₦4,000,000","Life Camp, Abuja"
4 bedroom terraced duplex for rent,"₦9,000,000","Peachville Estate, Beside Kingscourt Estate, Dakibiyu, Jabi, Abuja"
2 bedroom flat / apartment for rent,"₦10,000,000","Asokoro District, Abuja"
4 bedroom terraced duplex for rent,"₦16,000,000","Diplomatic Zone, Katampe Extension, Katampe, Abuja"
3 bedroom flat / apartment for rent,"₦25,000,000","Jabi, Abuja"
4 bedroom terraced duplex for rent,"₦16,000,000","Diplomatic Zone., Katampe Extension, Katampe, Abuja"
Self contain (single rooms) for rent,"₦1,200,000","Off Citizens Avenue, Dawaki, Gwarinpa, Abuja"
5 bedroom semi-detached duplex for rent,"₦15,000,000","Off 7th Avenue, Gwarinpa, Abuja"
Self contain (single rooms) for rent,"₦1,100,000","Dawaki District, Dawaki, Gwarinpa, Abuja"
1 bedroom flat / apartment for rent,"₦9,000,000","Maitama District, Abuja"
3 bedroom flat / apartment for rent,"₦8,000,000","Mabushi, Abuja"
3 bedroom terraced duplex for rent,"₦16,000,000","Gilmore, Jahi, Abuja"
3 bedroom flat / apartment for rent,"₦10,000,000","Mabushi, Abuja"
2 bedroom flat / apartment for rent,"₦20,000,000","Wuye, Abuja"
3 bedroom flat / apartment for rent,"₦25,000,000","Jahi, Abuja"
Plaza / complex / mall for rent,"₦200,000","Zone 2, Wuse, Abuja"
2 bedroom flat / apartment for rent,"₦24,000,000","By Libravile, Wuse 2, Abuja"
2 bedroom flat / apartment for rent,"₦5,000,000","Gaduwa, Abuja"
1 bedroom flat / apartment for rent,"₦7,000,000","News Engineering, Dawaki, Gwarinpa, Abuja"
2 bedroom flat / apartment for rent,"₦42,000,000","Near Chida Hotel, Jabi, Abuja"
3 bedroom flat / apartment for rent,"₦48,000,000","Near Shoprite, Jabi, Abuja"
4 bedroom terraced duplex for rent,"₦20,000,000","Life Camp, Abuja"
6 bedroom detached duplex for rent,"₦45,000,000,000","Arab, Utako, Abuja"
4 bedroom semi-detached duplex for rent,"₦7,500,000","After Sunnyvale Estate, Lokogoma District, Abuja"
3 bedroom terraced duplex for rent,"₦15,000,000","Katampe (Main), Katampe, Abuja"
3 bedroom flat / apartment for rent,"₦6,000,000","News Engineering, Dawaki, Gwarinpa, Abuja"
2 bedroom terraced duplex for rent,"₦4,500,000","News Engineering, Dawaki, Gwarinpa, Abuja"
Office space for rent,"₦2,500,000","Off Adetokunbo Ademola Crescent, Wuse 2, Abuja"
Office space for rent,"₦42,000,000","Mabushi, Abuja"
2 bedroom flat / apartment for rent,"₦25,000,000","Wuye, Abuja"
1 bedroom flat / apartment for rent,"₦9,000,000","Maitama District, Abuja"
3 bedroom flat / apartment for rent,"₦13,000,000","Wuse 2 By Efcc Office, Ademola Adetokunbo., Wuse 2, Abuja"
2 bedroom flat / apartment for rent,"₦4,500,000","Associated Estate, Karmo, Abuja"
1 bedroom mini flat (room and parlour) for rent,"₦2,500,000","Cedercrest Hospital, Nepa, Apo, Abuja"
5 bedroom terraced duplex for rent,"₦20,000,000","Jahi, Abuja"
4 bedroom semi-detached duplex for rent,"₦25,000,000","Life Camp, Abuja"
1 bedroom mini flat (room and parlour) for rent,"₦2,500,000","Sagwari Layout Opposite F O 1, FO1 Layout, Kubwa, Abuja"
Self contain (single rooms) for rent,"₦2,000,000","FO1 Layout, Kubwa, Abuja"
3 bedroom flat / apartment for rent,"₦7,000,000","Wuye, Abuja"
2 bedroom flat / apartment for rent,"₦10,000,000","Lugbe District, Abuja"
4 bedroom semi-detached duplex for rent,"₦25,000,000","3rd Avenue, Gwarinpa, Abuja"
1 bedroom flat / apartment for rent,"₦1,000,000","Close To Kabusa Gardens Estate Down Sunnyvale Junction Road., Lokogoma District, Abuja"
3 bedroom semi-detached duplex for rent,"$60,000","Asokoro District, Abuja"
1 bedroom mini flat (room and parlour) for rent,"₦2,500,000","Along Sunnyvale Expressway, Galadimawa, Abuja"
8 bedroom detached duplex for rent,"₦120,000,000","Maitama District, Abuja"
4 bedroom terraced duplex for rent,"₦15,000,000","Jahi, Abuja"
5 bedroom detached duplex for rent,"₦15,000,000","In An Estate In Kaura, Kaura, Abuja"
4 bedroom terraced duplex for rent,"₦10,000,000","Guzape District, Abuja"
4 bedroom terraced duplex for rent,"₦15,000,000","Katampe (Main), Katampe, Abuja"
Self contain (single rooms) for rent,"₦3,500,000","Naf Valley Estate, Asokoro District, Abuja"
4 bedroom terraced duplex for rent,"₦15,000,000","By Gilmore Construction Company., Jahi, Abuja"
1 bedroom flat / apartment for rent,"₦6,000,000","Maitama District, Abuja"
3 bedroom flat / apartment for rent,"₦12,500,000","By Gilmore Construction, Jahi, Abuja"
3 bedroom flat / apartment for rent,"₦13,000,000","Guzape District, Abuja"
5 bedroom detached duplex for rent,"₦40,000,000","Guzape District, Abuja"
2 bedroom flat / apartment for rent,"₦4,500,000","Close To Beger Yard, Life Camp, Abuja"
1 bedroom house for rent,"₦5,000,000","Naf Valley Estate, Asokoro District, Abuja"
4 bedroom terraced duplex for rent,"₦30,000,000","Katampe, Abuja"
3 bedroom flat / apartment for rent,"₦13,000,000","Life Camp, Abuja"
4 bedroom detached duplex for rent,"₦13,000,000","Life Camp, Abuja"
2 bedroom flat / apartment for rent,"₦23,000,000","Wuye, Abuja"
7 bedroom detached duplex for rent,"₦110,000,000","Asokoro District, Abuja"
5 bedroom terraced duplex for rent,"₦19,000,000","Katampe Extension, Katampe, Abuja"
3 bedroom flat / apartment for rent,"₦8,000,000","Katampe, Abuja"
4 bedroom semi-detached duplex for rent,"₦7,000,000","Apo, Abuja"
4 bedroom terraced duplex for rent,"₦10,000,000","By Cedarcrest Hospital, Apo, Abuja"
5 bedroom terraced duplex for rent,"₦25,000,000","Wuye, Abuja"
4 bedroom terraced duplex for rent,"₦30,000,000","Maitama District, Abuja"
1 bedroom flat / apartment for rent,"₦6,000,000","Maitama District, Abuja"
4 bedroom terraced duplex for rent,"₦35,000,000","Guzape District, Abuja"
5 bedroom detached duplex for rent,"₦80,000,000","Asokoro District, Abuja"
2 bedroom flat / apartment for rent,"$35,000","Maitama District, Abuja"
Conference / meeting / training room for rent,"₦200,000","Kumasi Crescent, Wuse 2, Abuja"
2 bedroom flat / apartment for rent,"₦6,500,000","Wuye, Abuja"
3 bedroom flat / apartment for rent,"₦10,000,000","By Gilmore, Jahi, Abuja"
3 bedroom terraced duplex for rent,"₦13,000,000","Jabi, Abuja"
3 bedroom flat / apartment for rent,"₦5,500,000","Katampe (Main), Katampe, Abuja"
2 bedroom flat / apartment for rent,"₦8,000,000","Jahi, Abuja"
Shop for rent,"₦3,500,000","Aminu Kano Crescent, Wuse 2, Abuja"
2 bedroom flat / apartment for rent,"₦4,500,000","Wuye, Abuja"
4 bedroom terraced duplex for rent,"₦15,000,000","Kado, Abuja"
2 bedroom flat / apartment for rent,"₦20,000,000","Wuye, Abuja"
2 bedroom flat / apartment for rent,"₦23,000,000","Katampe Extension, Katampe, Abuja"
2 bedroom flat / apartment for rent,"₦4,500,000","Old Secretariat, Garki Area 1, Durumi, Abuja"
4 bedroom terraced duplex for rent,"₦15,000,000","Jahi, Abuja"
2 bedroom flat / apartment for rent,"₦27,000,000","Aso-villa, Asokoro District, Abuja"
4 bedroom terraced duplex for rent,"₦25,000,000","Jahi, Katampe, Abuja"
3 bedroom flat / apartment for rent,"₦6,000,000","Idu Industrial, Abuja"
Plaza / complex / mall for rent,"₦3,780,000","Jabi, Abuja"
Plaza / complex / mall for rent,"₦3,360,000","Jabi, Abuja"
Plaza / complex / mall for rent,"₦3,600,000","Jabi, Abuja"
Office space for rent,"₦45,000,000","Wuse 2, Abuja"
Office space for rent,"₦50,000","Gudu, Abuja"
Conference / meeting / training room for rent,"₦200,000","Kumasi Crescent, Wuse 2, Abuja"
2 bedroom flat / apartment for rent,"₦4,500,000","Area 1, Garki, Abuja"
Plaza / complex / mall for rent,"₦16,000,000","By A.a. Rano Filling Station, Jabi, Abuja"
4 bedroom terraced duplex for rent,"₦15,000,000","Mabushi, Abuja"
6 bedroom detached duplex for rent,"₦90,000,000","F.c.t, Maitama District, Abuja"
4 bedroom terraced duplex for rent,"₦13,000,000","Citec Estate Extension, Mbora (Nbora), Abuja"
4 bedroom semi-detached duplex for rent,"₦12,000,000","Around Northstar Garden Estate, Galadimawa, Abuja"
4 bedroom terraced duplex for rent,"₦30,000,000","Maitama Main, Maitama District, Abuja"
6 bedroom terraced duplex for rent,"₦75,000,000","Ministers Hills, Maitama District, Abuja"
3 bedroom flat / apartment for rent,"₦7,000,000","Dawaki, Gwarinpa, Abuja"
6 bedroom detached duplex for rent,"₦45,000,000","Wuse 2, Abuja"
3 bedroom detached bungalow for rent,"₦6,000,000","Gaduwa, Abuja"
1 bedroom flat / apartment for rent,"₦10,000,000","Katampe Extension, Katampe, Abuja"
4 bedroom terraced duplex for rent,"₦10,000,000","Gaduwa, Abuja"
4 bedroom terraced duplex for rent,"₦50,000,000","Maitama District, Abuja"
2 bedroom flat / apartment for rent,"₦5,000,000","Life Camp, Abuja"
5 bedroom detached duplex for rent,"₦35,000,000","Jabi, Abuja"
2 bedroom flat / apartment for rent,"₦6,000,000","Life Camp, Abuja"
6 bedroom detached duplex for rent,"₦45,000,000","Off Ademola Adetokunbo Crescent., Wuse 2, Abuja"
2 bedroom flat / apartment for rent,"₦2,650,000","By Kapwa, Off Airport Road, FHA (F.H.A), Lugbe District, Abuja"
1 bedroom mini flat (room and parlour) for rent,"₦1,350,000","Uptown Estate, Katampe, Abuja"
Conference / meeting / training room for rent,"₦200,000","Kumasi Crescent, Wuse 2, Abuja"
2 bedroom flat / apartment for rent,"₦22,500,000","1st Avenue, Gwarinpa, Abuja"
5 bedroom detached duplex for rent,"₦15,000,000","Citygate Estate, Kukwaba, Abuja"
3 bedroom flat / apartment for rent,"₦40,000,000","British Village, Wuse 2, Abuja"
5 bedroom detached duplex for rent,"₦14,000,000","Kaura, Abuja"
2 bedroom flat / apartment for rent,"₦1,700,000","Redeemer Estate, Pyakasa, Lugbe District, Abuja"
Office space for rent,"₦300,000","Wuse 2, Abuja"
Shop for rent,"₦43,200,000","Wuse 2, Abuja"
4 bedroom terraced duplex for rent,"₦13,000,000","Guzape District, Abuja"
1 bedroom flat / apartment for rent,"₦7,000,000","Harbour Apartment, Asokoro District, Abuja"
10 bedroom detached duplex for rent,"₦250,000,000","Wuse 2, Abuja"
3 bedroom flat / apartment for rent,"₦15,000,000","Wuse 2, Abuja"
2 bedroom house for rent,"₦7,000,000","Naf, Valley Estate, Asokoro District, Abuja"
4 bedroom house for rent,"₦25,000,000","Lifecamp Main, Life Camp, Abuja"
3 bedroom flat / apartment for rent,"₦13,500,000","Wuse 2, Abuja"
4 bedroom terraced duplex for rent,"₦8,000,000","Brians And Hammers, Life Camp, Abuja"
Plaza / complex / mall for rent,"₦95,000","Dawaki, Gwarinpa, Abuja"
Office space for rent,"₦988,900","1 Zambezi Crescent Off Aguyi Ironsi Street, Murjanatu House, Maitama District, Abuja"
2 bedroom semi-detached bungalow for rent,"₦5,000,000","Along Cedercrest Hospital Road, Apo, Abuja"
2 bedroom flat / apartment for rent,"₦4,000,000","News Engineering, Dawaki, Gwarinpa, Abuja"
3 bedroom flat / apartment for rent,"₦6,000,000","News Engineering, Dawaki, Gwarinpa, Abuja"
1 bedroom flat / apartment for rent,"₦6,000,000","Maitama District, Abuja"
2 bedroom flat / apartment for rent,"₦20,000,000","Aso-villa Residential Area, Asokoro District, Abuja"
1 bedroom mini flat (room and parlour) for rent,"₦10,000,000","Katampe Extension, Katampe, Abuja"
2 bedroom flat / apartment for rent,"₦12,000,000","Katampe Extension, Katampe, Abuja"
3 bedroom flat / apartment for rent,"₦15,000,000","Katampe Extension, Katampe, Abuja"
2 bedroom flat / apartment for rent,"₦4,000,000","Mbora (Nbora), Abuja"
3 bedroom flat / apartment for rent,"₦6,000,000","Life Camp, Abuja"
Plaza / complex / mall for rent,"₦2,500,000","Area 11, Garki, Abuja"
4 bedroom terraced duplex for rent,"₦18,000,000","Diplomatic Zone, Katampe Extension, Katampe, Abuja"
4 bedroom flat / apartment for rent,"₦40,000,000","Maitama, Maitama District, Abuja"
3 bedroom flat / apartment for rent,"$35,000","Maitama, Maitama District, Abuja"
1 bedroom flat / apartment for rent,"$35,000","Maitama District, Abuja"
3 bedroom flat / apartment for rent,"₦13,000,000","Wuse 2, Abuja"
4 bedroom terraced duplex for rent,"₦5,000,000","Estate By Jedo Junction, Lugbe District, Abuja"
4 bedroom detached duplex for rent,"₦30,000,000","Navy Town, Admiralty Estate, Asokoro District, Abuja"
1 bedroom flat / apartment for rent,"$40,000","Diplomatic Zone, Maitama District, Abuja"
2 bedroom flat / apartment for rent,"$65,000","Diplomatic Zone, Maitama District, Abuja"
2 bedroom flat / apartment for rent,"₦3,500,000","Life Camp, Abuja"
5 bedroom detached duplex for rent,"₦8,000,000","Estate Behind Shafa Opposite Dunamis Dome, Lugbe District, Abuja"
3 bedroom house for rent,"₦6,000,000","Jahi-katampe Road, Jahi, Abuja"
5 bedroom detached duplex for rent,"₦45,000,000","Wuye, Abuja"
Conference / meeting / training room for rent,"₦200,000","Kumasi Crescent, Wuse 2, Abuja"
3 bedroom flat / apartment for rent,"₦12,500,000","Gilmore, Jahi, Abuja"
4 bedroom terraced duplex for rent,"₦15,000,000","Guzape Hills, Guzape District, Abuja"
Office space for rent,"₦1,647,900","1 Zambezi Crescent Off Aguyi Ironsi Street, Murjanatu House, Maitama District, Abuja"
Plaza / complex / mall for rent,"₦300,000,000","Area 11, Garki, Abuja"
4 bedroom terraced duplex for rent,"₦13,500,000","Off Nasir El Rufai, Guzape District, Abuja"
3 bedroom house for rent,"₦10,000,000","Guzape District, Abuja"
5 bedroom terraced duplex for rent,"₦15,000,000","Guzape District, Abuja"
Office space for rent,"₦300,000,000","Central Business District, Abuja"
Office space for rent,"₦5,500,000","Ademola Adetokubor Crescent, Wuse 2, Abuja"
5 bedroom detached duplex for rent,"₦25,000,000","Mabushi, Abuja"
3 bedroom flat / apartment for rent,"₦180,000,000","Katampe, Abuja"
3 bedroom flat / apartment for rent,"₦4,000,000","Brains And Hammers City, Life Camp, Abuja"
Office space for rent,"₦10,000","Kumasi Crescent, Wuse 2, Abuja"
4 bedroom terraced duplex for rent,"₦12,000,000","Mabushi, Abuja"
4 bedroom semi-detached duplex for rent,"₦8,000,000","Life Camp, Abuja"
2 bedroom semi-detached duplex for rent,"₦4,000,000","Nut Road, Opposite River Park, Sabon Lugbe, Lugbe District, Abuja"
5 bedroom terraced duplex for rent,"₦25,000,000","Life Camp, Abuja"
4 bedroom terraced duplex for rent,"₦15,000,000","Life Camp, Abuja"
9 bedroom house for rent,"₦32,000,000","Life Camp, Abuja"
8 bedroom house for rent,"₦180,000,000","Asokoro District, Abuja"
Conference / meeting / training room for rent,"₦200,000","Kumasi Crescent, Wuse 2, Abuja"
4 bedroom terraced duplex for rent,"₦25,000,000","Asokoro District, Abuja"
5 bedroom terraced duplex for rent,"₦25,000,000","Wuye, Abuja"
2 bedroom flat / apartment for rent,"₦4,000,000","FO1 Layout, Kubwa, Abuja"
4 bedroom terraced duplex for rent,"₦12,000,000","Cosgrove Axis, Mabushi, Abuja"
4 bedroom terraced duplex for rent,"₦30,000,000","Maitama Ministers Hill, Maitama District, Abuja"
Shop for rent,"₦6,000,000","Gwarinpa, Abuja"
4 bedroom terraced duplex for rent,"₦10,000,000","Gwarinpa, Abuja"
Plaza / complex / mall for rent,"₦60,000,000","Ademola Adetokunbo, Wuse 2, Abuja"
Office space for rent,"₦24,400,000","Area 2, Garki, Abuja"
Office space for rent,"₦37,800,000","Area 2, Garki, Abuja"
3 bedroom terraced duplex for rent,"$35,000","Maitama District, Abuja"
5 bedroom detached duplex for rent,"₦80,000,000","Wuse 2, Abuja"
Office space for rent,"₦724,900","1 Zambezi Crescent Off Aguyi Ironsi Street, Murjanatu House, Maitama District, Abuja"
2 bedroom flat / apartment for rent,"₦6,500,000","Wuye, Abuja"
Office space for rent,"₦160,000","Off Aguiyi Ironsi Street, Maitama District, Abuja"
3 bedroom flat / apartment for rent,"₦25,000,000","Guzape District, Abuja"
4 bedroom house for rent,"₦20,000,000","Wuye, Abuja"
3 bedroom flat / apartment for rent,"₦15,000,000","Off Ademola Adetokunbo Crescent, Wuse 2, Abuja"
3 bedroom flat / apartment for rent,"₦72,000,000","Gilmore, Jahi, Abuja"
3 bedroom flat / apartment for rent,"₦35,000,000","Main, Jabi, Abuja"
1 bedroom flat / apartment for rent,"₦6,000,000","Maitama District, Abuja"
3 bedroom flat / apartment for rent,"₦5,000,000","News Engineering, Dawaki, Gwarinpa, Abuja"
3 bedroom terraced duplex for rent,"₦30,000,000","Asokoro District, Abuja"
4 bedroom terraced duplex for rent,"₦19,000,000","Jabi, Abuja"
Self contain (single rooms) for rent,"₦650,000","Close To Kabusa Gardens Estate Along Sunnyvale Junction Road, Lokogoma District, Abuja"
Office space for rent,"₦507,900","1 Zambezi Crescent Off Aguyi Ironsi Street, Murjanatu House, Maitama District, Abuja"
2 bedroom flat / apartment for rent,"₦19,000,000","By Nitel Junction, Wuse 2, Abuja"
5 bedroom detached duplex for rent,"₦25,000,000","Around Godab, Life Camp, Abuja"
6 bedroom detached duplex for rent,"₦150,000,000","Maitama Main, Maitama District, Abuja"
4 bedroom terraced duplex for rent,"₦15,000,000","Guzape District, Abuja"
Plaza / complex / mall for rent,"₦25,000,000","Lifecamp Junction, Life Camp, Abuja"
1 bedroom flat / apartment for rent,"₦5,500,000","Naf Valley Estate, Asokoro District, Abuja"
4 bedroom terraced duplex for rent,"₦15,000,000","Mabushi, Abuja"
3 bedroom terraced duplex for rent,"₦7,000,000","Life Camp, Abuja"
4 bedroom semi-detached duplex for rent,"₦55,000,000","Maitama District, Abuja"
4 bedroom semi-detached duplex for rent,"₦15,000,000","Ameyo Adadevoh Way, Jahi, Abuja"
5 bedroom semi-detached duplex for rent,"₦55,000,000","Guzape Main, Guzape District, Abuja"
3 bedroom flat / apartment for rent,"₦12,000,000","Guzape District, Abuja"
4 bedroom semi-detached duplex for rent,"₦40,000,000","Guzape District, Abuja"
4 bedroom terraced duplex for rent,"₦12,000,000","Area 3, Garki, Abuja"
4 bedroom terraced duplex for rent,"₦15,000,000","By H Medix, Guzape District, Abuja"
Conference / meeting / training room for rent,"₦200,000","Kumasi Crescent, Wuse 2, Abuja"
4 bedroom terraced duplex for rent,"₦15,000,000","Jahi, Abuja"
4 bedroom terraced duplex for rent,"₦15,000,000","Guzape Main, Guzape District, Abuja"
6 bedroom terraced duplex for rent,"₦40,000,000","Asokoro District, Abuja"
3 bedroom terraced duplex for rent,"₦10,000,000","Life Camp, Abuja"
5 bedroom detached duplex for rent,"₦30,000,000","Maitama District, Abuja"
5 bedroom semi-detached duplex for rent,"₦25,000,000","Life Camp, Abuja"
4 bedroom terraced duplex for rent,"₦12,000,000","Mabushi, Abuja"
4 bedroom detached duplex for rent,"₦7,000,000","By Shafa Fueling Station, After Dunamis Church,  Airport Road, Lugbe District, Abuja"
2 bedroom flat / apartment for rent,"₦15,000,000","Ademola Adetokunbo, Wuse 2, Abuja"
Conference / meeting / training room for rent,"₦200,000","22 Kumasi Crescent, Wuse 2, Abuja"
4 bedroom terraced duplex for rent,"₦15,000,000","Jahi, Abuja"
2 bedroom flat / apartment for rent,"₦2,500,000","Old Redeemed Church Street, Off Andrew Ighelli Street, FHA (F.H.A), Lugbe District, Abuja"
4 bedroom terraced duplex for rent,"₦15,000,000","By Gilmore, Jahi, Abuja"
4 bedroom flat / apartment for rent,"₦15,000,000","Guzape District, Abuja"
3 bedroom terraced duplex for rent,"₦40,000,000","Katampe Extension, Katampe, Abuja"
2 bedroom flat / apartment for rent,"₦5,500,000","Life Camp, Abuja"
4 bedroom terraced duplex for rent,"₦10,000,000","Kaura, Abuja"
3 bedroom flat / apartment for rent,"₦9,000,000","Durumi, Abuja"
Office space for rent,"₦166,400,000","Maitama District, Abuja"
Shop for rent,"₦26,000,000","Aminu Kanu Crescent, Wuse 2, Abuja"
Conference / meeting / training room for rent,"₦200,000","Kumasi Crescent, Wuse 2, Abuja"
Plaza / complex / mall for rent,"₦4,000,000","Aminu Kanu Crescent, Wuse 2, Abuja"
3 bedroom flat / apartment for rent,"₦7,000,000","Jahi, Abuja"
2 bedroom flat / apartment for rent,"₦10,000,000","Apo Legislative Quarters, Apo, Abuja"
4 bedroom terraced duplex for rent,"₦9,000,000","After The Catholic Church, Gaduwa, Abuja"
3 bedroom flat / apartment for rent,"$35,000","Wuse 2, Abuja"
6 bedroom detached duplex for rent,"₦80,000,000","Maitama District, Abuja"
5 bedroom semi-detached duplex for rent,"₦20,000,000","Katampe, Abuja"
5 bedroom terraced duplex for rent,"₦45,000,000","Guzape District, Abuja"
5 bedroom detached duplex for rent,"₦100,000,000","Guzape, Guzape District, Abuja"
4 bedroom terraced duplex for rent,"₦20,000,000","Wuse 2, Abuja"
4 bedroom terraced duplex for rent,"₦14,000,000","Mobil Fillings Station Before Wuse 2, Mabushi, Abuja"
Plaza / complex / mall for rent,"₦12,155,000","Ademola Adetokunbo, Wuse 2, Abuja"
3 bedroom house for rent,"₦3,500,000","Arab Road, Behind Dunamis Church, Kubwa, Abuja"
4 bedroom detached duplex for rent,"₦350,000,000","Work's & Housing Estate, Gwarinpa, Abuja"
4 bedroom terraced duplex for rent,"₦12,000,000","Wuye Main(tarred Rd, Wuye, Abuja"
Self contain (single rooms) for rent,"₦800,000","Sauka New Site Estate, FHA (F.H.A), Lugbe District, Abuja"
5 bedroom detached duplex for rent,"₦65,000,000","Asokoro District, Abuja"
3 bedroom flat / apartment for rent,"₦10,000,000","Katampe Extension, Katampe, Abuja"
96 bedroom flat / apartment for rent,"₦300,000,000","Wuse 2, Abuja"
3 bedroom terraced duplex for rent,"₦50,000,000","Off Linda Chalker Street, Asokoro District, Abuja"
1 bedroom flat / apartment for rent,"₦9,000,000","Maitama District, Abuja"
Office space for rent,"₦6,000,000","22 Kumasi Crescent, Wuse 2, Abuja"
6 bedroom semi-detached duplex for rent,"₦25,000,000","Katampe (Main), Katampe, Abuja"
4 bedroom detached duplex for rent,"₦20,000,000","3rd Avenue, Gwarinpa, Abuja"
Office space for rent,"₦1,300,000","Utako, Abuja"
Plaza / complex / mall for rent,"₦500,000","Army Estate Brazil, Idu Industrial, Abuja"
3 bedroom flat / apartment for rent,"₦5,000,000","Games Village, Kaura, Abuja"
6 bedroom house for rent,"₦20,000,000","Katampe (Main), Katampe, Abuja"
3 bedroom flat / apartment for rent,"₦10,000,000","Jahi, Abuja"
3 bedroom flat / apartment for rent,"₦15,000,000","Asokoro District, Abuja"
3 bedroom flat / apartment for rent,"₦6,000,000","News Engineering, Dawaki, Gwarinpa, Abuja"
4 bedroom semi-detached duplex for rent,"₦10,000,000","Orchacho Estate, Life Camp, Abuja"
Plaza / complex / mall for rent,"₦120,000,000","Mabushi, Abuja"
Office space for rent,"₦8,000,000","Kumasi Crescent, Wuse 2, Abuja"
5 bedroom house for rent,"₦55,000,000","Naf Valley Estate, Asokoro District, Abuja"
4 bedroom terraced duplex for rent,"₦20,000,000","Diplomatic Zone., Katampe Extension, Katampe, Abuja"
3 bedroom flat / apartment for rent,"₦10,000,000","Off River Park Estate, Airport Road, Lugbe District, Abuja"
4 bedroom terraced duplex for rent,"₦30,000,000","Off Ibb Way, Maitama District, Abuja"
Office space for rent,"₦53,200,000","Maitama District, Abuja"
Office space for rent,"₦733,900","4th Floor, Building Ii, Rivers House, Plot 83 Ralph Shodeinde Street, Central Business District, Abuja"
Office space for rent,"₦1,450,900","4th Floor, Building Ii, Rivers House, Plot 83 Ralph Shodeinde Street, Central Business District, Abuja"
1 bedroom flat / apartment for rent,"₦9,000,000","Maitama District, Abuja"
Office space for rent,"₦1,629,800","4th Floor,tower C,churchgate Plaza, Ao Cadastral Zone,constitution Ave, Central Business District, Abuja"
Office space for rent,"₦857,800","4th Floor,tower C,churchgate Plaza, Ao Cadastral Zone,constitution Ave, Central Business District, Abuja"
Office space for rent,"₦773,800","123 Mohammadu Buhari Way, Chelsea Cbd, Central Business District, Abuja"
Office space for rent,"₦1,962,900","123 Mohammadu Buhari Way, Chelsea Cbd, Central Business District, Abuja"
Office space for rent,"₦1,318,900","1 Zambezi Crescent Off Aguyi Ironsi Street, Murjanatu House, Maitama District, Abuja"
Office space for rent,"₦548,900","28, Okemesi Crescent, Area 2, Garki, Abuja"
Office space for rent,"₦835,900","28, Okemesi Crescent, Area 2, Garki, Abuja"
3 bedroom flat / apartment for rent,"₦90,000,000","Guzape District, Abuja"
11 bedroom detached duplex for rent,"₦16,000,000","Lokogoma District, Abuja"
Plaza / complex / mall for rent,"₦130,000,000","Wuse 2, Abuja"
4 bedroom terraced duplex for rent,"₦15,000,000","By Water Board, Asokoro District, Abuja"
4 bedroom semi-detached duplex for rent,"₦1,000,000,000","Amino Kano Crescent, Wuse 2, Abuja"
Plaza / complex / mall for rent,"₦6,500,000","Wuse 2, Abuja"
Office space for rent,"₦35,000,000","Diplomatic Zone, Katampe Extension, Katampe, Abuja"
6 bedroom terraced duplex for rent,"₦25,000,000","Diplomatic Zone, Katampe Extension, Katampe, Abuja"
5 bedroom terraced duplex for rent,"₦40,000,000","Off Limpopo Street, Maitama District, Abuja"
3 bedroom flat / apartment for rent,"₦5,500,000","Galadimawa, Abuja"
3 bedroom flat / apartment for rent,"₦20,000,000","Maitama District, Abuja"
3 bedroom flat / apartment for rent,"₦60,000,000","Gilmore, Jahi, Abuja"
5 bedroom terraced duplex for rent,"$60,000","Maitama District, Abuja"
1 bedroom flat / apartment for rent,"₦6,000,000","Maitama District, Abuja"
4 bedroom terraced duplex for rent,"₦6,500,000","Nyzamiye Hospital, Karmo, Abuja"
Office space for rent,"₦4,000,000","Wuse 2, Abuja"
2 bedroom house for rent,"₦95,000,000","Lokogoma District, Abuja"
2 bedroom flat / apartment for rent,"₦7,000,000","Games Village, Kaura, Abuja"
5 bedroom terraced duplex for rent,"₦95,000,000","Jabi, Abuja"
4 bedroom detached duplex for rent,"₦25,000,000","Diplomatic Zone, Katampe Extension, Katampe, Abuja"
3 bedroom flat / apartment for rent,"₦10,000,000","Guzape District, Abuja"
Office space for rent,"₦6,000,000","Off Ademola Adetokubo Crescent, Wuse 2, Abuja"
3 bedroom flat / apartment for rent,"₦10,000,000","Diplomatic Zone, Katampe Extension, Katampe, Abuja"
4 bedroom terraced duplex for rent,"₦15,000,000","Katampe (Main), Katampe, Abuja"
2 bedroom flat / apartment for rent,"₦4,500,000","Area 1 Axis, Durumi, Abuja"
Self contain (single rooms) for rent,"₦8,000,000","Wuye, Abuja"
3 bedroom detached bungalow for rent,"₦18,000,000","Kado Estate, Kado, Abuja"
1 bedroom mini flat (room and parlour) for rent,"₦30,000,000","Maitama District, Abuja"
3 bedroom flat / apartment for rent,"₦7,000,000","Wuye, Abuja"
3 bedroom flat / apartment for rent,"₦10,000,000","Katampe (Main), Katampe, Abuja"
Office space for rent,"₦8,000,000","Kumasi Cresent, Wuse 2, Abuja"
2 bedroom flat / apartment for rent,"$35,000","Maitama District, Abuja"
Office space for rent,"₦251,784,000","Central Business District, Abuja"
2 bedroom flat / apartment for rent,"₦20,000,000","Wuye, Abuja"
1 bedroom flat / apartment for rent,"₦6,000,000","Maitama District, Abuja"
Office space for rent,"₦250,000","Maitama District, Abuja"
3 bedroom flat / apartment for rent,"₦8,000,000","Guzape District, Abuja"
4 bedroom semi-detached duplex for rent,"₦15,000,000","Gwarinpa, Abuja"
6 bedroom detached duplex for rent,"₦50,000,000","Maitama District, Abuja"
5 bedroom semi-detached duplex for rent,"₦35,000,000","Katampe Extension, Katampe, Abuja"
Office space for rent,"₦2,500,000","Area 11, Garki, Abuja"
Office space for rent,"₦200,000,000","Garki, Abuja"
3 bedroom terraced duplex for rent,"₦15,000,000","Jahi, Abuja"
3 bedroom flat / apartment for rent,"₦10,000,000","Jahi, Abuja"
4 bedroom semi-detached duplex for rent,"₦35,000,000","Jabi, Abuja"
1 bedroom mini flat (room and parlour) for rent,"₦12,000,000","Wuye, Abuja"
2 bedroom flat / apartment for rent,"₦4,500,000","American International School, Durumi, Abuja"
2 bedroom flat / apartment for rent,"₦3,000,000","F14 District Phase 4, Kubwa, Abuja"
2 bedroom flat / apartment for rent,"₦6,500,000","Wuye, Abuja"
2 bedroom flat / apartment for rent,"₦3,500,000","Area 1 Axis., Durumi, Abuja"
4 bedroom detached duplex for rent,"₦30,000,000","Maitama District, Abuja"
5 bedroom detached duplex for rent,"₦50,000,000","Maitama District, Abuja"
5 bedroom terraced duplex for rent,"₦20,000,000","Jahi, Abuja"
5 bedroom detached duplex for rent,"₦30,000,000","Katampe Extension, Katampe, Abuja"
5 bedroom semi-detached duplex for rent,"₦30,000,000","Katampe Extension, Katampe, Abuja"
Conference / meeting / training room for rent,"₦200,000","Kumasi Crescent, Wuse 2, Abuja"
3 bedroom flat / apartment for rent,"₦40,000,000","Maitama District, Abuja"
4 bedroom terraced duplex for rent,"₦9,000,000","Jahi, Abuja"
5 bedroom detached duplex for rent,"₦25,000,000","Guzape District, Abuja"
3 bedroom flat / apartment for rent,"₦5,000,000","Games Village, Kaura, Abuja"
5 bedroom detached duplex for rent,"₦35,000,000","Katampe Extension, Katampe, Abuja"
2 bedroom flat / apartment for rent,"₦5,000,000","Area 1 Axis, Durumi, Abuja"
2 bedroom house for rent,"₦5,000,000","Inside An Estate Godab Axis, Life Camp, Abuja"
5 bedroom terraced duplex for rent,"₦15,000,000","3rd Avenue, Gwarinpa, Abuja"
4 bedroom terraced duplex for rent,"₦60,000,000","Maitama District, Abuja"
4 bedroom detached duplex for rent,"₦12,000,000","Pengassan Estate, Lokogoma District, Abuja"
4 bedroom terraced duplex for rent,"₦10,000,000","Life Camp, Abuja"
28 bedroom flat / apartment for rent,"₦120,000,000","Katampe Extension, Katampe, Abuja"
1 bedroom mini flat (room and parlour) for rent,"₦3,000,000","News Engineering, Dawaki, Gwarinpa, Abuja"
4 bedroom terraced duplex for rent,"₦25,000,000","Wuse 2, Abuja"
5 bedroom terraced duplex for rent,"₦20,000,000","Jabi, Abuja"
4 bedroom detached duplex for rent,"₦20,000,000","Brains And Hammer Estate By Expressway, Dawaki, Gwarinpa, Abuja"
5 bedroom detached duplex for rent,"₦35,000,000","Katampe Extension, Katampe, Abuja"
2 bedroom flat / apartment for rent,"₦5,000,000","River Park Estate, Lugbe District, Abuja"
4 bedroom house for rent,"₦180,000,000","Maitama Main, Maitama District, Abuja"
4 bedroom terraced duplex for rent,"₦12,000,000","Off Aduvie School, Jahi, Abuja"
Conference / meeting / training room for rent,"₦200,000","Kumasi Crescent, Wuse 2, Abuja"
3 bedroom house for rent,"₦12,000,000","Enl, Guzape District, Abuja"
4 bedroom terraced duplex for rent,"$30,000","Jabi, Abuja"
3 bedroom flat / apartment for rent,"₦20,000,000","2nd Avenue, Gwarinpa, Abuja"
4 bedroom terraced duplex for rent,"₦18,000,000","Utako, Abuja"
3 bedroom flat / apartment for rent,"₦4,500,000","Modern Market, Dawaki, Gwarinpa, Abuja"
4 bedroom terraced duplex for rent,"₦18,000,000","Utako, Abuja"
2 bedroom flat / apartment for rent,"₦3,500,000","News Engineering, Dawaki, Gwarinpa, Abuja"
1 bedroom flat / apartment for rent,"₦2,500,000","News Engineering, Dawaki, Gwarinpa, Abuja"
4 bedroom terraced duplex for rent,"₦35,000,000","Off Ty Danjuma, Asokoro District, Abuja"
2 bedroom flat / apartment for rent,"₦5,000,000","River Park, Lugbe District, Abuja"
3 bedroom flat / apartment for rent,"₦9,000,000","Jahi, Abuja"
Office space for rent,"₦149,000","Kumasi Crescent, Wuse 2, Abuja"
Office space for rent,"₦150,000,000","Central Business District, Abuja"
2 bedroom flat / apartment for rent,"₦12,000,000","Off 3rd Avenue, Gwarinpa, Abuja"
4 bedroom flat / apartment for rent,"₦15,000,000","Off Oladipo Diya Way, Gaduwa, Abuja"
Office space for rent,"₦47,000,000","Jabi, Abuja"
3 bedroom flat / apartment for rent,"₦9,000,000","Gilmore, Jahi, Abuja"
3 bedroom terraced duplex for rent,"₦15,000,000","Guzape Main, Guzape District, Abuja"
3 bedroom flat / apartment for rent,"₦5,500,000","Area 1 Axis., Durumi, Abuja"
2 bedroom flat / apartment for rent,"₦6,000,000","By Shafa, Wuye, Abuja"
1 bedroom flat / apartment for rent,"₦9,000,000","Maitama District, Abuja"
Office space for rent,"₦300,000,000","Wuse 2, Abuja"
4 bedroom terraced duplex for rent,"₦15,000,000","By Shafa, Wuye, Abuja"
1 bedroom mini flat (room and parlour) for rent,"₦4,000,000","Mabushi, Abuja"
1 bedroom flat / apartment for rent,"₦3,000,000","Life Camp, Abuja"
3 bedroom flat / apartment for rent,"₦10,000,000","Jahi, Abuja"
Warehouse for rent,"₦4,500,000","FO1 Layout, Kubwa, Abuja"
2 bedroom flat / apartment for rent,"₦5,000,000","Jahi, Abuja"
1 bedroom flat / apartment for rent,"₦5,000,000","By Zartech( Tarred Rd), Wuye, Abuja"
4 bedroom terraced duplex for rent,"₦35,000,000","Jabi, Abuja"
4 bedroom terraced duplex for rent,"₦28,000,000","Adamu Aliero Crescent, Guzape District, Abuja"
3 bedroom house for rent,"₦12,000,000","Guzape District, Abuja"
3 bedroom detached bungalow for rent,"₦6,000,000","Efab Estate, Gwarinpa, Abuja"
4 bedroom terraced duplex for rent,"₦15,000,000","Jahi, Abuja"
Self contain (single rooms) for rent,"₦5,000,000","Highgate Apartments, Wuye, Abuja"
3 bedroom flat / apartment for rent,"₦9,000,000","Jahi, Abuja"
4 bedroom detached duplex for rent,"₦20,000,000","1st Avenue, Gwarinpa, Abuja"
3 bedroom flat / apartment for rent,"₦25,000,000","Jahi, Abuja"
5 bedroom detached duplex for rent,"₦30,000,000","Mbora By Kings Court Estate, Jabi, Abuja"
Warehouse for rent,"₦50,000","Apo, Abuja"
Office space for rent,"₦475,000","Central Business District, Abuja"
1 bedroom flat / apartment for rent,"₦9,000,000","Maitama District, Abuja"
Office space for rent,"₦4,500,000","The Node, Mabushi, Abuja"
3 bedroom house for rent,"₦17,000,000","Maitama Main, Maitama District, Abuja"
4 bedroom semi-detached duplex for rent,"₦25,000,000","Off Aminu Kano Crescent, Wuse 2, Abuja"
4 bedroom terraced duplex for rent,"₦13,000,000","Apo, Abuja"
4 bedroom flat / apartment for rent,"₦12,000,000","Mabushi, Abuja"
4 bedroom terraced duplex for rent,"₦12,000,000","Mabushi, Abuja"
4 bedroom terraced duplex for rent,"₦20,000,000","Jahi, Abuja"
3 bedroom flat / apartment for rent,"₦15,000,000","Jabi Abuja, Jabi, Abuja"
Self contain (single rooms) for rent,"₦1,600,000","2nd Avenue, Gwarinpa, Abuja"
Self contain (single rooms) for rent,"₦6,000,000","D Block Bilaad Estate By Bali Island Lifecamp Kafe District Abuja, Life Camp, Abuja"
3 bedroom flat / apartment for rent,"₦8,000,000","Mabushi, Abuja"
3 bedroom flat / apartment for rent,"₦17,000,000","Maitama District, Abuja"
3 bedroom flat / apartment for rent,"₦7,000,000","4th Avenue, Gwarinpa, Abuja"
4 bedroom terraced duplex for rent,"₦30,000,000","Guzape District, Abuja"
4 bedroom detached duplex for rent,"₦12,000,000","Charley Boy, Gwarinpa, Abuja"
2 bedroom flat / apartment for rent,"₦4,500,000","By Aduvie, Jahi, Abuja"
4 bedroom detached duplex for rent,"₦13,000,000","Apo/ Lokogoma, Lokogoma District, Abuja"
4 bedroom terraced duplex for rent,"₦15,000,000","Guzape District, Abuja"
3 bedroom terraced duplex for rent,"₦15,000,000","Guzape District, Abuja"
3 bedroom flat / apartment for rent,"₦15,000,000","Jahi Gilmore, Jahi, Abuja"
1 bedroom flat / apartment for rent,"₦6,000,000","Maitama District, Abuja"
3 bedroom semi-detached bungalow for rent,"₦5,500,000","Sunnyvale Estate, Galadimawa, Abuja"
Shop for rent,"₦3,500,000","Garki, Abuja, Garki, Abuja"
4 bedroom terraced duplex for rent,"₦20,000,000","Tarred Road, Jahi, Abuja"
4 bedroom detached bungalow for rent,"₦15,000,000","Area 3, Garki, Abuja"
4 bedroom terraced duplex for rent,"₦10,000,000","Life Camp, Abuja"
Self contain (single rooms) for rent,"₦20,000,000","Asokoro District, Abuja"
5 bedroom terraced duplex for rent,"₦20,000,000","Asokoro District, Abuja"
4 bedroom terraced duplex for rent,"₦30,000,000","Guzape District, Abuja"
3 bedroom terraced duplex for rent,"₦12,500,000","Gilmore Area, Jahi, Abuja"
3 bedroom terraced duplex for rent,"₦10,000,000","Gaduwa, Abuja"
3 bedroom flat / apartment for rent,"₦4,000,000","By Dunamis, Lugbe District, Abuja"
2 bedroom flat / apartment for rent,"₦4,500,000","Life Camp, Abuja"
2 bedroom flat / apartment for rent,"₦1,800,000","Kogo Extension ,military Check Point Axis, Bwari, Abuja"
3 bedroom flat / apartment for rent,"₦7,000,000","2nd Avenue, Gwarinpa, Abuja"
6 bedroom detached duplex for rent,"₦60,000,000","Katampe Extension, Katampe, Abuja"
4 bedroom terraced duplex for rent,"₦18,500,000","3rd Avenue, Gwarinpa, Abuja"
4 bedroom terraced duplex for rent,"₦25,000,000","Wuye, Abuja"
3 bedroom flat / apartment for rent,"₦10,000,000","Wuse 2, Abuja"
2 bedroom terraced duplex for rent,"₦4,500,000","News Engineering Axis, Dawaki, Gwarinpa, Abuja"
Office space for rent,"₦5,500,000","Central Business District, Abuja"
Conference / meeting / training room for rent,"₦200,000","Kumasi Crescent, Wuse 2, Abuja"
5 bedroom terraced duplex for rent,"₦40,000,000","Wuse 2, Abuja"
4 bedroom terraced duplex for rent,"₦6,500,000,000","Extension, Gwarinpa, Abuja"
1 bedroom flat / apartment for rent,"₦2,500,000","Zone E, Apo Resettlement, Apo, Abuja"
1 bedroom mini flat (room and parlour) for rent,"₦1,400,000","Kogo Extension, By Military Check Point, Bwari, Abuja"
4 bedroom terraced duplex for rent,"₦6,000,000","Karmo, Abuja"
3 bedroom flat / apartment for rent,"₦8,000,000","Jahi, Abuja"
4 bedroom terraced duplex for rent,"₦13,000,000","Jahi, Abuja"
4 bedroom terraced duplex for rent,"₦14,200,000","Gilmore, Jahi, Abuja"
4 bedroom house for rent,"₦15,000,000","Gilmore, Jahi, Abuja"
4 bedroom terraced duplex for rent,"₦15,000,000","Guzape District, Abuja"
4 bedroom terraced duplex for rent,"₦17,000,000","Main, Guzape District, Abuja"
2 bedroom flat / apartment for rent,"₦3,600,000","Zone E, Apo Resettlement, Apo, Abuja"
2 bedroom flat / apartment for rent,"₦4,000,000","Resettlement, Apo Resettlement, Apo, Abuja"
2 bedroom flat / apartment for rent,"₦4,000,000","Resettlement, Apo Resettlement, Apo, Abuja"
3 bedroom semi-detached duplex for rent,"₦10,000,000","Legislative Quarters, Apo, Abuja"
2 bedroom flat / apartment for rent,"₦4,000,000","Apo Resettlement, Apo, Abuja"
3 bedroom flat / apartment for rent,"₦8,000,000","Jahi, Abuja"
4 bedroom terraced duplex for rent,"₦7,000,000","Millitary Pension Board, FO1 Layout, Kubwa, Abuja"
3 bedroom flat / apartment for rent,"₦10,000,000","Wuse 2, Abuja"
1 bedroom mini flat (room and parlour) for rent,"₦2,500,000","FO1 Layout, Kubwa, Abuja"
1 bedroom flat / apartment for rent,"₦9,000,000","Maitama District, Abuja"
3 bedroom flat / apartment for rent,"₦15,000,000","Maitama District, Abuja"
4 bedroom terraced duplex for rent,"₦65,000,000","Maitama District, Abuja"
3 bedroom flat / apartment for rent,"₦5,000,000","By Old Secteriate, Durumi, Abuja"
2 bedroom flat / apartment for rent,"₦6,000,000","Off Amino Kano Crescent, Wuse 2, Abuja"
3 bedroom flat / apartment for rent,"₦16,000,000","Jabi Main(tarred Rd), Jabi, Abuja"
2 bedroom house for rent,"₦2,000,000","Arab Road, Kubwa, Abuja"
3 bedroom flat / apartment for rent,"₦20,000,000","Maitama District, Abuja"
5 bedroom semi-detached duplex for rent,"₦50,000,000","Main, Maitama District, Abuja"
2 bedroom flat / apartment for rent,"₦3,500,000","Fo1, Kubwa, Abuja"
5 bedroom semi-detached duplex for rent,"₦25,000,000","Guzape District, Abuja"
2 bedroom flat / apartment for rent,"₦3,000,000","Fo1, Kubwa, Abuja"
Office space for rent,"₦150,000,000","Asokoro District, Abuja"
4 bedroom semi-detached duplex for rent,"₦8,000,000","Fo1, Kubwa, Abuja"
4 bedroom terraced duplex for rent,"₦18,000,000","Utako, Abuja"
3 bedroom flat / apartment for rent,"₦6,000,000","Durumi, Abuja"
2 bedroom flat / apartment for rent,"₦6,000,000","Mpape, Abuja"
4 bedroom semi-detached duplex for rent,"₦15,000,000","Jabi Lake, Jabi, Abuja"
Office space for rent,"₦2,667,600","Tswanya Place, 1st Avenue, Gwarinpa, Abuja"
2 bedroom flat / apartment for rent,"₦5,000,000","Gwarinpa, Abuja"
5 bedroom semi-detached duplex for rent,"₦25,000,000","Guzape District, Abuja"
1 bedroom flat / apartment for rent,"₦9,000,000","Maitama District, Abuja"
Office space for rent,"₦1,743,700","Tswanya Place, 1st Avenue, Gwarinpa, Abuja"
Office space for rent,"₦916,800","Tswanya Place, 1st Avenue, Gwarinpa, Abuja"
Office space for rent,"₦679,900","Tswanya Place, 1st Avenue, Gwarinpa, Abuja"
Office space for rent,"₦509,900","Tswanya Place, 1st Avenue, Gwarinpa, Abuja"
2 bedroom flat / apartment for rent,"₦4,000,000","Durumi, Abuja"
2 bedroom flat / apartment for rent,"₦4,000,000","Durumi, Abuja"
5 bedroom detached duplex for rent,"₦100,000,000","Maitama District, Abuja"
3 bedroom flat / apartment for rent,"₦150,000,000","Maitama District, Abuja"
1 bedroom flat / apartment for rent,"₦2,500,000","By Games Village, Kaura, Abuja"
4 bedroom semi-detached duplex for rent,"₦15,000,000","Mabushi, Abuja"
3 bedroom flat / apartment for rent,"₦15,000,000","Jahi, Abuja"
3 bedroom flat / apartment for rent,"₦4,500,000","By Nizamiye, Idu Industrial, Abuja"
Plaza / complex / mall for rent,"₦130,000,000","Amino Kano, Wuse 2, Abuja"
3 bedroom terraced duplex for rent,"₦16,000,000","Jabi, Abuja"
5 bedroom terraced duplex for rent,"₦15,000,000","By Area 11, Garki, Abuja"
4 bedroom detached duplex for rent,"₦35,000,000","Apo, Abuja"
2 bedroom flat / apartment for rent,"₦4,000,000","Behind Dunamis Trend Hotel Axis, Lugbe District, Abuja"
1 bedroom flat / apartment for rent,"₦3,000,000","By Old Secteriate, Garki, Abuja"
4 bedroom terraced duplex for rent,"₦30,000,000","Guzape District, Abuja"
Land for rent,"₦30,000,000","By Jabi Park Axis, Jabi, Abuja"
1 bedroom flat / apartment for rent,"₦9,000,000","Maitama District, Abuja"
4 bedroom terraced duplex for rent,"₦15,000,000","Mabushi District, Mabushi, Abuja"
30 bedroom commercial property for rent,"₦80,000,000","Wuse 2, Abuja"
2 bedroom house for rent,"₦6,500,000","By Living Faith Church, Jahi, Abuja"
3 bedroom flat / apartment for rent,"₦7,500,000","By Ceder Crest, Apo, Abuja"
2 bedroom flat / apartment for rent,"₦3,500,000","Zone E, Apo Resettlement, Apo, Abuja"
3 bedroom flat / apartment for rent,"₦11,000,000","Main, Katampe, Abuja"
3 bedroom flat / apartment for rent,"₦9,000,000","Main, Katampe, Abuja"
3 bedroom flat / apartment for rent,"₦6,000,000","Main, Katampe, Abuja"
4 bedroom terraced duplex for rent,"₦40,000,000","Maitama District, Abuja"
4 bedroom semi-detached duplex for rent,"₦40,000,000","Minister's Hill, Maitama District, Abuja"
2 bedroom flat / apartment for rent,"₦3,000,000","Von Axis, Lugbe District, Abuja"
2 bedroom flat / apartment for rent,"₦5,000,000","News Engineering, Dawaki, Gwarinpa, Abuja"
4 bedroom semi-detached duplex for rent,"₦13,000,000","Cluster 1, River Park Estate Airport Road, Lugbe District, Abuja"
1 bedroom flat / apartment for rent,"₦3,300,000","Garki, Abuja"
3 bedroom flat / apartment for rent,"₦10,000,000","Gilmore, Jahi, Abuja"
Commercial land for rent,"₦30,000,000","By Jabi Motor Park, Jabi, Abuja"
1 bedroom mini flat (room and parlour) for rent,"₦2,500,000","Lokogoma Road, Lokogoma District, Abuja"
4 bedroom house for rent,"₦25,000,000","Guzape, Guzape District, Abuja"
3 bedroom terraced duplex for rent,"₦15,000,000","Guzape District, Abuja"
2 bedroom flat / apartment for rent,"₦3,200,000","Brains And Hammers, Life Camp, Abuja"
1 bedroom flat / apartment for rent,"₦9,000,000","Maitama District, Abuja"
3 bedroom flat / apartment for rent,"₦6,000,000","By Living Faith, Katampe (Main), Katampe, Abuja"
5 bedroom detached duplex for rent,"₦35,000,000","Guzape District, Abuja"
2 bedroom semi-detached duplex for rent,"₦2,500,000","New Crd Behind Amac Market, Lugbe District, Abuja"
3 bedroom flat / apartment for rent,"₦5,500,000","Gaduwa, Abuja"
3 bedroom terraced duplex for rent,"₦7,000,000","Life Camp, Abuja"
3 bedroom flat / apartment for rent,"₦7,000,000","By Gaat, Gudu, Abuja"
6 bedroom detached duplex for rent,"₦35,000,000","Katampe, Abuja"
6 bedroom detached duplex for rent,"₦45,000,000","Asokoro District, Abuja"
4 bedroom terraced duplex for rent,"₦10,000,000","Apo, Abuja"
3 bedroom house for rent,"₦5,500,000","Durumi, Abuja"
2 bedroom flat / apartment for rent,"₦5,000,000","By  Rita Lory Hotel, Garki, Abuja"
3 bedroom flat / apartment for rent,"₦7,000,000","Zone 1, Wuse, Abuja"
4 bedroom detached duplex for rent,"₦7,000,000","Von Axis, Lugbe District, Abuja"
5 bedroom detached duplex for rent,"₦60,000,000","Jabi, Abuja"
3 bedroom house for rent,"₦60,000,000","Asokoro District, Abuja"
5 bedroom terraced duplex for rent,"₦18,000,000","Mabushi, Abuja"
4 bedroom terraced duplex for rent,"₦12,000,000","Kado, Abuja"
3 bedroom flat / apartment for rent,"₦6,500,000","Jahi, Abuja"
Land for rent,"₦30,000,000","Close To Jabi Motor Park, Jabi, Abuja"
3 bedroom semi-detached duplex for rent,"₦10,000,000","Apo, Abuja"
1 bedroom flat / apartment for rent,"₦6,000,000","Maitama District, Abuja"
4 bedroom semi-detached duplex for rent,"₦8,500,000","Sunnyvale Estate, Galadimawa, Abuja"
1 bedroom flat / apartment for rent,"₦10,000,000","Ibn Boulevard, Maitama District, Abuja"
1 bedroom flat / apartment for rent,"₦5,500,000","Garki, Abuja"
3 bedroom flat / apartment for rent,"₦8,000,000","Utako, Abuja"
2 bedroom flat / apartment for rent,"₦18,000,000","By Nitel Junction, Wuse 2, Abuja"
4 bedroom house for rent,"₦55,000,000","Off Ibb, Maitama District, Abuja"
4 bedroom house for rent,"₦20,000,000","Jabi, Abuja"
5 bedroom detached duplex for rent,"₦40,000,000","Guzape District, Abuja"
4 bedroom detached duplex for rent,"₦35,000,000","Katampe Extension, Katampe, Abuja"
3 bedroom flat / apartment for rent,"₦5,000,000","Gaduwa Housing Estate, Gaduwa, Abuja"
2 bedroom flat / apartment for rent,"₦4,000,000","F01, Kubwa, Abuja"
3 bedroom flat / apartment for rent,"₦6,500,000","Guzape District, Abuja"
3 bedroom flat / apartment for rent,"₦7,000,000","By Gaats School, Gudu, Abuja"
1 bedroom flat / apartment for rent,"₦3,000,000","Waue Zone[tarred Ed, Wuse, Abuja"
4 bedroom detached duplex for rent,"₦9,000,000","Gwarinpa, Abuja"
3 bedroom terraced duplex for rent,"₦10,000,000","Gaduwa, Abuja"
4 bedroom detached duplex for rent,"₦15,000,000","Kagini, Abuja"
Commercial land for rent,"₦12,000,000","By Citech Mbora Express, Jabi, Abuja"
4 bedroom house for rent,"₦15,000,000","Main, Katampe, Abuja"
1 bedroom mini flat (room and parlour) for rent,"₦3,000,000","Naf Valley Estate, Asokoro District, Abuja"
1 bedroom flat / apartment for rent,"₦9,000,000","Maitama District, Abuja"
5 bedroom detached duplex for rent,"₦60,000,000","Main, Jabi, Abuja"
5 bedroom detached duplex for rent,"₦75,000,000","Wuse 2, Abuja"
2 bedroom house for rent,"₦4,500,000","Arab Road, Kubwa, Abuja"
3 bedroom house for rent,"₦5,000,000","Arab Road, Kubwa, Abuja"
4 bedroom semi-detached duplex for rent,"₦9,000,000","Cluster 3, Riverpark Estate, Lugbe District, Abuja"
Self contain (single rooms) for rent,"₦1,200,000","Gishiri Community, Katampe (Main), Katampe, Abuja"
3 bedroom flat / apartment for rent,"₦7,000,000","Durumi, Durumi, Abuja"
3 bedroom flat / apartment for rent,"₦8,000,000","Off Morovia Wuse 2, Wuse 2, Abuja"
4 bedroom semi-detached duplex for rent,"₦17,000,000","Mabushi, Abuja"
2 bedroom flat / apartment for rent,"₦25,000,000","Jabi, Abuja"
4 bedroom terraced duplex for rent,"₦12,000,000","Kado, Abuja"
4 bedroom terraced duplex for rent,"₦16,000,000","Mabushi, Abuja"
3 bedroom flat / apartment for rent,"₦18,000,000","Jahi, Abuja"
4 bedroom terraced duplex for rent,"₦10,000,000","Abraham Adesanya, Jahi, Abuja"
3 bedroom terraced duplex for rent,"₦10,000,000","Apo, Abuja"
5 bedroom semi-detached duplex for rent,"₦25,000,000","Guzape District, Abuja"
2 bedroom flat / apartment for rent,"₦8,000,000","Gilmore, Jahi, Abuja"
3 bedroom flat / apartment for rent,"₦10,000,000","Main, Mabushi, Abuja"
2 bedroom flat / apartment for rent,"₦4,500,000","Associated Estate Karmo After Lifecamp, Karmo, Abuja"
2 bedroom flat / apartment for rent,"₦12,000,000","Extension, Katampe Extension, Katampe, Abuja"
Conference / meeting / training room for rent,"₦200,000","Kumasi Crescent, Wuse 2, Abuja"
3 bedroom terraced duplex for rent,"₦10,000,000","Apo, Abuja"
Self contain (single rooms) for rent,"₦2,000,000","Jabi Main( Tarred Rd), Jabi, Abuja"
4 bedroom house for rent,"₦15,000,000","Guzape District, Abuja"
4 bedroom terraced duplex for rent,"₦20,000,000","Guzape District, Abuja"
4 bedroom detached duplex for rent,"₦10,000,000","River Park, Lugbe District, Abuja"
5 bedroom terraced duplex for rent,"₦17,000,000","Jahi, Abuja"
3 bedroom flat / apartment for rent,"₦15,000,000","Guzape District, Abuja"
3 bedroom flat / apartment for rent,"₦25,000,000","Aso Drive, Asokoro District, Abuja"
3 bedroom flat / apartment for rent,"₦15,000,000","Guzape District, Abuja"
3 bedroom terraced duplex for rent,"₦10,000,000","Around Cedar Crest Hospital, Apo, Abuja"
3 bedroom terraced duplex for rent,"₦15,000,000","Naf Valley Estate, Asokoro District, Abuja"
4 bedroom detached duplex for rent,"₦15,000,000","Gwarinpa, Abuja"
Self contain (single rooms) for rent,"₦800,000","Arab Road, Kubwa, Abuja"
Self contain (single rooms) for rent,"₦1,000,000","Arab Road, Kubwa, Abuja"
3 bedroom terraced duplex for rent,"₦5,000,000","Kubwa, Abuja"
2 bedroom flat / apartment for rent,"₦3,000,000","Kubwa District, Kubwa, Abuja"
1 bedroom mini flat (room and parlour) for rent,"₦1,500,000","Kubwa, Abuja"
4 bedroom flat / apartment for rent,"₦8,000,000","By Games Village Estate, Kaura, Abuja"
2 bedroom flat / apartment for rent,"₦8,000,000","Life Camp, Abuja"
2 bedroom flat / apartment for rent,"₦4,000,000","Life Camp, Abuja"
Conference / meeting / training room for rent,"₦200,000","Kumasi Crescent, Wuse 2, Abuja"
4 bedroom terraced duplex for rent,"₦15,000,000","Guzape, Guzape District, Abuja"
4 bedroom terraced duplex for rent,"₦15,000,000","Guzape, Guzape District, Abuja"
3 bedroom flat / apartment for rent,"₦12,000,000","Mabushi District, Mabushi, Abuja"
4 bedroom semi-detached duplex for rent,"₦40,000,000","Ministers Hills, Maitama District, Abuja"
3 bedroom flat / apartment for rent,"₦11,000,000","Katampe (Main), Katampe, Abuja"
Self contain (single rooms) for rent,"₦3,200,000","Asokoro District, Abuja"
5 bedroom detached duplex for rent,"₦100,000,000","Maitama District, Abuja"
2 bedroom terraced duplex for rent,"₦11,000,000","Navy Estate, Asokoro District, Abuja"
2 bedroom flat / apartment for rent,"₦5,000,000","Nicholas Agha Crescent, After Stellar Maris School Life Camp, Life Camp, Abuja"
4 bedroom semi-detached duplex for rent,"₦40,000,000","Maitama District, Abuja"
3 bedroom flat / apartment for rent,"₦8,000,000","Off Amino Kano, Wuse 2, Abuja"
1 bedroom flat / apartment for rent,"₦18,000,000","Wuse 2, Abuja"
4 bedroom terraced duplex for rent,"₦16,000,000","Katampe (Main), Katampe, Abuja"
4 bedroom terraced duplex for rent,"₦16,000,000","Polaris Bank Junction Life Camp By Lento Aluminum, Life Camp, Abuja"
4 bedroom terraced duplex for rent,"₦12,000,000","Garki, Abuja"
6 bedroom detached duplex for rent,"₦35,000,000","Asokoro, Asokoro District, Abuja"
2 bedroom detached bungalow for rent,"₦20,000,000","Maitama District, Abuja"
4 bedroom detached duplex for rent,"₦45,000,000","Asokoro District, Abuja"
4 bedroom terraced duplex for rent,"₦40,000,000","Maitama District, Abuja"
Shop for rent,"₦6,000,000","3rd Avenue Gwarimpa Estate, Gwarinpa, Abuja"
1 bedroom flat / apartment for rent,"₦9,000,000","Maitama District, Abuja"
3 bedroom terraced duplex for rent,"₦10,000,000","Apo, Abuja"
4 bedroom terraced duplex for rent,"₦35,000,000","Jabi, Abuja"
2 bedroom flat / apartment for rent,"₦8,000,000","Zone 6, Wuse, Abuja"
3 bedroom flat / apartment for rent,"₦10,000,000","Zone 6, Wuse, Abuja"
1 bedroom mini flat (room and parlour) for rent,"₦1,400,000","Kabusa, Lokogoma District, Abuja"
3 bedroom flat / apartment for rent,"₦8,000,000","Jahi, Abuja"
3 bedroom detached bungalow for rent,"₦9,000,000","Sungold, Galadimawa, Abuja"
2 bedroom flat / apartment for rent,"₦2,500,000","Lugbe District, Abuja"
3 bedroom terraced duplex for rent,"₦10,000,000","Apo, Abuja"
2 bedroom flat / apartment for rent,"₦5,000,000","Life Camp, Abuja"
Plaza / complex / mall for rent,"₦130,000","Mabushi, Abuja"
4 bedroom semi-detached duplex for rent,"₦18,000,000","Jabi, Abuja"
2 bedroom detached bungalow for rent,"₦5,000,000","By Sunnyvale Estate, Lokogoma District, Abuja"
4 bedroom semi-detached duplex for rent,"₦18,000,000","Jabi, Abuja"
1 bedroom mini flat (room and parlour) for rent,"₦5,000,000","Dawaki, Gwarinpa, Abuja"
3 bedroom detached bungalow for rent,"₦5,000,000","Sungold, Galadimawa, Abuja"
3 bedroom detached bungalow for rent,"₦8,000,000","Sungold, Galadimawa, Abuja"
5 bedroom terraced duplex for rent,"₦20,000,000","Jahi, Abuja"
1 bedroom mini flat (room and parlour) for rent,"₦3,000,000","By Nigeria-ghana International School, Life Camp, Abuja"
2 bedroom flat / apartment for rent,"₦10,000,000","Asokoro Main District, Asokoro District, Abuja"
1 bedroom flat / apartment for rent,"₦9,000,000","Maitama District, Abuja"
3 bedroom semi-detached duplex for rent,"₦6,000,000","Area 10, Area 10, Garki, Abuja"
1 bedroom flat / apartment for rent,"₦6,500,000","Gilmore, Jahi, Abuja"
4 bedroom terraced duplex for rent,"₦27,000,000","Nile Estate, Gwarinpa, Abuja"
2 bedroom flat / apartment for rent,"₦5,000,000","Gaduwa, Abuja"
3 bedroom house for rent,"₦10,000,000","Apo, Abuja"
5 bedroom detached duplex for rent,"₦35,000,000","Asokoro District, Abuja"
3 bedroom house for rent,"₦7,500,000","American International School, Durumi, Abuja"
3 bedroom house for rent,"₦9,000,000","By American International School, Durumi, Abuja"
3 bedroom flat / apartment for rent,"₦15,000,000","By Nitel Junction, Wuse 2, Abuja"
3 bedroom flat / apartment for rent,"₦7,000,000","Gwarinpa, Abuja"
3 bedroom flat / apartment for rent,"₦5,000,000","Dawaki, Gwarinpa, Abuja"
Shop for rent,"₦14,000,000","Wuse 2, Abuja"
3 bedroom flat / apartment for rent,"₦7,500,000","By Tipper Garage, Jahi, Abuja"
Self contain (single rooms) for rent,"₦1,500,000","3rd Avenue, Gwarinpa, Abuja"
4 bedroom detached duplex for rent,"₦6,000,000","Lokogoma District, Abuja"
2 bedroom flat / apartment for rent,"₦5,000,000","Wuye Main, Wuye, Abuja"
1 bedroom mini flat (room and parlour) for rent,"₦3,500,000","Life Camp, Abuja"
3 bedroom flat / apartment for rent,"₦9,000,000","Katampe, Abuja"
Self contain (single rooms) for rent,"₦2,500,000","By New Maitama Bridge, Katampe, Abuja"
Self contain (single rooms) for rent,"₦1,300,000","Durumi, Abuja"
1 bedroom flat / apartment for rent,"₦9,000,000","Maitama District, Abuja"
4 bedroom detached duplex for rent,"₦8,500,000","By The Express (airport Road), Lugbe District, Abuja"
2 bedroom flat / apartment for rent,"₦4,000,000","By Standard, Galadimawa, Abuja"
2 bedroom flat / apartment for rent,"₦4,000,000","News Engineering, Dawaki, Gwarinpa, Abuja"
3 bedroom flat / apartment for rent,"₦9,000,000","Katampe, Abuja"
3 bedroom detached bungalow for rent,"₦20,000,000","Along Jahi Road, Kado, Abuja"
2 bedroom flat / apartment for rent,"₦5,000,000","Gilmore, Jahi, Abuja"
2 bedroom flat / apartment for rent,"₦4,000,000","Mabushi, Abuja"
2 bedroom detached bungalow for rent,"₦5,000,000","Sunnyvale Junction, Galadimawa, Abuja"
1 bedroom flat / apartment for rent,"₦1,500,000","Arab Road, Kubwa, Abuja"
8 bedroom detached duplex for rent,"₦150,000,000","Asokoro, Asokoro District, Abuja"
3 bedroom flat / apartment for rent,"₦7,500,000","Gudu, Abuja"
2 bedroom flat / apartment for rent,"₦5,000,000","Life Camp, Abuja"
2 bedroom flat / apartment for rent,"₦5,000,000","Life Camp, Abuja"
2 bedroom flat / apartment for rent,"₦5,000,000","Life Camp, Abuja"
4 bedroom semi-detached duplex for rent,"₦13,000,000","Area 3, Garki, Abuja"
Self contain (single rooms) for rent,"₦2,000,000","Area 1, Garki, Abuja"
4 bedroom terraced duplex for rent,"₦12,000,000","Katampe (Main), Katampe, Abuja"
2 bedroom flat / apartment for rent,"₦8,000,000","Mabushi, Abuja"
4 bedroom terraced duplex for rent,"₦8,000,000","Apo Legislative Quarters, Apo, Abuja"
5 bedroom semi-detached duplex for rent,"₦25,000,000","Off Jimmy Carter, Asokoro District, Abuja"
1 bedroom flat / apartment for rent,"₦6,000,000","Maitama District, Abuja"
2 bedroom flat / apartment for rent,"₦4,500,000","River Park Estate, Lugbe District, Abuja"
3 bedroom flat / apartment for rent,"₦9,000,000","Katampe (Main), Katampe, Abuja"
3 bedroom house for rent,"₦4,500,000","Gudu, Abuja"
2 bedroom flat / apartment for rent,"₦8,000,000","Gilmore, Jahi, Abuja"
3 bedroom flat / apartment for rent,"₦9,000,000","Nicon Junction, Axis., Katampe (Main), Katampe, Abuja"
1 bedroom flat / apartment for rent,"₦2,500,000","Apo Legislative Quarters, Apo, Abuja"
3 bedroom flat / apartment for rent,"₦45,000,000","Maitama District, Abuja"
2 bedroom flat / apartment for rent,"₦3,500,000","River Park Estate, Lugbe District, Abuja"
2 bedroom flat / apartment for rent,"₦5,000,000","Lugbe District, Abuja"
1 bedroom flat / apartment for rent,"₦2,800,000","Gwarinpa, Abuja"
5 bedroom detached duplex for rent,"₦60,000,000","By Arab, Utako, Abuja"
4 bedroom terraced duplex for rent,"₦350,000,000","Jahi, Abuja"
1 bedroom flat / apartment for rent,"₦3,000,000","Katampe Extension, Katampe Extension, Katampe, Abuja"
4 bedroom terraced duplex for rent,"₦20,000,000","Katampe Extension, Katampe, Abuja"
5 bedroom detached duplex for rent,"₦100,000,000","Maitama District, Abuja"
4 bedroom semi-detached duplex for rent,"₦20,000,000","Enl Estate, Guzape District, Abuja"
3 bedroom flat / apartment for rent,"₦9,500,000","Enl Estate, Guzape District, Abuja"
5 bedroom terraced duplex for rent,"₦20,000,000","Katampe Extension, Katampe, Abuja"
5 bedroom detached duplex for rent,"₦12,000,000","Dawaki Area, Gwarinpa, Abuja"
4 bedroom terraced duplex for rent,"₦20,000,000","Katampe Extension, Katampe, Abuja"
1 bedroom flat / apartment for rent,"₦6,000,000","Maitama District, Abuja"
2 bedroom flat / apartment for rent,"₦5,000,000","Jahi, Abuja"
3 bedroom flat / apartment for rent,"₦8,000,000","By Bon Hotel, Jahi, Abuja"
4 bedroom terraced duplex for rent,"₦9,000,000","Durumi, Abuja"
7 bedroom detached duplex for rent,"₦40,000,000","Aminu Kano Crescent, Wuse 2, Abuja"
4 bedroom terraced duplex for rent,"₦20,000,000","Katampe Extension, Katampe, Abuja"
1 bedroom flat / apartment for rent,"₦1,200,000","Ushafa, Bwari, Abuja"
4 bedroom terraced duplex for rent,"₦12,000,000","Mabushi, Abuja"
4 bedroom flat / apartment for rent,"₦12,000,000","Mabushi, Abuja"
3 bedroom flat / apartment for rent,"₦10,000,000","Wuse 2, Abuja"
2 bedroom terraced duplex for rent,"₦3,500,000","FO1 Layout, Kubwa, Abuja"
4 bedroom terraced duplex for rent,"₦5,500,000","Mini Estate Behind Shafa Filling Station, Lugbe District, Abuja"
4 bedroom flat / apartment for rent,"₦10,000,000","Off Airport, Lugbe District, Abuja"
1 bedroom flat / apartment for rent,"₦2,500,000","By 3rd Avenue, Gwarimpa Main, Gwarinpa, Abuja"
3 bedroom terraced duplex for rent,"₦18,000,000","Asokoro District, Abuja"
3 bedroom flat / apartment for rent,"₦11,000,000","Wuye, Abuja"
4 bedroom terraced duplex for rent,"₦6,500,000","In A Secured Estate Close To Nzamiye Hospital, Idu Industrial, Abuja"
5 bedroom semi-detached duplex for rent,"₦16,000,000","Close To Funtaj School, Gudu, Abuja"
2 bedroom flat / apartment for rent,"₦7,000,000","Katampe Extension, Katampe, Abuja"
3 bedroom flat / apartment for rent,"₦8,000,000","Kaura, Abuja"
3 bedroom flat / apartment for rent,"₦5,500,000","Idu Industrial, Abuja"
1 bedroom flat / apartment for rent,"₦9,000,000","Maitama District, Abuja"
5 bedroom terraced duplex for rent,"₦20,000,000","Gilmore, Jahi, Abuja"
1 bedroom mini flat (room and parlour) for rent,"₦1,500,000","Embassy Guest Inn, Pyakasa, Lugbe District, Abuja"
2 bedroom house for rent,"₦1,500,000","Guidna Opposite Nysc Junction Off Kubwa Express Way, Kubwa, Abuja"
3 bedroom flat / apartment for rent,"₦6,000,000","Karmo, Abuja"
Self contain (single rooms) for rent,"₦2,000,000","By Eternal Filling Station, Gudu, Abuja"
5 bedroom detached duplex for rent,"₦8,500,000","Von Road, Lugbe District, Abuja"
Plaza / complex / mall for rent,"₦15,000,000","Wuse District, Wuse 2, Abuja"
2 bedroom flat / apartment for rent,"₦5,500,000","Jamnab Estate Millitary Pension Board, FO1 Layout, Kubwa, Abuja"
3 bedroom detached duplex for rent,"₦50,000,000","Maitama District, Abuja"
2 bedroom flat / apartment for rent,"₦3,500,000","Main F01, FO1 Layout, Kubwa, Abuja"
6 bedroom house for rent,"₦30,000,000","Asokoro District, Abuja"
1 bedroom flat / apartment for rent,"₦5,000,000","Gwarinpa, Abuja"
5 bedroom terraced duplex for rent,"₦20,000,000","Main, Jahi, Abuja"
1 bedroom flat / apartment for rent,"₦3,000,000","Along Lokogoma Expressway, Gaduwa, Abuja"
2 bedroom terraced duplex for rent,"₦7,000,000","Asokoro District, Abuja"
4 bedroom semi-detached duplex for rent,"₦10,500,000","Apo Legislative Zone, Apo, Abuja"
3 bedroom flat / apartment for rent,"₦8,000,000","Living Faith, Katampe, Abuja"
2 bedroom flat / apartment for rent,"₦2,000,000","Chicakore, Kubwa, Abuja"
3 bedroom terraced duplex for rent,"₦10,000,000","Gaduwa, Abuja"
2 bedroom flat / apartment for rent,"₦8,000,000","Jabi, Abuja"
1 bedroom flat / apartment for rent,"₦6,000,000","Maitama District, Abuja"
4 bedroom terraced duplex for rent,"₦15,000,000","Katampe, Abuja"
3 bedroom house for rent,"₦18,000,000","Diplomatic Zone, Katampe Extension, Katampe, Abuja"
3 bedroom flat / apartment for rent,"₦13,000,000","Nnpc Estate, Wuye, Abuja"
4 bedroom terraced duplex for rent,"₦25,000,000","Mabushi, Abuja"
2 bedroom flat / apartment for rent,"₦3,500,000","Kapwa Axis, Lugbe District, Abuja"
Self contain (single rooms) for rent,"₦3,000,000","Wuye, Abuja"
5 bedroom detached duplex for rent,"₦15,000,000","Gudu, Apo, Abuja"
4 bedroom terraced duplex for rent,"₦15,000,000","Kado Estate, Kado, Abuja"
2 bedroom flat / apartment for rent,"₦6,000,000","Off Aminu Kano, Wuse 2, Abuja"
5 bedroom detached duplex for rent,"₦100,000,000","Maitama District, Abuja"
4 bedroom terraced duplex for rent,"₦15,000,000","Jahi, Abuja"
3 bedroom house for rent,"₦8,500,000","Kukwaba, Abuja"
5 bedroom terraced duplex for rent,"₦15,000,000","Guzape District, Abuja"
3 bedroom flat / apartment for rent,"₦10,000,000","Jahi, Abuja"
3 bedroom semi-detached duplex for rent,"₦4,000,000","F14, Kubwa, Abuja"
2 bedroom flat / apartment for rent,"₦13,000,000","Off Amino Kano, Wuse 2, Abuja"
3 bedroom terraced duplex for rent,"$35,000","Maitama District, Abuja"
3 bedroom flat / apartment for rent,"₦8,000,000","Wuye Main By Zartech(tarred Rd, Wuye, Abuja"
4 bedroom terraced duplex for rent,"₦190,000,000","Maitama District, Abuja"
2 bedroom flat / apartment for rent,"₦8,000,000","Durumi, Abuja"
1 bedroom flat / apartment for rent,"₦6,000,000","Maitama District, Abuja"
4 bedroom terraced duplex for rent,"₦25,000,000","Wuye, Abuja"
3 bedroom flat / apartment for rent,"₦6,000,000","By Capital Hub( Tarred Rd), Mabushi, Abuja"
4 bedroom terraced duplex for rent,"₦13,000,000","Life Camp, Abuja"
3 bedroom flat / apartment for rent,"₦8,000,000","Jabi, Abuja"
3 bedroom block of flats for rent,"₦75,000,000","Jahi, Abuja"
2 bedroom flat / apartment for rent,"₦5,000,000","Life Camp, Abuja"
4 bedroom semi-detached duplex for rent,"₦8,000,000","Lokogoma District, Abuja"
3 bedroom house for rent,"₦8,000,000","Close To Vio, Mabushi, Abuja"
2 bedroom flat / apartment for rent,"₦20,000,000","Villa, Asokoro District, Abuja"
5 bedroom detached duplex for rent,"₦50,000,000","Maitama District, Abuja"
6 bedroom detached duplex for rent,"₦30,000,000","Asokoro District, Abuja"
4 bedroom detached duplex for rent,"₦8,000,000","Hillside Estate, Dawaki, Gwarinpa, Abuja"
2 bedroom flat / apartment for rent,"₦8,000,000","Jahi, Abuja"
3 bedroom detached duplex for rent,"₦50,000,000","Maitama District, Abuja"
2 bedroom flat / apartment for rent,"₦8,000,000","Jahi, Abuja"
2 bedroom flat / apartment for rent,"₦6,500,000","Jahi, Abuja"
8 bedroom detached duplex for rent,"₦180,000,000","Maitama District, Abuja"
6 bedroom detached duplex for rent,"₦35,000,000","Asokoro District, Abuja"
3 bedroom flat / apartment for rent,"₦8,000,000","Jabi, Abuja"
3 bedroom flat / apartment for rent,"₦12,000,000","Gilmore, Jahi, Abuja"
Conference / meeting / training room for rent,"₦200,000","Kumasi Crescent, Wuse 2, Abuja"
2 bedroom flat / apartment for rent,"₦8,000,000","6, David Iyimogah, Brains And Hammers City Eatate, Life Camp, Abuja"
1 bedroom mini flat (room and parlour) for rent,"₦2,700,000","Gishiri Village, Katampe (Main), Katampe, Abuja"
Self contain (single rooms) for rent,"₦2,000,000","Utako, Abuja"
3 bedroom detached bungalow for rent,"₦15,000,000","Suncity, Galadimawa, Abuja"
5 bedroom detached duplex for rent,"₦15,000,000","Kings Park Estate, Kukwaba, Abuja"
3 bedroom flat / apartment for rent,"₦5,000,000","Sunnyvale Road, Lokogoma District, Abuja"
2 bedroom flat / apartment for rent,"₦2,500,000","By 2/1 Garden, Kubwa, Abuja"
4 bedroom semi-detached duplex for rent,"₦15,000,000","Jahi, Abuja"
4 bedroom terraced duplex for rent,"₦13,000,000","Mabushi, Abuja"
5 bedroom detached duplex for rent,"₦25,000,000","Katampe (Main), Katampe, Abuja"
4 bedroom semi-detached duplex for rent,"₦30,000,000","Garki, Abuja"
2 bedroom flat / apartment for rent,"₦6,000,000","By American International School, Durumi, Abuja"
5 bedroom terraced duplex for rent,"₦10,000,000","Gaduwa, Abuja"
5 bedroom detached duplex for rent,"₦35,000,000","Guzape District, Abuja"
4 bedroom detached duplex for rent,"₦30,000,000","Wonderland Estate, Kukwaba, Abuja"
2 bedroom house for rent,"₦6,500,000","Wuye, Abuja"
4 bedroom terraced duplex for rent,"₦12,000,000","Mabushi, Abuja"
2 bedroom flat / apartment for rent,"₦8,000,000","Gilmor Tarred Road, Fct., Jahi, Abuja"
1 bedroom flat / apartment for rent,"₦9,000,000","Wuse, Abuja"
4 bedroom terraced duplex for rent,"₦12,000,000","Mabushi, Abuja"
Conference / meeting / training room for rent,"₦200,000","Kumasi Crescent, Wuse 2, Abuja"
3 bedroom flat / apartment for rent,"₦5,000,000","Life Camp, Abuja"
3 bedroom flat / apartment for rent,"₦4,500,000","Expressway,after Glory Dome, Lugbe District, Abuja"
2 bedroom semi-detached duplex for rent,"₦6,000,000","Von Axis, Lugbe District, Abuja"
3 bedroom terraced duplex for rent,"₦8,500,000","By Living Faith Church, Dawaki, Gwarinpa, Abuja"
4 bedroom terraced duplex for rent,"₦6,500,000","Dawaki District, Dawaki, Gwarinpa, Abuja"
1 bedroom flat / apartment for rent,"₦4,500,000","Utako District, Utako, Abuja"
5 bedroom terraced duplex for rent,"$40,000,000","Maitama District, Abuja"
5 bedroom detached duplex for rent,"₦35,000,000","Guzape District, Abuja"
4 bedroom terraced duplex for rent,"₦20,000,000","Guzape District, Abuja"
3 bedroom flat / apartment for rent,"₦5,500,000","Idu Industrial, Abuja"
3 bedroom flat / apartment for rent,"₦7,500,000","Area 3, Garki, Abuja"
3 bedroom flat / apartment for rent,"₦12,000,000","Wuye Main(tarred Rd), Wuye, Abuja"
5 bedroom detached duplex for rent,"₦80,000,000","Guzape District, Abuja"
3 bedroom flat / apartment for rent,"₦8,000,000","By New Maitama Bridge, Katampe (Main), Katampe, Abuja"
5 bedroom detached duplex for rent,"₦75,000,000","Wuse 2, Abuja"
5 bedroom detached duplex for rent,"₦50,000,000","Wuse 2, Abuja"
2 bedroom house for rent,"₦3,000,000","Angle 90 Estate, Pyakasa, Lugbe District, Abuja"
4 bedroom terraced duplex for rent,"₦13,000,000","Prince Court Estate, Katampe (Main), Katampe, Abuja"
2 bedroom semi-detached bungalow for rent,"₦2,500,000","After Goshen Villa, Pyakasa, Lugbe District, Abuja"
3 bedroom flat / apartment for rent,"₦7,000,000","Wuye, Abuja"
1 bedroom flat / apartment for rent,"₦9,000,000","Maitama District, Abuja"
2 bedroom flat / apartment for rent,"₦5,500,000","By Living Faith, Katampe (Main), Katampe, Abuja"
3 bedroom flat / apartment for rent,"₦7,000,000","Jahi, Abuja"
4 bedroom terraced duplex for rent,"₦15,000,000","By Living Faith, Katampe (Main), Katampe, Abuja"
3 bedroom flat / apartment for rent,"₦7,500,000","Apo, Abuja"
3 bedroom flat / apartment for rent,"₦4,000,000","Von Axis, Lugbe District, Abuja"
6 bedroom detached duplex for rent,"₦35,000,000","Katampe Extension, Katampe, Abuja"
Commercial property for rent,"₦3,500,000","By Blu Cabana, Mabushi, Abuja"
4 bedroom semi-detached duplex for rent,"₦15,000,000","Life Camp, Abuja"
5 bedroom detached duplex for rent,"₦15,000,000","King's Park Estate, Kukwaba, Abuja"
2 bedroom flat / apartment for rent,"₦6,000,000","By American International School, Durumi, Abuja"
3 bedroom flat / apartment for rent,"₦10,000,000","Gilmore, Jahi, Abuja"
4 bedroom terraced duplex for rent,"₦20,000,000","Jahi, Abuja"
4 bedroom detached duplex for rent,"₦7,000,000","By Jedo, Lugbe District, Abuja"
2 bedroom flat / apartment for rent,"₦4,200,000","Katampe, Abuja"
4 bedroom terraced duplex for rent,"₦15,000,000","Adjacent Godab, Life Camp, Abuja"
4 bedroom detached duplex for rent,"₦12,000,000","Cluster 5, River Park Estate Airport Road, Lugbe District, Abuja"
5 bedroom detached duplex for rent,"₦30,000,000","By Emirate Estate, Katampe, Abuja"
2 bedroom flat / apartment for rent,"₦5,500,000","By Jahi Living Faith Church, Katampe, Abuja"
3 bedroom detached bungalow for rent,"₦7,000,000","Standard Estate, Galadimawa, Abuja"
3 bedroom detached bungalow for rent,"₦12,000,000","Suncity Estate, Galadimawa, Abuja"
1 bedroom flat / apartment for rent,"₦9,000,000","Maitama District, Abuja"
3 bedroom house for rent,"₦120,000,000","Wuse 2, Abuja"
4 bedroom detached duplex for rent,"₦14,000,000","Suncity Estate, Galadimawa, Abuja"
4 bedroom terraced duplex for rent,"₦17,000,000","Off Nicon Junction, Katampe, Abuja"
4 bedroom terraced duplex for rent,"₦10,000,000","Legislative Quarters, Gudu, Apo, Abuja"
2 bedroom flat / apartment for rent,"₦20,000,000","Wuye, Abuja"
4 bedroom semi-detached duplex for rent,"₦7,500,000","Von Axis, Lugbe District, Abuja"
4 bedroom terraced duplex for rent,"₦20,000,000","By Vio, Mabushi, Abuja"
4 bedroom terraced duplex for rent,"₦10,000,000","Legislative Quarters, Gudu, Abuja"
2 bedroom flat / apartment for rent,"₦23,000,000","Main Asokoro, Asokoro District, Abuja"
1 bedroom mini flat (room and parlour) for rent,"₦18,000,000","Main, Asokoro District, Abuja"
4 bedroom terraced duplex for rent,"₦16,000,000","Guzape District, Abuja"
4 bedroom semi-detached duplex for rent,"₦6,000,000","Galadimawa, Abuja"
3 bedroom detached bungalow for rent,"₦6,000,000","Galadimawa, Abuja"
3 bedroom terraced duplex for rent,"₦5,000,000","Kafe District, Life Camp, Abuja"
5 bedroom terraced duplex for rent,"₦70,000,000","Wuse 2, Abuja"
2 bedroom flat / apartment for rent,"₦8,500,000","Jahi, Abuja"
3 bedroom flat / apartment for rent,"₦7,000,000","Wuye, Abuja"
5 bedroom detached duplex for rent,"₦45,000,000","Naf Valley Estate, Asokoro District, Abuja"
4 bedroom flat / apartment for rent,"₦25,000,000","Guzape District, Abuja"
1 bedroom flat / apartment for rent,"₦7,000,000","Kwame Nkrumah Crescent, Asokoro District, Abuja"
1 bedroom flat / apartment for rent,"₦6,000,000","Maitama District, Abuja"
3 bedroom flat / apartment for rent,"₦5,000,000","By Berger Clinic, Life Camp, Abuja"
5 bedroom detached duplex for rent,"₦30,000,000","Asokoro District, Abuja"
3 bedroom flat / apartment for rent,"₦7,000,000","Wuye, Abuja"
2 bedroom terraced duplex for rent,"₦5,000,000","By Berger Clinic, Life Camp, Abuja"
5 bedroom terraced duplex for rent,"₦25,000,000","Wuye, Abuja"
3 bedroom semi-detached bungalow for rent,"₦17,500,000","Zone 3, Wuse, Abuja"
4 bedroom semi-detached duplex for rent,"₦6,500,000","Von Axis, Lugbe District, Abuja"
5 bedroom detached duplex for rent,"₦35,000,000","Guzape District, Abuja"
4 bedroom terraced duplex for rent,"₦25,000,000","Diplomatic Zone, Guzape District, Abuja"
3 bedroom flat / apartment for rent,"₦6,000,000","Before Utc, Area 10, Garki, Abuja"
7 bedroom detached duplex for rent,"₦100,000,000","Maitama District, Abuja"
3 bedroom detached bungalow for rent,"₦4,500,000","Sahara Estate, Lokogoma District, Abuja"
2 bedroom flat / apartment for rent,"₦7,500,000","Katampe (Main), Katampe, Abuja"
3 bedroom flat / apartment for rent,"₦7,500,000","Apo-dutse By Cedarcrest Hospital, Apo, Abuja"
5 bedroom detached duplex for rent,"₦150,000,000","Maitama District, Abuja"
5 bedroom detached duplex for rent,"₦30,000,000","Asokoro District, Abuja"
6 bedroom terraced duplex for rent,"₦25,000,000","Katampe (Main), Katampe, Abuja"
4 bedroom terraced duplex for rent,"₦10,000,000","Kado, Abuja"
4 bedroom terraced duplex for rent,"₦17,000,000","Federal Capital, Katampe (Main), Katampe, Abuja"
4 bedroom terraced duplex for rent,"₦20,000,000","Kado, Abuja"
1 bedroom flat / apartment for rent,"₦6,000,000","Maitama District, Abuja"
7 bedroom detached duplex for rent,"₦80,000,000","Maitama District, Abuja"
2 bedroom flat / apartment for rent,"₦8,000,000","Von Axis, Lugbe District, Abuja"
2 bedroom flat / apartment for rent,"₦3,500,000","Von Road, Lugbe District, Abuja"
4 bedroom terraced duplex for rent,"₦20,000,000","Wuye, Abuja"
6 bedroom terraced duplex for rent,"₦20,000,000","Wuye, Abuja"
6 bedroom detached duplex for rent,"₦30,000,000","Maitama 2, Maitama District, Abuja"
5 bedroom terraced duplex for rent,"₦18,000,000","Jahi, Abuja"
1 bedroom flat / apartment for rent,"₦3,000,000","Off Amino Kano, Wuse 2, Abuja"
3 bedroom terraced duplex for rent,"₦10,000,000","Von Axis, Lugbe District, Abuja"
2 bedroom detached bungalow for rent,"₦10,000,000","Asokoro District, Abuja"
14 bedroom detached duplex for rent,"₦250,000,000","Wuse 2, Abuja"
3 bedroom flat / apartment for rent,"$40,000","Maitama District, Abuja"
3 bedroom terraced duplex for rent,"₦13,000,000","Asokoro District, Abuja"
2 bedroom semi-detached duplex for rent,"₦4,500,000","Von Estate Road, Lugbe District, Abuja"
4 bedroom semi-detached duplex for rent,"₦20,000,000","Kado, Abuja"
4 bedroom terraced duplex for rent,"₦9,000,000","Life Camp, Abuja"
Self contain (single rooms) for rent,"₦2,000,000","Katampe Main, Katampe, Abuja"
1 bedroom flat / apartment for rent,"₦3,000,000","Cluster 3, River Park Estate Airport Road, Lugbe District, Abuja"
8 bedroom detached duplex for rent,"₦120,000,000","Asokoro District, Abuja"
2 bedroom house for rent,"₦6,500,000","Jahi, Abuja"
1 bedroom flat / apartment for rent,"₦6,000,000","Maitama District, Abuja"
4 bedroom detached duplex for rent,"₦8,000,000","By Minister Quarters, Life Camp, Abuja"
2 bedroom house for rent,"₦3,000,000","FO1 Layout, Kubwa, Abuja"
3 bedroom house for rent,"₦7,500,000","Jahi Main, Jahi, Abuja"
Office space for rent,"₦6,500,000","Off Ademola, Wuse 2, Abuja"
16 bedroom commercial property for rent,"₦40,000,000","Wuse Zone, Wuse, Abuja"
2 bedroom flat / apartment for rent,"₦6,000,000","Life Camp, Abuja"
2 bedroom flat / apartment for rent,"₦15,000,000","Wuye, Abuja"
3 bedroom flat / apartment for rent,"₦3,500,000","Life Camp, Abuja"
3 bedroom terraced duplex for rent,"₦15,000,000","Gilmore, Jahi, Abuja"
3 bedroom flat / apartment for rent,"₦30,000,000","Maitama District, Abuja"
3 bedroom flat / apartment for rent,"₦15,000,000","Guzape District, Abuja"
3 bedroom flat / apartment for rent,"₦8,000,000","Garki, Abuja"
5 bedroom detached duplex for rent,"₦60,000,000","Guzape District, Abuja"
1 bedroom flat / apartment for rent,"₦2,000,000","Guzape District, Abuja"
2 bedroom flat / apartment for rent,"₦8,000,000","Gilmore Axis., Jahi, Abuja"
3 bedroom flat / apartment for rent,"₦7,000,000","Wuse, Abuja"
2 bedroom flat / apartment for rent,"₦9,000,000","Guzape District, Abuja"
4 bedroom terraced duplex for rent,"₦12,500,000","Guzape District, Abuja"
3 bedroom flat / apartment for rent,"₦5,000,000","Wuse, Abuja"
2 bedroom terraced duplex for rent,"₦7,000,000","Asokoro District, Abuja"
1 bedroom flat / apartment for rent,"₦6,000,000","Maitama District, Abuja"
3 bedroom detached bungalow for rent,"₦6,000,000","By Sahara 4, Lokogoma District, Abuja"
1 bedroom flat / apartment for rent,"₦1,500,000","Arab, Kubwa, Abuja"
4 bedroom terraced duplex for rent,"₦15,000,000","Dakibiyu, Abuja"
4 bedroom terraced duplex for rent,"₦20,000,000","Katampe, Abuja"
4 bedroom terraced duplex for rent,"₦20,000,000","Katampe, Abuja"
2 bedroom flat / apartment for rent,"₦5,000,000","By Efab, Gwarinpa, Abuja"
3 bedroom flat / apartment for rent,"₦12,000,000","Gilmore, Jahi, Abuja"
Office space for rent,"₦150,000","Garki, Abuja"
2 bedroom flat / apartment for rent,"₦4,500,000","Berger Clinic, Life Camp, Abuja"
3 bedroom flat / apartment for rent,"₦5,500,000","By Berger Clinic, Life Camp, Abuja"
5 bedroom terraced duplex for rent,"₦20,000,000","By Gilmore, Jahi, Abuja"
3 bedroom flat / apartment for rent,"₦17,000,000","Mabushi, Abuja"
3 bedroom flat / apartment for rent,"₦8,000,000","Garki, Abuja"
4 bedroom house for rent,"₦35,000,000","Jabi, Abuja"
4 bedroom terraced duplex for rent,"₦35,000,000","Main Jabi, Jabi, Abuja"
4 bedroom semi-detached duplex for rent,"₦18,000,000","Naf Valley Estate, Asokoro District, Abuja"
Office space for rent,"₦5,500,000","By Vio, Mabushi, Abuja"
3 bedroom terraced duplex for rent,"₦17,000,000","Jabi, Abuja"
3 bedroom flat / apartment for rent,"₦13,000,000","Off Amino Kano, Wuse 2, Abuja"
Commercial property for rent,"₦12,000,000","Mabushi, Abuja"
1 bedroom flat / apartment for rent,"₦6,000,000","Maitama District, Abuja"
4 bedroom detached duplex for rent,"₦15,000,000","Jabi, Abuja"
5 bedroom detached duplex for rent,"₦22,000,000","Jahi, Abuja"
Office space for rent,"₦6,000,000","Gwarinpa Main, Gwarinpa, Abuja"
5 bedroom terraced duplex for rent,"₦15,000,000","Katampe Extension, Katampe, Abuja"
3 bedroom terraced duplex for rent,"₦15,000,000","Wuye, Abuja"
2 bedroom flat / apartment for rent,"₦5,000,000","Garki, Abuja"
6 bedroom detached duplex for rent,"₦100,000,000","Off Ademola, Wuse 2, Abuja"
1 bedroom mini flat (room and parlour) for rent,"₦4,000,000","Karsana, Gwarinpa, Abuja"
1 bedroom mini flat (room and parlour) for rent,"₦7,000,000","Katampe, Abuja"
1 bedroom mini flat (room and parlour) for rent,"₦6,500,000","Gilmore, Jahi, Abuja"
3 bedroom flat / apartment for rent,"₦120,000,000","Katampe, Abuja"
3 bedroom flat / apartment for rent,"₦10,000,000","Zone 6, Wuse, Abuja"
4 bedroom terraced duplex for rent,"₦35,000,000","Guzape District, Abuja"
4 bedroom semi-detached bungalow for rent,"₦5,500,000","Galadimawa, Abuja"
4 bedroom semi-detached duplex for rent,"₦15,000,000","After Banex Bridge And Opposite Bus Terminal, Mabushi, Abuja"
5 bedroom detached duplex for rent,"₦60,000,000","Clement Akpamgbo Close,, Guzape District, Abuja"
4 bedroom terraced duplex for rent,"₦23,000,000","Diplomatic Zone, Katampe Extension, Katampe, Abuja"
2 bedroom house for rent,"₦8,500,000","Jahi, Abuja"
2 bedroom house for rent,"₦3,500,000","FO1 Layout, Kubwa, Abuja"
4 bedroom terraced duplex for rent,"₦5,000,000","Behind Dunamis, Lugbe District, Abuja"
Conference / meeting / training room for rent,"₦200,000","Kumasi Crescent, Wuse 2, Abuja"
2 bedroom house for rent,"₦2,000,000","Liberty Junction, Kubwa, Abuja"
5 bedroom detached duplex for rent,"₦30,000,000","By Coza, Guzape District, Abuja"
4 bedroom terraced duplex for rent,"₦10,000,000","Gaduwa, Abuja"
5 bedroom detached duplex for rent,"₦25,000,000","Gwarinpa, Abuja"
3 bedroom house for rent,"₦30,000,000","Wuse 2, Abuja"
2 bedroom terraced duplex for rent,"₦9,000,000","Lokogoma District, Abuja"
2 bedroom flat / apartment for rent,"₦7,000,000","Asokoro District, Abuja"
4 bedroom terraced duplex for rent,"₦15,000,000","Guzape District, Abuja"
4 bedroom terraced duplex for rent,"₦30,000,000","Guzape District, Abuja"
4 bedroom terraced duplex for rent,"₦15,000,000","Guzape District, Abuja"
4 bedroom house for rent,"₦35,000,000","Guzape District, Abuja"
1 bedroom flat / apartment for rent,"₦1,000,000","Lokogoma District, Abuja"
4 bedroom semi-detached duplex for rent,"₦13,000,000","Gwarinpa, Abuja"
2 bedroom detached bungalow for rent,"₦2,500,000","Lokogoma District, Abuja"
5 bedroom terraced duplex for rent,"₦22,000,000","Jahi, Abuja"
4 bedroom terraced duplex for rent,"₦15,000,000","Jabi, Abuja"
3 bedroom detached duplex for rent,"₦70,000,000","Asokoro District, Abuja"
2 bedroom house for rent,"₦4,000,000","FO1 Layout, Kubwa, Abuja"
4 bedroom terraced duplex for rent,"₦20,000,000","Zone 4, Wuse, Abuja"
4 bedroom terraced duplex for rent,"₦28,000,000","By Hmedix, Guzape District, Abuja"
1 bedroom flat / apartment for rent,"₦9,000,000","Maitama District, Abuja"
3 bedroom flat / apartment for rent,"₦9,000,000","Durumi, Abuja"
4 bedroom terraced duplex for rent,"₦15,000,000","Katampe, Abuja"
4 bedroom terraced duplex for rent,"₦15,000,000","Garki, Abuja"
2 bedroom flat / apartment for rent,"₦4,000,000","Area 2, Garki, Abuja"
2 bedroom flat / apartment for rent,"₦5,000,000","Life Camp, Abuja"
2 bedroom detached bungalow for rent,"₦5,500,000","Life Camp, Abuja"
2 bedroom flat / apartment for rent,"₦20,000,000","Maitama District, Abuja"
4 bedroom semi-detached duplex for rent,"₦27,000,000","Wuse 2, Abuja"
4 bedroom house for rent,"₦30,000,000","Wuse, Abuja"
4 bedroom terraced duplex for rent,"₦16,000,000","Jabi, Abuja"
2 bedroom flat / apartment for rent,"₦8,000,000","Wuse 2, Abuja"
2 bedroom house for rent,"₦4,500,000","Areaa 3, Area 3, Garki, Abuja"
4 bedroom house for rent,"₦12,000,000","Life Camp, Abuja"
3 bedroom detached bungalow for rent,"₦4,500,000","Saraha 2 Estate, Lokogoma District, Abuja"
2 bedroom flat / apartment for rent,"₦12,000,000","Asokoro District, Abuja"
2 bedroom flat / apartment for rent,"₦3,500,000","By Dunamis, Lugbe District, Abuja"
2 bedroom terraced duplex for rent,"₦10,000,000","Katampe (Main), Katampe, Abuja"
7 bedroom semi-detached duplex for rent,"₦30,000,000","Kado Main, Kado, Abuja"
4 bedroom semi-detached duplex for rent,"₦25,000,000","Mabushi, Abuja"
3 bedroom house for rent,"₦20,000,000","Wuye, Abuja"
Conference / meeting / training room for rent,"₦200,000","Kumasi Crescent, Wuse 2, Abuja"
3 bedroom flat / apartment for rent,"₦5,500,000","Paradise 1 Estate, Life Camp, Abuja"
3 bedroom flat / apartment for rent,"₦200,000,000","Shafa, Wuye, Abuja"
3 bedroom house for rent,"₦7,000,000","Katampe (Main), Katampe, Abuja"
Office space for rent,"₦6,000,000","Jezreel Plaza, Mabushi, Abuja"
Self contain (single rooms) for rent,"₦1,500,000","Garki, Abuja"
3 bedroom terraced duplex for rent,"₦15,000,000","Naf Valley Estate, Asokoro District, Abuja"
4 bedroom semi-detached duplex for rent,"₦17,000,000","Mabushi, Abuja"
3 bedroom flat / apartment for rent,"₦13,000,000","Area 2, Garki, Abuja"
3 bedroom terraced duplex for rent,"₦7,000,000","Sunnyvale Road Axis, Lokogoma District, Abuja"
3 bedroom flat / apartment for rent,"₦7,000,000","Garki, Abuja"
3 bedroom flat / apartment for rent,"₦10,000,000","Zone 6, Wuse, Abuja"
4 bedroom terraced duplex for rent,"₦20,000,000","Galadimawa, Abuja"
Office space for rent,"₦24,300,000","Wuse 2, Abuja"
2 bedroom flat / apartment for rent,"₦6,500,000","By Living Faith, Jahi, Abuja"
2 bedroom flat / apartment for rent,"$32,500","Maitama District, Abuja"
3 bedroom house for rent,"$35,000","Maitama District, Abuja"
Office space for rent,"₦70,000,000","Wuse, Abuja"
2 bedroom flat / apartment for rent,"₦3,000,000","F01 Layout, Before Military Pension Board, FO1 Layout, Kubwa, Abuja"
3 bedroom flat / apartment for rent,"₦8,500,000","Utako, Abuja"
4 bedroom terraced duplex for rent,"₦15,000,000","Mabushi, Abuja"
1 bedroom flat / apartment for rent,"₦9,000,000","Maitama District, Abuja"
4 bedroom terraced duplex for rent,"₦18,000,000","Jahi, Abuja"
4 bedroom semi-detached duplex for rent,"₦12,000,000","Galadimawa, Abuja"
3 bedroom flat / apartment for rent,"₦7,500,000","Kukwaba, Abuja"
3 bedroom flat / apartment for rent,"₦10,000,000","Off Mike Akhigbe Street, Jabi, Abuja"
4 bedroom detached duplex for rent,"₦18,000,000","O'brien Homes, Mabushi, Abuja"
2 bedroom flat / apartment for rent,"₦7,500,000","Garden Estate, Kukwaba, Abuja"
3 bedroom flat / apartment for rent,"₦45,000,000","Maitama District, Abuja"
3 bedroom terraced duplex for rent,"$40,000","Maitama District, Abuja"
5 bedroom detached duplex for rent,"₦45,000,000","Wuse 2, Abuja"
5 bedroom semi-detached duplex for rent,"₦50,000,000","Maitama District, Abuja"
Office space for rent,"₦80,000,000","Wuse, Abuja"
2 bedroom flat / apartment for rent,"₦8,000,000","Jahi, Abuja"
5 bedroom detached duplex for rent,"₦90,000,000","Maitama District, Abuja"
4 bedroom terraced duplex for rent,"₦65,000,000","Maitama District, Abuja"
4 bedroom terraced duplex for rent,"₦16,000,000","Jahi, Abuja"
2 bedroom flat / apartment for rent,"₦6,500,000","Jahi, Abuja"
5 bedroom terraced duplex for rent,"₦17,000,000","Katampe Extension, Katampe, Abuja"
4 bedroom terraced duplex for rent,"₦15,000,000","Mabushi District, Mabushi, Abuja"
2 bedroom semi-detached bungalow for rent,"₦3,500,000","Efab, Lokogoma District, Abuja"
1 bedroom flat / apartment for rent,"₦12,000,000","Wuse 2, Abuja"
1 bedroom flat / apartment for rent,"₦9,000,000","Maitama District, Abuja"
3 bedroom flat / apartment for rent,"₦7,000,000","Jahi, Abuja"
3 bedroom flat / apartment for rent,"₦13,000,000","Wuse 2, Abuja"
4 bedroom semi-detached duplex for rent,"₦13,000,000","Utako, Abuja"
2 bedroom semi-detached duplex for rent,"₦4,500,000","Estate Off Von Road, Lugbe District, Abuja"
2 bedroom house for rent,"₦7,000,000","After Wonderland Estate, Kukwaba, Abuja"
3 bedroom flat / apartment for rent,"₦20,000,000","Jahi, Abuja"
3 bedroom flat / apartment for rent,"₦10,000,000","Guzape District, Abuja"
3 bedroom flat / apartment for rent,"₦11,000,000","Ademola Adetokumbo, Wuse 2, Abuja"
1 bedroom flat / apartment for rent,"₦1,650,000","Scc Layout Ushafa, Ushafa, Bwari, Abuja"
Plaza / complex / mall for rent,"₦7,500,000","Garki By Dubai Mall, Garki, Abuja"
2 bedroom semi-detached duplex for rent,"₦5,000,000","The Promenade Estate, Lokogoma District, Abuja"
4 bedroom semi-detached duplex for rent,"₦9,000,000","Lokogoma, Lokogoma District, Abuja"
4 bedroom semi-detached duplex for rent,"₦15,000,000","Dakibiyu, Jabi, Abuja"
4 bedroom terraced duplex for rent,"₦16,000,000","Katampe Extension, Katampe, Abuja"
6 bedroom flat / apartment for rent,"₦20,000,000","Diplomatic Zone, Katampe Extension, Katampe, Abuja"
Plaza / complex / mall for rent,"₦3,500,000","Gwarinpa, Abuja"
2 bedroom flat / apartment for rent,"₦5,000,000","Off Jahi/katampe Road, Katampe, Abuja"
5 bedroom semi-detached duplex for rent,"₦30,000,000","Wuse 2, Abuja"
2 bedroom flat / apartment for rent,"₦11,000,000","Jahi, Abuja"
2 bedroom flat / apartment for rent,"₦6,000,000","Mabushi, Abuja"
1 bedroom flat / apartment for rent,"₦6,000,000","Maitama District, Abuja"
1 bedroom flat / apartment for rent,"₦6,500,000","Jahi, Abuja"
Shop for rent,"₦3,000,000","Gudu, Abuja"
2 bedroom flat / apartment for rent,"₦5,000,000","Jahi, Abuja"
Office space for rent,"₦2,000,000","2nd Avenue, Gwarinpa, Abuja"
1 bedroom mini flat (room and parlour) for rent,"₦4,000,000","3rd Avenue, Gwarinpa, Abuja"
4 bedroom terraced duplex for rent,"₦18,000,000","Jahi, Abuja"
6 bedroom semi-detached duplex for rent,"₦25,000,000","Durumi, Abuja"
4 bedroom terraced duplex for rent,"₦25,000,000","Guzape District, Abuja"
2 bedroom flat / apartment for rent,"₦6,000,000","By Mobil, Mabushi, Abuja"
5 bedroom house for rent,"₦90,000,000","Maitama District, Abuja"
3 bedroom flat / apartment for rent,"₦7,000,000","Katampe, Abuja"
2 bedroom flat / apartment for rent,"₦6,200,000","Apo Resettlement, Apo, Abuja"
6 bedroom semi-detached duplex for rent,"₦25,000,000","Katampe (Main), Katampe, Abuja"
1 bedroom mini flat (room and parlour) for rent,"₦3,000,000","Jahi, Abuja"
4 bedroom detached duplex for rent,"₦10,000,000","Life Camp, Abuja"
1 bedroom flat / apartment for rent,"₦6,000,000","Guzape District, Abuja"
3 bedroom flat / apartment for rent,"₦25,000,000","Asokoro District, Abuja"
2 bedroom house for rent,"₦5,000,000","Lugbe District, Abuja"
Shop for rent,"₦25,000,000","Wuse 2, Abuja"
5 bedroom detached duplex for rent,"₦30,000,000","Utako, Abuja"
Conference / meeting / training room for rent,"₦200,000","Kumasi Crescent, Wuse 2, Abuja"
3 bedroom flat / apartment for rent,"₦7,000,000","Katampe (Main), Katampe, Abuja"
4 bedroom terraced duplex for rent,"₦15,000,000","Main Wuye, Wuye, Abuja"
2 bedroom flat / apartment for rent,"₦5,000,000","By Zagada Filling Station, Gaduwa, Abuja"
3 bedroom flat / apartment for rent,"₦10,000,000","Main, Jabi, Abuja"
3 bedroom terraced duplex for rent,"₦10,000,000","3rd Avenue, Gwarinpa, Abuja"
4 bedroom detached duplex for rent,"₦15,000,000","Off 69 Road, Gwarinpa, Abuja"
Office space for rent,"₦180,000","Wuse 2, Abuja"
5 bedroom detached bungalow for rent,"₦15,000,000","Gwarinpa, Abuja"
2 bedroom flat / apartment for rent,"₦15,000,000","Main Guzape, Guzape District, Abuja"
4 bedroom detached duplex for rent,"₦100,000,000","Wuse 2, Abuja"
4 bedroom semi-detached duplex for rent,"₦25,000,000","Gwarinpa, Abuja"
5 bedroom terraced duplex for rent,"₦35,000,000","Gilmore Tarred Rd, Jahi, Abuja"
4 bedroom flat / apartment for rent,"₦160,000,000","Alvan Ikoku Way, Maitama District, Abuja"
4 bedroom detached duplex for rent,"$80,000","Sunrise Estate, Asokoro District, Abuja"
3 bedroom flat / apartment for rent,"₦5,500,000","Abdulhameed Zakari-keffi Street, Katampe, Abuja"
2 bedroom flat / apartment for rent,"₦13,000,000","Wuye, Abuja"
Restaurant / bar for rent,"₦8,000,000","Zone 3, Wuse, Abuja"
3 bedroom detached bungalow for rent,"₦6,000,000","Gaduwa, Abuja"
5 bedroom semi-detached duplex for rent,"₦15,000,000","Gwarinpa, Abuja"
Commercial property for rent,"₦20,000,000","Galadimawa, Galadimawa, Abuja"
1 bedroom flat / apartment for rent,"₦9,000,000","Maitama District, Abuja"
5 bedroom detached duplex for rent,"₦40,000,000","Jabi, Abuja"
2 bedroom flat / apartment for rent,"$50,000","Wuse 2, Abuja"
3 bedroom flat / apartment for rent,"₦10,000,000","Guzape Main, Guzape District, Abuja"
3 bedroom flat / apartment for rent,"₦10,000,000","Life Camp, Abuja"
6 bedroom terraced duplex for rent,"₦40,000,000","Main, Maitama District, Abuja"
3 bedroom flat / apartment for rent,"₦10,000,000","Life Camp, Abuja"
1 bedroom flat / apartment for rent,"₦26,000,000","Ministers Hill, Maitama District, Abuja"
Self contain (single rooms) for rent,"₦2,000,000","Karu Phase 1, Karu, Abuja"
2 bedroom flat / apartment for rent,"₦23,000,000","Wuse 2, Abuja"
5 bedroom detached duplex for rent,"₦100,000,000","Main Abuja, Maitama District, Abuja"
3 bedroom flat / apartment for rent,"₦50,000,000","Wuse 2, Abuja"
Office space for rent,"₦150,000","Wuse 2, Abuja"
3 bedroom flat / apartment for rent,"₦20,000,000","Guzape District, Abuja"
5 bedroom semi-detached duplex for rent,"₦30,000,000","Off Amino Kano, Wuse 2, Abuja"
Office space for rent,"₦33,000,000","Wuse, Abuja"
5 bedroom detached duplex for rent,"₦40,000,000","Off Ademola Adetokumbo, Wuse, Abuja"
4 bedroom house for rent,"₦14,000,000","Cartersgroove Estate, Opposite Cedar Crest Hospital, Apo, Abuja"
3 bedroom terraced duplex for rent,"₦10,000,000","Rockvale Manors Estate, Apo, Abuja"
Church for rent,"₦35,000,000","Zone A, Apo, Abuja"
1 bedroom mini flat (room and parlour) for rent,"₦3,000,000","Efab Estate, Gwarinpa, Abuja"
Conference / meeting / training room for rent,"₦200,000","Kumasi Crescent, Wuse 2, Abuja"
4 bedroom terraced duplex for rent,"₦15,000,000","Guzape District, Abuja"
4 bedroom terraced duplex for rent,"₦15,000,000","Gudab Estate, Life Camp, Abuja"
1 bedroom flat / apartment for rent,"₦4,500,000","By American International School, Durumi, Abuja"
2 bedroom flat / apartment for rent,"₦6,500,000","After Navy Quarters, Jahi, Abuja"
2 bedroom flat / apartment for rent,"₦4,000,000","Life Camp, Abuja"
5 bedroom detached duplex for rent,"₦25,000,000","Dakwo, Abuja"
3 bedroom flat / apartment for rent,"₦12,000,000","Guzape District, Abuja"
2 bedroom flat / apartment for rent,"₦18,000,000","Utako, Abuja"
4 bedroom semi-detached bungalow for rent,"₦6,000,000","Sunny Vale Estate, Lokogoma District, Abuja"
2 bedroom flat / apartment for rent,"₦18,000,000","Utako, Abuja"
8 bedroom detached duplex for rent,"₦150,000,000","Asokoro District, Abuja"
2 bedroom flat / apartment for rent,"₦15,000,000","Aso Villa, Asokoro District, Abuja"
3 bedroom flat / apartment for rent,"₦22,000,000","Aso Villa, Asokoro District, Abuja"
6 bedroom detached duplex for rent,"₦180,000,000","Asokoro District, Abuja"
6 bedroom detached duplex for rent,"₦70,000,000","Asokoro Extension, Asokoro District, Abuja"
Office space for rent,"₦170,000","Ty Danjuma, Asokoro District, Abuja"
7 bedroom detached duplex for rent,"₦80,000,000","Asokoro District, Abuja"
7 bedroom detached duplex for rent,"₦80,000,000","Asokoro District, Abuja"
5 bedroom semi-detached duplex for rent,"₦30,000,000","Asokoro Main, Asokoro District, Abuja"
6 bedroom terraced duplex for rent,"₦40,000,000","Asokoro Main, Asokoro District, Abuja"
Conference / meeting / training room for rent,"₦200,000","Kumasi Crescent, Wuse 2, Abuja"
7 bedroom detached duplex for rent,"₦100,000,000","Asokoro Main, Asokoro District, Abuja"
1 bedroom flat / apartment for rent,"₦7,000,000","Katampe, Abuja"
1 bedroom flat / apartment for rent,"₦2,000,000","By Sahara 4, Lokogoma District, Abuja"
3 bedroom flat / apartment for rent,"₦10,000,000","Wuye, Abuja"
4 bedroom terraced duplex for rent,"₦18,000,000","Wuye, Wuye, Abuja"
12 bedroom detached duplex for rent,"$60,000","Aso Villa, Presidential Standard, Asokoro District, Abuja"
4 bedroom detached duplex for rent,"₦12,000,000","News Engineering, Dawaki, Gwarinpa, Abuja"
2 bedroom flat / apartment for rent,"₦2,800,000","Dawaki District, Dawaki, Gwarinpa, Abuja"
2 bedroom flat / apartment for rent,"₦5,000,000","By Zagada Fillng Station, Gaduwa, Abuja"
2 bedroom flat / apartment for rent,"₦6,000,000","Area 2, Garki, Abuja"
4 bedroom terraced duplex for rent,"₦12,000,000","Diplomatic Zone, Katampe Extension, Katampe, Abuja"
3 bedroom flat / apartment for rent,"₦10,000,000","Wuse 2, Abuja"
1 bedroom mini flat (room and parlour) for rent,"₦8,000,000","Aso Villa, Asokoro District, Abuja"
3 bedroom commercial property for rent,"₦15,000,000","Wuse 2, Abuja"
5 bedroom detached duplex for rent,"₦12,000,000","Gaduwa, Abuja"
3 bedroom house for rent,"₦10,000,000","Wuse 2, Abuja"
4 bedroom terraced duplex for rent,"₦16,000,000","Guzape District, Abuja"
4 bedroom terraced duplex for rent,"₦15,000,000","Guzape District, Abuja"
5 bedroom semi-detached duplex for rent,"₦30,000,000","Katampe Extension, Katampe, Abuja"
Office space for rent,"₦8,000,000","Maitama District, Abuja"
1 bedroom flat / apartment for rent,"₦9,000,000","Maitama District, Abuja"
4 bedroom terraced duplex for rent,"₦18,000,000","Katampe Extension, Katampe, Abuja"
Shop for rent,"₦43,200,000","Wuse 2, Abuja"
Office space for rent,"₦19,800,000","Wuse 2, Abuja"
3 bedroom flat / apartment for rent,"₦5,000,000","Games Village, Kaura, Abuja"
4 bedroom semi-detached duplex for rent,"₦15,000,000","Idu Industrial, Abuja"
3 bedroom flat / apartment for rent,"₦7,000,000","Wuye, Abuja"
3 bedroom flat / apartment for rent,"₦9,000,000","Wuye, Abuja"
1 bedroom flat / apartment for rent,"₦3,500,000","Main, Gwarinpa, Abuja"
3 bedroom flat / apartment for rent,"₦7,000,000","Area 3, Garki, Abuja"
5 bedroom terraced duplex for rent,"₦65,000,000","Maitama District, Abuja"
3 bedroom flat / apartment for rent,"₦5,500,000","Idu Industrial, Abuja"
3 bedroom detached bungalow for rent,"₦10,000,000","Extension, Gwarinpa, Abuja"
3 bedroom flat / apartment for rent,"₦7,000,000","Wuye, Abuja"
3 bedroom flat / apartment for rent,"₦15,000,000","Wuse 2, Abuja"
4 bedroom terraced duplex for rent,"₦15,000,000","Jahi, Abuja"
3 bedroom flat / apartment for rent,"₦10,000,000","Guzape District, Abuja"
5 bedroom terraced duplex for rent,"₦25,000,000","Guzape District, Abuja"
3 bedroom flat / apartment for rent,"₦10,000,000","Jabi, Abuja"
2 bedroom terraced duplex for rent,"₦4,000,000","FO1 Layout, Kubwa, Abuja"
4 bedroom detached duplex for rent,"₦14,000,000","Gaduwa, Abuja"
1 bedroom flat / apartment for rent,"₦6,000,000","Maitama District, Abuja"
4 bedroom terraced duplex for rent,"₦18,000,000","Jahi Gilmore, Jahi, Abuja"
6 bedroom detached duplex for rent,"₦90,000,000","Maitama District, Abuja"
4 bedroom semi-detached duplex for rent,"₦25,000,000","Life Camp, Abuja"
3 bedroom detached bungalow for rent,"₦7,000,000","Gwarinpa, Abuja"
4 bedroom detached duplex for rent,"₦15,000,000","Ext, Gwarinpa, Abuja"
4 bedroom terraced duplex for rent,"₦65,000,000","Maitama District, Abuja"
4 bedroom terraced duplex for rent,"₦13,000,000","Guzape Main, Guzape District, Abuja"
4 bedroom semi-detached duplex for rent,"₦8,000,000","Lokogoma District, Abuja"
28 bedroom hotel / guest house for rent,"₦250,000,000","Aso Drive, Maitama District, Abuja"
3 bedroom flat / apartment for rent,"₦10,000,000","Wuye District, Wuye, Abuja"
2 bedroom flat / apartment for rent,"₦7,500,000","Wuse 2, Abuja"
4 bedroom semi-detached duplex for rent,"₦8,000,000","Lokogoma District, Abuja"
2 bedroom flat / apartment for rent,"₦67,000,000","Lokogoma District, Abuja"
4 bedroom terraced duplex for rent,"₦15,000,000","Close To Life Camp Junction, Life Camp, Abuja"
Plaza / complex / mall for rent,"₦12,000,000","Utako, Abuja"
3 bedroom flat / apartment for rent,"₦8,500,000","Farouk Moussa Street, Katampe (Main), Katampe, Abuja"
Office space for rent,"₦3,500,000","Garki, Abuja"
6 bedroom detached duplex for rent,"₦100,000,000","Guzape Main,close To The Coza Church,fct Abuja Nigeria, Guzape District, Abuja"
2 bedroom flat / apartment for rent,"₦3,500,000","Jabi Dakibiu, Jabi, Abuja"
5 bedroom terraced duplex for rent,"₦20,000,000","Citec Mbora By Jabi Extension Fct Abuja Nigeria, Mbora (Nbora), Abuja"
1 bedroom flat / apartment for rent,"₦9,000,000","Maitama District, Abuja"
2 bedroom flat / apartment for rent,"₦4,500,000","Opposite Sunnyvale, Kaura, Abuja"
3 bedroom flat / apartment for rent,"₦15,000,000","Femi Quadiri Street, Katampe (Main), Katampe, Abuja"
3 bedroom semi-detached duplex for rent,"₦15,000,000","Dantata Bridge, Galadimawa, Abuja"
3 bedroom flat / apartment for rent,"₦8,000,000","Navy Quarters, Jahi, Abuja"
2 bedroom flat / apartment for rent,"₦4,500,000","Associated Estate, Karmo, Abuja"
3 bedroom flat / apartment for rent,"₦4,500,000","Life Camp, Abuja"
1 bedroom mini flat (room and parlour) for rent,"₦1,500,000","Obasanjo Road Tipper Garage Axis, Dutse, Abuja"
4 bedroom terraced duplex for rent,"₦16,000,000","Lifecamp Junction, Life Camp, Abuja"
2 bedroom flat / apartment for rent,"₦2,500,000","Scc Road, Ushafa, Bwari, Abuja"
4 bedroom terraced duplex for rent,"₦25,000,000","By Lois Edet House, Asokoro District, Abuja"
Plaza / complex / mall for rent,"₦10,000,000","Wuse 2, Abuja"
5 bedroom house for rent,"₦15,000,000","Guzape District, Abuja"
3 bedroom flat / apartment for rent,"₦6,500,000","Mabushi, Abuja"
3 bedroom flat / apartment for rent,"₦6,500,000","Idu Industrial, Abuja"
6 bedroom terraced duplex for rent,"₦75,000,000","Maitama District, Abuja"
1 bedroom flat / apartment for rent,"₦3,000,000","Gwarinpa, Abuja"
3 bedroom flat / apartment for rent,"₦6,500,000","By Nzamiye Hospital, Idu Industrial, Abuja"
3 bedroom flat / apartment for rent,"₦6,000,000","Magistrate Court, Life Camp, Abuja"
3 bedroom flat / apartment for rent,"₦13,000,000","Behind Nnpc, Jahi, Abuja"
4 bedroom terraced duplex for rent,"₦15,000,000","Bem Estate, Guzape District, Abuja"
1 bedroom flat / apartment for rent,"₦9,000,000","Maitama District, Abuja"
4 bedroom terraced duplex for rent,"₦12,000,000","Area 1, Garki, Abuja"
13 bedroom house for rent,"₦65,000,000","Aso Villa, Asokoro District, Abuja"
4 bedroom terraced duplex for rent,"₦12,000,000","Katampe Main, Katampe, Abuja"
3 bedroom flat / apartment for rent,"₦48,000,000","After Jabi Lake Mall, Jabi, Abuja"
4 bedroom terraced duplex for rent,"₦35,000,000","Asokoro District, Abuja"
Shop for rent,"₦4,320,000","Gudu, Abuja"
3 bedroom flat / apartment for rent,"₦65,000,000","Aso Villa, Asokoro District, Abuja"
Office space for rent,"₦35,000,000","Central Business District, Abuja"
4 bedroom terraced duplex for rent,"₦15,000,000","Guzape District, Abuja"
3 bedroom terraced duplex for rent,"₦65,000,000","Aso Villa, Asokoro District, Abuja"
4 bedroom terraced duplex for rent,"₦15,000,000","Ameyo Adadevoh Way, Jahi, Abuja"
4 bedroom terraced duplex for rent,"₦20,000,000","Katampe Extension, Katampe, Abuja"
2 bedroom flat / apartment for rent,"₦4,500,000","Area 1, Garki, Abuja"
3 bedroom flat / apartment for rent,"₦12,000,000","Wuse 2, Abuja"
2 bedroom semi-detached bungalow for rent,"₦3,500,000","By Citec Estate*ully Tarred Rd(, Jabi, Abuja"
5 bedroom detached duplex for rent,"₦150,000,000","Maitama District, Abuja"
3 bedroom flat / apartment for rent,"₦7,500,000","Gaduwa, Abuja"
3 bedroom flat / apartment for rent,"₦1,800,000,000","Fha, Guzape District, Abuja"
5 bedroom semi-detached duplex for rent,"₦25,000,000","Close To Navy Quarters, Jahi, Abuja"
3 bedroom flat / apartment for rent,"₦10,000,000","By Nepa, Apo, Abuja"
Conference / meeting / training room for rent,"₦200,000","Kumasi Crescent, Wuse 2, Abuja"
3 bedroom flat / apartment for rent,"₦8,000,000","Wuye Main, Wuye, Abuja"
4 bedroom terraced duplex for rent,"₦7,500,000","By River Park, Lugbe District, Abuja"
3 bedroom flat / apartment for rent,"₦15,000,000","Wuse 2, Abuja"
6 bedroom terraced duplex for rent,"₦35,000,000","Guzape District, Abuja"
2 bedroom flat / apartment for rent,"₦3,500,000","Indus Estate, Idu Industrial, Abuja"
Plaza / complex / mall for rent,"₦200,000,000","Wuse 2, Abuja"
5 bedroom terraced duplex for rent,"₦30,000,000","By Eco Bank, Jabi, Abuja"
2 bedroom flat / apartment for rent,"₦5,500,000","American International School, Durumi, Abuja"
4 bedroom semi-detached duplex for rent,"₦25,000,000","Guzape District, Abuja"
4 bedroom terraced duplex for rent,"₦50,000,000","Maitama District, Abuja"
3 bedroom detached duplex for rent,"₦100,000,000","Aso Villa, Asokoro District, Abuja"
4 bedroom semi-detached duplex for rent,"₦25,000,000","Utako, Abuja"
2 bedroom flat / apartment for rent,"₦4,500,000","Area 1 Axis., Durumi, Abuja"
Self contain (single rooms) for rent,"₦1,200,000","Galadimawa, Abuja"
8 bedroom detached duplex for rent,"₦120,000,000","Maitama District, Abuja"
3 bedroom flat / apartment for rent,"₦13,000,000","Wuse 2, Abuja"
3 bedroom flat / apartment for rent,"₦6,000,000","By Turkish Hospital, Idu Industrial, Abuja"
5 bedroom detached duplex for rent,"₦8,000,000","Lugbe District, Abuja"
3 bedroom flat / apartment for rent,"₦8,000,000","Wuye Main, Wuye, Abuja"
4 bedroom flat / apartment for rent,"₦160,000,000","Maitama District, Abuja"
1 bedroom flat / apartment for rent,"₦6,000,000","Maitama District, Abuja"
4 bedroom terraced duplex for rent,"₦9,000,000","Galadimawa, Abuja"
Self contain (single rooms) for rent,"₦1,500,000","Games Village, Kaura, Abuja"
4 bedroom terraced duplex for rent,"₦40,000,000","By Coza, Guzape District, Abuja"
4 bedroom flat / apartment for rent,"₦8,000,000","Katampe (Main), Katampe, Abuja"
3 bedroom flat / apartment for rent,"₦160,000,000","Maitama District, Abuja"
3 bedroom flat / apartment for rent,"₦12,500,000","By Gilmore, Jahi, Abuja"
6 bedroom detached duplex for rent,"$150,000","Maitama District, Abuja"
5 bedroom terraced duplex for rent,"₦10,000,000","Katampe (Main), Katampe, Abuja"
5 bedroom semi-detached duplex for rent,"₦7,500,000","Army Scheme Estate, Kubwa, Abuja"
5 bedroom terraced duplex for rent,"₦25,000,000","Wuse, Abuja"
5 bedroom detached duplex for rent,"₦50,000,000","Kado, Abuja"
4 bedroom terraced duplex for rent,"₦14,000,000","Estate.dakibiu ,jabi Airport Bypass, Near Kings Court Estate, Dakibiyu, Abuja"
4 bedroom terraced duplex for rent,"₦11,000,000","Gudu, Abuja"
3 bedroom detached bungalow for rent,"₦4,000,000","Von Estate, Lugbe District, Abuja"
3 bedroom flat / apartment for rent,"₦5,000,000","Gaduwa District, Gaduwa, Abuja"
4 bedroom terraced duplex for rent,"₦30,000,000","Adamu Aliero Crescent, Guzape District, Abuja"
3 bedroom detached bungalow for rent,"₦4,500,000","Aco Estate Off Airport Road, Lugbe District, Abuja"
5 bedroom detached duplex for rent,"₦50,000,000","Maitama District, Abuja"
3 bedroom flat / apartment for rent,"₦8,000,000","Wuye, Abuja"
2 bedroom flat / apartment for rent,"₦6,000,000","Guzape District, Abuja"
Conference / meeting / training room for rent,"₦200,000","Kumasi Crescent, Wuse 2, Abuja"
Warehouse for rent,"₦4,500,000","Gwarinpa, Abuja"
Office space for rent,"₦2,000,000","2nd Avenue, Besides Drugmart And Greens Pharmacy, Gwarinpa, Abuja"
4 bedroom terraced duplex for rent,"₦20,000,000","Katampe (Main), Katampe, Abuja"
3 bedroom flat / apartment for rent,"₦4,000,000","Kaura, Abuja"
3 bedroom flat / apartment for rent,"₦25,000,000","Babatope Ajakaije, Jahi, Abuja"
5 bedroom detached duplex for rent,"₦30,000,000","Katampe Extension, Katampe, Abuja"
6 bedroom detached duplex for rent,"₦45,000,000","Wuse 2, Abuja"
Shop for rent,"₦15,000,000","Off Ademola Adetokunbo Crescent, Wuse 2, Abuja"
3 bedroom house for rent,"₦25,000,000","Aso Drive, Asokoro District, Abuja"
Office space for rent,"₦150,000,000","Maitama District, Abuja"
Office space for rent,"₦10,000,000","Jabi, Abuja"
Office space for rent,"₦4,500,000","2nd Avenue Beside Drug Mart And Green Pharmacy, Gwarinpa, Abuja"
4 bedroom terraced duplex for rent,"₦15,000,000","Mabushi Main, Mabushi, Abuja"
4 bedroom terraced duplex for rent,"₦15,000,000","Mabushi Main, Mabushi, Abuja"
4 bedroom semi-detached duplex for rent,"₦35,000,000","Amino Kano Crescent, Wuse 2, Abuja"
4 bedroom terraced duplex for rent,"₦10,000,000","Ebano Supermarket, Lokogoma District, Abuja"
3 bedroom flat / apartment for rent,"₦10,000,000","Jahi, Abuja"
4 bedroom detached duplex for rent,"₦15,000,000","Idu Industrial, Abuja"
4 bedroom semi-detached duplex for rent,"₦15,000,000","Gwarinpa, Abuja"
Plaza / complex / mall for rent,"₦5,000,000","Gwarinpa, Abuja"
1 bedroom flat / apartment for rent,"₦9,000,000","Maitama District, Abuja"
Office space for rent,"₦5,000,000","Airport Road, Lugbe District, Abuja"
Office space for rent,"₦2,000,000","Utako, Abuja"
4 bedroom terraced duplex for rent,"₦15,000,000","Guzape District, Abuja"
3 bedroom detached bungalow for rent,"₦17,000,000","Kado, Abuja"
4 bedroom terraced duplex for rent,"₦20,000,000","Jabi, Abuja"
Office space for rent,"₦1,912,500","Gudu, Abuja"
Plaza / complex / mall for rent,"₦3,825,000","Gude, Apo, Abuja"
4 bedroom house for rent,"₦15,000,000","Guzape District, Abuja"
5 bedroom detached duplex for rent,"₦10,000,000","In A Secured Estate By Redeemers Estate, Lugbe District, Abuja"
40 bedroom hotel / guest house for rent,"₦100,000,000","By American International School, Durumi, Abuja"
5 bedroom detached duplex for rent,"₦40,000,000","Guzape District, Abuja"
2 bedroom flat / apartment for rent,"₦6,000,000","Near Suncity, Duboyi, Abuja"
Self contain (single rooms) for rent,"₦800,000","Idu Industrial, Abuja"
Plaza / complex / mall for rent,"₦7,000,000","6th Avenue Gwarinpa, Gwarinpa, Abuja"
3 bedroom flat / apartment for rent,"₦25,000,000","Maitama District, Abuja"
2 bedroom flat / apartment for rent,"₦15,000,000","By Dunamis Church, Durumi, Abuja"
3 bedroom flat / apartment for rent,"₦10,000,000","Guzape District, Abuja"
2 bedroom flat / apartment for rent,"₦4,500,000","News Engineering, Dawaki, Gwarinpa, Abuja"
2 bedroom flat / apartment for rent,"₦18,000,000","Guzape District, Abuja"
3 bedroom flat / apartment for rent,"₦3,500,000","By Jedo Junction, Lugbe District, Abuja"
Conference / meeting / training room for rent,"₦200,000","Kumasi Crescent, Wuse 2, Abuja"
2 bedroom flat / apartment for rent,"₦7,000,000","Wuse 2, Abuja"
4 bedroom semi-detached duplex for rent,"₦25,000,000","Life Camp, Abuja"
3 bedroom flat / apartment for rent,"₦8,000,000","By Games Village, Kaura, Abuja"
3 bedroom flat / apartment for rent,"₦22,000,000","Asokoro District, Abuja"
4 bedroom terraced duplex for rent,"₦15,000,000","Gudu, By Cedarcrest Hospital), Apo, Abuja"
2 bedroom flat / apartment for rent,"₦25,000,000","Diplomatic Zone, Katampe Extension, Katampe, Abuja"
3 bedroom flat / apartment for rent,"₦17,000,000","Jabi, Abuja"
3 bedroom flat / apartment for rent,"₦18,000,000","By Eco Bank, Jabi, Abuja"
4 bedroom semi-detached duplex for rent,"₦180,000,000","Lokogoma District, Abuja"
2 bedroom flat / apartment for rent,"₦7,000,000","Life Camp, Abuja"
2 bedroom flat / apartment for rent,"₦7,000,000","Jabi, Abuja"
6 bedroom detached duplex for rent,"₦30,000,000","Katampe Extension, Katampe, Abuja"
2 bedroom flat / apartment for rent,"₦10,000,000","Mabushi, Abuja"
4 bedroom semi-detached duplex for rent,"₦6,000,000","Behind Dunamis, Lugbe District, Abuja"
2 bedroom flat / apartment for rent,"₦16,000,000","Fha, Guzape District, Abuja"
6 bedroom detached duplex for rent,"₦30,000,000","Fha, Guzape District, Abuja"
Office space for rent,"₦43,200,000","Ademola Adetumbo Crescent, Wuse 2, Abuja"
3 bedroom detached bungalow for rent,"₦2,500,000","Quarters Extension, Bwari, Abuja"
Office space for rent,"₦19,800,000","Ademola Adetumbo Crescent, Wuse 2, Abuja"
4 bedroom semi-detached duplex for rent,"₦20,000,000","Asokoro District, Abuja"
1 bedroom flat / apartment for rent,"₦9,000,000","Maitama District, Abuja"
2 bedroom flat / apartment for rent,"₦9,000,000","Guzape Main By Coza, Guzape District, Abuja"
2 bedroom flat / apartment for rent,"₦18,000,000","Area 11, Garki, Abuja"
3 bedroom flat / apartment for rent,"₦7,500,000","Close To Maitama, Katampe, Abuja"
4 bedroom detached duplex for rent,"₦20,000,000","Estate, Mbora (Nbora), Abuja"
1 bedroom mini flat (room and parlour) for rent,"₦1,500,000","Waterboard Byazhin, Kubwa, Abuja"
2 bedroom flat / apartment for rent,"₦3,000,000","Lugbe District, Abuja"
2 bedroom house for rent,"₦6,000,000","Area 11, Garki, Abuja"
Office space for rent,"₦30,000,000","Garki, Abuja"
4 bedroom terraced duplex for rent,"₦22,000,000","Diplomatic Zone., Katampe Extension, Katampe, Abuja"
4 bedroom terraced duplex for rent,"₦36,000,000","Maitama District, Abuja"
5 bedroom terraced duplex for rent,"₦20,000,000","Wuye, Abuja"
3 bedroom flat / apartment for rent,"₦35,000,000","Kado, Abuja"
Office space for rent,"₦150,000,000","Asokoro District, Abuja"
3 bedroom flat / apartment for rent,"₦14,000,000","By Efcc Office, Ademola Adetokunbo, Wuse 2, Abuja"
2 bedroom flat / apartment for rent,"₦6,000,000","Nnpc Estate, Lifecamp Extension 2., Life Camp, Abuja"
2 bedroom flat / apartment for rent,"₦6,000,000","Life Camp, Abuja"
2 bedroom flat / apartment for rent,"₦6,000,000","By Paradise Estate, Life Camp, Abuja"
5 bedroom semi-detached duplex for rent,"₦30,000,000","Asokoro District, Abuja"
4 bedroom terraced duplex for rent,"₦15,000,000","Katampe, Abuja"
3 bedroom flat / apartment for rent,"₦16,000,000","Jabi, Abuja"
Conference / meeting / training room for rent,"₦200,000","Kumasi Crescent, Wuse 2, Abuja"
4 bedroom terraced duplex for rent,"₦10,000,000","Galadimawa, Abuja"
2 bedroom flat / apartment for rent,"₦20,000,000","Utako, Abuja"
Hall for rent,"₦60,000,000","Life Camp, Abuja"
Event centre / venue for rent,"₦20,000,000","Area 8, Garki, Abuja"
Hall for rent,"₦50,000,000","Mabushi, Abuja"
Office space for rent,"₦75,000,000","Kado, Abuja"
3 bedroom flat / apartment for rent,"₦7,000,000","Area 3, Garki, Abuja"
5 bedroom detached duplex for rent,"₦35,000,000","Zone 5, Wuse, Abuja"
1 bedroom mini flat (room and parlour) for rent,"₦2,000,000","Close To Sunny Vale, Galadimawa, Abuja"
3 bedroom flat / apartment for rent,"₦4,500,000","Around Nnpc Estate, Life Camp, Abuja"
3 bedroom detached bungalow for rent,"₦5,000,000","Galadimawa, Abuja"
Self contain (single rooms) for rent,"₦850,000","Sunnyvale Axis, Lokogoma District, Abuja"
2 bedroom flat / apartment for rent,"₦2,200,000","Ushafa, Bwari, Abuja"
2 bedroom flat / apartment for rent,"₦6,500,000","Nut Axis, Lugbe District Airport Road Abuja, Lugbe District, Abuja"
Shop for rent,"₦10,000,000","Area 11, Garki, Abuja, Area 11, Garki, Abuja"
2 bedroom flat / apartment for rent,"₦9,000,000","Katampe (Main), Katampe, Abuja"
4 bedroom detached duplex for rent,"₦13,000,000","Apo/lokogoma Expressway., Apo, Abuja"
4 bedroom terraced duplex for rent,"₦20,000,000","Katampe Extension, Katampe, Abuja"
1 bedroom house for rent,"₦2,500,000","Lokogoma District, Abuja"
1 bedroom house for rent,"₦3,200,000","By Stella Maris School, Durumi, Abuja"
1 bedroom flat / apartment for rent,"₦6,000,000","Maitama District, Abuja"
4 bedroom detached bungalow for rent,"₦10,000,000","Galadimawa, Abuja"
12 bedroom hotel / guest house for rent,"₦45,000,000","Kukwaba, Abuja"
1 bedroom flat / apartment for rent,"₦2,500,000","FO1 Layout, Kubwa, Abuja"
Plaza / complex / mall for rent,"₦3,000,000","Gwarinpa, Abuja"
4 bedroom terraced duplex for rent,"₦30,000,000","Guzape District, Abuja"
3 bedroom terraced duplex for rent,"₦15,000,000","Jabi, Abuja"
3 bedroom flat / apartment for rent,"₦30,000,000","Jabi, Abuja"
3 bedroom flat / apartment for rent,"₦5,500,000","Nizamiye Hospital, Idu Industrial, Abuja"
2 bedroom flat / apartment for rent,"₦2,700,000","Phase 4, Kubwa, Abuja"
Self contain (single rooms) for rent,"₦1,500,000","By Polaris Bank, Life Camp, Abuja"
1 bedroom mini flat (room and parlour) for rent,"₦1,800,000","Along Von, Lugbe District, Abuja"
3 bedroom house for rent,"₦4,200,000","Kubwa, Abuja"
3 bedroom terraced duplex for rent,"₦8,500,000","Opposite Gwarinpa, Dawaki, Gwarinpa, Abuja"
2 bedroom flat / apartment for rent,"₦3,500,000","News Engineering, Dawaki, Gwarinpa, Abuja"
4 bedroom detached duplex for rent,"₦5,000,000","Lugbe District, Abuja"
1 bedroom flat / apartment for rent,"₦2,000,000","Karasana Extension, Gwarinpa, Abuja"
Self contain (single rooms) for rent,"₦2,000,000","Jabi, Abuja"
2 bedroom flat / apartment for rent,"₦4,000,000","By Stella Maris, Life Camp, Abuja"
Self contain (single rooms) for rent,"₦1,200,000","Cbn Estate, Garki, Abuja"
2 bedroom flat / apartment for rent,"₦4,000,000","Galadimawa, Abuja"
Conference / meeting / training room for rent,"₦200,000","Kumasi Crescent, Wuse 2, Abuja"
Self contain (single rooms) for rent,"₦1,200,000","Citec Estate Axis, Jabi, Abuja"
Self contain (single rooms) for rent,"₦1,200,000","Apo Resettlement, Apo, Abuja"
3 bedroom flat / apartment for rent,"₦10,000,000","Jahi, Abuja"
Plaza / complex / mall for rent,"₦40,000,000","Maitama Main, Maitama District, Abuja"
1 bedroom flat / apartment for rent,"₦2,500,000","Ochacho Axis, Life Camp, Abuja"
2 bedroom flat / apartment for rent,"₦4,500,000","Ochacho Axis., Life Camp, Abuja"
4 bedroom terraced duplex for rent,"₦30,000,000","Wuye, Abuja"
Office space for rent,"₦56,900","Tswanya Place, 1st Avenue, Gwarinpa, Abuja"
3 bedroom detached bungalow for rent,"₦11,000,000","Gwarinpa, Abuja"
1 bedroom flat / apartment for rent,"₦1,800,000","Golden Spring, Lokogoma District, Abuja"
3 bedroom flat / apartment for rent,"₦4,500,000","Idu By Nizamiye, Idu Industrial, Abuja"
Office space for rent,"₦406,900","Tswanya Place, 1st Avenue, Gwarinpa, Abuja"
Office space for rent,"₦406,900","Tswanya Place, 1st Avenue, Gwarinpa, Abuja"
Office space for rent,"₦145,900","Tswanya Place, 1st Avenue, Gwarinpa, Abuja"
Plaza / complex / mall for rent,"₦13,000,000","Arab Road, Kubwa, Abuja"
4 bedroom terraced duplex for rent,"₦13,000,000","Guzape District, Abuja"
4 bedroom terraced duplex for rent,"₦15,000,000","Guzape District, Abuja, Guzape District, Abuja"
3 bedroom flat / apartment for rent,"₦15,000,000","Jabi, Abuja"
4 bedroom terraced duplex for rent,"₦20,000,000","Wuye, Abuja"
5 bedroom detached duplex for rent,"₦25,000,000","Garki 2, Close To Old Cbn, Garki, Abuja"
1 bedroom flat / apartment for rent,"₦6,000,000","Maitama District, Abuja"
4 bedroom terraced duplex for rent,"₦20,000,000","Asokoro District, Abuja"
4 bedroom detached duplex for rent,"₦150,000,000","Asokoro, Asokoro District, Abuja"
5 bedroom semi-detached duplex for rent,"₦35,000,000","Wuse, Abuja"
6 bedroom detached duplex for rent,"₦180,000,000","Asokoro Main., Asokoro District, Abuja"
3 bedroom flat / apartment for rent,"₦5,500,000","Customs Area, Idu Industrial, Abuja"
4 bedroom terraced duplex for rent,"₦15,000,000","Los Angeles Mall Cum Varuna By The Good Beach, Mabushi, Abuja"
Plaza / complex / mall for rent,"₦87,500,000","Ademola Adetokunbo, Wuse 2, Abuja"
4 bedroom terraced duplex for rent,"₦13,000,000","Nile Street, Villa Nova Estate, Apo, Abuja"
Restaurant / bar for rent,"₦4,000,000","Garki, Abuja, Garki, Abuja"
2 bedroom flat / apartment for rent,"₦6,000,000","Asokoro, Asokoro District, Abuja"
3 bedroom flat / apartment for rent,"₦4,000,000","Brains And Hammers, Life Camp, Abuja"
4 bedroom terraced duplex for rent,"₦10,000,000","By Dakibyu, Wuye, Abuja"
4 bedroom terraced duplex for rent,"₦12,000,000","Guzape District, Abuja"
4 bedroom semi-detached duplex for rent,"₦13,000,000","Life Camp, Abuja"
4 bedroom detached duplex for rent,"₦15,000,000","Life Camp, Abuja"
6 bedroom detached duplex for rent,"₦25,000,000","Jabi, Abuja"
3 bedroom house for rent,"₦5,000,000","By Prince And Princess, Kaura, Abuja"
2 bedroom flat / apartment for rent,"₦3,500,000","FO1 Layout, Kubwa, Abuja"
Self contain (single rooms) for rent,"₦2,500,000","Katampe, Abuja"
Plaza / complex / mall for rent,"₦1,900,000","Gwarinpa, Abuja"
1 bedroom flat / apartment for rent,"₦6,000,000","Maitama District, Abuja"
30 bedroom flat / apartment for rent,"₦80,000,000","Wuse 2, Abuja"
Commercial land for rent,"₦4,000,000,000","Central Business District, Abuja"
Commercial property for rent,"₦16,500,000","4th Avenue, Gwarinpa, Abuja"
2 bedroom flat / apartment for rent,"₦6,000,000","After Brains And Hammers, Galadimawa, Abuja"
3 bedroom flat / apartment for rent,"₦10,000,000","Jahi, Abuja"
2 bedroom flat / apartment for rent,"₦8,000,000","Jahi, Abuja"
2 bedroom flat / apartment for rent,"₦5,000,000","6th Avenue, Gwarinpa, Abuja"
5 bedroom semi-detached duplex for rent,"₦25,000,000","Guzape Main, Near Coza, Guzape District, Abuja"
4 bedroom terraced duplex for rent,"₦40,000,000","Katampe Extension, Katampe, Abuja"
Commercial property for rent,"₦12,000,000","Jabi Airport, Life Camp, Abuja"
1 bedroom mini flat (room and parlour) for rent,"₦40,000,000","Maitama District, Abuja"
3 bedroom terraced duplex for rent,"₦18,000,000","Naf Valley Estate Asokoro, Asokoro District, Abuja"
3 bedroom terraced duplex for rent,"₦12,000,000","Asokoro District, Abuja"
2 bedroom flat / apartment for rent,"₦4,000,000","Fo1, Lugbe District, Abuja"
4 bedroom terraced duplex for rent,"₦5,500,000","Life Camp, Abuja"
1 bedroom flat / apartment for rent,"₦3,000,000","Durumi, Durumi, Abuja"
2 bedroom flat / apartment for rent,"₦6,000,000","Utako, Abuja"
4 bedroom terraced duplex for rent,"₦30,000,000","Guzape District, Abuja"
4 bedroom terraced duplex for rent,"₦6,500,000","Paradise 2, Life Camp, Abuja"
3 bedroom semi-detached duplex for rent,"₦20,000,000","Naf Valley Estate, Asokoro District, Abuja"
1 bedroom flat / apartment for rent,"₦6,000,000","Maitama District, Abuja"
1 bedroom detached bungalow for rent,"₦5,000,000","Naf Valley, Asokoro District, Abuja"
2 bedroom flat / apartment for rent,"₦3,000,000","Dawaki, Gwarinpa, Abuja"
4 bedroom terraced duplex for rent,"₦12,500,000","Fha, Guzape District, Abuja"
4 bedroom house for rent,"₦10,000,000","Gaduwa, Abuja"
4 bedroom house for rent,"₦15,000,000","By Living Faith, Katampe (Main), Katampe, Abuja"
4 bedroom terraced duplex for rent,"₦13,000,000","Guzape District, Abuja"
5 bedroom detached duplex for rent,"₦20,000,000","Jahi, Abuja"
2 bedroom flat / apartment for rent,"₦7,000,000","Guzape District, Abuja"
2 bedroom flat / apartment for rent,"₦12,000,000","Katampe Extension, Katampe, Abuja"
2 bedroom flat / apartment for rent,"₦9,000,000","Guzape District, Abuja"
5 bedroom detached duplex for rent,"₦35,000,000","Katampe (Main), Katampe, Abuja"
4 bedroom terraced duplex for rent,"₦20,000,000","Katampe Extension, Katampe, Abuja"
1 bedroom flat / apartment for rent,"₦2,000,000","Nizamiye, Idu Industrial, Abuja"
4 bedroom semi-detached duplex for rent,"₦25,000,000","Mabushi, Abuja"
4 bedroom terraced duplex for rent,"₦20,000,000","Jabi, Abuja"
8 bedroom detached duplex for rent,"₦40,000,000","Guzape District, Abuja"
2 bedroom flat / apartment for rent,"₦5,500,000","Garki Area 11, Garki, Abuja"
4 bedroom terraced duplex for rent,"₦6,000,000","Brains And Hammers City, Life Camp, Abuja"
Warehouse for rent,"₦30,000,000","Katampe-jahi Expressway, Katampe (Main), Katampe, Abuja"
4 bedroom semi-detached duplex for rent,"₦9,000,000","River Park Estate, Lugbe District, Abuja"
1 bedroom flat / apartment for rent,"₦9,000,000","Maitama District, Abuja"
4 bedroom terraced duplex for rent,"₦7,000,000","Braina And Hammers City Lifecamp, Life Camp, Abuja"
2 bedroom flat / apartment for rent,"₦25,000,000","Wuye, Abuja"
3 bedroom detached bungalow for rent,"₦5,000,000","Kurudu, Abuja"
4 bedroom semi-detached duplex for rent,"₦370,000,000","Mabushi, Abuja"
Restaurant / bar for rent,"₦38,000,000","Off Aminu Kano, Wuse 2, Abuja"
4 bedroom terraced duplex for rent,"₦15,000,000","David Ejor Street By Apo Legislative, Gudu, Abuja"
3 bedroom flat / apartment for rent,"₦8,000,000","Mabushi, Abuja"
5 bedroom terraced duplex for rent,"₦40,000,000","Off Ibb, Maitama District, Abuja"
Self contain (single rooms) for rent,"₦3,800,000","Asokoro District, Abuja"
5 bedroom detached duplex for rent,"₦20,000,000","Kado, Abuja"
4 bedroom semi-detached duplex for rent,"₦9,000,000","River Park Estate, Lugbe District, Abuja"
Self contain (single rooms) for rent,"₦1,500,000","Nizamiye Hospital, Idu Industrial, Abuja"
4 bedroom detached duplex for rent,"₦35,000,000","Jabi,abuja, Central Area Phase 2, Abuja"
Commercial property for rent,"₦300,000","Wuse 2, Abuja"
1 bedroom mini flat (room and parlour) for rent,"₦3,000,000","Jahi, Abuja"
3 bedroom house for rent,"₦25,000,000","Maitama District, Abuja"
Plaza / complex / mall for rent,"₦16,500,000","Gwarinpa, Abuja"
4 bedroom terraced duplex for rent,"₦8,000,000","Kaura District, Kaura, Abuja"
4 bedroom terraced duplex for rent,"₦6,000,000","Life Camp, Abuja"
3 bedroom flat / apartment for rent,"₦4,000,000","Life Camp, Abuja"
Conference / meeting / training room for rent,"₦200,000","Kumasi Crescent, Wuse 2, Abuja"
Office space for rent,"$300,000","Off Aminu Kano Crescent, Wuse 2, Abuja"
Restaurant / bar for rent,"₦30,000,000","Around Nitel Junction, Wuse 2, Abuja"
6 bedroom flat / apartment for rent,"₦160,000,000","Garki, Abuja"
4 bedroom terraced duplex for rent,"₦6,500,000","Apo Resettlement, Apo, Abuja"
3 bedroom terraced duplex for rent,"₦11,000,000","Jabi, Abuja"
5 bedroom detached duplex for rent,"₦6,500,000","Samuel Ige Street, Oakville Community Estate, Lugbe District, Abuja"
2 bedroom flat / apartment for rent,"₦7,000,000","Off Aminu Kano Crescent, Wuse 2, Abuja"
5 bedroom detached duplex for rent,"₦100,000,000","Maitama District, Abuja"
4 bedroom terraced duplex for rent,"₦6,500,000","Idu Industrial, Abuja"
2 bedroom flat / apartment for rent,"₦5,000,000","Apo Resettlement, Apo, Abuja"
2 bedroom flat / apartment for rent,"₦2,500,000","Pyakasa, Lugbe District, Abuja"
2 bedroom house for rent,"₦2,000,000","Aco Estate Phase 1, Lugbe District, Abuja"
2 bedroom flat / apartment for rent,"₦2,500,000","Aco, Lugbe District, Abuja"
Self contain (single rooms) for rent,"₦800,000","Aco Estate, Opposite Dunamis Church, Lugbe District, Abuja"
Self contain (single rooms) for rent,"₦1,000,000","Close To Old Mr Biggs, FHA (F.H.A), Lugbe District, Abuja"
4 bedroom terraced duplex for rent,"₦300,000,000","Kado, Abuja"
Plaza / complex / mall for rent,"₦10,000,000","Gwarinpa, Abuja"
2 bedroom flat / apartment for rent,"₦3,500,000","Apo Resettlement, Apo, Abuja"
4 bedroom terraced duplex for rent,"₦20,000,000","Katampe Extension, Katampe, Abuja"
4 bedroom detached duplex for rent,"₦6,500,000","By Kapwa Avenue, Lugbe Fha District, Airport Road, Lugbe District, Abuja"
Conference / meeting / training room for rent,"₦200,000","Kumasi Crescent, Wuse 2, Abuja"
2 bedroom flat / apartment for rent,"₦15,000,000","Off Aa Rano & Vio Field Office, Aya, Asokoro District, Abuja"
1 bedroom mini flat (room and parlour) for rent,"₦2,400,000","Jedo Estate Road, Lugbe District, Abuja"
9 bedroom detached duplex for rent,"₦150,000,000","Maitama District, Abuja"
4 bedroom terraced duplex for rent,"₦6,500,000","Apo Resettlement, Apo, Abuja"
Plaza / complex / mall for rent,"₦8,000,000","Life Camp, Abuja"
3 bedroom terraced duplex for rent,"₦11,000,000","Jabi, Abuja"
3 bedroom terraced duplex for rent,"₦11,000,000","Jabi, Abuja"
Commercial property for rent,"₦10,000,000","Asokoro District, Abuja"
Office space for rent,"₦250,000,000","Area 2, Garki, Abuja"
3 bedroom house for rent,"₦180,000,000","Area 11, Garki, Abuja"
8 bedroom semi-detached duplex for rent,"₦40,000,000","Area 11, Garki, Abuja"
5 bedroom semi-detached duplex for rent,"₦25,000,000","Kado, Abuja"
4 bedroom terraced duplex for rent,"₦23,000,000","Bellavue Estate, Life Camp, Abuja"
5 bedroom semi-detached duplex for rent,"₦15,000,000","Jabi, Abuja"
Warehouse for rent,"₦30,000,000","Off Katempe Jahi Main Road, Katampe, Abuja"
3 bedroom detached bungalow for rent,"₦5,000,000","Police Housing Estate, Kurudu, Abuja"
4 bedroom terraced duplex for rent,"₦15,000,000","Close To Coza, Guzape District, Abuja"
5 bedroom semi-detached duplex for rent,"₦20,000,000","Durumi, Abuja"
3 bedroom semi-detached duplex for rent,"₦7,500,000","Suncity Estate, Lokogoma District, Abuja"
1 bedroom flat / apartment for rent,"₦1,200,000","By Pengassan Estate, Lokogoma District, Abuja"
1 bedroom flat / apartment for rent,"₦6,000,000","Maitama District, Abuja"
3 bedroom flat / apartment for rent,"₦9,000,000","By Nnpc Estate, Wuye, Abuja"
4 bedroom detached duplex for rent,"₦50,000,000","Maitama District, Abuja"
2 bedroom flat / apartment for rent,"₦5,000,000","Godab, Life Camp, Abuja"
Self contain (single rooms) for rent,"₦3,000,000","Between Ecowas And Hmedix, Asokoro District, Abuja"
7 bedroom semi-detached duplex for rent,"₦30,000,000","Kado, Abuja"
1 bedroom flat / apartment for rent,"₦3,500,000","By American International School, Durumi, Abuja"
4 bedroom terraced duplex for rent,"₦10,000,000","Jahi, Abuja"
5 bedroom terraced duplex for rent,"₦15,000,000","Guzape District, Abuja"
1 bedroom flat / apartment for rent,"₦8,000,000","Villa, Asokoro District, Abuja"
4 bedroom terraced duplex for rent,"₦30,000,000","Main, Guzape District, Abuja"
4 bedroom terraced duplex for rent,"₦30,000,000","Guzape District, Abuja"
1 bedroom mini flat (room and parlour) for rent,"₦2,500,000","Nnpc Estate, Life Camp, Abuja"
2 bedroom flat / apartment for rent,"₦4,500,000","Nnpc Estate, Life Camp, Abuja"
2 bedroom flat / apartment for rent,"₦25,000,000","Wuye, Abuja"
4 bedroom terraced duplex for rent,"₦8,000,000","Turkish Hospital Nzamiye, Idu Industrial, Abuja"
Office space for rent,"₦15,000,000","Wuse, Abuja"
3 bedroom flat / apartment for rent,"₦20,000,000","Jahi, Abuja"
2 bedroom flat / apartment for rent,"₦6,000,000","Area 1, Garki, Abuja"
1 bedroom flat / apartment for rent,"₦5,000,000","By Godab, Life Camp, Abuja"
2 bedroom terraced duplex for rent,"₦7,000,000","By Stella Maris, Life Camp, Abuja"
1 bedroom flat / apartment for rent,"₦9,000,000","Maitama District, Abuja"
Shop for rent,"₦15,000,000","Wuse 2, Abuja"
3 bedroom semi-detached duplex for rent,"₦12,000,000","Wuye, Abuja"
1 bedroom mini flat (room and parlour) for rent,"₦5,000,000","Off Brains And Hammers Estate, Life Camp, Abuja"
5 bedroom terraced duplex for rent,"₦25,000,000","Wuse 2, Abuja"
3 bedroom house for rent,"₦20,000,000","Asokoro District, Abuja"
7 bedroom detached duplex for rent,"₦40,000,000","Wuse 2, Abuja"
1 bedroom flat / apartment for rent,"₦3,000,000","River Parks Estate, Lugbe District, Abuja"
3 bedroom detached bungalow for rent,"₦5,000,000","Prince And Princess Estate, Gudu, Abuja"
Mixed-use land for rent,"₦2,000,000,000","Kyami, Abuja"
Commercial land for rent,"₦15,000,000","Garki, Abuja"
5 bedroom house for rent,"₦80,000,000","Maitama District, Abuja"
5 bedroom house for rent,"₦80,000,000","Maitama District, Abuja"
2 bedroom flat / apartment for rent,"₦7,000,000","Lokogoma District, Abuja"
5 bedroom terraced duplex for rent,"₦20,000,000","Kado, Abuja"
3 bedroom flat / apartment for rent,"₦9,000,000","Jahi, Abuja"
1 bedroom mini flat (room and parlour) for rent,"₦2,850,000","Apo Resettlement, Apo, Abuja"
4 bedroom terraced duplex for rent,"₦20,000,000","Katampe Extension, Katampe, Abuja"
6 bedroom detached duplex for rent,"₦45,000,000","Wuse 2, Abuja"
Office space for rent,"₦16,000,000","Asba And Dantata, Old Road, Life Camp, Abuja"
Self contain (single rooms) for rent,"₦2,000,000","Guzape District, Abuja"
1 bedroom flat / apartment for rent,"₦9,000,000","Maitama District, Abuja"
Filling station for rent,"₦50,000,000","Gudu, Abuja"
Plaza / complex / mall for rent,"₦3,500,000","Gwarinpa, Abuja"
Plaza / complex / mall for rent,"₦3,500,000","Gwarinpa, Abuja"
4 bedroom terraced duplex for rent,"₦12,000,000","Federal Capital, Mabushi, Abuja"
6 bedroom detached duplex for rent,"₦80,000,000","Maitama District, Abuja"
6 bedroom detached duplex for rent,"₦80,000,000","Maitama District, Abuja"
4 bedroom detached duplex for rent,"₦15,000,000","Kings Park/royal Anchor Estate By Games Village, Kukwaba, Abuja"
2 bedroom flat / apartment for rent,"₦8,500,000","Kwame Nkrumah, Asokoro District, Abuja"
5 bedroom terraced duplex for rent,"₦18,000,000","Jahi, Abuja"
4 bedroom detached duplex for rent,"₦13,000,000","Lokogoma District, Abuja"
4 bedroom terraced duplex for rent,"₦25,000,000","By Police Station, Wuye District, Lugbe District, Abuja"
4 bedroom detached duplex for rent,"₦13,000,000","Lokogoma District, Abuja"
2 bedroom flat / apartment for rent,"₦3,500,000","Efab Estate, Lokogoma District, Abuja"
4 bedroom terraced duplex for rent,"₦20,000,000","Katampe Extension, Katampe, Abuja"
1 bedroom mini flat (room and parlour) for rent,"₦6,500,000","Aravalli Hills Apartments, Mabushi, Abuja"
4 bedroom detached duplex for rent,"₦7,000,000","Dakwo, Abuja"
3 bedroom flat / apartment for rent,"₦15,000,000","Wuse 2, Abuja"
2 bedroom flat / apartment for rent,"₦11,000,000","Mohammed Abba Gana, Guzape District, Abuja"
3 bedroom flat / apartment for rent,"₦10,000,000","Katampe Extension, Katampe, Abuja"
3 bedroom terraced duplex for rent,"₦7,000,000","Dakwo, Abuja"
1 bedroom flat / apartment for rent,"₦6,000,000","Maitama District, Abuja"
1 bedroom mini flat (room and parlour) for rent,"₦4,000,000","Gaduwa, Abuja"
Office space for rent,"₦150,000","Central Business District, Abuja"
Land for rent,"₦28,000,000","Central Business District, Abuja"
3 bedroom house for rent,"₦7,500,000","Wuye Main, Wuye, Abuja"
3 bedroom flat / apartment for rent,"₦7,000,000","Gwarimpa Main, Gwarinpa, Abuja"
1 bedroom house for rent,"₦1,700,000","Wuye, Abuja"
5 bedroom semi-detached duplex for rent,"₦15,000,000","Main Works And Housing, Gwarinpa, Abuja"
Self contain (single rooms) for rent,"₦1,000,000","Jubilation Comfort Court, Lokogoma District, Abuja"
Self contain (single rooms) for rent,"₦850,000","Behind Nigeria-ghana International School, After Berger Clinic, Life Camp, Abuja"
4 bedroom terraced duplex for rent,"₦28,000,000","By Zartech, Wuye, Abuja"
Commercial property for rent,"₦9,000,000","Wuse, Abuja"
1 bedroom mini flat (room and parlour) for rent,"₦1,800,000","Gwarinpa, Abuja"
5 bedroom detached duplex for rent,"₦150,000,000","Maitama District, Abuja"
Self contain (single rooms) for rent,"₦2,500,000","Wuye, Abuja"
2 bedroom flat / apartment for rent,"₦20,000,000","Asokoro District, Abuja"
4 bedroom flat / apartment for rent,"₦5,000,000","Area 1, Garki, Abuja"
Office space for rent,"₦20,000,000","Mabushi, Abuja"
Office space for rent,"₦2,200,000","By Finance Bridge, Central Business District, Abuja"
Self contain (single rooms) for rent,"₦2,000,000","Garki, Abuja"
4 bedroom terraced duplex for rent,"₦6,000,000","Idu Industrial, Abuja"
1 bedroom flat / apartment for rent,"₦9,000,000","Maitama District, Abuja"
1 bedroom flat / apartment for rent,"₦7,000,000","Katampe, Abuja"
2 bedroom flat / apartment for rent,"₦10,000,000","Close To Vio, Mabushi, Abuja"
2 bedroom flat / apartment for rent,"₦3,000,000","Phase 4, Kubwa, Abuja"
Self contain (single rooms) for rent,"₦1,500,000","Durumi, Abuja"
5 bedroom house for rent,"₦15,000,000","Mabushi, Katampe (Main), Katampe, Abuja"
Restaurant / bar for rent,"₦8,000,000","Amur Plaza, Mabushi, Abuja"
3 bedroom detached bungalow for rent,"₦6,000,000","Gaduwa, Abuja"
3 bedroom flat / apartment for rent,"₦5,500,000","Area 1 Axis., Durumi, Abuja"
2 bedroom flat / apartment for rent,"₦4,500,000","Durumi, Abuja"
4 bedroom terraced duplex for rent,"₦15,000,000","Wuye Main., Wuye, Abuja"
4 bedroom terraced duplex for rent,"₦10,000,000","Area 1 Axis, Durumi, Abuja"
4 bedroom detached duplex for rent,"₦10,000,000","Garki, Abuja"
4 bedroom terraced duplex for rent,"₦300,000,000","Wuye, Abuja"
1 bedroom mini flat (room and parlour) for rent,"₦1,650,000","Scc Axis, Ushafa, Bwari, Abuja"
2 bedroom house for rent,"₦9,000,000","Naf Valley Estate, Asokoro District, Abuja"
4 bedroom terraced duplex for rent,"₦12,000,000","By Coza, Guzape District, Abuja"
4 bedroom semi-detached duplex for rent,"₦14,000,000","River Park Estate, Lugbe District, Abuja"
5 bedroom detached duplex for rent,"₦20,000,000","Efab Metropolis, Gwarinpa, Abuja"
Office space for rent,"₦13,000,000","Guzape Mall, Guzape District, Abuja"
4 bedroom terraced duplex for rent,"₦12,000,000","Gudu, Abuja"
1 bedroom flat / apartment for rent,"₦6,000,000","Maitama District, Abuja"
5 bedroom semi-detached duplex for rent,"₦30,000,000","Mabushi, Abuja"
4 bedroom terraced duplex for rent,"₦10,000,000","Jahi, Abuja"
5 bedroom detached duplex for rent,"₦100,000,000","Maitama District, Abuja"
2 bedroom house for rent,"₦3,500,000","Military Pension Board, FO1 Layout, Kubwa, Abuja"
4 bedroom terraced duplex for rent,"₦18,000,000","Jahi, Abuja"
Office space for rent,"₦4,000,000","4th Avenue, Gwarinpa, Abuja"
2 bedroom flat / apartment for rent,"₦42,000,000","Jabi, Abuja"
3 bedroom flat / apartment for rent,"₦48,000,000","Jabi, Abuja"
3 bedroom flat / apartment for rent,"₦10,000,000","Jahi, Abuja"
2 bedroom flat / apartment for rent,"₦3,500,000","Zone E Extension Tarred Road, Apo Resettlement, Apo, Abuja"
3 bedroom flat / apartment for rent,"₦5,000,000","Galadimawa, Abuja"
5 bedroom detached duplex for rent,"₦13,000,000","By Copa Cubana, Lokogoma District, Abuja"
4 bedroom flat / apartment for rent,"₦25,000,000","Guzape District, Abuja"
2 bedroom flat / apartment for rent,"₦40,000,000","Kubwa, Abuja"
7 bedroom semi-detached duplex for rent,"₦20,000,000","Kado, Abuja"
2 bedroom flat / apartment for rent,"₦5,000,000","River Park Estate, Lugbe District, Abuja"
Plaza / complex / mall for rent,"₦10,000,000","Wuse, Abuja"
Plaza / complex / mall for rent,"₦8,000,000","Wuse 2, Abuja"
5 bedroom detached duplex for rent,"₦30,000,000","Wuye, Abuja"
4 bedroom terraced duplex for rent,"₦50,000,000","Maitama District, Abuja"
1 bedroom flat / apartment for rent,"₦9,000,000","Maitama District, Abuja"
4 bedroom terraced duplex for rent,"₦13,000,000","Gilmor, Jahi, Abuja"
4 bedroom terraced duplex for rent,"₦16,000,000","Katampe (Main), Katampe, Abuja"
5 bedroom detached duplex for rent,"₦15,000,000","By House On The Rock, Kaura, Abuja"
52 bedroom flat / apartment for rent,"$1,300,000","Asokoro District, Abuja"
1 bedroom flat / apartment for rent,"₦3,500,000","Off Cotonou Street, Zone 6, Wuse, Abuja"
4 bedroom terraced duplex for rent,"₦12,000,000","Life Camp, Abuja"
2 bedroom flat / apartment for rent,"₦6,500,000","Gilmore, Jahi, Abuja"
Office space for rent,"₦33,000,000","Wuse, Abuja"
4 bedroom terraced duplex for rent,"₦19,000,000","Main, Guzape District, Abuja"
Office space for rent,"₦2,000,000","Close To Icc World, Gwarinpa, Abuja"
Office space for rent,"₦1,500,000","Close To Icc World, Gwarinpa, Abuja"
Office space for rent,"₦2,000,000","1st Avenue, Gwarinpa, Abuja"
Office space for rent,"₦1,500,000","1st Avenue, Gwarinpa, Abuja"
Self contain (single rooms) for rent,"₦1,700,000","Wuse Zone, Wuse, Abuja"
4 bedroom terraced duplex for rent,"₦25,000,000","Fct Ministers Gate, Life Camp, Abuja"
Commercial property for rent,"₦25,000,000","Wuse 2, Abuja"
Office space for rent,"₦35,000,000","Wuse Ii, Wuse 2, Abuja"
Warehouse for rent,"₦30,000,000","Off Katampe - Jahi Main Road., Katampe, Abuja"
5 bedroom semi-detached duplex for rent,"₦30,000,000","Katampe, Abuja"
3 bedroom detached bungalow for rent,"₦25,000,000","Wuse 2, Abuja"
1 bedroom flat / apartment for rent,"₦9,000,000","Maitama District, Abuja"
4 bedroom terraced duplex for rent,"₦8,000,000","Gaduwa, Abuja"
1 bedroom flat / apartment for rent,"₦1,700,000","Area 2, Garki, Abuja"
3 bedroom flat / apartment for rent,"₦11,000,000","Katampe (Main), Katampe, Abuja"
5 bedroom detached duplex for rent,"₦15,000,000","Royal Anchor Estate, Garki, Abuja"
4 bedroom house for rent,"₦20,000,000","Guzape District, Abuja"
3 bedroom flat / apartment for rent,"₦6,000,000","Life Camp, Abuja"
5 bedroom detached duplex for rent,"₦100,000,000","Maitama 2, Maitama District, Abuja"
2 bedroom flat / apartment for rent,"₦8,500,000","Gilmore, Jahi, Abuja"
3 bedroom detached bungalow for rent,"₦5,000,000","By Shoprite, Apo, Abuja"
4 bedroom house for rent,"₦20,000,000","Guzape District, Abuja"
4 bedroom semi-detached duplex for rent,"₦25,000,000","Guzape District, Abuja"
4 bedroom house for rent,"₦50,000,000","Maitama District, Abuja"
3 bedroom flat / apartment for rent,"₦15,000,000","Guzape District, Abuja"
2 bedroom flat / apartment for rent,"₦6,000,000","Life Camp, Abuja"
4 bedroom house for rent,"₦20,000,000","Guzape District, Abuja"
5 bedroom house for rent,"₦35,000,000","Asokoro District, Abuja"
6 bedroom house for rent,"₦30,000,000","Asokoro District, Abuja"
5 bedroom detached duplex for rent,"₦50,000,000","Wuse 2, Abuja"
Office space for rent,"₦75,000","Along Next Cash And Carry Express Way, Kado, Abuja"
3 bedroom semi-detached bungalow for rent,"₦5,000,000","Sunnyvale Estate, Galadimawa, Abuja"
1 bedroom flat / apartment for rent,"₦9,000,000","Maitama District, Abuja"
Restaurant / bar for rent,"₦60,000,000","Wuse District, Wuse 2, Abuja"
2 bedroom flat / apartment for rent,"₦6,500,000","By American International School, Durumi, Abuja"
3 bedroom flat / apartment for rent,"₦7,000,000","Jabi, Abuja"
2 bedroom flat / apartment for rent,"₦6,000,000","Bilaad Estate Lifecamp, Kafe, Abuja"
Office space for rent,"₦50,720,000","Central Business District, Abuja"
4 bedroom terraced duplex for rent,"₦7,500,000","By American International School, Durumi, Abuja"
4 bedroom terraced duplex for rent,"₦10,000,000","Apo Legislative Quarters, Apo, Abuja"
2 bedroom flat / apartment for rent,"₦4,500,000","Idu Industrial, Abuja"
3 bedroom flat / apartment for rent,"₦8,000,000","Victoria Garden Estate, Mabushi, Abuja"
3 bedroom flat / apartment for rent,"₦15,000,000","Garki, Abuja"
1 bedroom mini flat (room and parlour) for rent,"₦2,500,000","Close To Dunamis Church, Lugbe District, Abuja"
Self contain (single rooms) for rent,"₦800,000","Kubwa, Abuja"
5 bedroom semi-detached duplex for rent,"₦20,000,000","Asokoro District, Abuja"
5 bedroom semi-detached duplex for rent,"₦55,000,000","Guzape Main, Guzape District, Abuja"
Plaza / complex / mall for rent,"₦150,000","Zone 5, Wuse, Abuja"
3 bedroom flat / apartment for rent,"₦23,000,000","Asokoro District, Abuja"
4 bedroom terraced duplex for rent,"₦16,000,000","Guzape District, Abuja"
24 bedroom hotel / guest house for rent,"₦160,000,000,000","Katampe Extension, Katampe, Abuja"
6 bedroom detached duplex for rent,"₦8,000,000","Lokogoma District, Abuja"
4 bedroom terraced duplex for rent,"₦16,000,000","Guzape District, Abuja"
Conference / meeting / training room for rent,"₦200,000","Kumasi Crescent, Wuse 2, Abuja"
4 bedroom house for rent,"₦30,000,000","Asokoro District, Abuja"
2 bedroom flat / apartment for rent,"₦3,000,000","Fcda, Kubwa, Abuja"
4 bedroom semi-detached duplex for rent,"₦8,000,000","Idu Industrial, Abuja"
12 bedroom detached duplex for rent,"₦70,000,000","Maitama, Maitama District, Abuja"
Commercial land for rent,"₦10,000,000","Central Business District, Abuja"
3 bedroom flat / apartment for rent,"₦13,000,000","By Efcc, Wuse 2, Abuja"
Restaurant / bar for rent,"₦3,000,000","Zone 3, Wuse, Abuja"
3 bedroom flat / apartment for rent,"₦7,000,000","Living Faith, Jahi, Abuja"
5 bedroom terraced duplex for rent,"₦30,000,000","Guzape Main, Guzape District, Abuja"
3 bedroom flat / apartment for rent,"₦10,000,000","Enl Estate, Guzape District, Abuja"
3 bedroom flat / apartment for rent,"₦10,000,000","Enl Estate, Guzape District, Abuja"
4 bedroom terraced duplex for rent,"₦50,000,000","Maitama District, Abuja"
4 bedroom terraced duplex for rent,"₦15,000,000","Life Camp, Abuja"
3 bedroom terraced duplex for rent,"₦20,000,000","Maitama District, Abuja"
2 bedroom flat / apartment for rent,"₦20,000,000","Wuse 2, Abuja"
Self contain (single rooms) for rent,"₦27,000,000","Ministers Hill, Maitama District, Abuja"
4 bedroom terraced duplex for rent,"₦15,500,000","Near Legislative, Apo, Abuja"
1 bedroom flat / apartment for rent,"₦7,000,000","Katampe, Abuja"
1 bedroom flat / apartment for rent,"₦7,000,000","Durumi, Abuja"
20 bedroom commercial property for rent,"₦60,000,000","Main, Asokoro District, Abuja"
Conference / meeting / training room for rent,"₦200,000","Kumasi Crescent, Wuse 2, Abuja"
1 bedroom mini flat (room and parlour) for rent,"₦2,000,000","Area1 Shopping Center, Garki, Abuja"
Self contain (single rooms) for rent,"₦2,000,000","By Zartech, Wuye, Abuja"
5 bedroom semi-detached duplex for rent,"₦15,000,000","Galadima, Gwarinpa, Abuja"
Self contain (single rooms) for rent,"₦350,000","Gra Gbessa Opposite Immigration Hq, Sauka Airport Road, Kyami, Abuja"
4 bedroom terraced duplex for rent,"₦15,000,000","Mobil Fillings Station Before Wuse 2, Mabushi, Abuja"
4 bedroom terraced duplex for rent,"₦13,000,000","Firstrut Estate, Katampe, Abuja"
3 bedroom flat / apartment for rent,"₦8,000,000","Apo Legislative Quarters Zone A, Apo, Abuja"
4 bedroom terraced duplex for rent,"₦10,000,000","6th Avenue After Charlie Boy, Gwarinpa, Abuja"
4 bedroom terraced duplex for rent,"₦25,000,000","Guzape District, Abuja"
4 bedroom semi-detached duplex for rent,"₦10,000,000","Open Gate Estate, Karmo, Abuja"
4 bedroom terraced duplex for rent,"₦15,000,000","Mabushi, Abuja"
2 bedroom flat / apartment for rent,"₦4,000,000","Berger Clinic, Life Camp, Abuja"
4 bedroom semi-detached duplex for rent,"₦20,000,000","Admiralty Estate, Asokoro District, Abuja"
6 bedroom detached duplex for rent,"₦45,000,000","Off Ademola Adetokunbo, Wuse 2, Abuja"
4 bedroom detached duplex for rent,"₦15,000,000","Gwarinpa, Abuja"
4 bedroom terraced duplex for rent,"₦15,000,000","Guzape District, Abuja"
4 bedroom semi-detached duplex for rent,"₦25,000,000","Wuse 2, Abuja"
4 bedroom terraced duplex for rent,"₦15,000,000","Life Camp, Abuja"
4 bedroom flat / apartment for rent,"₦15,000,000","Mabushi, Abuja"
3 bedroom flat / apartment for rent,"₦8,000,000","Katampe, Abuja"
Conference / meeting / training room for rent,"₦200,000","Kumasi Crescent, Wuse 2, Abuja"
Office space for rent,"₦37,800,000","Area 11, Garki, Abuja"
2 bedroom flat / apartment for rent,"₦6,500,000","Wuye, Abuja"
Office space for rent,"₦14,625,000","Mabushi, Abuja"
4 bedroom flat / apartment for rent,"₦8,000,000","Idu Industrial, Abuja"
3 bedroom flat / apartment for rent,"₦6,000,000","Idu Industrial, Abuja"
3 bedroom flat / apartment for rent,"₦6,000,000","Galadimawa, Abuja"
5 bedroom detached duplex for rent,"₦25,000,000","Katampe Extension, Katampe, Abuja"
2 bedroom flat / apartment for rent,"₦4,500,000","3rd Avenue, Gwarinpa, Abuja"
6 bedroom terraced duplex for rent,"₦40,000,000","Maitama District, Abuja"
2 bedroom flat / apartment for rent,"₦6,500,000","By American International School, Durumi, Abuja"
2 bedroom flat / apartment for rent,"₦4,500,000","By American International School, Durumi, Abuja"
2 bedroom flat / apartment for rent,"₦7,000,000","Guzape District, Abuja"
3 bedroom flat / apartment for rent,"₦10,000,000","Guzape District, Abuja"
4 bedroom terraced duplex for rent,"₦10,000,000","Life Camp, Abuja"
4 bedroom terraced duplex for rent,"₦9,000,000","Jahi, Abuja"
4 bedroom terraced duplex for rent,"₦9,000,000","Jahi, Abuja"
3 bedroom terraced duplex for rent,"₦7,000,000","Dakwo, Abuja"
3 bedroom terraced duplex for rent,"₦12,000,000","Jahi, Abuja"
2 bedroom detached duplex for rent,"₦5,000,000","Zone 3, Wuse, Abuja"
3 bedroom flat / apartment for rent,"₦7,000,000","Katampe (Main), Katampe, Abuja"
1 bedroom flat / apartment for rent,"₦6,000,000","Maitama District, Abuja"
4 bedroom semi-detached duplex for rent,"₦15,000,000","Gwarinpa, Abuja"
4 bedroom terraced duplex for rent,"₦18,000,000","Katampe (Main), Katampe, Abuja"
2 bedroom flat / apartment for rent,"₦4,500,000","Dawaki, Gwarinpa, Abuja"
5 bedroom detached duplex for rent,"₦100,000,000","Maitama Extension, Maitama District, Abuja"
4 bedroom terraced duplex for rent,"₦17,000,000","Wuye, Abuja"
3 bedroom house for rent,"₦6,500,000","FO1 Layout, Kubwa, Abuja"
2 bedroom flat / apartment for rent,"₦7,500,000","Zone 4, Wuse, Abuja"
3 bedroom flat / apartment for rent,"₦8,000,000","Guzape District, Abuja"
3 bedroom flat / apartment for rent,"₦7,000,000","Jahi, Abuja"
5 bedroom detached bungalow for rent,"₦15,000,000","Gwarinpa, Abuja"
4 bedroom semi-detached duplex for rent,"₦20,000,000","Life Camp, Abuja"
4 bedroom semi-detached duplex for rent,"₦15,000,000","Mabushi, Abuja"
5 bedroom semi-detached duplex for rent,"₦30,000,000","Katampe Extension, Katampe, Abuja"
4 bedroom terraced duplex for rent,"₦16,000,000","Katampe (Main), Katampe, Abuja"
3 bedroom flat / apartment for rent,"₦50,000,000","Wuse 2, Abuja"
3 bedroom flat / apartment for rent,"₦30,000,000","Maitama District, Abuja"
5 bedroom semi-detached duplex for rent,"₦13,000,000","Kubwa, Abuja"
3 bedroom house for rent,"₦5,500,000","Close To Nile University, Jabi, Abuja"
3 bedroom flat / apartment for rent,"₦13,000,000","Jahi Gilmore, Jahi, Abuja"
Self contain (single rooms) for rent,"₦2,500,000","Main, Katampe, Abuja"
Conference / meeting / training room for rent,"₦200,000","Kumasi Crescent, Wuse 2, Abuja"
1 bedroom mini flat (room and parlour) for rent,"₦1,500,000","Dawaki, Gwarinpa, Abuja"
5 bedroom detached duplex for rent,"₦25,000,000","Wuye Main, Wuye, Abuja"
4 bedroom terraced duplex for rent,"₦16,000,000","Jahi, Abuja"
Plaza / complex / mall for rent,"₦14,400,000","New Urban Shelter Mall, Guzape District, Abuja"
Office space for rent,"₦80,000","Jahi, Abuja"
Plaza / complex / mall for rent,"₦52,500,000","Utako, Abuja"
3 bedroom flat / apartment for rent,"₦6,000,000","Idu, Karmo, Abuja"
4 bedroom terraced duplex for rent,"₦15,000,000","Kado, Abuja"
3 bedroom flat / apartment for rent,"₦9,000,000","Wuye, Abuja"
4 bedroom flat / apartment for rent,"₦20,000,000","Asokoro District, Abuja"
6 bedroom detached duplex for rent,"₦15,000,000","Brains And Hammers Estate Apo Duste, Apo, Abuja"
Self contain (single rooms) for rent,"₦1,800,000","Suncity, Galadimawa, Abuja"
7 bedroom detached duplex for rent,"₦90,000,000","Maitama District, Abuja"
6 bedroom detached duplex for rent,"₦70,000,000","Asokoro District, Abuja"
6 bedroom detached duplex for rent,"₦180,000,000","Asokoro District, Abuja"
5 bedroom detached bungalow for rent,"₦20,000,000","Close To Brian's And Hammers, Gwarinpa, Abuja"
4 bedroom semi-detached duplex for rent,"₦30,000,000","Asokoro District, Abuja"
4 bedroom terraced duplex for rent,"₦15,000,000","Gilmore, Jahi, Abuja"
5 bedroom terraced duplex for rent,"₦15,000,000","Gilmore, Jahi, Abuja"
4 bedroom terraced duplex for rent,"₦15,000,000","Jahi, Abuja"
1 bedroom flat / apartment for rent,"₦6,000,000","Maitama District, Abuja"
3 bedroom flat / apartment for rent,"₦120,000,000","Wuse 2, Abuja"
3 bedroom flat / apartment for rent,"₦7,000,000","Kado, Abuja"
2 bedroom flat / apartment for rent,"₦4,500,000","Associated Estate, Karmo, Abuja"
3 bedroom flat / apartment for rent,"₦7,000,000","Gudu, Abuja"
3 bedroom flat / apartment for rent,"₦5,000,000","Durumi, Abuja"
5 bedroom detached duplex for rent,"₦25,000,000","Mabushi, Abuja"
4 bedroom flat / apartment for rent,"₦15,000,000","Kado, Abuja"
5 bedroom detached duplex for rent,"₦20,000,000","Jabi, Abuja"
3 bedroom flat / apartment for rent,"₦9,000,000","Wuye, Abuja"
3 bedroom terraced duplex for rent,"₦30,000,000","Asokoro District, Abuja"
Office space for rent,"₦2,000,000","Central Business District, Abuja"
3 bedroom flat / apartment for rent,"₦10,000,000","Mabushi, Abuja"
2 bedroom flat / apartment for rent,"₦20,000,000","Katampe Extension, Katampe, Abuja"
4 bedroom terraced duplex for rent,"₦30,000,000","Katampe Extension, Katampe, Abuja"
5 bedroom terraced duplex for rent,"₦15,000,000","Katampe, Abuja"
5 bedroom semi-detached duplex for rent,"₦25,000,000","Katampe Extension, Katampe, Abuja"
2 bedroom flat / apartment for rent,"₦4,500,000","River Park Estate, Lugbe District, Abuja"
4 bedroom semi-detached duplex for rent,"₦8,000,000","Aiben Estates, Nut Axis, Lugbe District, Abuja"
2 bedroom flat / apartment for rent,"₦20,000,000","By Dhq, Garki, Abuja"
6 bedroom detached duplex for rent,"₦70,000,000","Asokoro District, Abuja"
1 bedroom flat / apartment for rent,"₦9,000,000","Maitama District, Abuja"
4 bedroom terraced duplex for rent,"₦50,000,000","Maitama District, Abuja"
5 bedroom terraced duplex for rent,"₦25,000,000","Wuse, Abuja"
5 bedroom detached duplex for rent,"₦100,000,000","Maitama District, Abuja"
2 bedroom flat / apartment for rent,"₦5,000,000","Apo Legislative Quarters, Apo, Abuja"
4 bedroom terraced duplex for rent,"₦16,000,000","Katampe (Main), Katampe, Abuja"
2 bedroom flat / apartment for rent,"₦5,000,000","Apo Resettlement, Apo, Abuja"
4 bedroom semi-detached duplex for rent,"₦25,000,000","By Lois Edet House, Asokoro District, Abuja"
4 bedroom terraced duplex for rent,"₦7,000,000","By Games Village, Kaura, Abuja"
5 bedroom detached bungalow for rent,"₦250,000,000","Life Camp, Abuja"
4 bedroom terraced duplex for rent,"₦15,000,000","Guzape District, Abuja"
4 bedroom semi-detached duplex for rent,"₦10,000,000","Aso Radio, Katampe, Abuja"
4 bedroom semi-detached duplex for rent,"₦12,000,000","Dakibiyu, Abuja"
Plaza / complex / mall for rent,"₦13,520,000","Jahi, Abuja"
Restaurant / bar for rent,"₦10,000,000","Airport Junction, Jabi, Abuja"
2 bedroom flat / apartment for rent,"₦7,500,000","Utako, Abuja"
4 bedroom terraced duplex for rent,"₦8,000,000","Idu Industrial, Abuja"
Office space for rent,"₦12,000,000","Central Business District, Abuja"
2 bedroom terraced duplex for rent,"₦9,000,000","Guzape District, Abuja"
6 bedroom terraced duplex for rent,"₦75,000,000","Maitama District, Abuja"
Self contain (single rooms) for rent,"₦1,500,000","Zone B, Apo Resettlement, Apo, Abuja"
1 bedroom flat / apartment for rent,"₦6,000,000","Maitama District, Abuja"
1 bedroom mini flat (room and parlour) for rent,"₦3,000,000","Gudu, Abuja"
3 bedroom flat / apartment for rent,"₦7,000,000","Gudu, Abuja"
Plaza / complex / mall for rent,"₦4,500,000","Gwarinpa, Abuja"
4 bedroom semi-detached duplex for rent,"₦10,000,000","Karmo, Abuja"
5 bedroom terraced duplex for rent,"₦20,000,000","Wuye, Abuja"
4 bedroom semi-detached duplex for rent,"₦18,000,000","Guzape District, Abuja"
3 bedroom flat / apartment for rent,"₦8,000,000","Wuye, Abuja"
Self contain (single rooms) for rent,"₦2,000,000","Garki, Abuja"
3 bedroom terraced duplex for rent,"₦8,000,000","Naf Valley Estate, Asokoro District, Abuja"
4 bedroom detached bungalow for rent,"₦3,000,000","Lugbe District, Abuja"
Commercial land for rent,"₦25,000,000","Wuse 2, Abuja"
2 bedroom flat / apartment for rent,"₦4,500,000","Zone E Extension, Apo Resettlement, Apo, Abuja"
1 bedroom flat / apartment for rent,"₦2,500,000","Cbn, Durumi, Abuja"
3 bedroom flat / apartment for rent,"₦8,000,000","Behind Victoria Garden Estate, Mabushi, Abuja"
Self contain (single rooms) for rent,"₦1,000,000","64 Crescent, Gwarinpa, Abuja"
4 bedroom terraced duplex for rent,"₦15,000,000","After Nnpc, Guzape District, Abuja"
3 bedroom flat / apartment for rent,"₦9,000,000","By American International School, Durumi, Abuja"
4 bedroom terraced duplex for rent,"₦15,000,000","Guzape District, Abuja"
2 bedroom flat / apartment for rent,"₦4,500,000","By Dunamis Church, Area 1, Garki, Abuja"
Commercial property for rent,"₦200,000,000","Wuse 2, Abuja"
Conference / meeting / training room for rent,"₦200,000","Kumasi Crescent, Wuse 2, Abuja"
4 bedroom terraced duplex for rent,"₦25,000,000","Guzape District, Abuja"
Plaza / complex / mall for rent,"₦15,477,600","Amino Kano Crescent, Wuse 2, Abuja"
4 bedroom terraced duplex for rent,"₦15,000,000","Jabi, Abuja"
3 bedroom flat / apartment for rent,"₦20,000,000","Maitama Main, Maitama District, Abuja"
4 bedroom detached duplex for rent,"₦8,000,000","Police Estate, Galadimawa, Abuja"
Self contain (single rooms) for rent,"₦2,200,000","By Dantata Asba Estate Market Square Road, Life Camp, Abuja"
1 bedroom mini flat (room and parlour) for rent,"₦3,500,000","Life Camp, Abuja"
3 bedroom semi-detached duplex for rent,"₦10,000,000","Utako Main, Utako, Abuja"
4 bedroom terraced duplex for rent,"₦6,000,000","9, Shittu Mohammed Street, Apo Resettlement, Apo, Abuja"
5 bedroom terraced duplex for rent,"₦45,000,000","Maitama District, Abuja"
3 bedroom flat / apartment for rent,"₦5,000,000","Galadimawa, Abuja"
1 bedroom mini flat (room and parlour) for rent,"₦3,000,000","Naf Valley, Asokoro District, Abuja"
4 bedroom terraced duplex for rent,"₦15,000,000","Gwarinpa, Abuja"
6 bedroom detached duplex for rent,"₦70,000,000","Main Asokoro, Asokoro District, Abuja"
2 bedroom flat / apartment for rent,"₦4,500,000","Durumi, Abuja"
3 bedroom flat / apartment for rent,"₦5,000,000","By American International School, Durumi, Abuja"
4 bedroom terraced duplex for rent,"₦30,000,000","Asokoro District, Abuja"
4 bedroom terraced duplex for rent,"₦8,000,000","Karmo, Abuja"
3 bedroom flat / apartment for rent,"₦10,000,000","Mabushi, Abuja"
2 bedroom house for rent,"₦7,500,000","Admiralty Estate  [navy Estate], Asokoro District, Abuja"
1 bedroom flat / apartment for rent,"₦6,000,000","Maitama District, Abuja"
5 bedroom terraced duplex for rent,"₦28,000,000","Wuse, Abuja"
4 bedroom terraced duplex for rent,"₦15,000,000","Guzape District, Abuja"
Plaza / complex / mall for rent,"₦4,500,000","Gwarinpa, Abuja"
Plaza / complex / mall for rent,"₦4,000,000","Gwarinpa, Abuja"
1 bedroom mini flat (room and parlour) for rent,"₦4,500,000","Naf Valley, Asokoro District, Abuja"
1 bedroom flat / apartment for rent,"₦3,000,000","River Park Estate, Lugbe, Lugbe District, Abuja"
4 bedroom terraced duplex for rent,"₦12,000,000","By Living Faith, Jahi, Abuja"
Shop for rent,"₦19,800,000","Wuse 2, Abuja"
Office space for rent,"₦17,040,000","Gilmore, Jahi, Abuja"
5 bedroom detached duplex for rent,"₦60,000,000","Guzape District, Abuja"
4 bedroom detached duplex for rent,"₦10,000,000","Games Village, Kaura, Abuja"
3 bedroom flat / apartment for rent,"₦15,000,000","Guzape District, Abuja"
1 bedroom mini flat (room and parlour) for rent,"₦3,000,000","Cluster River Park Estate Airport Road, Lugbe District, Abuja"
5 bedroom terraced duplex for rent,"₦25,000,000","Wuse, Abuja"
5 bedroom flat / apartment for rent,"₦25,000,000","Wuse, Abuja"
3 bedroom terraced duplex for rent,"₦7,000,000","Mbora (Nbora), Abuja"
5 bedroom detached duplex for rent,"₦30,000,000","Mabushi, Abuja"
Self contain (single rooms) for rent,"₦2,200,000","Durumi, Abuja"
5 bedroom semi-detached duplex for rent,"₦12,000,000","Jabi, Abuja"
3 bedroom flat / apartment for rent,"₦9,000,000","Off Amino Kano, Wuse 2, Abuja"
1 bedroom flat / apartment for rent,"₦6,000,000","Maitama District, Abuja"
2 bedroom flat / apartment for rent,"₦20,000,000","Asokoro District, Abuja"
4 bedroom detached duplex for rent,"₦8,000,000","Nut Axis, Lugbe District, Abuja"
4 bedroom detached duplex for rent,"₦40,000,000","Gwarinpa, Abuja"
5 bedroom semi-detached duplex for rent,"₦19,000,000","Apo National Assembly Quarters, Apo, Abuja"
Commercial land for rent,"₦13,000,000","Area 8, Garki, Abuja"
4 bedroom terraced duplex for rent,"₦14,000,000","Gilmore, Jahi, Abuja"
4 bedroom terraced duplex for rent,"₦20,000,000","Diplomatic Zone, Katampe Extension, Katampe, Abuja"
5 bedroom terraced duplex for rent,"₦19,000,000","National Assembly Quaters, Apo Legislative Quaters, Apo, Abuja"
5 bedroom terraced duplex for rent,"₦20,000,000","Wuye, Abuja"
5 bedroom house for rent,"₦25,000,000","Maccido Royal Estate, Galadimawa, Abuja"
4 bedroom terraced duplex for rent,"₦15,000,000","Main, Guzape District, Abuja"
4 bedroom terraced duplex for rent,"₦15,000,000","Mabushi, Abuja"
4 bedroom semi-detached duplex for rent,"₦25,000,000","Wuse 2, Abuja"
5 bedroom terraced duplex for rent,"₦15,000,000","Mabushi, Abuja"
4 bedroom semi-detached duplex for rent,"₦6,500,000","After Sunny Vale Estate, Lokogoma District, Abuja"
8 bedroom house for rent,"₦20,000,000","Military Pension Board, FO1 Layout, Kubwa, Abuja"
3 bedroom house for rent,"₦3,500,000","F14, Kubwa, Abuja"
Self contain (single rooms) for rent,"₦2,000,000","Naf Valley, Asokoro District, Abuja"
4 bedroom terraced duplex for rent,"₦15,000,000","Jahi, Abuja"
5 bedroom terraced duplex for rent,"₦40,000,000","Maitama District, Abuja"
1 bedroom flat / apartment for rent,"₦9,000,000","Maitama District, Abuja"
5 bedroom terraced duplex for rent,"₦18,000,000","Jahi, Abuja"
4 bedroom detached bungalow for rent,"₦25,000,000","Guzape District, Abuja"
4 bedroom terraced duplex for rent,"₦12,000,000","Estate After Vio, Mabushi, Abuja"
6 bedroom detached duplex for rent,"₦65,000,000","Wuse Ii, Wuse 2, Abuja"
2 bedroom flat / apartment for rent,"₦4,500,000","Apo, Abuja"
2 bedroom flat / apartment for rent,"₦25,000,000","Aso Drive, Asokoro District, Abuja"
3 bedroom flat / apartment for rent,"₦15,000,000","Asokoro District, Abuja"
3 bedroom flat / apartment for rent,"₦7,500,000","Jahi, Abuja"
4 bedroom terraced duplex for rent,"₦15,000,000","Diplomatic Zone, Guzape District, Abuja"
5 bedroom terraced duplex for rent,"₦40,000,000","Maitama District, Abuja"
Shop for rent,"₦14,000,000","Wuse 2, Abuja"
3 bedroom terraced duplex for rent,"₦7,000,000","Area 2 Shopping Centre, Garki, Abuja"
4 bedroom terraced duplex for rent,"₦15,000,000","Guzape District, Abuja"
2 bedroom flat / apartment for rent,"₦5,500,000","Off 1st Avenue, Gwarinpa, Abuja"
1 bedroom mini flat (room and parlour) for rent,"₦5,000,000","Wuse, Abuja"
Office space for rent,"₦58,500","Tswanya Place, 1st Avenue, Gwarinpa, Abuja"
Office space for rent,"₦31,900","Tswanya Place, 1st Avenue, Gwarinpa, Abuja"
3 bedroom flat / apartment for rent,"₦17,000,000","Jabi, Abuja"
3 bedroom house for rent,"₦12,000,000","Jahi, Abuja"
2 bedroom flat / apartment for rent,"₦4,000,000","Gold City Estate, Nut, Lugbe District, Abuja"
1 bedroom flat / apartment for rent,"₦9,000,000","Maitama District, Abuja"
4 bedroom terraced duplex for rent,"₦15,000,000","Life Camp, Abuja"
4 bedroom terraced duplex for rent,"₦45,000,000","Maitama, Maitama District, Abuja"
2 bedroom flat / apartment for rent,"₦7,000,000","Guzape District, Abuja"
3 bedroom flat / apartment for rent,"₦15,000,000","Wuse 2, Abuja"
3 bedroom house for rent,"₦3,500,000","Arab Road, Kubwa, Abuja"
9 bedroom detached duplex for rent,"₦150,000,000","Off Ibb Way, Maitama District, Abuja"
3 bedroom flat / apartment for rent,"₦9,000,000","Durumi, Abuja"
Office space for rent,"₦15,000,000","Area 11, Garki, Abuja"
Office space for rent,"₦45,000,000","Maitama District, Abuja"
Office space for rent,"₦60,000,000","Central Area Phase 2, Abuja"
3 bedroom flat / apartment for rent,"₦10,000,000","Mabushi, Abuja"
Plaza / complex / mall for rent,"₦3,000,000","6th Avenue, H Medix, Gwarinpa, Abuja"
4 bedroom flat / apartment for rent,"₦25,000,000","Apo, Abuja"
Office space for rent,"₦35,000,000","Central Business District, Abuja"
4 bedroom terraced duplex for rent,"₦27,000,000","Life Camp, Abuja"
4 bedroom semi-detached duplex for rent,"₦25,000,000","Life Camp, Abuja"
4 bedroom terraced duplex for rent,"₦15,000,000","By Cedar Crest Hospital, Apo, Abuja"
3 bedroom detached bungalow for rent,"₦9,000,000","Suncity Estate, Galadimawa, Abuja"
15 bedroom hotel / guest house for rent,"₦40,000,000","Asokoro District, Abuja"
1 bedroom mini flat (room and parlour) for rent,"₦2,500,000","Gwarinpa, Abuja"
1 bedroom flat / apartment for rent,"₦9,000,000","Maitama District, Abuja"
5 bedroom terraced duplex for rent,"₦20,000,000","Kado, Abuja"
5 bedroom detached duplex for rent,"₦45,000,000","Wuye, Abuja"
4 bedroom semi-detached duplex for rent,"₦18,000,000","Mabushi, Abuja"
4 bedroom detached duplex for rent,"₦25,000,000","Katampe Extension, Katampe, Abuja"
4 bedroom semi-detached duplex for rent,"₦25,000,000","Guzape District, Abuja"
2 bedroom flat / apartment for rent,"₦4,000,000","Nut Axis, Lugbe District, Abuja"
2 bedroom flat / apartment for rent,"₦15,000,000","Main Guzape, Guzape District, Abuja"
3 bedroom flat / apartment for rent,"₦8,500,000","Gilmor, Jahi, Abuja"
20 bedroom commercial property for rent,"₦60,000,000","Asokoro District, Abuja"
3 bedroom flat / apartment for rent,"₦8,000,000","Asokoro District, Abuja"
4 bedroom terraced duplex for rent,"₦6,000,000","Gudu, Abuja"
Office space for rent,$200,"Central Business District, Abuja"
Office space for rent,$154,"Mabushi - Utako Expressway, Utako, Abuja"
3 bedroom flat / apartment for rent,"₦7,000,000","Gwarimpa Main, Gwarinpa, Abuja"
5 bedroom terraced duplex for rent,"₦10,000,000","Guzape District, Abuja"
4 bedroom semi-detached duplex for rent,"₦20,000,000","Asokoro District, Abuja"
2 bedroom detached bungalow for rent,"₦5,000,000","Galadimawa, Abuja"
4 bedroom terraced duplex for rent,"₦15,000,000","Guzape District, Abuja"
1 bedroom flat / apartment for rent,"₦3,000,000","Utako, Abuja"
Plaza / complex / mall for rent,"₦20,000,000","Gwarinpa, Abuja"
1 bedroom flat / apartment for rent,"₦6,000,000","Maitama District, Abuja"
Plaza / complex / mall for rent,"₦12,000,000","Gwarinpa, Abuja"
2 bedroom flat / apartment for rent,"₦10,000,000","Wuye, Abuja"
2 bedroom flat / apartment for rent,"₦6,000,000","Off Aminu Kano  Crescent, Wuse 2, Abuja"
3 bedroom terraced duplex for rent,"₦10,000,000","Dantata  Estate, Gwarinpa, Abuja"
2 bedroom detached bungalow for rent,"₦1,000,000","Kuje, Abuja"
Self contain (single rooms) for rent,"₦400,000","Zara, Kuje, Abuja"
3 bedroom flat / apartment for rent,"₦25,000,000","Usuma Street, Maitama District, Abuja"
Self contain (single rooms) for rent,"₦800,000","Fha, Lugbe District, Abuja"
4 bedroom terraced duplex for rent,"₦25,000,000","Asokoro District, Abuja"
4 bedroom detached duplex for rent,"₦40,000,000","Guzape District, Abuja"
4 bedroom detached duplex for rent,"₦15,000,000","By Games Village, Kukwaba, Abuja"
7 bedroom detached duplex for rent,"₦50,000,000","Asokoro District, Abuja"
7 bedroom detached duplex for rent,"₦80,000,000","Asokoro District, Abuja"
5 bedroom detached duplex for rent,"₦45,000,000","Wuye, Abuja"
4 bedroom terraced duplex for rent,"₦12,000,000","Katampe (Main), Katampe, Abuja"
3 bedroom flat / apartment for rent,"₦12,000,000","Wuse 2, Abuja"
3 bedroom flat / apartment for rent,"₦25,000,000","Maitama District, Abuja"
Office space for rent,"₦5,000,000","Gilmor, Jahi, Abuja"
Office space for rent,"₦1,200,000","Gilmor, Jahi, Abuja"
5 bedroom terraced duplex for rent,"₦25,000,000","Life Camp, Abuja"
1 bedroom flat / apartment for rent,"₦6,000,000","Maitama District, Abuja"
2 bedroom flat / apartment for rent,"₦2,700,000","Scc Road, Ushafa, Bwari, Abuja"
3 bedroom semi-detached duplex for rent,"₦7,000,000","Life Camp, Abuja"
2 bedroom flat / apartment for rent,"₦7,000,000","Guzape District, Abuja"
5 bedroom terraced duplex for rent,"₦20,000,000","Kado, Abuja"
4 bedroom terraced duplex for rent,"₦20,000,000","Katampe Extension, Katampe, Abuja"
Self contain (single rooms) for rent,"₦500,000","Kuje, Abuja"
Self contain (single rooms) for rent,"₦300,000","Around Christian Cemetery, Lanto Road, Kuje, Abuja"
Office space for rent,"₦5,000,000","Gilmore, Jahi, Abuja"
3 bedroom flat / apartment for rent,"₦8,000,000","Gudu, Abuja"
2 bedroom flat / apartment for rent,"₦5,000,000","Jahi, Abuja"
4 bedroom terraced duplex for rent,"₦16,000,000","Guzape District, Abuja"
Office space for rent,"₦320,000,000","Wuse 2, Abuja"
2 bedroom flat / apartment for rent,"₦5,000,000","Ochacho Axis, Life Camp, Abuja"
4 bedroom terraced duplex for rent,"₦12,000,000","Area 3, Garki, Abuja"
4 bedroom semi-detached duplex for rent,"₦40,000,000","Guzape District, Abuja"
2 bedroom flat / apartment for rent,"₦17,000,000","Wuse 2, Abuja"
4 bedroom semi-detached duplex for rent,"₦10,000,000","Karsana, Abuja"
5 bedroom detached duplex for rent,"₦25,000,000","Maitama District, Abuja"
3 bedroom detached bungalow for rent,"₦18,000,000","Phase 1, Kado Estate, Kado, Abuja"
3 bedroom flat / apartment for rent,"₦6,000,000","Jahi, Abuja"
Conference / meeting / training room for rent,"₦200,000","Kumasi Crescent, Wuse 2, Abuja"
6 bedroom detached duplex for rent,"₦50,000,000","Main, Guzape District, Abuja"
6 bedroom detached duplex for rent,"₦40,000,000","Wuye, Abuja"
4 bedroom detached duplex for rent,"₦15,000,000","Asokoro District, Abuja"
4 bedroom detached duplex for rent,"₦35,000,000","Guzape District, Abuja"
2 bedroom terraced duplex for rent,"₦6,000,000","Area 8, Garki, Abuja"
4 bedroom semi-detached duplex for rent,"₦15,000,000","Apo Legislative Quarters, Apo, Abuja"
3 bedroom flat / apartment for rent,"₦13,000,000","By Ademola Adetokunbo, Wuse 2, Abuja"
3 bedroom flat / apartment for rent,"₦5,000,000","Nut Opposite River Park, Lugbe District, Abuja"
4 bedroom semi-detached duplex for rent,"₦25,000,000","Kado, Abuja"
Self contain (single rooms) for rent,"₦2,200,000","Apo Legislative Quarters, Apo, Abuja"
5 bedroom detached duplex for rent,"₦35,000,000","Guzape District, Abuja"
4 bedroom terraced duplex for rent,"₦8,000,000","Opposite Shell Cooperative Estate, Gaduwa, Abuja"
4 bedroom terraced duplex for rent,"₦12,000,000","By Gaat Schools, Gaduwa, Abuja"
3 bedroom flat / apartment for rent,"₦17,000,000","Off Aminu Kano, Wuse 2, Abuja"
2 bedroom flat / apartment for rent,"₦6,000,000","Nnpc Estate, Life Camp, Abuja"
4 bedroom terraced duplex for rent,"₦35,000,000","Maitama District, Abuja"
4 bedroom semi-detached duplex for rent,"₦40,000,000","Guzape District, Abuja"
4 bedroom terraced duplex for rent,"₦25,000,000","Guzape District, Abuja"
Plaza / complex / mall for rent,"₦3,010,000","Gwarinpa, Abuja"
4 bedroom terraced duplex for rent,"₦8,000,000","Dawaki, Gwarinpa, Abuja"
Conference / meeting / training room for rent,"₦200,000","Kumasi Crescent, Wuse 2, Abuja"
3 bedroom flat / apartment for rent,"₦40,000,000","Maitama District, Abuja"
Office space for rent,"₦6,000,000","Wuse 2, Abuja"
1 bedroom mini flat (room and parlour) for rent,"₦9,000,000","Utako, Abuja"
5 bedroom detached duplex for rent,"₦150,000,000","Maitama District, Abuja"
3 bedroom terraced duplex for rent,"₦12,000,000","Mabushi, Abuja"
3 bedroom flat / apartment for rent,"₦12,000,000","Guzape Main, Guzape District, Abuja"
4 bedroom terraced duplex for rent,"₦15,000,000","Guzape Main, Guzape District, Abuja"
3 bedroom flat / apartment for rent,"₦9,000,000","Gilmore, Jahi, Abuja"
4 bedroom terraced duplex for rent,"₦15,000,000","Jabi, Abuja"
4 bedroom terraced duplex for rent,"₦11,000,000","Katampe, Abuja"
4 bedroom terraced duplex for rent,"₦15,000,000","Guzape District, Abuja"
4 bedroom semi-detached duplex for rent,"₦10,000,000","Von Axis, Airport Road, Lugbe District, Abuja"
4 bedroom terraced duplex for rent,"₦13,000,000","Mabushi, Abuja"
2 bedroom semi-detached duplex for rent,"₦5,500,000","Lokogoma District, Abuja"
Office space for rent,"₦13,000,000","Behind Wema Bank, Central Business District, Abuja"
Restaurant / bar for rent,"₦25,000,000","Heart Of Wuse Ii, Wuse 2, Abuja"
4 bedroom detached duplex for rent,"₦8,500,000","Dakwo, Abuja"
4 bedroom semi-detached duplex for rent,"₦12,000,000","Utako, Abuja"
2 bedroom flat / apartment for rent,"₦13,000,000","Wuye, Abuja"
4 bedroom terraced duplex for rent,"₦15,000,000","Jahi, Abuja"
Conference / meeting / training room for rent,"₦200,000","Kumasi Crescent, Wuse 2, Abuja"
5 bedroom terraced duplex for rent,"₦25,000,000","Wuye, Abuja"
5 bedroom terraced duplex for rent,"₦20,000,000","Wuye, Abuja"
5 bedroom detached duplex for rent,"₦40,000,000","Wuse 2, Abuja"
5 bedroom house for rent,"₦45,000,000","Maitama District, Abuja"
3 bedroom flat / apartment for rent,"₦6,500,000","Katampe (Main), Katampe, Abuja"
2 bedroom flat / apartment for rent,"₦16,000,000","Guzape District, Abuja"
5 bedroom detached duplex for rent,"₦30,000,000","Katampe Extension, Katampe, Abuja"
3 bedroom terraced duplex for rent,"₦10,000,000","Rockvale Manors Estate, Apo, Abuja"
3 bedroom flat / apartment for rent,"₦8,000,000","Games Village, Kaura, Abuja"
4 bedroom terraced duplex for rent,"₦8,500,000","Galadimawa, Abuja"
3 bedroom flat / apartment for rent,"₦10,000,000","Apo-nepa By Aa Rano, Apo, Abuja"
7 bedroom detached duplex for rent,"₦130,000,000","Asokoro District, Abuja"
2 bedroom flat / apartment for rent,"₦7,000,000","Kaura, Abuja"
3 bedroom flat / apartment for rent,"₦30,000,000","Guzape District, Abuja"
2 bedroom flat / apartment for rent,"₦4,000,000","News Engineering, Dawaki, Gwarinpa, Abuja"
1 bedroom mini flat (room and parlour) for rent,"₦3,000,000","News Engineering, Dawaki, Gwarinpa, Abuja"
5 bedroom detached duplex for rent,"₦35,000,000","Guzape District, Abuja"
3 bedroom flat / apartment for rent,"₦8,500,000","Airport Junction, Jabi, Abuja"
2 bedroom flat / apartment for rent,"₦7,000,000","Airport Junction, Jabi, Abuja"
3 bedroom terraced duplex for rent,"₦7,500,000","Bello Kirfi Crescent, Idu Industrial, Abuja"
Conference / meeting / training room for rent,"₦200,000","Kumasi Crescent, Wuse 2, Abuja"
3 bedroom flat / apartment for rent,"₦4,000,000","Von Axis, Lugbe District, Abuja"
4 bedroom terraced duplex for rent,"₦7,500,000","By Chida Hotel, Jabi, Abuja"
4 bedroom terraced duplex for rent,"₦12,000,000","Mobil Fillings Station, Mabushi, Abuja"
5 bedroom terraced duplex for rent,"₦20,000,000","By Vio Office, Mabushi, Abuja"
5 bedroom terraced duplex for rent,"₦25,000,000","Off Ceder Crest Road, Gudu, Abuja"
3 bedroom detached bungalow for rent,"₦2,000,000","Gra Gbessa Opposite Immigration Hq Sauka, Kyami, Abuja"
2 bedroom flat / apartment for rent,"₦6,000,000","By American Intâl School, Durumi, Abuja"
18 bedroom flat / apartment for rent,"₦75,000,000","Jahi, Abuja"
4 bedroom terraced duplex for rent,"₦16,000,000","Guzape District, Abuja"
3 bedroom flat / apartment for rent,"₦22,000,000","Agulu Lake/wikki Springs, Maitama District, Abuja"
3 bedroom flat / apartment for rent,"₦35,000,000","Asokoro District, Abuja"
3 bedroom flat / apartment for rent,"₦9,000,000","By Gilmore, Jahi, Abuja"
Office space for rent,"₦4,300,000","Gudu, Abuja"
4 bedroom terraced duplex for rent,"₦12,000,000","Gilmore, Jahi, Abuja"
4 bedroom terraced duplex for rent,"₦15,000,000","Jahi, Abuja"
4 bedroom terraced duplex for rent,"₦12,000,000","Garki, Abuja"
Shop for rent,"₦3,500,000","Gwarinpa, Abuja"
Plaza / complex / mall for rent,"₦35,000,000","Central Business District, Abuja"
5 bedroom semi-detached duplex for rent,"₦60,000,000","Maitama District, Abuja"
5 bedroom semi-detached duplex for rent,"₦30,000,000","Utako, Abuja"
1 bedroom flat / apartment for rent,"₦9,000,000","Maitama District, Abuja"
5 bedroom semi-detached duplex for rent,"₦30,000,000","Utako, Abuja"
4 bedroom house for rent,"₦25,000,000","Wuye, Abuja"
Office space for rent,"₦323,400,000","Wuse 2, Abuja"
7 bedroom detached duplex for rent,"₦70,000,000","Main Asokoro, Asokoro District, Abuja"
4 bedroom terraced duplex for rent,"₦11,000,000","Gwarinpa, Abuja"
5 bedroom detached duplex for rent,"₦35,000,000","Wuye District, Wuye, Abuja"
4 bedroom terraced duplex for rent,"₦5,000,000","Federal Housing Authority Bridge, Karsana, Abuja"
5 bedroom semi-detached duplex for rent,"₦20,000,000","Wuse 2, Abuja"
4 bedroom terraced duplex for rent,"₦15,000,000","Guzape Main, Guzape District, Abuja"
3 bedroom flat / apartment for rent,"₦4,000,000","Paradise Estate Axis., Life Camp, Abuja"
3 bedroom flat / apartment for rent,"₦35,000,000","Maitama District, Abuja"
4 bedroom terraced duplex for rent,"₦12,000,000","Gaat School., Gaduwa, Abuja"
3 bedroom flat / apartment for rent,"₦75,000,000","Jahi, Abuja"
Self contain (single rooms) for rent,"₦1,500,000","Galadimawa, Abuja"
5 bedroom terraced duplex for rent,"₦15,000,000","Jahi, Abuja"
4 bedroom terraced duplex for rent,"₦50,000,000","Maitama District, Abuja"
Plaza / complex / mall for rent,"₦1,500,000","6th Avenue, Gwarinpa, Abuja"
3 bedroom house for rent,"₦8,000,000","Gilmore, Jahi, Abuja"
Plaza / complex / mall for rent,"₦6,000,000","6th Avenue Gwarinpa, Gwarinpa, Abuja"
Plaza / complex / mall for rent,"₦6,000,000","6th Avenue, Gwarinpa, Abuja"
Conference / meeting / training room for rent,"₦200,000","Kumasi Crescent, Wuse 2, Abuja"
5 bedroom semi-detached duplex for rent,"₦30,000,000","Wuye, Abuja"
5 bedroom semi-detached duplex for rent,"₦13,000,000","Gwarinpa, Abuja"
3 bedroom terraced duplex for rent,"₦9,000,000","Brookshore Estate, Karsana, Abuja"
4 bedroom terraced duplex for rent,"₦10,000,000","Gwarinpa, Abuja"
3 bedroom terraced duplex for rent,"₦9,000,000","Off 3rd Avenue, Gwarinpa, Abuja"
3 bedroom house for rent,"₦5,000,000","Brains And Hammer Estate, Life Camp, Abuja"
3 bedroom house for rent,"₦5,500,000","1st Avenue, Gwarinpa, Abuja"
2 bedroom house for rent,"₦5,000,000","Jahi, Abuja"
2 bedroom semi-detached bungalow for rent,"₦4,000,000","Brains And Hammer Estate, Life Camp, Abuja"
2 bedroom house for rent,"₦5,500,000","Dantata Estate, Gwarinpa, Abuja"
2 bedroom semi-detached bungalow for rent,"₦4,000,000","Brains And Hammers Estate, Life Camp, Abuja"
1 bedroom mini flat (room and parlour) for rent,"₦3,300,000","By Berger Clinic, Life Camp, Abuja"
1 bedroom mini flat (room and parlour) for rent,"₦4,000,000","4th Avenue, Gwarinpa, Abuja"
1 bedroom mini flat (room and parlour) for rent,"₦3,000,000","Mareng Estate, Kafe, Abuja"
Self contain (single rooms) for rent,"₦1,700,000","Off 3rd Avenue, Gwarinpa, Abuja"
Self contain (single rooms) for rent,"₦1,300,000","City Of David, Kafe, Abuja"
2 bedroom semi-detached bungalow for rent,"₦5,000,000","Off 3rd Avenue, Gwarinpa, Abuja"
Office space for rent,"₦7,000,000","Obi Cubana's Residence (coza), Guzape District, Abuja"
1 bedroom mini flat (room and parlour) for rent,"₦12,000,000","Area 1 Axis., Durumi, Abuja"
3 bedroom flat / apartment for rent,"₦9,000,000","Durumi, Abuja"
1 bedroom flat / apartment for rent,"₦6,000,000","Maitama District, Abuja"
4 bedroom terraced duplex for rent,"₦15,000,000","Durumi, Abuja"
2 bedroom flat / apartment for rent,"₦12,000,000","Off Amino Kano, Wuse 2, Abuja"
2 bedroom house for rent,"₦10,000,000","Gilmore, Jahi, Abuja"
2 bedroom flat / apartment for rent,"₦3,000,000","By Dunamis, Lugbe District, Abuja"
5 bedroom detached duplex for rent,"₦30,000,000","Katampe Extension, Katampe, Abuja"
1 bedroom hotel / guest house for rent,"₦150,000,000","Katampe Extension, Katampe, Abuja"
4 bedroom terraced duplex for rent,"₦12,000,000","Mabushi, Abuja"
5 bedroom detached duplex for rent,"$90,000","Asokoro District, Abuja"
2 bedroom flat / apartment for rent,"₦15,000,000","Gwarinpa District, Gwarinpa, Abuja"
5 bedroom detached duplex for rent,"₦75,000,000","Guzape District, Abuja"
4 bedroom terraced duplex for rent,"₦15,000,000","Area 2, Garki, Abuja"
3 bedroom house for rent,"₦12,000,000","Fha, Guzape District, Abuja"
5 bedroom detached duplex for rent,"₦80,000,000","Guzape District, Abuja"
3 bedroom semi-detached duplex for rent,"₦20,000,000","Naf Valley Estate, Asokoro District, Abuja"
4 bedroom terraced duplex for rent,"₦15,000,000","Guzape District, Abuja"
Office space for rent,"₦15,000,000","Airport Road, Lugbe District, Abuja"
Office space for rent,"₦23,000,000","Airport Road, Lugbe District, Abuja"
Plaza / complex / mall for rent,"₦170,000,000","Maitama District, Abuja"
4 bedroom terraced duplex for rent,"₦25,000,000","Main Asokoro, Asokoro District, Abuja"
2 bedroom flat / apartment for rent,"₦12,000,000","Gilmore, Jahi, Abuja"
1 bedroom flat / apartment for rent,"₦9,000,000","Maitama District, Abuja"
Office space for rent,"₦30,000,000","Wuse, Abuja"
5 bedroom semi-detached duplex for rent,"₦15,000,000","Garki, Abuja"
6 bedroom detached duplex for rent,"₦35,000,000","Main, Gwarinpa, Abuja"
4 bedroom detached duplex for rent,"₦7,000,000","Von Axis, Lugbe District, Abuja"
2 bedroom flat / apartment for rent,"₦20,000,000","Katampe Extension, Katampe, Abuja"
5 bedroom terraced duplex for rent,"₦25,000,000","Asokoro District, Abuja"
5 bedroom detached duplex for rent,"₦25,000,000","Main Asokoro, Asokoro District, Abuja"
2 bedroom flat / apartment for rent,"₦13,000,000","Wuye, Abuja"
3 bedroom flat / apartment for rent,"₦12,000,000","Adetokunbo Ademola Crescent, Wuse 2, Abuja"
Shop for rent,"₦10,000,000","By Bannex, Wuse 2, Abuja"
2 bedroom house for rent,"₦6,000,000","Utako, Abuja"
5 bedroom semi-detached duplex for rent,"₦35,000,000","Wuye, Abuja"
5 bedroom detached duplex for rent,"₦7,000,000","Mab Global Estate, Idu Industrial, Abuja"
4 bedroom terraced duplex for rent,"₦13,000,000","By Nnpc, Guzape District, Abuja"
3 bedroom detached bungalow for rent,"₦10,000,000","Prince And Princess Estate, Gudu, Abuja"
4 bedroom terraced duplex for rent,"₦35,000,000","Guzape District, Abuja"
4 bedroom terraced duplex for rent,"₦30,000,000","Maitama District, Abuja"
3 bedroom flat / apartment for rent,"₦8,000,000","By Zoological Garden, In A Cool & Serene Environment., Area 1, Garki, Abuja"
4 bedroom semi-detached duplex for rent,"₦10,000,000","Idu Industrial, Abuja"
3 bedroom terraced duplex for rent,"₦10,000,000","Rockvale Manor Estate, Apo, Abuja"
1 bedroom flat / apartment for rent,"₦9,000,000","Maitama District, Abuja"
4 bedroom terraced duplex for rent,"₦25,000,000","Katampe Extension, Katampe, Abuja"
3 bedroom flat / apartment for rent,"₦7,000,000","Wuye Main, Wuye, Abuja"
2 bedroom flat / apartment for rent,"₦3,500,000","Nut Axis Opposite River Park, Lugbe District, Abuja"
2 bedroom flat / apartment for rent,"₦10,000,000","3rd Avenue, Gwarinpa, Abuja"
5 bedroom terraced duplex for rent,"₦25,000,000","Life Camp, Abuja"
4 bedroom terraced duplex for rent,"₦30,000,000","Maitama Main, Maitama District, Abuja"
5 bedroom detached duplex for rent,"₦50,000,000","Maitama District, Abuja"
5 bedroom flat / apartment for rent,"₦17,000,000","Guzape District, Abuja"
Office space for rent,"₦150,000","Zone 5, Wuse, Abuja"
2 bedroom semi-detached bungalow for rent,"₦2,000,000","Liberty Junction, Kubwa, Abuja"
1 bedroom mini flat (room and parlour) for rent,"₦2,500,000","Dawaki, Gwarinpa, Abuja"
4 bedroom terraced duplex for rent,"₦30,000,000","Asokoro District, Abuja"
2 bedroom flat / apartment for rent,"₦3,000,000","Dawaki, Gwarinpa, Abuja"
Office space for rent,"₦250,000","Wuse 2, Abuja"
2 bedroom flat / apartment for rent,"₦6,000,000","Dawaki, Gwarinpa, Abuja"
4 bedroom terraced duplex for rent,"$40,000","Off Yoruba Mosque, Maitama District, Abuja"
3 bedroom flat / apartment for rent,"₦40,000,000","Off Ibb Way, Maitama District, Abuja"
2 bedroom flat / apartment for rent,"₦10,000,000","Guzape District, Abuja"
1 bedroom mini flat (room and parlour) for rent,"₦3,500,000","Area 1 Axis., Durumi, Abuja"
2 bedroom flat / apartment for rent,"₦3,500,000","Garki, Abuja"
1 bedroom flat / apartment for rent,"₦9,000,000","Maitama District, Abuja"
2 bedroom flat / apartment for rent,"₦30,000,000","Maitama District, Abuja"
Self contain (single rooms) for rent,"₦800,000","Kabusa By Lokogoma, Kabusa, Abuja"
2 bedroom flat / apartment for rent,"₦6,500,000","Wuye, Abuja"
3 bedroom terraced duplex for rent,"₦10,000,000","Rockvale Manors Estate, Dutse, Apo, Abuja"
Self contain (single rooms) for rent,"₦11,000,000","Jabi, Abuja"
3 bedroom flat / apartment for rent,"₦36,000,000","Jabi, Abuja"
2 bedroom flat / apartment for rent,"₦21,000,000","Jabi, Abuja"
4 bedroom detached duplex for rent,"₦7,000,000","Zone E, Apo Resettlement, Apo, Abuja"
3 bedroom flat / apartment for rent,"₦12,000,000","Maitama District, Abuja"
Shop for rent,"₦84,000,000","Wuse 2, Abuja"
6 bedroom detached duplex for rent,"₦30,000,000","Asokoro District, Abuja"
2 bedroom flat / apartment for rent,"₦20,000,000","Garki, Abuja"
5 bedroom terraced duplex for rent,"₦25,000,000","Apo Dutse District, Apo, Abuja"
5 bedroom terraced duplex for rent,"₦15,000,000","Apo Dutse District, Apo, Abuja"
4 bedroom terraced duplex for rent,"₦10,000,000","Gaduwa, Abuja"
3 bedroom flat / apartment for rent,"₦7,500,000","Gaduwa, Abuja"
2 bedroom flat / apartment for rent,"₦5,500,000","Gaduwa, Abuja"
6 bedroom detached duplex for rent,"₦30,000,000","Utako, Abuja"
1 bedroom flat / apartment for rent,"₦4,000,000","Wuse Zone2, Wuse, Abuja"
2 bedroom flat / apartment for rent,"₦25,000,000","Maitama District, Abuja"
1 bedroom flat / apartment for rent,"₦6,000,000","Maitama District, Abuja"
5 bedroom terraced duplex for rent,"₦10,000,000","After Gudu Market, Gudu, Abuja"
4 bedroom detached duplex for rent,"₦7,000,000","Kado Estate By Jabi Lake(tarred), Kado, Abuja"
5 bedroom detached duplex for rent,"₦35,000,000","City Gate By Games Village, Kukwaba, Abuja"
6 bedroom detached duplex for rent,"₦50,000,000","Guzape Main, Guzape District, Abuja"
7 bedroom detached duplex for rent,"₦150,000,000","Maitama District, Abuja"
Plaza / complex / mall for rent,"₦30,000,000","Lifecamp Express, Gwarinpa, Abuja"
4 bedroom terraced duplex for rent,"₦22,000,000","Diplomatic Zone, Katampe Extension, Katampe, Abuja"
3 bedroom flat / apartment for rent,"₦160,000,000","Jabi, Abuja"
Office space for rent,"₦8,000,000","Garki, Abuja"
Office space for rent,"₦39,470,000","Jabi, Abuja"
2 bedroom flat / apartment for rent,"₦6,500,000","Wuye, Abuja"
3 bedroom flat / apartment for rent,"₦10,000,000","Wuye, Abuja"
6 bedroom detached duplex for rent,"₦35,000,000","Utako, Abuja"
Office space for rent,"₦7,000,000","Area 11, Garki, Abuja"
4 bedroom semi-detached duplex for rent,"₦18,000,000","Jabi Distric, Jabi, Abuja"
5 bedroom detached duplex for rent,"₦40,000,000","Off Ademola Adetukunbo Crescent, Wuse 2, Abuja"
3 bedroom flat / apartment for rent,"₦10,000,000","Mabushi, Abuja"
6 bedroom detached duplex for rent,"₦50,000,000","Asokoro District, Abuja"
3 bedroom flat / apartment for rent,"₦35,000,000","Maitama District, Abuja"
4 bedroom terraced duplex for rent,"₦18,000,000","Asokoro District, Abuja"
1 bedroom flat / apartment for rent,"₦6,000,000","Maitama District, Abuja"
1 bedroom flat / apartment for rent,"₦7,000,000","Stargate Apartments, Durumi, Abuja"
3 bedroom flat / apartment for rent,"₦14,000,000","Jahi, Abuja"
2 bedroom flat / apartment for rent,"₦3,500,000","Durumi, Abuja"
3 bedroom house for rent,"₦9,000,000","Gilmore, Jahi, Abuja"
4 bedroom terraced duplex for rent,"₦15,000,000","By American International School, Durumi, Abuja"
2 bedroom flat / apartment for rent,"₦5,000,000","Durumi, Abuja"
7 bedroom detached duplex for rent,"₦100,000,000","Maitama District, Abuja"
4 bedroom terraced duplex for rent,"₦30,000,000","Maitama District, Abuja"
Self contain (single rooms) for rent,"₦2,500,000","Wuye, Abuja"
6 bedroom detached duplex for rent,"₦50,000,000","Guzape District, Abuja"
4 bedroom terraced duplex for rent,"₦12,000,000","Garki 2, Garki, Abuja"
5 bedroom semi-detached duplex for rent,"₦20,000,000","Katampe Extension, Katampe, Abuja"
Self contain (single rooms) for rent,"₦600,000","Guidna Opposite Nysc Junction Off Kubwa Express Way, Kubwa, Abuja"
4 bedroom semi-detached duplex for rent,"₦10,000,000","Idu Industrial, Abuja"
4 bedroom terraced duplex for rent,"₦25,000,000","Asokoro District, Abuja"
4 bedroom detached bungalow for rent,"₦7,500,000","Lugbe District, Abuja"
3 bedroom flat / apartment for rent,"₦9,000,000","Jahi, Abuja"
3 bedroom flat / apartment for rent,"₦15,000,000","Mabushi, Abuja"
3 bedroom flat / apartment for rent,"₦10,000,000","Jahi, Abuja"
3 bedroom flat / apartment for rent,"₦7,000,000","Area 11, Garki, Abuja"
1 bedroom flat / apartment for rent,"₦6,000,000","Maitama District, Abuja"
2 bedroom flat / apartment for rent,"₦5,000,000","By America School, Durumi, Abuja"
4 bedroom terraced duplex for rent,"₦15,000,000","By American School, Durumi, Abuja"
4 bedroom terraced duplex for rent,"₦15,000,000","Guzape District, Abuja"
Commercial property for rent,"₦24,400,000","Garki, Abuja"
2 bedroom flat / apartment for rent,"₦25,000,000","Aso Villa, Asokoro District, Abuja"
6 bedroom detached duplex for rent,"₦50,000,000","Main, Guzape District, Abuja"
4 bedroom terraced duplex for rent,"₦20,000,000","Guzape District, Abuja"
4 bedroom terraced duplex for rent,"₦15,000,000","Guzape District, Abuja"
4 bedroom terraced duplex for rent,"₦15,000,000","Guzape District, Abuja"
5 bedroom detached duplex for rent,"₦20,000,000","Kado, Abuja"
3 bedroom flat / apartment for rent,"₦180,000,000","Main Maitama, Maitama District, Abuja"
6 bedroom terraced duplex for rent,"₦40,000,000","By Governors Lodge, Asokoro District, Abuja"
4 bedroom terraced duplex for rent,"₦18,000,000","Main Guzape, Guzape District, Abuja"
5 bedroom detached duplex for rent,"₦25,000,000","Main Guzape, Guzape District, Abuja"
2 bedroom terraced duplex for rent,"₦15,000,000","Villa, Asokoro District, Abuja"
4 bedroom terraced duplex for rent,"₦15,000,000","Life Camp, Abuja"
4 bedroom terraced duplex for rent,"₦50,000,000","Maitama District, Abuja"
3 bedroom flat / apartment for rent,"₦6,000,000","Around Nile University, Idu Industrial, Abuja"
4 bedroom terraced duplex for rent,"₦15,000,000","Jahi, Abuja"
2 bedroom flat / apartment for rent,"₦27,000,000","Garki, Abuja"
1 bedroom flat / apartment for rent,"₦6,000,000","Maitama District, Abuja"
2 bedroom flat / apartment for rent,"₦27,000,000","Garki, Abuja"
6 bedroom terraced duplex for rent,"₦65,000,000","Main Asokoro, Asokoro District, Abuja"
Plaza / complex / mall for rent,"₦15,000,000","Ademola Adetokunbo, Wuse 2, Abuja"
4 bedroom semi-detached duplex for rent,"₦45,000,000","Maitama District, Abuja"
3 bedroom house for rent,"₦13,000,000","Rockvale Manors Estate, Cedar Crest Hospital, Apo, Abuja"
3 bedroom flat / apartment for rent,"₦10,000,000","By The Express, Galadimawa, Abuja"
1 bedroom mini flat (room and parlour) for rent,"₦495,000","Babangana Kingibe Street, Guzape District, Abuja"
2 bedroom flat / apartment for rent,"₦30,000,000","Wuye, Abuja"
3 bedroom commercial property for rent,"₦25,000,000","Maitama District, Abuja"
4 bedroom terraced duplex for rent,"₦15,000,000","Mabushi, Abuja"
5 bedroom semi-detached duplex for rent,"₦60,000,000","Maitama District, Abuja"
3 bedroom flat / apartment for rent,"₦180,000,000","Jahi, Abuja"
3 bedroom flat / apartment for rent,"₦5,000,000","By American International School, Durumi, Abuja"
5 bedroom terraced duplex for rent,"₦25,000,000","Tarred Road, Katampe Extension, Katampe, Abuja"
2 bedroom flat / apartment for rent,"₦6,000,000","FO1 Layout, Kubwa, Abuja"
2 bedroom restaurant / bar for rent,"₦13,000,000","Gudu Expressway, Gudu, Abuja"
5 bedroom detached duplex for rent,"₦25,000,000","Diplomatic Zone, Katampe Extension, Katampe, Abuja"
4 bedroom terraced duplex for rent,"₦22,000,000","Mabushi, Abuja"
4 bedroom terraced duplex for rent,"₦22,000,000","Mabushi, Abuja"
3 bedroom flat / apartment for rent,"₦12,000,000","Guzape District, Abuja"
1 bedroom flat / apartment for rent,"₦9,000,000","Maitama District, Abuja"
3 bedroom flat / apartment for rent,"₦7,000,000","By Vio, Mabushi, Abuja"
4 bedroom terraced duplex for rent,"₦16,000,000","Guzape District, Abuja"
2 bedroom flat / apartment for rent,"₦4,000,000","News Engineering, Dawaki, Gwarinpa, Abuja"
3 bedroom flat / apartment for rent,"₦12,000,000","Guzape District, Abuja"
Office space for rent,"₦5,000,000","Guzape District, Abuja"
4 bedroom house for rent,"₦35,000,000","Missisipi, Maitama District, Abuja"
3 bedroom flat / apartment for rent,"₦5,000,000","Nut Axis, Opposite River Park Estate, Lugbe District, Abuja"
Warehouse for rent,"₦30,000,000","Kubwa, Abuja"
5 bedroom semi-detached duplex for rent,"₦850,000,000","Legislative Quarters, Apo, Abuja"
4 bedroom terraced duplex for rent,"₦8,500,000","Jabi, Abuja"
2 bedroom flat / apartment for rent,"₦5,000,000","Apo Legislative Quarters Zone E, Apo, Abuja"
Self contain (single rooms) for rent,"₦1,200,000","Nizamiye Hospital, Idu Industrial, Abuja"
4 bedroom terraced duplex for rent,"₦15,000,000","Mabushi Main, Mabushi, Abuja"
1 bedroom flat / apartment for rent,"₦7,000,000","Katampe (Main), Katampe, Abuja"
Self contain (single rooms) for rent,"₦3,500,000","Phase 3, Kubwa, Abuja"
Office space for rent,"₦5,000,000","Jabi, Abuja"
4 bedroom semi-detached duplex for rent,"₦20,000,000","Guzape District, Abuja"
Shop for rent,"₦5,000,000","Gaduwa, Abuja"
5 bedroom terraced duplex for rent,"₦25,000,000","Durumi, Abuja"
4 bedroom terraced duplex for rent,"₦15,000,000","Gilmore, Jahi, Abuja"
Conference / meeting / training room for rent,"₦200,000","Kumasi Crescent, Wuse 2, Abuja"
5 bedroom semi-detached duplex for rent,"₦25,000,000","Legislative Quarters Zone E, Apo, Abuja"
3 bedroom flat / apartment for rent,"₦6,500,000","Main Fo1, FO1 Layout, Kubwa, Abuja"
4 bedroom flat / apartment for rent,"₦12,500,000","Police Headquarters, Asokoro District, Abuja"
1 bedroom mini flat (room and parlour) for rent,"₦3,000,000","Kafe, Abuja"
Plaza / complex / mall for rent,"₦15,000,000","@area 11, Garki, Abuja"
2 bedroom detached bungalow for rent,"₦7,000,000","Area 1, Garki, Abuja"
Self contain (single rooms) for rent,"₦1,100,000","64 Crescent, Gwarinpa, Abuja"
2 bedroom semi-detached bungalow for rent,"₦6,000,000","Utako, Utako, Abuja"
1 bedroom mini flat (room and parlour) for rent,"₦3,500,000","6th Avenue, Gwarinpa, Abuja"
Self contain (single rooms) for rent,"₦1,500,000","By Upstairs Bus Stop, Jabi, Abuja"
2 bedroom semi-detached bungalow for rent,"₦5,000,000","Brains And Hammer City, Life Camp, Abuja"
3 bedroom terraced duplex for rent,"₦8,000,000","Near Hall 7 Estate By Godab Estate, Life Camp, Abuja"
3 bedroom flat / apartment for rent,"₦22,000,000","Life Camp, Abuja"
4 bedroom detached duplex for rent,"₦10,000,000","Maccido Estate, Galadimawa, Abuja"
2 bedroom semi-detached bungalow for rent,"₦5,000,000","Near Berger Clinic, Life Camp, Abuja"
Office space for rent,"₦150,000","Zone 5, Wuse, Abuja"
4 bedroom flat / apartment for rent,"$35,000","Maitama District, Abuja"
Office space for rent,"₦65,520,000","Jabi, Abuja"
4 bedroom terraced duplex for rent,"₦15,000,000","Gwarinpa, Abuja"
3 bedroom flat / apartment for rent,"$35,000","Maitama District, Abuja"
Conference / meeting / training room for rent,"₦200,000","Kumasi Crescent, Wuse 2, Abuja"
4 bedroom terraced duplex for rent,"₦30,000,000","Asokoro District, Abuja"
3 bedroom flat / apartment for rent,"₦9,000,000","By Kia Acedemy, Wuye, Abuja"
3 bedroom flat / apartment for rent,"₦10,000,000","Katampe, Abuja"
4 bedroom terraced duplex for rent,"₦15,000,000","Dakibiyu, Jabi, Abuja"
3 bedroom flat / apartment for rent,"₦8,000,000","Around Zartech, Wuye, Abuja"
4 bedroom terraced duplex for rent,"₦15,000,000","Mabushi Main, Mabushi, Abuja"
6 bedroom semi-detached duplex for rent,"₦20,000,000","Katampe, Abuja"
4 bedroom detached duplex for rent,"₦15,000,000","Wuye, Dakibiyu, Abuja"
4 bedroom flat / apartment for rent,"$40,000","Jabi, Abuja"
Plaza / complex / mall for rent,"₦7,000,000","6th Avenue, Gwarinpa, Abuja"
4 bedroom flat / apartment for rent,"₦12,000,000","Mabushi, Abuja"
3 bedroom terraced duplex for rent,"₦8,000,000","By Cedarcrest Hospital, Apo, Abuja"
2 bedroom flat / apartment for rent,"₦7,000,000","Maitama Main, Maitama District, Abuja"
3 bedroom flat / apartment for rent,"₦160,000,000","Mabushi, Abuja"
2 bedroom flat / apartment for rent,"₦130,000","Cluster 3,  River Park Estate Airport Road, Lugbe District, Abuja"
4 bedroom terraced duplex for rent,"₦10,000,000","Palm Heights Estate Von Road, Off Airport Road, Lugbe District, Abuja"
3 bedroom flat / apartment for rent,"₦8,000,000","Gilmore, Jahi, Abuja"
5 bedroom semi-detached duplex for rent,"₦55,000,000","Guzape District, Abuja"
4 bedroom house for rent,"₦12,000,000","Mabushi, Abuja"
4 bedroom terraced duplex for rent,"₦7,000,000","Durumi, Abuja"
1 bedroom flat / apartment for rent,"₦9,000,000","Maitama District, Abuja"
2 bedroom flat / apartment for rent,"₦10,000,000","Gilmore, Jahi, Abuja"
3 bedroom flat / apartment for rent,"₦10,000,000","Gilmore, Jahi, Abuja"
3 bedroom flat / apartment for rent,"₦5,000,000","Zone A, Apo Resettlement, Apo, Abuja"
2 bedroom flat / apartment for rent,"₦7,000,000","Kaura, Abuja"
4 bedroom terraced duplex for rent,"₦17,000,000","Apo Dutse, Apo, Abuja"
1 bedroom flat / apartment for rent,"₦3,500,000","News Engineering Dawaki, Dawaki, Gwarinpa, Abuja"
3 bedroom flat / apartment for rent,"₦25,000,000","Katampe Extension, Katampe, Abuja"
5 bedroom semi-detached duplex for rent,"₦55,000,000","Guzape District, Abuja"
4 bedroom house for rent,"₦13,000,000","Life Camp, Abuja"
4 bedroom terraced duplex for rent,"₦15,000,000","Mabushi, Abuja"
1 bedroom flat / apartment for rent,"₦5,000,000","By Nepa, Apo, Abuja"
4 bedroom terraced duplex for rent,"₦20,000,000","Wuse 2, Abuja"
4 bedroom terraced duplex for rent,"₦15,000,000","Bannex, Mabushi, Abuja"
4 bedroom terraced duplex for rent,"₦13,000,000","Gilmore, Jahi, Abuja"
3 bedroom flat / apartment for rent,"₦8,000,000","Katampe (Main), Katampe, Abuja"
4 bedroom semi-detached duplex for rent,"₦20,000,000","Idu Industrial, Abuja"
Self contain (single rooms) for rent,"₦650,000","Dutse, Abuja"
Shop for rent,"₦13,000,000","Off Ademola Adetokunbo Crescent, Wuse 2, Abuja"
6 bedroom detached duplex for rent,"₦30,000,000","By Godab, Life Camp, Abuja"
2 bedroom flat / apartment for rent,"₦4,000,000","By Nicon Maitama Bridge, Katampe, Abuja"
Conference / meeting / training room for rent,"₦200,000","Kumasi Crescent, Wuse 2, Abuja"
2 bedroom terraced duplex for rent,"₦10,000,000","Guzape District, Abuja"
2 bedroom flat / apartment for rent,"₦50,000,000","Apo, Abuja"
3 bedroom flat / apartment for rent,"₦75,000,000","Garki, Abuja"
4 bedroom terraced duplex for rent,"₦20,000,000","Katampe, Abuja"
Office space for rent,"₦39,000,000","Garki 2, Garki, Abuja"
1 bedroom flat / apartment for rent,"₦4,000,000","Beger Clinic, Life Camp, Abuja"
2 bedroom flat / apartment for rent,"₦5,000,000","Life Camp, Abuja"
4 bedroom terraced duplex for rent,"₦20,000,000","Roundabout. Estate, Life Camp, Abuja"
3 bedroom flat / apartment for rent,"₦7,000,000","By Zartech, Wuye, Abuja"
4 bedroom terraced duplex for rent,"₦20,000,000","Asokoro District, Abuja"
4 bedroom terraced duplex for rent,"₦25,000,000","Kado District, Kado, Abuja"
4 bedroom semi-detached duplex for rent,"₦20,000,000","By H-medix(tarred Rd, Guzape District, Abuja"
Office space for rent,"₦250,000","Wuse 2, Abuja"
5 bedroom semi-detached duplex for rent,"₦30,000,000","Kado, Abuja"
3 bedroom commercial property for rent,"₦6,000,000","By Nizamiye Hospital, Idu Industrial, Abuja"
2 bedroom flat / apartment for rent,"₦12,000,000","Katampe Extension, Katampe, Abuja"
3 bedroom flat / apartment for rent,"₦7,000,000","Off Oladipo Diya, Gudu, Abuja"
12 bedroom hotel / guest house for rent,"₦45,000,000","Kukwaba, Abuja"
3 bedroom flat / apartment for rent,"₦6,000,000","Apo Legislative Quarters, Zone B, Apo, Abuja"
3 bedroom flat / apartment for rent,"₦7,500,000","Off Oladipo Diya Street, Gudu, Abuja"
Conference / meeting / training room for rent,"₦200,000","Kumasi Crescent, Wuse 2, Abuja"
Plaza / complex / mall for rent,"₦300,000,000","Utako, Abuja"
4 bedroom detached bungalow for rent,"₦8,500,000","Mab Global Estate, Gwarinpa, Abuja"
4 bedroom terraced duplex for rent,"₦10,000,000","Off Jahi/katampe Road, Jahi, Abuja"
Office space for rent,"₦160,000,000","Maitama District, Abuja"
4 bedroom terraced duplex for rent,"₦13,000,000","Asokoro Main, Asokoro District, Abuja"
4 bedroom terraced duplex for rent,"₦20,000,000","Life Camp, Abuja"
3 bedroom flat / apartment for rent,"₦1,800,000","3rd Avenue, Gwarinpa, Abuja"
Shop for rent,"₦15,000,000","Wuse 2, Abuja"
Office space for rent,"₦6,000,000","Kumasi Crescent, Wuse 2, Abuja"
3 bedroom house for rent,"₦17,000,000","Jahi, Abuja"
Plaza / complex / mall for rent,"₦9,000,000","Jabi, Abuja"
2 bedroom flat / apartment for rent,"₦8,000,000","Naf Valley Estate, Asokoro District, Abuja"
Office space for rent,"₦56,900","Building A & B, 724 Umaru Dikko St, Federal Capital Territory, Jabi, Abuja"
Office space for rent,"₦3,595,600","Building A & B, 724 Umaru Dikko St, Federal Capital Territory, Jabi, Abuja"
Office space for rent,"₦2,346,700","Building A & B, 724 Umaru Dikko St, Federal Capital Territory, Jabi, Abuja"
Office space for rent,"₦1,188,800","Building A & B, 724 Umaru Dikko St, Federal Capital Territory, Jabi, Abuja"
Office space for rent,"₦914,900","Building A & B, 724 Umaru Dikko St, Federal Capital Territory, Jabi, Abuja"
Office space for rent,"₦685,900","Building A & B, 724 Umaru Dikko St, Federal Capital Territory, Jabi, Abuja"
Office space for rent,"₦502,900","Building A & B, 724 Umaru Dikko St, Federal Capital Territory, Jabi, Abuja"
Office space for rent,"₦351,900","Building A & B, 724 Umaru Dikko St, Federal Capital Territory, Jabi, Abuja"
1 bedroom flat / apartment for rent,"₦6,000,000","Maitama District, Abuja"
Office space for rent,"₦175,900","Building A & B, 724 Umaru Dikko St, Federal Capital Territory, Jabi, Abuja"
Office space for rent,"₦58,500","Building A & B, 724 Umaru Dikko St, Federal Capital Territory, Jabi, Abuja"
Office space for rent,"₦31,900","Building A & B, 724 Umaru Dikko St, Federal Capital Territory, Jabi, Abuja"
5 bedroom house for rent,"₦50,000,000","Off Lakechad, Maitama District, Abuja"
4 bedroom flat / apartment for rent,"₦15,000,000","Mabushi, Abuja"
3 bedroom flat / apartment for rent,"₦7,000,000","Life Camp, Abuja"
4 bedroom terraced duplex for rent,"₦12,000,000","Durumi District, Durumi, Abuja"
3 bedroom terraced duplex for rent,"₦15,000,000","Area 2, Garki, Abuja"
5 bedroom detached duplex for rent,"₦30,000,000","Katampe Extension By Diplomatic Zone,fct Abuja Nigeria, Katampe Extension, Katampe, Abuja"
4 bedroom detached duplex for rent,"₦4,500,000","By Voice Of Nigeria, Lugbe District, Abuja"
Commercial land for rent,"₦10,000,000","Along Tafawa Balewa Road, Garki, Abuja"
3 bedroom detached bungalow for rent,"₦17,000,000","Kado Estate, Kado, Abuja"
1 bedroom mini flat (room and parlour) for rent,"₦1,200,000","Gbazango, Kubwa, Abuja"
5 bedroom detached duplex for rent,"₦120,000,000","Utako, Abuja"
4 bedroom terraced duplex for rent,"₦30,000,000","Katampe, Abuja"
Plaza / complex / mall for rent,"₦27,000,000","Jahi, Abuja"
3 bedroom flat / apartment for rent,"₦7,500,000","777 Charles Owamba Street, Wuye, Abuja"
2 bedroom flat / apartment for rent,"₦4,500,000","Not Far From Living Faith Church, FO1 Layout, Kubwa, Abuja"
3 bedroom flat / apartment for rent,"₦9,000,000","By Amaka's Mall, Guzape District, Abuja"
4 bedroom semi-detached duplex for rent,"₦9,000,000","Karmo, Abuja"
1 bedroom flat / apartment for rent,"₦9,000,000","Maitama District, Abuja"
4 bedroom detached duplex for rent,"₦10,000,000","Galadimawa, Abuja"
4 bedroom terraced duplex for rent,"₦15,000,000","By Vio Office, Mabushi, Abuja"
3 bedroom flat / apartment for rent,"₦7,500,000","Mabushi, Abuja"
6 bedroom detached duplex for rent,"₦35,000,000","Gwarinpa, Abuja"
6 bedroom detached duplex for rent,"₦80,000,000","Maitama District, Abuja"
4 bedroom terraced duplex for rent,"₦22,000,000","Jabi Lake By Shop Rite, Jabi, Abuja"
4 bedroom terraced duplex for rent,"₦20,000,000","Wuye, Abuja"
4 bedroom detached duplex for rent,"₦10,000,000","Galadimawa, Abuja"
3 bedroom flat / apartment for rent,"$55,000","Wuse 2, Abuja"
4 bedroom detached duplex for rent,"₦10,000,000","Meccido Estate, Galadimawa, Abuja"
6 bedroom detached duplex for rent,"₦35,000,000","Diplomatic Zone, Katampe Extension, Katampe, Abuja"
3 bedroom flat / apartment for rent,"₦12,000,000","Enl Estate Fha, Guzape District, Abuja"
5 bedroom semi-detached duplex for rent,"₦20,000,000","Dakibiyu Airport Bypass, Jabi, Abuja"
3 bedroom house for rent,"₦5,500,000","Near Christ Embassy, Jabi, Abuja"
4 bedroom detached bungalow for rent,"₦3,000,000","Scc Road, Ushafa, Bwari, Abuja"
4 bedroom terraced duplex for rent,"₦15,000,000","By Shafa Filing Station, Mabushi, Abuja"
2 bedroom house for rent,"₦2,900,000","Chikakore, Kubwa, Abuja"
4 bedroom detached duplex for rent,"₦18,000,000","H-medix, Guzape District, Abuja"
3 bedroom flat / apartment for rent,"₦7,500,000","By Mobil, Mabushi, Abuja"
2 bedroom block of flats for rent,"₦75,000,000","Garki 2, Garki, Abuja"
1 bedroom flat / apartment for rent,"₦6,000,000","Maitama District, Abuja"
2 bedroom flat / apartment for rent,"₦4,000,000","River Park Estate, Lugbe District, Abuja"
2 bedroom flat / apartment for rent,"₦3,000,000","Lifecamp District, Life Camp, Abuja"
4 bedroom terraced duplex for rent,"₦15,000,000","Guzape District, Abuja"
4 bedroom terraced duplex for rent,"₦7,000,000","Fo1, FO1 Layout, Kubwa, Abuja"
Plaza / complex / mall for rent,"₦3,500,000","By Arab, Utako, Abuja"
4 bedroom terraced duplex for rent,"₦15,000,000","Wuye Main, Wuye, Abuja"
3 bedroom semi-detached duplex for rent,"₦10,000,000","Cluster 1, River Park Estate Airport Road, Lugbe District, Abuja"
Mixed-use land for rent,"₦3,500,000,000","Guzape 2, Guzape District, Abuja"
6 bedroom semi-detached duplex for rent,"₦35,000,000","Diplomatic Zone, Katampe Extension, Katampe, Abuja"
5 bedroom terraced duplex for rent,"₦15,000,000","Tarred Road, Mabushi, Abuja"
4 bedroom semi-detached duplex for rent,"₦300,000,000","Nasarawa Street, War College Quarters, Gwarinpa, Abuja"
3 bedroom flat / apartment for rent,"₦3,300,000","Fha By Flyover Hotel, FHA (F.H.A), Lugbe District, Abuja"
6 bedroom semi-detached duplex for rent,"₦35,000,000","Katampe Extension, Katampe, Abuja"
1 bedroom detached bungalow for rent,"₦1,000,000","Dutse, Abuja"
4 bedroom terraced duplex for rent,"₦30,000,000","Diplomatic Zone, Katampe Extension, Katampe, Abuja"
2 bedroom house for rent,"₦3,500,000","FO1 Layout, Kubwa, Abuja"
3 bedroom flat / apartment for rent,"₦6,500,000","Area 8, Garki, Abuja"
5 bedroom detached duplex for rent,"₦75,000,000","Guzape District, Abuja"
1 bedroom mini flat (room and parlour) for rent,"₦12,000,000","Behind Godab Estate, Life Camp, Abuja"
1 bedroom mini flat (room and parlour) for rent,"₦8,000,000","Behind Godab Estate, Life Camp, Abuja"
1 bedroom flat / apartment for rent,"₦9,000,000","Maitama District, Abuja"
2 bedroom flat / apartment for rent,"₦20,000,000","Diplomatic Zone, Katampe Extension, Katampe, Abuja"
17 bedroom detached duplex for rent,"$200,000","Maitama District, Abuja"
4 bedroom terraced duplex for rent,"₦15,000,000","Jabi, Abuja"
3 bedroom flat / apartment for rent,"₦6,000,000","Before Cedarcrest Hospitals, Apo, Abuja"
3 bedroom flat / apartment for rent,"₦7,000,000","Apo-dutse Off Oladipo Diya Before Cedacrest Hospital, Apo, Abuja"
Warehouse for rent,"₦55,000","Idu Industrial, Abuja"
Warehouse for rent,"₦50,000","Idu Industrial, Abuja"
2 bedroom flat / apartment for rent,"₦20,000,000","Katampe Extension, Katampe, Abuja"
2 bedroom flat / apartment for rent,"₦6,000,000","Katampe, Abuja"
2 bedroom flat / apartment for rent,"₦20,000,000","Katampe Extension, Katampe, Abuja"
3 bedroom flat / apartment for rent,"₦8,500,000","By Arab, Utako, Abuja"
5 bedroom detached duplex for rent,"₦30,000,000","Apo, Abuja"
5 bedroom detached duplex for rent,"₦13,000,000","Gaduwa, Abuja"
5 bedroom terraced duplex for rent,"₦8,000,000","Idu Industrial, Abuja"
3 bedroom terraced duplex for rent,"₦10,000,000","Kado, Abuja"
1 bedroom flat / apartment for rent,"₦6,000,000","Wuse 2, Abuja"
5 bedroom semi-detached duplex for rent,"₦20,000,000","Wuye Main, Wuye, Abuja"
4 bedroom terraced duplex for rent,"₦10,000,000","By Gaduwa Junction, Gaduwa, Abuja"
1 bedroom mini flat (room and parlour) for rent,"₦8,500,000","Highgate Apartments, Wuye, Abuja"
3 bedroom flat / apartment for rent,"₦6,000,000","News Engineering Axis, Dawaki, Gwarinpa, Abuja"
Conference / meeting / training room for rent,"₦200,000","Kumasi Crescent, Wuse 2, Abuja"
3 bedroom flat / apartment for rent,"₦13,000,000","Jahi, Abuja"
Shop for rent,"₦29,200,000","Zone 2, Wuse, Abuja"
Shop for rent,"₦11,000,000","Wuse 2, Abuja"
2 bedroom flat / apartment for rent,"₦26,000,000","Maitama District, Abuja"
Office space for rent,"₦2,500,000","By Ndic, Central Business District, Abuja"
5 bedroom semi-detached duplex for rent,"₦35,000,000","Wuse 2, Abuja"
4 bedroom terraced duplex for rent,"₦8,000,000","Jahi, Abuja"
3 bedroom flat / apartment for rent,"₦6,000,000","Galadimawa, Abuja"
Shop for rent,"₦35,000,000","Wuse 2, Abuja"
4 bedroom terraced duplex for rent,"₦15,000,000","Mabushi, Abuja"
4 bedroom terraced duplex for rent,"₦15,000,000","Off Jahi/katampe Road, Jahi, Abuja"
2 bedroom flat / apartment for rent,"₦20,000,000","Volta Street, Maitama District, Abuja"
Shop for rent,"₦50,000,000","Wuse 2, Abuja"
2 bedroom terraced duplex for rent,"₦6,000,000","Legislative Quarters, Apo, Abuja"
4 bedroom terraced duplex for rent,"₦15,000,000","Mabushi, Abuja"
6 bedroom detached duplex for rent,"₦20,000,000","Gwarimpa Estate,6th Avenue,fct Abuja, Gwarinpa, Abuja"
3 bedroom flat / apartment for rent,"₦9,000,000","Area 3, Garki, Abuja"
3 bedroom flat / apartment for rent,"₦200,000,000","By Rita Lori, Garki, Abuja"
3 bedroom flat / apartment for rent,"₦12,000,000","Off 3rd Avenue, Gwarinpa, Abuja"
4 bedroom terraced duplex for rent,"₦40,000,000","Jabi, Abuja"
Conference / meeting / training room for rent,"₦200,000","Kumasi Crescent, Wuse 2, Abuja"
5 bedroom terraced duplex for rent,"₦30,000,000","Wuye, Abuja"
7 bedroom detached duplex for rent,"₦130,000,000","Main Asokoro, Asokoro District, Abuja"
3 bedroom flat / apartment for rent,"₦7,000,000","Oau Quarters, Maitama District, Abuja"
Office space for rent,"₦5,000,000","By Coza, Guzape District, Abuja"
5 bedroom detached duplex for rent,"₦150,000,000","Maitama District, Abuja"
3 bedroom terraced duplex for rent,"₦10,000,000","Kado, Abuja"
4 bedroom detached duplex for rent,"₦35,000,000","Gwarinpa, Abuja"
4 bedroom semi-detached duplex for rent,"₦30,000,000","Jabi, Abuja"
4 bedroom semi-detached duplex for rent,"₦35,000,000","Wuse 2, Abuja"
2 bedroom flat / apartment for rent,"₦6,500,000","Wuye, Abuja"
4 bedroom terraced duplex for rent,"₦15,000,000","Around Godab, Life Camp, Abuja"
2 bedroom flat / apartment for rent,"₦7,000,000","Wuye, Abuja"
3 bedroom flat / apartment for rent,"₦30,000,000","Katampe Extension, Katampe, Abuja"
4 bedroom terraced duplex for rent,"₦25,000,000","Asokoro District, Abuja"
Office space for rent,"₦270,000","Central Business District, Abuja"
4 bedroom terraced duplex for rent,"₦12,000,000","Mobil Fillings Station, Mabushi, Abuja"
3 bedroom flat / apartment for rent,"₦15,000,000","Maitama District, Abuja"
2 bedroom flat / apartment for rent,"₦5,500,000","Lusaka Street, Zone 6, Wuse, Abuja"
5 bedroom commercial property for rent,"₦80,000,000","Off Ademola Adetokunbo Crescent, Wuse 2, Abuja"
1 bedroom mini flat (room and parlour) for rent,"₦8,000,000","By Nicon Junction Maitama, Katampe, Abuja"
1 bedroom flat / apartment for rent,"₦6,000,000","Maitama District, Abuja"
3 bedroom detached bungalow for rent,"₦5,500,000","Galadimawa, Abuja"
3 bedroom flat / apartment for rent,"₦9,000,000","Gilmore, Jahi, Abuja"
4 bedroom terraced duplex for rent,"₦18,000,000","Guzape District, Abuja"
5 bedroom detached duplex for rent,"₦30,000,000","Guzape District, Abuja"
4 bedroom detached duplex for rent,"₦9,000,000","Dakwo, Abuja"
3 bedroom terraced duplex for rent,"₦7,000,000","Dakwo, Abuja"
3 bedroom terraced duplex for rent,"₦160,000,000","Kabusa, Abuja"
4 bedroom terraced duplex for rent,"₦30,000,000","Maitama District, Abuja"
4 bedroom semi-detached duplex for rent,"₦35,000,000","Wuse 2, Abuja"
Warehouse for rent,"₦60,000","Idu Industrial, Abuja"
3 bedroom detached bungalow for rent,"₦15,000,000","Life Camp, Abuja"
4 bedroom flat / apartment for rent,"₦45,000,000","Maitama District, Abuja"
3 bedroom detached duplex for rent,"₦7,000,000","Garki 3, Garki, Abuja"
3 bedroom flat / apartment for rent,"₦35,000,000","Wuse 2, Abuja"
5 bedroom terraced duplex for rent,"₦15,000,000","Katampe Extension, Katampe, Abuja"
Office space for rent,"₦250,000","Plot 212,, Utako, Abuja"
Office space for rent,"₦20,000,000","Wuse, Abuja"
3 bedroom detached bungalow for rent,"₦6,000,000","Gaduwa, Abuja"
4 bedroom detached duplex for rent,"₦11,000,000","River Park Estate, Lugbe District, Abuja"
4 bedroom semi-detached duplex for rent,"₦27,000,000","Jabi, Abuja"
Conference / meeting / training room for rent,"₦200,000","Kumasi Crescent, Wuse 2, Abuja"
3 bedroom flat / apartment for rent,"₦4,500,000","Life Camp, Abuja"
5 bedroom terraced duplex for rent,"₦35,000,000","Asokoro District, Abuja"
5 bedroom terraced duplex for rent,"₦25,000,000","Gaduwa, Abuja"
3 bedroom detached duplex for rent,"$180,000","Asokoro Abuja Diplomatic Zone, Asokoro District, Abuja"
Warehouse for rent,"₦7,000,000","Gimbya Street, Area 11, Garki, Abuja"
3 bedroom terraced duplex for rent,"₦10,000,000","By Berger Clinic (tarred Rd), Life Camp, Abuja"
Self contain (single rooms) for rent,"₦3,000,000","Jahi, Abuja"
3 bedroom terraced duplex for rent,"₦8,000,000","Apo Dutse, By Cedarcrest Hospital, Apo, Abuja"
1 bedroom flat / apartment for rent,"₦1,600,000","Cluster, River Park Estate Airport Road, Lugbe District, Abuja"
2 bedroom flat / apartment for rent,"₦4,000,000","Nizamiye, Idu Industrial, Abuja"
2 bedroom flat / apartment for rent,"₦4,000,000","Close To Dunamis Church Headquarters, Lugbe District, Abuja"
4 bedroom house for rent,"₦30,000,000","Maitama District, Abuja"
2 bedroom flat / apartment for rent,"₦3,500,000","Zone E Extension, Apo Resettlement, Apo, Abuja"
5 bedroom flat / apartment for rent,"₦15,000,000","Guzape District, Abuja"
5 bedroom detached duplex for rent,"₦20,000,000","Kado, Abuja"
1 bedroom mini flat (room and parlour) for rent,"₦5,500,000","Lennar Hillside Estate, Brick City, Kubwa, Abuja"
1 bedroom mini flat (room and parlour) for rent,"₦6,500,000","Lennar Hillside Estate, Kubwa, Abuja"
Self contain (single rooms) for rent,"₦2,500,000","Dalhiru Musdafa Boulevard Street, Wuye, Abuja"
1 bedroom mini flat (room and parlour) for rent,"₦3,500,000","By The Lake, Jabi, Abuja"
4 bedroom house for rent,"₦25,000,000","Wuye, Abuja"
1 bedroom flat / apartment for rent,"₦9,000,000","Maitama District, Abuja"
2 bedroom house for rent,"₦3,000,000","FO1 Layout, Kubwa, Abuja"
3 bedroom flat / apartment for rent,"₦35,000,000","Jabi, Abuja"
6 bedroom detached duplex for rent,"₦90,000,000","Maitama District, Abuja"
2 bedroom flat / apartment for rent,"₦7,500,000","Jedo Estate Road, Lugbe District, Abuja"
1 bedroom mini flat (room and parlour) for rent,"₦4,000,000","Mabushi, Abuja"
3 bedroom flat / apartment for rent,"₦35,000,000","Jabi, Abuja"
2 bedroom flat / apartment for rent,"₦7,000,000","Guzape District, Abuja"
6 bedroom detached duplex for rent,"₦45,000,000","Gwarinpa District, Gwarinpa, Abuja"
1 bedroom mini flat (room and parlour) for rent,"₦4,000,000","Brick City Estate, Kubwa, Abuja"
2 bedroom flat / apartment for rent,"₦7,000,000","Jahi, Abuja"
2 bedroom flat / apartment for rent,"₦7,000,000","Katampe Extension, Katampe, Abuja"
Shop for rent,"₦4,000,000","6th Avenue, Gwarinpa, Abuja"
5 bedroom terraced duplex for rent,"₦25,000,000","Guzape District, Abuja"
4 bedroom semi-detached duplex for rent,"₦13,500,000","Apo By Cedar Crest Hospital, Apo, Abuja"
Office space for rent,"₦130,000,000","Wuse 2, Zone 1, Wuse, Abuja"
3 bedroom flat / apartment for rent,"₦15,000,000","2nd Floor, Evergreen Estate, Durumi, Abuja"
3 bedroom terraced duplex for rent,"₦20,000,000","Rockvale Manor Estate, Apo, Abuja"
2 bedroom semi-detached duplex for rent,"₦1,200,000","Army Estate, Idu Industrial, Abuja"
3 bedroom detached bungalow for rent,"₦7,000,000","Lokogoma District, Abuja"
Office space for rent,"₦48,000,000","Central Business District, Abuja"
Conference / meeting / training room for rent,"₦200,000","Kumasi Crescent, Wuse 2, Abuja"
2 bedroom flat / apartment for rent,"₦2,200,000","2/2, Kubwa, Abuja"
3 bedroom flat / apartment for rent,"₦25,000,000","Drol Apartment, Wuye, Abuja"
3 bedroom flat / apartment for rent,"₦7,000,000","Games Village, Kaura, Abuja"
Office space for rent,"₦60,000,000","Area 11, Garki, Abuja"
2 bedroom flat / apartment for rent,"$55,000","Sunrise Hills Estate, Asokoro District, Abuja"
Plaza / complex / mall for rent,"₦55,300,000","Wuse 2, Abuja"
5 bedroom detached duplex for rent,"₦18,000,000","Katampe Extension, Katampe, Abuja"
Self contain (single rooms) for rent,"₦600,000","Opposite Zenith Bank, Kubwa, Abuja"
18 bedroom flat / apartment for rent,"₦35,000,000","Wuse 2, Abuja"
4 bedroom terraced duplex for rent,"₦15,000,000","Mabushi, Abuja"
2 bedroom house for rent,"₦12,000,000","Jahi, Abuja"
4 bedroom terraced duplex for rent,"₦13,000,000","Jabi, Abuja"
3 bedroom flat / apartment for rent,"₦30,000,000","Maitama District, Abuja"
2 bedroom flat / apartment for rent,"₦22,000,000","Utako, Abuja"
1 bedroom flat / apartment for rent,"₦12,000,000","Utako, Abuja"
3 bedroom flat / apartment for rent,"₦10,000,000","Katampe (Main), Katampe, Abuja"
4 bedroom detached duplex for rent,"₦10,000,000","Saraha Estate, Lokogoma District, Abuja"
2 bedroom semi-detached duplex for rent,"₦7,000,000","Near Stella Maris, Life Camp, Abuja"
2 bedroom flat / apartment for rent,"₦2,000,000","Army Estate After The Train Station, Idu Industrial, Abuja"
2 bedroom flat / apartment for rent,"$50,000","By British Village Expatriate Zone, Wuse 2, Abuja"
1 bedroom flat / apartment for rent,"₦9,000,000","Maitama District, Abuja"
5 bedroom detached duplex for rent,"₦30,000,000","Guzape District, Abuja"
3 bedroom house for rent,"₦25,000,000","Mabushi, Abuja"
4 bedroom terraced duplex for rent,"₦15,000,000","Main, Guzape District, Abuja"
2 bedroom flat / apartment for rent,"₦7,000,000","Diplomatic Zone, Katampe Extension, Katampe, Abuja"
Office space for rent,"₦210,000,000","Area 11, Garki, Abuja"
Office space for rent,"₦60,000,000","Area 11, Area 11, Garki, Abuja"
Office space for rent,"₦30,000,000","Area 11, Garki, Abuja"
Warehouse for rent,"₦42,000,000","Kuje, Abuja"
1 bedroom flat / apartment for rent,"₦2,500,000","Galadimawa, Abuja"
3 bedroom flat / apartment for rent,"₦8,000,000","Opposite Games Village, Kukwaba, Abuja"
4 bedroom semi-detached duplex for rent,"₦30,000,000","Off Aminu Kano, Wuse 2, Abuja"
3 bedroom house for rent,"₦5,500,000","Kaura, Abuja"
Office space for rent,"₦80,000,000","Area 11, Garki District, Area 11, Garki, Abuja"
Plaza / complex / mall for rent,"₦100,000","FO1 Layout, Kubwa, Abuja"
Shop for rent,"₦30,000,000","Wuse 2, Abuja"
3 bedroom flat / apartment for rent,"₦8,000,000","By Mobil, Mabushi, Abuja"
4 bedroom terraced duplex for rent,"₦25,000,000","Maitama District, Abuja"
4 bedroom terraced duplex for rent,"₦450,000,000","Katampe Extension, Katampe, Abuja"
4 bedroom terraced duplex for rent,"₦15,000,000","Life Camp, Abuja"
5 bedroom terraced duplex for rent,"₦11,000,000","Dantata District Estate, Gwarinpa, Abuja"
1 bedroom flat / apartment for rent,"₦9,000,000","Maitama District, Abuja"
Warehouse for rent,"₦30,000,000","Kubwa Expressway, Gwarinpa, Abuja"
2 bedroom flat / apartment for rent,"₦9,500,000","1st Avenue, Gwarinpa, Abuja"
Office space for rent,"₦300,000,000","Utako, Abuja"
3 bedroom flat / apartment for rent,"₦4,000,000","Life Camp, Abuja"
4 bedroom terraced duplex for rent,"₦15,000,000","Life Camp, Abuja"
5 bedroom house for rent,"₦10,000,000","Galadimawa, Abuja"
4 bedroom terraced duplex for rent,"₦450,000,000","Guzape District, Abuja"
1 bedroom mini flat (room and parlour) for rent,"₦2,800,000","Near Berger Clinic, Life Camp, Abuja"
2 bedroom semi-detached bungalow for rent,"₦4,000,000","6th Avenue Gwarinpa, Gwarinpa, Abuja"
3 bedroom detached bungalow for rent,"₦6,500,000","Karsana, Abuja"
1 bedroom mini flat (room and parlour) for rent,"₦5,000,000","Utako, Abuja"
Self contain (single rooms) for rent,"₦1,500,000","1st Avenue, Gwarinpa, Abuja"
2 bedroom semi-detached bungalow for rent,"₦4,000,000","6th Avenue, Gwarinpa, Abuja"
1 bedroom mini flat (room and parlour) for rent,"₦2,300,000","Off Gwarinpa Extension, Karsana, Abuja"
4 bedroom semi-detached duplex for rent,"₦18,000,000","Mobil, Before Bannex Bridge, Mabushi, Abuja"
34 bedroom flat / apartment for rent,"₦10,000,000","Off Amino Kano, Wuse 2, Abuja"
Plaza / complex / mall for rent,"₦13,000,000","Off Amino Kano, Wuse 2, Abuja"
1 bedroom mini flat (room and parlour) for rent,"₦2,500,000","Mareng Estate, Kafe District, By Gwarimpa, Kafe, Abuja"
Self contain (single rooms) for rent,"₦1,600,000","2nd Avenue, Setraco, Gwarinpa, Abuja"
3 bedroom flat / apartment for rent,"₦12,000,000","Utako, Abuja"
Conference / meeting / training room for rent,"₦200,000","Kumasi Crescent, Wuse 2, Abuja"
1 bedroom detached bungalow for rent,"₦650,000","Liberty Junction, Kubwa, Abuja"
Office space for rent,"₦2,000,000","Garki, Abuja"
2 bedroom flat / apartment for rent,"₦6,000,000","By Arab (tarred Road), Utako, Abuja"
Plaza / complex / mall for rent,"₦10,000,000","Wuse 2, Abuja"
3 bedroom flat / apartment for rent,"₦8,000,000","Wuye, Abuja"
4 bedroom terraced duplex for rent,"₦25,000,000","Maitama District, Abuja"
Restaurant / bar for rent,"₦6,000,000","Garki 2, Garki, Abuja"
2 bedroom terraced duplex for rent,"₦7,000,000","Paradise 2 Estate, Life Camp, Abuja"
4 bedroom terraced duplex for rent,"₦15,000,000","Asokoro District, Abuja"
1 bedroom mini flat (room and parlour) for rent,"₦10,500,000","Wuse 2, Abuja"
Commercial land for rent,"₦15,000,000","Katampe, Abuja"
Office space for rent,"₦56,900","123 Mohammadu Buhari Way, Central Business District, Abuja"
5 bedroom terraced duplex for rent,"₦13,000,000","Life Camp, Abuja"
Office space for rent,"₦5,872,600","4th Floor, Tower C, Churchgate Plaza, Central Business District, Abuja"
Office space for rent,"₦3,899,600","4th Floor,tower C,churchgate Plaza, Central Business District, Abuja"
6 bedroom terraced duplex for rent,"₦50,000,000","Maitama District, Abuja"
4 bedroom terraced duplex for rent,"₦27,000,000","Naf Valley Estate, Asokoro District, Abuja"
2 bedroom flat / apartment for rent,"₦6,000,000","Area 1, Durumi, Abuja"
5 bedroom semi-detached duplex for rent,"₦12,000,000","Near Magistrate Court, Life Camp, Abuja"
3 bedroom flat / apartment for rent,"₦15,500,000","Wuse 2, Abuja"
1 bedroom flat / apartment for rent,"₦6,000,000","Maitama District, Abuja"
3 bedroom flat / apartment for rent,"₦35,000,000","Maitama District, Abuja"
5 bedroom detached duplex for rent,"₦50,000,000","Maitama District, Abuja"
3 bedroom flat / apartment for rent,"₦4,500,000","Life Camp, Abuja"
Commercial property for rent,"₦9,000,000","Wuye, Abuja"
2 bedroom flat / apartment for rent,"₦5,500,000","Off Arab Road, Kubwa, Abuja"
1 bedroom flat / apartment for rent,"₦3,000,000","FO1 Layout, Kubwa, Abuja"
3 bedroom flat / apartment for rent,"₦6,000,000","Katampe, Abuja"
3 bedroom flat / apartment for rent,"₦45,000,000","By Wuye, Utako, Abuja"
7 bedroom detached duplex for rent,"$150,000","Asokoro Main, Asokoro District, Abuja"
4 bedroom terraced duplex for rent,"₦12,000,000","2nd Avenue, Gwarinpa, Abuja"
3 bedroom flat / apartment for rent,"₦8,000,000","Tf, Wuye, Abuja"
4 bedroom terraced duplex for rent,"₦20,000,000","Katampe Extension By Diplomatic Zone,fct Abuja Nigeria, Katampe Extension, Katampe, Abuja"
Self contain (single rooms) for rent,"₦850,000","Trade More Phase 3, Lugbe District, Abuja"
Self contain (single rooms) for rent,"₦1,600,000","Apo Resettlement, Apo, Abuja"
Office space for rent,"₦300,000","Zone 5, Wuse, Abuja"
2 bedroom terraced duplex for rent,"₦4,000,000","Off 6th Avenue, Gwarinpa, Abuja"
5 bedroom terraced duplex for rent,"₦20,000,000","Jabi Main, Jabi, Abuja"
2 bedroom semi-detached bungalow for rent,"₦5,500,000","6th Avenue, Gwarinpa, Abuja"
4 bedroom terraced duplex for rent,"₦11,000,000","Dantata Estate, Gwarinpa, Abuja"
Office space for rent,"₦3,000,000","Jabi, Abuja"
1 bedroom flat / apartment for rent,"₦9,000,000","Maitama District, Abuja"
4 bedroom detached duplex for rent,"₦12,000,000","National Assembly Quarters, Apo, Abuja"
4 bedroom detached duplex for rent,"₦12,000,000","National Assembly Quarters, Apo, Abuja"
2 bedroom flat / apartment for rent,"₦7,000,000","Kukwaba, Abuja"
3 bedroom flat / apartment for rent,"₦120,000,000","Gilmore, Jahi, Abuja"
3 bedroom house for rent,"₦8,000,000","By Coza, Guzape District, Abuja"
Self contain (single rooms) for rent,"₦1,800,000","3rd Avenue, Gwarinpa, Abuja"
Self contain (single rooms) for rent,"₦2,000,000","Main, Gwarinpa, Abuja"
5 bedroom terraced duplex for rent,"₦15,000,000","Main, Guzape District, Abuja"
4 bedroom house for rent,"₦15,000,000","Guzape District, Abuja"
Commercial property for rent,"₦7,000,000","Wuse 2, Abuja"
2 bedroom flat / apartment for rent,"₦6,000,000","Aiben Estate, Aco District. Airport Road, Lugbe District, Abuja"
3 bedroom house for rent,"$40,000","Katampe Extension, Katampe, Abuja"
Office space for rent,"₦14,500,000","Wuse 2, Abuja"
Office space for rent,"₦19,500,000","Wuse 2, Abuja"
Shop for rent,"₦25,000,000","Wuse 2, Abuja"
Shop for rent,"₦52,000,000","Wuse 2, Abuja"
4 bedroom semi-detached duplex for rent,"₦10,000,000","By Polaris, Life Camp, Abuja"
5 bedroom detached duplex for rent,"₦60,000,000","Clement Akpamgbo Close, Guzape, Guzape District, Abuja"
3 bedroom detached bungalow for rent,"₦10,000,000","Dabo Estate, Life Camp, Abuja"
1 bedroom flat / apartment for rent,"₦7,000,000","Off Lord Lugard Street, Asokoro District, Abuja"
1 bedroom flat / apartment for rent,"₦9,000,000","Maitama District, Abuja"
4 bedroom house for rent,"₦15,000,000","Life Camp, Abuja"
2 bedroom flat / apartment for rent,"₦5,500,000","(fully Tarred Rd), Area 11, Garki, Abuja"
4 bedroom terraced duplex for rent,"₦16,000,000","Guzape District, Abuja"
4 bedroom semi-detached duplex for rent,"₦650,000,000","Guzape, Guzape District, Abuja"
4 bedroom semi-detached duplex for rent,"₦30,000,000","Jabi, Abuja"
2 bedroom flat / apartment for rent,"₦4,000,000","Aiben Estate By Aco, Airport Road, Lugbe District, Abuja"
2 bedroom flat / apartment for rent,"₦6,500,000","Wuye District, Wuye, Abuja"
2 bedroom flat / apartment for rent,"₦6,000,000","Shafa, Wuye, Abuja"
4 bedroom detached duplex for rent,"₦8,000,000","By Paradise 1, Life Camp, Abuja"
4 bedroom detached duplex for rent,"₦15,000,000","Life Camp, Abuja"
3 bedroom flat / apartment for rent,"₦9,000,000","By Coza, Guzape District, Abuja"
3 bedroom flat / apartment for rent,"₦9,000,000","Guzape District, Abuja"
7 bedroom detached duplex for rent,"₦150,000,000","Asokoro District, Abuja"
Office space for rent,"₦10,000,000","Gudu District Close To Legislative Quarters, Gudu, Abuja"
Residential land for rent,"₦1,000,000,000","Gilmore (tarred Road), Jahi, Abuja"
2 bedroom terraced duplex for rent,"₦6,000,000","Lokogoma Expressway, Lokogoma District, Abuja"
Office space for rent,"₦5,265,600","4th Floor, Building Ii, Rivers House, Plot 83 Ralph Shodeinde Street, Central Business District, Abuja"
Office space for rent,"₦733,900","4th Floor, Building Ii, Rivers House, Plot 83 Ralph Shodeinde Street, Central Business District, Abuja"
Shop for rent,"₦13,000,000","Wuse 2, Abuja"
Shop for rent,"₦25,500,000","Wuse 2, Abuja"
1 bedroom flat / apartment for rent,"₦6,000,000","Maitama District, Abuja"
Shop for rent,"₦19,500,000","Wuse 2, Abuja"
4 bedroom terraced duplex for rent,"₦8,000,000","Dantata Estate, Gwarinpa, Abuja"
4 bedroom flat / apartment for rent,"₦35,000,000","Wuse 2, Abuja"
1 bedroom mini flat (room and parlour) for rent,"₦2,500,000","6th Avenue, Gwarinpa, Abuja"
3 bedroom terraced duplex for rent,"₦10,000,000","Ahmed Bello Way, Gwarinpa, Abuja"
4 bedroom semi-detached duplex for rent,"₦20,000,000","Wuye, Abuja"
Plaza / complex / mall for rent,"₦19,000,000","Wuse 2, Abuja"
Shop for rent,"₦18,500,000","Wuse 2, Abuja"
5 bedroom detached duplex for rent,"₦8,000,000","Idu Industrial, Abuja"
Plaza / complex / mall for rent,"₦46,305,000","Area 11, Garki, Abuja"
Office space for rent,"₦10,000,000","Area 1, Garki, Abuja"
4 bedroom semi-detached duplex for rent,"₦28,000,000","Wuse 2, Abuja"
5 bedroom semi-detached duplex for rent,"₦30,000,000","Wuse 2, Abuja"
Office space for rent,"₦123,500,000","Wuse 2, Abuja"
2 bedroom flat / apartment for rent,"₦7,000,000","By Zartech Tarred Rd, Wuye, Abuja"
3 bedroom flat / apartment for rent,"₦9,000,000","Dantata Estate, Gwarinpa, Abuja"
3 bedroom terraced duplex for rent,"₦10,000,000","Dantata Estate, Gwarinpa, Abuja"
4 bedroom terraced duplex for rent,"₦25,000,000","Asokoro Main, Asokoro District, Abuja"
5 bedroom detached duplex for rent,"₦25,000,000","Katampe Extension, Katampe, Abuja"
Office space for rent,"₦8,500,000","Utako, Abuja"
1 bedroom flat / apartment for rent,"₦9,000,000","Maitama District, Abuja"
3 bedroom flat / apartment for rent,"₦8,500,000","Katampe, Abuja"
Shop for rent,"₦50,000,000","Jabi, Abuja"
Warehouse for rent,"₦10,000,000","Along Kubwa Express Way, Idu Industrial, Abuja"
Office space for rent,"₦11,000,000","Jabi, Abuja"
Office space for rent,"₦7,000,000","Jabi, Abuja"
Office space for rent,"₦7,000,000","Jabi, Abuja"
3 bedroom semi-detached bungalow for rent,"₦8,500,000","Katampe Extension, Katampe, Abuja"
Warehouse for rent,"₦20,000,000","Along Kubwa Express Way, Kubwa, Abuja"
3 bedroom flat / apartment for rent,"₦8,500,000","Katampe Extension, Katampe, Abuja"
5 bedroom terraced duplex for rent,"₦17,000,000","Gilmore, Jahi, Abuja"
4 bedroom terraced duplex for rent,"₦15,000,000","Wuye, Abuja"
5 bedroom detached duplex for rent,"₦35,000,000","Wuye, Abuja"
4 bedroom terraced duplex for rent,"₦15,000,000","Guzape District, Abuja"
3 bedroom flat / apartment for rent,"₦5,000,000","By Family Worship, Wuye, Abuja"
1 bedroom flat / apartment for rent,"₦5,000,000","Wuye Main, Wuye, Abuja"
2 bedroom flat / apartment for rent,"₦10,000,000","Katampe, Abuja"
3 bedroom flat / apartment for rent,"₦6,000,000","Living Faith, Jahi, Abuja"
4 bedroom semi-detached duplex for rent,"₦7,000,000","Lifecamp, Life Camp, Abuja"
Restaurant / bar for rent,"₦162,500,000","Wuse 2, Abuja"
3 bedroom office space for rent,"₦23,000,000","Wuse 2, Abuja"
Conference / meeting / training room for rent,"₦200,000","Kumasi Crescent, Wuse 2, Abuja"
5 bedroom semi-detached duplex for rent,"₦30,000,000","Mabushi, Abuja"
4 bedroom terraced duplex for rent,"₦5,000,000","By Gaduwa Estate(tarred Rd), Gaduwa, Abuja"
3 bedroom flat / apartment for rent,"₦5,000,000","Games Village, Kaura, Abuja"
Plaza / complex / mall for rent,"₦4,000,000","4th Avenue, Gwarinpa, Abuja"
3 bedroom flat / apartment for rent,"₦45,000,000","Wuse 2, Abuja"
1 bedroom mini flat (room and parlour) for rent,"₦3,900,000","4th Avenue, Gwarinpa, Abuja"
4 bedroom detached duplex for rent,"₦11,000,000","6th Avenue, Gwarinpa, Abuja"
Shop for rent,"₦14,000,000","6th Avenue, Gwarinpa, Abuja"
6 bedroom terraced duplex for rent,"₦17,000,000","Katampe Extension, Katampe, Abuja"
4 bedroom terraced duplex for rent,"₦12,000,000","Jahi By Aduvie International School, Jahi, Abuja"
4 bedroom flat / apartment for rent,"₦18,000,000","Wuse 2, Abuja"
Self contain (single rooms) for rent,"₦1,200,000","6th Avenue, Gwarinpa, Abuja"
Plaza / complex / mall for rent,"₦9,000,000","3rd Avenue, Gwarinpa, Abuja"
Plaza / complex / mall for rent,"₦6,000,000","3rd Avenue, Gwarinpa, Abuja"
Office space for rent,"₦56,900","28, Okemesi Crescent, Area 2, Garki, Abuja"
Office space for rent,"₦3,590,600","28 Okemesi Crescent, Area 2, Garki, Abuja"
Office space for rent,"₦2,090,700","28 Okemesi Crescent, Area 2, Garki, Abuja"
Office space for rent,"₦1,121,800","28, Okemesi Crescent, Area 2, Garki, Abuja"
Office space for rent,"₦572,900","28 Okemesi Crescent, Area 2, Garki, Abuja"
Office space for rent,"₦548,900","28 Okemesi Crescent, Area 2, Garki, Abuja"
1 bedroom flat / apartment for rent,"₦9,000,000","Maitama District, Abuja"
Office space for rent,"₦178,900","28 Okemesi Crescent, Area 2, Garki, Abuja"
4 bedroom detached duplex for rent,"₦13,000,000","Gwarinpa, Abuja"
24 bedroom hotel / guest house for rent,"₦200,000,000","Katampe Extension, Katampe, Abuja"
6 bedroom detached duplex for rent,"₦150,000,000","Asokoro Main, Asokoro District, Abuja"
Self contain (single rooms) for rent,"₦1,800,000","Main, Gwarinpa, Abuja"
Plaza / complex / mall for rent,"₦75,000","Zone 7, Wuse, Abuja"
5 bedroom flat / apartment for rent,"₦10,000,000","By Start Rite, Gudu, Abuja"
3 bedroom flat / apartment for rent,"₦19,000,000","By Gilmore, Jahi, Abuja"
5 bedroom semi-detached duplex for rent,"₦12,000,000","Behind Paradise 1 Estate, Life Camp, Abuja"
3 bedroom flat / apartment for rent,"₦200,000,000","Katampe Extension, Katampe, Abuja"
18 bedroom flat / apartment for rent,"$1,300,000","Asokoro Main, Asokoro District, Abuja"
Shop for rent,"₦16,000,000","Wuse 2, Abuja"
2 bedroom flat / apartment for rent,"₦25,000,000","Wuse 2, Abuja"
Shop for rent,"₦10,000,000","Wuse 2, Abuja"
Plaza / complex / mall for rent,"₦65,520,000","Jabi, Abuja"
1 bedroom flat / apartment for rent,"₦11,000,000","Mabushi, Abuja"
Self contain (single rooms) for rent,"₦5,000,000","Highgate Apartments, Wuye, Abuja"
3 bedroom flat / apartment for rent,"₦10,000,000","Wuye, Abuja"
5 bedroom terraced duplex for rent,"₦20,000,000","By Arab, Utako, Abuja"
1 bedroom detached duplex for rent,"₦100,000,000","Wuse 2, Abuja"
Conference / meeting / training room for rent,"₦200,000","Kumasi Crescent, Wuse 2, Abuja"
Shop for rent,"₦17,650,500","Wuse 2, Abuja"
Plaza / complex / mall for rent,"₦63,700,000","Wuse 2, Abuja"
3 bedroom flat / apartment for rent,"₦10,000,000","Wuye, Abuja"
3 bedroom flat / apartment for rent,"$45,000","Wuse 2, Abuja"
Office space for rent,"₦8,000,000","Off Amino Kano, Wuse 2, Abuja"
1 bedroom flat / apartment for rent,"₦9,000,000","Jahi, Abuja"
2 bedroom flat / apartment for rent,"₦5,000,000","Jahi-katampe Road, Jahi, Abuja"
2 bedroom flat / apartment for rent,"₦15,000,000","Before Bannex Bridge, Mabushi, Abuja"
3 bedroom flat / apartment for rent,"₦8,500,000","Utako, Abuja"
Plaza / complex / mall for rent,"₦5,000,000","Off 1st Avenue, Gwarinpa, Abuja"
6 bedroom detached duplex for rent,"₦60,000,000","Jabi, Abuja"
3 bedroom detached bungalow for rent,"₦10,000,000","Life Camp, Abuja"
Shop for rent,"₦7,000,000","Banex, Wuse 2, Abuja"
2 bedroom flat / apartment for rent,"₦15,000,000","Before Bannex Bridge, Mabushi, Abuja"
5 bedroom terraced duplex for rent,"₦25,000,000","Katampe Extension,at Diplomatic Zone ,fct Abuja Nigeria, Katampe Extension, Katampe, Abuja"
2 bedroom detached bungalow for rent,"₦700,000","Kobi Makaranta District, Guzape District, Abuja"
3 bedroom flat / apartment for rent,"₦30,000,000","Jabi Main, Jabi, Abuja"
3 bedroom house for rent,"₦200,000,000","Maitama District, Abuja"
3 bedroom flat / apartment for rent,"₦7,500,000","By Arab, Utako, Abuja"
3 bedroom flat / apartment for rent,"₦6,500,000","4th Avenue, Gwarinpa, Abuja"
1 bedroom flat / apartment for rent,"₦6,000,000","Maitama District, Abuja"
2 bedroom flat / apartment for rent,"₦8,500,000","Glimore, Jahi, Abuja"
5 bedroom detached duplex for rent,"₦30,000,000","Off Missisippi, Maitama District, Abuja"
2 bedroom terraced duplex for rent,"₦10,000,000","Naf Valley Estate, Asokoro District, Abuja"
Self contain (single rooms) for rent,"₦8,000,000","Off Aminu Kano Crescent, Wuse 2, Abuja"
1 bedroom mini flat (room and parlour) for rent,"₦12,000,000","Off Aminu Kano Crescent, Wuse 2, Abuja"
3 bedroom detached bungalow for rent,"₦8,500,000","Extension After Queens Estate, Gwarinpa, Abuja"
Office space for rent,"₦2,500,000","Close To Efcc Office, Wuse 2, Abuja"
3 bedroom commercial property for rent,"₦132,000,000","Katampe Extension, Katampe, Abuja"
4 bedroom terraced duplex for rent,"₦20,000,000","Gilmore, Jahi, Abuja"
3 bedroom flat / apartment for rent,"₦5,500,000","By Ncdc Tarred Road, Gaduwa, Abuja"
3 bedroom flat / apartment for rent,"₦10,000,000","Jahi, Abuja"
5 bedroom detached duplex for rent,"₦30,000,000","Asokoro District, Abuja"
4 bedroom detached duplex for rent,"₦12,000,000","Gwarinpa, Abuja"
2 bedroom flat / apartment for rent,"₦3,000,000","Phase 4, Kubwa, Abuja"
1 bedroom flat / apartment for rent,"₦2,000,000","By Mobil, Mabushi, Abuja"
2 bedroom flat / apartment for rent,"₦18,000,000","Garki, Abuja"
2 bedroom flat / apartment for rent,"₦3,700,000","News Engineering Estate, Dawaki, Gwarinpa, Abuja"
2 bedroom flat / apartment for rent,"₦7,000,000","No 9 Samuel Oladele Crescent, Katampe (Main), Katampe, Abuja"
1 bedroom house for rent,"₦8,000,000","Durumi, Abuja"
5 bedroom detached duplex for rent,"₦100,000,000","Main, Maitama District, Abuja"
1 bedroom flat / apartment for rent,"₦6,000,000","Maitama District, Abuja"
4 bedroom semi-detached duplex for rent,"₦8,000,000","Sunnyvale Estate Axis, Lokogoma District, Abuja"
3 bedroom flat / apartment for rent,"₦8,500,000","Jahi, Abuja"
3 bedroom flat / apartment for rent,"₦10,000,000","Jahi, Abuja"
3 bedroom flat / apartment for rent,"₦9,000,000","Gilmore, Jahi, Abuja"
1 bedroom flat / apartment for rent,"₦3,000,000","Lento, Life Camp, Abuja"
1 bedroom mini flat (room and parlour) for rent,"₦3,500,000","Main, Gwarinpa, Abuja"
Office space for rent,"₦206,238,000","Central Business District, Abuja"
4 bedroom house for rent,"₦15,000,000","Guzape District, Abuja"
3 bedroom flat / apartment for rent,"₦10,000,000","Wuye Main By Zartech, Wuye, Abuja"
3 bedroom flat / apartment for rent,"₦6,000,000","Garki 2, Rita Lori, Garki, Abuja"
4 bedroom commercial property for rent,"$150,000","Maitama District, Abuja"
1 bedroom flat / apartment for rent,"₦2,800,000","Games Village (tarred Rd, Kaura, Abuja"
3 bedroom flat / apartment for rent,"₦6,000,000","Area 1 Axis., Durumi, Abuja"
4 bedroom detached duplex for rent,"₦11,500,000","Life Camp, Abuja"
2 bedroom flat / apartment for rent,"₦130,000","Area 11, Garki, Abuja"
5 bedroom detached duplex for rent,"₦40,000,000","Maitama District, Abuja"
5 bedroom detached duplex for rent,"₦30,000,000","Katampe Extension, Katampe, Abuja"
4 bedroom semi-detached duplex for rent,"₦8,500,000","Wumba District/apo Primary Axis, Apo, Abuja"
2 bedroom flat / apartment for rent,"$40,000","Maitama District, Abuja"
3 bedroom terraced duplex for rent,"₦17,500,000","Naf Valley Estate, Asokoro District, Abuja"
Conference / meeting / training room for rent,"₦200,000","Kumasi Crescent, Wuse 2, Abuja"
Self contain (single rooms) for rent,"₦4,000,000","Gwarinpa, Abuja"
3 bedroom flat / apartment for rent,"₦5,000,000","Area 1, Garki, Abuja"
3 bedroom house for rent,"₦5,000,000","Gaduwa, Abuja"
4 bedroom terraced duplex for rent,"₦15,000,000","Wuye, Abuja"
2 bedroom flat / apartment for rent,"₦7,500,000","Phase 3, Kubwa, Abuja"
2 bedroom flat / apartment for rent,"₦10,000,000","Mabushi, Abuja"
1 bedroom flat / apartment for rent,"₦2,200,000","By Berger Clinic, Life Camp, Abuja"
Shop for rent,"₦37,800,000","Area 11, Garki, Abuja"
Commercial property for rent,"$600,000","Central Business District, Abuja"
4 bedroom terraced duplex for rent,"$50,000","By Bannex, Wuse 2, Abuja"
4 bedroom terraced duplex for rent,"₦13,000,000","Katampe, Abuja"
7 bedroom detached duplex for rent,"₦80,000,000","Maitama District, Abuja"
1 bedroom mini flat (room and parlour) for rent,"₦3,000,000","4th Avenue, Gwarinpa, Abuja"
4 bedroom terraced duplex for rent,"₦15,500,000","Gudu, Abuja"
4 bedroom semi-detached duplex for rent,"₦25,000,000","Katampe Extension, Katampe, Abuja"
4 bedroom terraced duplex for rent,"₦17,500,000","Katampe, Abuja"
2 bedroom detached bungalow for rent,"₦12,000,000","Maitama Main, Maitama District, Abuja"
1 bedroom mini flat (room and parlour) for rent,"₦2,800,000","Main, Gwarinpa, Abuja"
6 bedroom house for rent,"₦60,000,000","Jabi, Abuja"
2 bedroom flat / apartment for rent,"₦6,000,000","Lugbe District, Abuja"
1 bedroom flat / apartment for rent,"₦6,000,000","Maitama District, Abuja"
5 bedroom semi-detached duplex for rent,"₦25,000,000","Wuye, Abuja"
4 bedroom detached duplex for rent,"₦20,000,000","Galadimawa, Abuja"
Office space for rent,"₦58,500","28, Okemesi Crescent, Area 2, Garki, Abuja"
Office space for rent,"₦31,900","28 Okemesi Crescent,, Area 2, Garki, Abuja"
4 bedroom terraced duplex for rent,"₦25,000,000","Guzape District, Abuja"
Shop for rent,"₦24,850,000","Zone 2, Wuse, Abuja"
3 bedroom flat / apartment for rent,"₦25,000,000","By Jimmy Carter, Asokoro District, Abuja"
2 bedroom flat / apartment for rent,"₦20,000,000","By Coza(tarred Rd), Guzape District, Abuja"
1 bedroom mini flat (room and parlour) for rent,"₦1,500,000","Tipper Garage, Obasanjo Road, Dutse, Abuja"
2 bedroom flat / apartment for rent,"₦8,000,000","Guzape District, Abuja"
4 bedroom terraced duplex for rent,"₦20,000,000","By Arab, Utako, Abuja"
2 bedroom flat / apartment for rent,"₦5,000,000","Fha/enl, Paradise Hills Estate, Guzape District, Abuja"
2 bedroom flat / apartment for rent,"₦7,000,000","Fha/enl, Paradise Hills Estate, Guzape District, Abuja"
2 bedroom flat / apartment for rent,"₦22,000,000","Gilmore Area- Fola Daniel Crescent, Jahi, Abuja"
5 bedroom detached duplex for rent,"₦30,000,000","Mabushi, Abuja"
3 bedroom flat / apartment for rent,"₦6,000,000","Area 1 Axis., Durumi, Abuja"
2 bedroom flat / apartment for rent,"₦6,000,000","Wuye, Abuja"
3 bedroom terraced duplex for rent,"₦7,000,000","Along Sunnyvale Expressway, Galadimawa, Abuja"
Office space for rent,"₦22,860,000","Ademola Adetokubo, Wuse 2, Abuja"
2 bedroom flat / apartment for rent,"₦5,000,000","After Aduvie School, Jahi, Abuja"
Conference / meeting / training room for rent,"₦200,000","Kumasi Crescent, Wuse 2, Abuja"
5 bedroom detached duplex for rent,"₦12,000,000","Close To Stella Maris School, Life Camp, Abuja"
Commercial property for rent,"₦42,000,000","Off Mabushi, Kado, Abuja"
7 bedroom detached duplex for rent,"₦70,000,000","Wuse 2, Abuja"
Plaza / complex / mall for rent,"₦3,500,000","Gwarinpa, Abuja"
4 bedroom terraced duplex for rent,"₦35,000,000","Wuse 2, Abuja"
Plaza / complex / mall for rent,"₦150,000,000","Maitama District, Abuja"
Plaza / complex / mall for rent,"₦5,000,000","Jabi, Abuja"
Shop for rent,"₦2,000,000","Jabi, Abuja"
Plaza / complex / mall for rent,"₦5,000,000","Jabi, Abuja"
Commercial property for rent,"₦170,000","Off Ibb Boulevard, Maitama District, Abuja"
4 bedroom detached duplex for rent,"₦14,000,000","Life Camp, Abuja"
3 bedroom flat / apartment for rent,"₦10,000,000","Jahi, Abuja"
4 bedroom terraced duplex for rent,"₦20,000,000","Wuse 2, Abuja"
3 bedroom detached duplex for rent,"₦9,000,000","Jahi, Abuja"
2 bedroom flat / apartment for rent,"₦20,000,000","Aso Villa, Asokoro District, Abuja"
4 bedroom terraced duplex for rent,"₦12,000,000","By American International School, Durumi, Abuja"
4 bedroom terraced duplex for rent,"₦50,000,000","Maitama District, Abuja"
Plaza / complex / mall for rent,"₦5,000,000","Gwarinpa, Abuja"
4 bedroom terraced duplex for rent,"₦12,000,000","Katampe, Abuja"
4 bedroom terraced duplex for rent,"₦15,000,000","Guzape District, Abuja"
Conference / meeting / training room for rent,"₦200,000","Kumasi Crescent, Wuse 2, Abuja"
3 bedroom flat / apartment for rent,"₦7,000,000","Kado,close To Jabi Shoprite, Kado, Abuja"
2 bedroom terraced duplex for rent,"₦160,000,000","Katampe (Main), Katampe, Abuja"
3 bedroom flat / apartment for rent,"$40,000","Wuse 2, Abuja"
Plaza / complex / mall for rent,"₦15,000,000","Wuse 2, Abuja"
Self contain (single rooms) for rent,"₦2,300,000","By Wuye Market, Wuye, Abuja"
3 bedroom flat / apartment for rent,"$45,000","Maitama District, Abuja"
2 bedroom flat / apartment for rent,"$40,000","Maitama District, Abuja"
3 bedroom flat / apartment for rent,"₦6,000,000","By Arab, Utako, Abuja"
Plaza / complex / mall for rent,"₦46,000,000","Amino Kano Crescent Main, Wuse 2, Abuja"
Shop for rent,"₦4,000,000","Gwarinpa, Abuja"
Office space for rent,"₦27,550,000","Central Business District, Abuja"
Office space for rent,"₦10,925,000","Central Business District, Abuja"
2 bedroom flat / apartment for rent,"₦4,500,000","Area 1, Garki, Abuja"
3 bedroom house for rent,"₦30,000,000","Guzape District, Abuja"
Office space for rent,"₦6,000,000","Off Aminu Kano Way, Wuse 2, Abuja"
3 bedroom flat / apartment for rent,"₦10,000,000","Jahi, Abuja"
Office space for rent,"₦11,950,000","Area 3, Garki, Abuja"
Office space for rent,"₦7,500,000","Area 3, Garki, Abuja"
Plaza / complex / mall for rent,"₦190,000","Zone 3, Wuse, Abuja"
Plaza / complex / mall for rent,"₦155,000,000","Close To Ncc, Maitama District, Abuja"
Conference / meeting / training room for rent,"₦200,000","Kumasi Crescent, Wuse 2, Abuja"
3 bedroom house for rent,"₦8,500,000","Gilmore, Jahi, Abuja"
3 bedroom flat / apartment for rent,"₦8,000,000","Admiralty (cbn) Estate, Asokoro District, Abuja"
4 bedroom terraced duplex for rent,"₦17,000,000","Gilmore,very Close To Wuse 2, Jahi, Abuja"
5 bedroom terraced duplex for rent,"₦20,000,000","Jahi Gilmore Very Close To Wuse 2,fct Abuja Nigeria, Jahi, Abuja"
2 bedroom detached bungalow for rent,"₦16,000,000","Zone A, Apo Resettlement, Apo, Abuja"
3 bedroom flat / apartment for rent,"₦35,000,000","Off Ibb Way, Maitama District, Abuja"
Self contain (single rooms) for rent,"₦2,500,000","Close To Chicken Republic, Gwarinpa, Abuja"
18 bedroom flat / apartment for rent,"₦10,000,000","Guzape District, Abuja"
3 bedroom flat / apartment for rent,"₦6,000,000","Area 1 Axis., Durumi, Abuja"
Self contain (single rooms) for rent,"₦1,800,000","Main, Gwarinpa, Abuja"
1 bedroom mini flat (room and parlour) for rent,"₦2,500,000","4th Avenue Junction Close To H Medix, Gwarinpa, Abuja"
Warehouse for rent,"₦210,000,000","Idu Industrial, Abuja"
3 bedroom flat / apartment for rent,"$33,000","Jabi, Abuja"
4 bedroom detached duplex for rent,"₦6,000,000","Fha, By Coza Church, Lugbe District, Abuja"
2 bedroom flat / apartment for rent,"₦4,000,000","Gwarinpa, Abuja"
1 bedroom mini flat (room and parlour) for rent,"₦700,000","Kuduru Extension, Kuduru, Bwari, Abuja"
3 bedroom flat / apartment for rent,"₦8,000,000","Katampe Extension, Katampe, Abuja"
Office space for rent,"₦7,500,000","Garki Area 11, Area 11, Garki, Abuja"
4 bedroom semi-detached duplex for rent,"₦125,000,000","Maitama District, Abuja"
3 bedroom detached duplex for rent,"₦15,000,000","Maitama District, Abuja"
1 bedroom flat / apartment for rent,"₦6,000,000","Maitama District, Abuja"
Shop for rent,"₦5,500,000","5th Avenue, Gwarinpa, Abuja"
Office space for rent,"₦39,750,000","Cbd, Central Business District, Abuja"
2 bedroom flat / apartment for rent,"$37,000","Jabi, Abuja"
2 bedroom flat / apartment for rent,"$33,000","Jabi, Abuja"
2 bedroom flat / apartment for rent,"₦4,500,000","Durumi, Abuja"
4 bedroom terraced duplex for rent,"₦12,500,000","Katampe Extension, Katampe, Abuja"
2 bedroom flat / apartment for rent,"₦10,000,000","Wuse 2, Abuja"
5 bedroom semi-detached duplex for rent,"₦80,000,000","Maitama District, Abuja"
3 bedroom detached bungalow for rent,"₦13,000,000","Efab Estate, Gwarinpa, Abuja"
Office space for rent,"₦55,000,000","Central Business District, Abuja"
Office space for rent,"₦190,000,000","Maitama District, Abuja"
3 bedroom flat / apartment for rent,"₦10,000,000","Wuye, Abuja"
Office space for rent,"₦56,900","1 Zambezi Crescent Off Aguyi Ironsi Street, Maitama District, Abuja"
4 bedroom semi-detached duplex for rent,"₦8,000,000","Behalm Estate, Gwarinpa Extension, Karsana, Abuja"
3 bedroom flat / apartment for rent,"₦5,500,000","Idu Industrial, Abuja"
2 bedroom flat / apartment for rent,"₦7,000,000","Gilmore Axis, Jahi, Abuja"
5 bedroom detached duplex for rent,"₦40,000,000","Wuse 2, Abuja"
4 bedroom terraced duplex for rent,"₦15,000,000","Mabushi, Abuja"
4 bedroom semi-detached duplex for rent,"₦12,000,000","Close To Great Blessing Sch, Gwarinpa, Abuja"
3 bedroom flat / apartment for rent,"₦7,000,000","Wuye, Abuja"
Conference / meeting / training room for rent,"₦200,000","Kumasi Crescent, Wuse 2, Abuja"
3 bedroom flat / apartment for rent,"₦30,000,000","Maitama District, Abuja"
4 bedroom terraced duplex for rent,"₦8,500,000","Off 3rd Avenue, Gwarinpa, Abuja"
Shop for rent,"₦20,000,000","Gwarinpa, Abuja"
Office space for rent,"₦4,734,700","1 Zambezi Crescent Off Aguyi Ironsi Street, Murjanatu House, Maitama District, Abuja"
Office space for rent,"₦3,151,800","1 Zambezi Crescent Off Aguyi Ironsi Street, Murjanatu House, Maitama District, Abuja"
Office space for rent,"₦233,900","1, Zambezi Crescent Off Aguyi Ironsi Street, Murjanatu House, Maitama District, Abuja"
Office space for rent,"₦4,687,700","123 Mohammadu Buhari Way, Chelsea Cbd, Central Business District, Abuja"
Office space for rent,"₦3,182,700","123 Mohammadu Buhari Way, Chelsea Cbd, Central Business District, Abuja"
Office space for rent,"₦1,962,900","123 Mohammadu Buhari Way, Chelsea Cbd, Central Business District, Abuja"
Office space for rent,"₦1,962,900","123 Mohammadu Buhari Way, Chelsea Cbd, Central Business District, Abuja"
Office space for rent,"₦370,900","123 Mohammadu Buhari Way, Chelsea Cbd, Central Business District, Abuja"
Office space for rent,"₦185,900","123 Mohammadu Buhari Way, Chelsea Cbd, Central Business District, Abuja"
2 bedroom flat / apartment for rent,"₦17,000,000","Off Aminu Kano, Wuse 2, Abuja"
2 bedroom flat / apartment for rent,"₦12,500,000","Off Aminut Kano, Wuse 2, Abuja"
3 bedroom detached bungalow for rent,"₦6,000,000","Galadimawa, Abuja"
Self contain (single rooms) for rent,"₦2,000,000","Main, Gwarinpa, Abuja"
4 bedroom terraced duplex for rent,"₦15,000,000","By Gilmore, Jahi, Abuja"
3 bedroom flat / apartment for rent,"₦5,000,000","News Engineering, Dawaki, Gwarinpa, Abuja"
3 bedroom flat / apartment for rent,"₦8,000,000","Main, Wuye, Abuja"
4 bedroom detached duplex for rent,"₦25,000,000","By Ecowas, Asokoro District, Abuja"
1 bedroom flat / apartment for rent,"₦6,000,000","Maitama District, Abuja"
Office space for rent,"₦70,000","Apo, Abuja"
3 bedroom house for rent,"₦9,000,000","Katampe, Abuja"
2 bedroom house for rent,"₦350,000,000","News Engineering, Opposite Gwarimpa Estate, Dawaki, Gwarinpa, Abuja"
3 bedroom flat / apartment for rent,"₦10,000,000","Jahi, Abuja"
Plaza / complex / mall for rent,"₦3,500,000","Garki, Abuja"
4 bedroom detached duplex for rent,"₦15,000,000","Gwarimpa Estate By Charly Boys Side,fct Abuja Nigeria, Gwarinpa, Abuja"
1 bedroom flat / apartment for rent,"₦2,600,000","Wuye, Abuja"
3 bedroom flat / apartment for rent,"₦35,000,000","By The Lake, Jabi, Abuja"
5 bedroom house for rent,"₦20,000,000","Katampe Extension, Katampe, Abuja"
3 bedroom house for rent,"₦4,000,000","Gaduwa, Abuja"
2 bedroom flat / apartment for rent,"₦4,500,000","Gwarinpa, Abuja"
4 bedroom terraced duplex for rent,"₦5,000,000","Paradise Estate, Life Camp, Abuja"
2 bedroom flat / apartment for rent,"₦7,500,000","Behind Deda Hospital, Katampe, Abuja"
4 bedroom flat / apartment for rent,"₦25,000,000","Guzape District, Abuja"
3 bedroom flat / apartment for rent,"₦35,000,000","Jabi, Abuja"
2 bedroom flat / apartment for rent,"₦10,000,000","Airport Road, River Park Estate., Lugbe District, Abuja"
2 bedroom flat / apartment for rent,"₦5,500,000","Wuye, Abuja"
3 bedroom flat / apartment for rent,"₦9,000,000","Gilmore, Jahi, Abuja"
2 bedroom flat / apartment for rent,"₦20,000,000","El-rufai Way, Guzape District, Abuja"
4 bedroom semi-detached duplex for rent,"₦9,000,000","Urban Shelter, News Engineering, Dawaki, Gwarinpa, Abuja"
1 bedroom flat / apartment for rent,"₦9,000,000","Maitama District, Abuja"
Warehouse for rent,"₦10,000,000","Asokoro Barracks, Asokoro District, Abuja"
3 bedroom detached bungalow for rent,"₦24,000,000","Maitama Main(tarred Rd), Maitama District, Abuja"
2 bedroom flat / apartment for rent,"₦10,000,008","Mabushi, Abuja"
Office space for rent,"$42,900","Constitution Avenue, Central Business District, Abuja"
Office space for rent,"$37,000","Constitution Avenue, Central Business District, Abuja"
2 bedroom flat / apartment for rent,"₦5,000,000","Jahi, Abuja"
2 bedroom flat / apartment for rent,"$33,000","Jabi, Abuja"
Office space for rent,$250,"Jahi District, Jahi, Abuja"
4 bedroom detached duplex for rent,"₦90,000,000","Off Ajayi Crowther Street, Asokoro District, Abuja"
Office space for rent,"₦30,000,000","Ademola Adetokumbo, Wuse 2, Abuja"
4 bedroom terraced duplex for rent,"₦6,000,000","Life Camp, Abuja"
2 bedroom terraced duplex for rent,"₦6,500,000","Wumba, Abuja"
4 bedroom terraced duplex for rent,"₦16,000,000","Diplomatic Zone, Katampe Extension, Katampe, Abuja"
3 bedroom flat / apartment for rent,"₦7,500,000","Katampe (Main), Katampe, Abuja"
3 bedroom house for rent,"₦10,000,000","Wuye, Abuja"
1 bedroom mini flat (room and parlour) for rent,"₦3,000,000","Efab Metropolis, Gwarinpa, Abuja"
Office space for rent,"₦56,900","4th Floor, Tower C, Churchgate Plaza, Ao Cadastral Zone, Constitution Avenue, Central Business District, Abuja"
Office space for rent,"₦58,500","4th Floor, Tower C, Churchgate Plaza, Ao Cadastral Zone, Constitution Avenue, Central Business District, Abuja"
Office space for rent,"₦226,900","4th Floor, Tower C, Churchgate Plaza, Ao Cadastral Zone, Constitution Avenue, Central Business District, Abuja"
Office space for rent,"₦428,900","4th Floor, Tower C, Churchgate Plaza, Ao Cadastral Zone, Constitution Avenue, Central Business District, Abuja"
1 bedroom flat / apartment for rent,"₦9,000,000","Maitama District, Abuja"
Office space for rent,"₦1,200,900","4th Floor,tower C,churchgate Plaza, Ao Cadastral Zone,constitution Ave, Central Business District, Abuja"
Office space for rent,"₦1,840,900","4th Floor,tower C,churchgate Plaza, Ao Cadastral Zone,constitution Ave, Central Business District, Abuja"
4 bedroom terraced duplex for rent,"₦225,000,000","Maitama District, Abuja"
Office space for rent,"₦31,900","123 Mohammadu Buhari Way, Chelsea Cbd, Central Business District, Abuja"
Office space for rent,"₦58,500","123 Mohammadu Buhari Way, Central Business District, Abuja"
Office space for rent,"₦31,900","1, Zambezi Crescent Off Aguyi Ironsi Street, Murjanatu House, Maitama District, Abuja"
Office space for rent,"₦58,500","1 Zambezi Crescent Off Aguyi Ironsi Street, Murjanatu House, Maitama District, Abuja"
5 bedroom terraced duplex for rent,"₦16,000,000","Wuye, Abuja"
Plaza / complex / mall for rent,"₦8,450,000","Garki, Abuja"
3 bedroom flat / apartment for rent,"₦8,500,000","Close To Peace Park, Utako, Abuja"
3 bedroom detached bungalow for rent,"₦10,000,000","Extension In An Estate, Gwarinpa, Abuja"
3 bedroom flat / apartment for rent,"₦7,000,000","Off Amino Kano, Wuse 2, Abuja"
Warehouse for rent,"₦60,000","Phase 1, Idu Industrial, Abuja"
6 bedroom detached duplex for rent,"₦180,000,000","Maitama District, Abuja"
2 bedroom flat / apartment for rent,"₦12,500,000","Off Amino Kano, Wuse 2, Abuja"
1 bedroom flat / apartment for rent,"₦2,500,000","Off Aminu Kano, Wuse 2, Abuja"
3 bedroom flat / apartment for rent,"₦18,000,000","Katampe Extension, Katampe, Abuja"
Plaza / complex / mall for rent,"₦1,500,000","2nd Avenue, Gwarinpa, Abuja"
3 bedroom flat / apartment for rent,"₦4,500,000","Kado, Abuja"
Office space for rent,$520,"Aguiyi Ironsi Street, Maitama District, Abuja"
1 bedroom flat / apartment for rent,"₦9,000,000","Maitama District, Abuja"
3 bedroom flat / apartment for rent,"₦25,000,000","Asokoro District, Abuja"
3 bedroom flat / apartment for rent,"₦5,500,000","Idu Industrial, Abuja"
2 bedroom flat / apartment for rent,"₦25,000,000","Maitama District, Abuja"
3 bedroom flat / apartment for rent,"₦45,000,000","Wuse 2, Abuja"
4 bedroom terraced duplex for rent,"₦15,000,000","Guzape District, Abuja"
4 bedroom terraced duplex for rent,"₦15,000,000","Jabi, Abuja"
5 bedroom semi-detached duplex for rent,"₦25,000,000","Wuse 2, Abuja"
Warehouse for rent,"₦12,000,000","Maitama District, Abuja"
1 bedroom flat / apartment for rent,"₦7,000,000","Highgate Apartments, Wuye, Abuja"
3 bedroom house for rent,"₦10,000,000","Maitama District, Abuja"
Shop for rent,"₦800,000","Mashafa Road, Mpape, Abuja"
2 bedroom flat / apartment for rent,"₦5,000,000","Main, Gwarinpa, Abuja"
4 bedroom detached duplex for rent,"₦25,000,000","Gilmore(tarred Rd), Jahi, Abuja"
Restaurant / bar for rent,"₦20,000,000","Off Ahmadu Bello Way, Mabushi, Abuja"
4 bedroom flat / apartment for rent,"₦7,000,000","Off Amino Kano, Wuse 2, Abuja"
2 bedroom terraced duplex for rent,"₦8,000,000","Life Camp, Abuja"
Plaza / complex / mall for rent,"₦1,500,000","Off 1st Avenue, Gwarinpa, Abuja"
3 bedroom flat / apartment for rent,"₦6,000,000","By Arab, Utako, Abuja"
3 bedroom house for rent,"₦7,500,000","Jabi Main, Jabi, Abuja"
4 bedroom terraced duplex for rent,"₦12,000,000","By Zartech, Wuye, Abuja"
1 bedroom flat / apartment for rent,"₦9,000,000","Maitama District, Abuja"
2 bedroom flat / apartment for rent,"₦7,000,000","Banex Bridge, Mabushi, Abuja"
3 bedroom flat / apartment for rent,"₦9,000,000","By Zartech, Wuye, Abuja"
2 bedroom flat / apartment for rent,"₦8,000,000","By Zartech, Wuye, Abuja"
Office space for rent,"₦30,000,000","Wuse 2, Abuja"
8 bedroom detached duplex for rent,"₦100,000,000","Off Ibb Boulevard, Maitama District, Abuja"
2 bedroom flat / apartment for rent,"₦6,000,000","By Arab, Utako, Abuja"
2 bedroom flat / apartment for rent,"$15,000","Guzape District, Abuja"
3 bedroom detached duplex for rent,"₦8,000,000","By Zartech (tarred Rd), Wuye, Abuja"
4 bedroom flat / apartment for rent,"₦3,500,000","Prince And Princess, Gaduwa, Abuja"
45 bedroom terraced duplex for rent,"₦8,000,000","Utako, Abuja"
4 bedroom terraced duplex for rent,"$25,000","Guzape District, Abuja"
4 bedroom terraced duplex for rent,"₦10,000,000","Gwarinpa, Abuja"
5 bedroom detached duplex for rent,"₦600,000,000","Around Thurja Ville, Wuye, Abuja"
Plaza / complex / mall for rent,"₦500,000,000","Garki, Abuja"
5 bedroom detached duplex for rent,"₦80,000,000","Wuse 2, Abuja"
3 bedroom flat / apartment for rent,"₦6,000,000","By Zartech, Wuye, Abuja"
4 bedroom terraced duplex for rent,"₦15,000,000","Wuye, Abuja"
Office space for rent,"₦31,900","4th Floor, Tower C, Churchgate Plaza, Ao Cadastral Zone, Constitution Avenue, Central Business District, Abuja"
Office space for rent,"₦3,452,700","4th Floor, Building Ii, Rivers House, Plot 83 Ralph Shodeinde Street, Central Business District, Abuja"
Office space for rent,"₦1,734,800","4th Floor, Building Ii, Rivers House, Plot 83 Ralph Shodeinde Street, Central Business District, Abuja"
Conference / meeting / training room for rent,"₦200,000","Kumasi Crescent, Wuse 2, Abuja"
Office space for rent,"₦1,000,900","4th Floor, Building Ii, Rivers House, Plot 83 Ralph Shodeinde Street, Central Business District, Abuja"
Office space for rent,"₦58,500","4th Floor, Building Ii, Rivers House, Plot 83 Ralph Shodeinde Street, Central Business District, Abuja"
Office space for rent,"₦31,900","4th Floor, Building Ii, Rivers House, Plot 83 Ralph Shodeinde Street, Central Business District, Abuja"
Office space for rent,"₦56,900","4th Floor, Building Ii, Rivers House, Plot 83 Ralph Shodeinde Street, Central Business District, Abuja"
2 bedroom flat / apartment for rent,"₦26,000,000","Jabi, Abuja"
3 bedroom flat / apartment for rent,"₦8,500,000","Jahi, Abuja"
3 bedroom terraced duplex for rent,"₦8,500,000","Paradise Estate 1, Life Camp, Abuja"
5 bedroom terraced duplex for rent,"₦20,000,000","By Zartech, Wuye, Abuja"
4 bedroom semi-detached duplex for rent,"₦12,000,000","Garki, Abuja"
4 bedroom terraced duplex for rent,"₦25,000,000","Wuye, Abuja"
4 bedroom semi-detached duplex for rent,"₦25,000,000","Off Amino Kano, Wuse 2, Abuja"
2 bedroom flat / apartment for rent,"₦18,000,000","Gilmore Area, Jahi, Abuja"
2 bedroom flat / apartment for rent,"₦18,000,000","Jahi, Abuja"
1 bedroom mini flat (room and parlour) for rent,"₦7,000,000","By Capital Hub., Jahi, Abuja"
3 bedroom flat / apartment for rent,"₦10,000,000","Jahi, Abuja"
3 bedroom flat / apartment for rent,"₦5,000,000","Jahi Gilmore (fully Tarred Rd), Jahi, Abuja"
4 bedroom terraced duplex for rent,"₦14,000,000","Jahi, Abuja"
5 bedroom detached duplex for rent,"₦20,000,000","Gwarinpa, Abuja"
5 bedroom terraced duplex for rent,"₦20,000,000","Wuye, Abuja"
1 bedroom flat / apartment for rent,"₦3,000,000","Gilmore, Jahi, Abuja"
1 bedroom flat / apartment for rent,"₦6,000,000","Maitama District, Abuja"
4 bedroom terraced duplex for rent,"₦5,000,000","Life Camp, Abuja"
3 bedroom flat / apartment for rent,"₦4,000,000","Life Camp, Abuja"
3 bedroom flat / apartment for rent,"₦4,500,000","Utako, Abuja"
2 bedroom flat / apartment for rent,"$40,000","Maitama District, Abuja"
4 bedroom terraced duplex for rent,"₦12,000,000","Kado, Abuja"
1 bedroom mini flat (room and parlour) for rent,"₦6,500,000","Highgate Apartments, Wuye, Abuja"
4 bedroom terraced duplex for rent,"₦11,000,000","Mabushi, Abuja"
5 bedroom semi-detached duplex for rent,"₦25,000,000","Jahi, Abuja"
Plaza / complex / mall for rent,"₦5,000,000","Off 1st Avenue, Gwarinpa, Abuja"
Office space for rent,"₦8,000,000","On Amino Kano Crescent, Wuse 2, Abuja"
Office space for rent,"₦32,000,000","Ahmadu Bello Way, Kado, Abuja"
Office space for rent,"₦48,000,000","Ahmadu Bello Way, Kado, Abuja"
3 bedroom flat / apartment for rent,"₦30,000,000","Garki, Abuja"
3 bedroom flat / apartment for rent,"₦27,000,000","Garki, Abuja"
4 bedroom detached duplex for rent,"₦25,000,000","Off Ademola Adetokunbo, Wuse, Abuja"
1 bedroom mini flat (room and parlour) for rent,"₦5,000,000","Legacy Estate, Wuye, Abuja"
5 bedroom detached duplex for rent,"₦15,000,000","By Coza, Guzape District, Abuja"
1 bedroom mini flat (room and parlour) for rent,"₦5,000,000","Maitama, Maitama District, Abuja"
2 bedroom flat / apartment for rent,"₦4,500,000","Katampe Extension, Katampe, Abuja"
Plaza / complex / mall for rent,"₦90,000,000","Along Jahi Road, Mabushi, Abuja"
1 bedroom flat / apartment for rent,"₦9,000,000","Maitama District, Abuja"
2 bedroom flat / apartment for rent,"$20,000","Garki, Abuja"
1 bedroom mini flat (room and parlour) for rent,"₦5,500,000","Main, Gwarinpa, Abuja"
Office space for rent,"₦45,000,000","Ahmadu Bello Way, Kado, Abuja"
4 bedroom terraced duplex for rent,"₦15,000,000","Gilmore, Jahi, Abuja"
4 bedroom terraced duplex for rent,"₦13,000,000","Mabushi, Abuja"
1 bedroom flat / apartment for rent,"₦3,000,000","Kado, Abuja"
7 bedroom detached duplex for rent,"₦60,000,000","Off Yedseram Street, Maitama District, Abuja"
3 bedroom flat / apartment for rent,"₦6,000,000","Gudu, Abuja"
2 bedroom flat / apartment for rent,"₦5,500,000","26 Limropo St Abuja Street, Maitama 2, Maitama District, Abuja"
Office space for rent,"₦10,000,000","The Node, Mabushi, Abuja"
5 bedroom detached duplex for rent,"₦115,000,000","Maitama District, Abuja"
4 bedroom terraced duplex for rent,"₦17,000,000","Gilmore, Jahi, Abuja"
Self contain (single rooms) for rent,"₦1,600,000","3rd Avenue, Gwarinpa, Abuja"
3 bedroom flat / apartment for rent,"₦35,000,000","Shoprite, Jabi, Abuja"
2 bedroom flat / apartment for rent,"₦20,000,000","Guzape District, Abuja"
Office space for rent,"₦9,000,000","Wuye, Abuja"
